step,kv_used,kv_total,kv_ratio,ttft_ms,tok_per_sec,shift_events,alpha,n_spilled,n_kv
1,512,2048,0.2500,1304.568,392.467,0,0.000,0,512
2,513,2048,0.2505,24.440,40.917,0,0.000,0,768
3,514,2048,0.2510,23.693,42.207,0,0.000,0,768
4,515,2048,0.2515,22.992,43.493,0,0.000,0,768
5,516,2048,0.2520,23.664,42.258,0,0.000,0,768
6,517,2048,0.2524,24.045,41.589,0,0.000,0,768
7,518,2048,0.2529,24.220,41.288,0,0.000,0,768
8,519,2048,0.2534,23.346,42.834,0,0.000,0,768
9,520,2048,0.2539,23.302,42.915,0,0.000,0,768
10,521,2048,0.2544,23.353,42.821,0,0.000,0,768
11,522,2048,0.2549,22.964,43.546,0,0.000,0,768
12,523,2048,0.2554,23.350,42.827,0,0.000,0,768
13,524,2048,0.2559,23.249,43.013,0,0.000,0,768
14,525,2048,0.2563,23.041,43.401,0,0.000,0,768
15,526,2048,0.2568,24.014,41.642,0,0.000,0,768
16,527,2048,0.2573,23.342,42.841,0,0.000,0,768
17,528,2048,0.2578,23.311,42.898,0,0.000,0,768
18,529,2048,0.2583,23.019,43.442,0,0.000,0,768
19,530,2048,0.2588,23.318,42.885,0,0.000,0,768
20,531,2048,0.2593,23.342,42.841,0,0.000,0,768
21,532,2048,0.2598,22.975,43.526,0,0.000,0,768
22,533,2048,0.2603,23.556,42.452,0,0.000,0,768
23,534,2048,0.2607,23.423,42.693,0,0.000,0,768
24,535,2048,0.2612,22.991,43.495,0,0.000,0,768
25,536,2048,0.2617,23.382,42.768,0,0.000,0,768
26,537,2048,0.2622,23.597,42.378,0,0.000,0,768
27,538,2048,0.2627,23.246,43.018,0,0.000,0,768
28,539,2048,0.2632,23.384,42.764,0,0.000,0,768
29,540,2048,0.2637,23.717,42.164,0,0.000,0,768
30,541,2048,0.2642,23.390,42.753,0,0.000,0,768
31,542,2048,0.2646,23.610,42.355,0,0.000,0,768
32,543,2048,0.2651,23.464,42.618,0,0.000,0,768
33,544,2048,0.2656,23.392,42.750,0,0.000,0,768
34,545,2048,0.2661,23.170,43.159,0,0.000,0,768
35,546,2048,0.2666,23.678,42.233,0,0.000,0,768
36,547,2048,0.2671,23.591,42.389,0,0.000,0,768
37,548,2048,0.2676,23.495,42.562,0,0.000,0,768
38,549,2048,0.2681,23.160,43.178,0,0.000,0,768
39,550,2048,0.2686,23.473,42.602,0,0.000,0,768
40,551,2048,0.2690,23.456,42.633,0,0.000,0,768
41,552,2048,0.2695,23.196,43.111,0,0.000,0,768
42,553,2048,0.2700,23.691,42.210,0,0.000,0,768
43,554,2048,0.2705,23.983,41.696,0,0.000,0,768
44,555,2048,0.2710,23.188,43.126,0,0.000,0,768
45,556,2048,0.2715,23.046,43.391,0,0.000,0,768
46,557,2048,0.2720,23.431,42.679,0,0.000,0,768
47,558,2048,0.2725,23.783,42.047,0,0.000,0,768
48,559,2048,0.2729,23.077,43.333,0,0.000,0,768
49,560,2048,0.2734,23.343,42.839,0,0.000,0,768
50,561,2048,0.2739,23.303,42.913,0,0.000,0,768
51,562,2048,0.2744,23.372,42.786,0,0.000,0,768
52,563,2048,0.2749,23.495,42.562,0,0.000,0,768
53,564,2048,0.2754,23.482,42.586,0,0.000,0,768
54,565,2048,0.2759,23.465,42.617,0,0.000,0,768
55,566,2048,0.2764,23.201,43.102,0,0.000,0,768
56,567,2048,0.2769,23.345,42.836,0,0.000,0,768
57,568,2048,0.2773,23.489,42.573,0,0.000,0,768
58,569,2048,0.2778,23.036,43.410,0,0.000,0,768
59,570,2048,0.2783,23.277,42.961,0,0.000,0,768
60,571,2048,0.2788,23.228,43.051,0,0.000,0,768
61,572,2048,0.2793,23.817,41.987,0,0.000,0,768
62,573,2048,0.2798,23.478,42.593,0,0.000,0,768
63,574,2048,0.2803,23.551,42.461,0,0.000,0,768
64,575,2048,0.2808,23.094,43.301,0,0.000,0,768
65,576,2048,0.2812,23.199,43.105,0,0.000,0,768
66,577,2048,0.2817,23.221,43.064,0,0.000,0,768
67,578,2048,0.2822,23.501,42.551,0,0.000,0,768
68,579,2048,0.2827,23.726,42.148,0,0.000,0,768
69,580,2048,0.2832,23.044,43.395,0,0.000,0,768
70,581,2048,0.2837,23.415,42.708,0,0.000,0,768
71,582,2048,0.2842,23.362,42.805,0,0.000,0,768
72,583,2048,0.2847,23.740,42.123,0,0.000,0,768
73,584,2048,0.2852,22.861,43.743,0,0.000,0,768
74,585,2048,0.2856,23.419,42.700,0,0.000,0,768
75,586,2048,0.2861,23.427,42.686,0,0.000,0,768
76,587,2048,0.2866,23.369,42.792,0,0.000,0,768
77,588,2048,0.2871,23.441,42.660,0,0.000,0,768
78,589,2048,0.2876,23.422,42.695,0,0.000,0,768
79,590,2048,0.2881,23.820,41.982,0,0.000,0,768
80,591,2048,0.2886,23.507,42.541,0,0.000,0,768
81,592,2048,0.2891,23.504,42.546,0,0.000,0,768
82,593,2048,0.2896,23.342,42.841,0,0.000,0,768
83,594,2048,0.2900,22.901,43.666,0,0.000,0,768
84,595,2048,0.2905,23.513,42.530,0,0.000,0,768
85,596,2048,0.2910,23.694,42.205,0,0.000,0,768
86,597,2048,0.2915,22.919,43.632,0,0.000,0,768
87,598,2048,0.2920,23.370,42.790,0,0.000,0,768
88,599,2048,0.2925,23.606,42.362,0,0.000,0,768
89,600,2048,0.2930,23.565,42.436,0,0.000,0,768
90,601,2048,0.2935,23.139,43.217,0,0.000,0,768
91,602,2048,0.2939,23.592,42.387,0,0.000,0,768
92,603,2048,0.2944,24.055,41.571,0,0.000,0,768
93,604,2048,0.2949,23.251,43.009,0,0.000,0,768
94,605,2048,0.2954,23.442,42.658,0,0.000,0,768
95,606,2048,0.2959,23.292,42.933,0,0.000,0,768
96,607,2048,0.2964,23.058,43.369,0,0.000,0,768
97,608,2048,0.2969,23.563,42.439,0,0.000,0,768
98,609,2048,0.2974,23.571,42.425,0,0.000,0,768
99,610,2048,0.2979,23.411,42.715,0,0.000,0,768
100,611,2048,0.2983,23.021,43.439,0,0.000,0,768
101,612,2048,0.2988,23.521,42.515,0,0.000,0,768
102,613,2048,0.2993,23.440,42.662,0,0.000,0,768
103,614,2048,0.2998,23.104,43.283,0,0.000,0,768
104,615,2048,0.3003,23.498,42.557,0,0.000,0,768
105,616,2048,0.3008,23.823,41.976,0,0.000,0,768
106,617,2048,0.3013,24.071,41.544,0,0.000,0,768
107,618,2048,0.3018,23.004,43.471,0,0.000,0,768
108,619,2048,0.3022,23.480,42.589,0,0.000,0,768
109,620,2048,0.3027,23.361,42.806,0,0.000,0,768
110,621,2048,0.3032,23.506,42.542,0,0.000,0,768
111,622,2048,0.3037,23.367,42.795,0,0.000,0,768
112,623,2048,0.3042,23.320,42.882,0,0.000,0,768
113,624,2048,0.3047,23.048,43.388,0,0.000,0,768
114,625,2048,0.3052,23.442,42.658,0,0.000,0,768
115,626,2048,0.3057,23.485,42.580,0,0.000,0,768
116,627,2048,0.3062,23.420,42.699,0,0.000,0,768
117,628,2048,0.3066,23.164,43.170,0,0.000,0,768
118,629,2048,0.3071,23.687,42.217,0,0.000,0,768
119,630,2048,0.3076,23.949,41.755,0,0.000,0,768
120,631,2048,0.3081,23.092,43.305,0,0.000,0,768
121,632,2048,0.3086,23.357,42.814,0,0.000,0,768
122,633,2048,0.3091,23.547,42.468,0,0.000,0,768
123,634,2048,0.3096,23.625,42.328,0,0.000,0,768
124,635,2048,0.3101,23.056,43.373,0,0.000,0,768
125,636,2048,0.3105,23.392,42.750,0,0.000,0,768
126,637,2048,0.3110,23.330,42.863,0,0.000,0,768
127,638,2048,0.3115,23.329,42.865,0,0.000,0,768
128,639,2048,0.3120,23.406,42.724,0,0.000,0,768
129,640,2048,0.3125,23.423,42.693,0,0.000,0,768
130,641,2048,0.3130,23.145,43.206,0,0.000,0,768
131,642,2048,0.3135,23.786,42.042,0,0.000,0,768
132,643,2048,0.3140,24.005,41.658,0,0.000,0,768
133,644,2048,0.3145,24.843,40.253,0,0.000,0,768
134,645,2048,0.3149,23.213,43.079,0,0.000,0,768
135,646,2048,0.3154,23.939,41.773,0,0.000,0,768
136,647,2048,0.3159,23.410,42.717,0,0.000,0,768
137,648,2048,0.3164,23.101,43.288,0,0.000,0,768
138,649,2048,0.3169,23.250,43.011,0,0.000,0,768
139,650,2048,0.3174,23.711,42.175,0,0.000,0,768
140,651,2048,0.3179,23.467,42.613,0,0.000,0,768
141,652,2048,0.3184,23.178,43.144,0,0.000,0,768
142,653,2048,0.3188,23.541,42.479,0,0.000,0,768
143,654,2048,0.3193,23.440,42.662,0,0.000,0,768
144,655,2048,0.3198,23.410,42.717,0,0.000,0,768
145,656,2048,0.3203,23.842,41.943,0,0.000,0,768
146,657,2048,0.3208,23.667,42.253,0,0.000,0,768
147,658,2048,0.3213,23.430,42.680,0,0.000,0,768
148,659,2048,0.3218,23.698,42.198,0,0.000,0,768
149,660,2048,0.3223,23.404,42.728,0,0.000,0,768
150,661,2048,0.3228,23.496,42.560,0,0.000,0,768
151,662,2048,0.3232,23.015,43.450,0,0.000,0,768
152,663,2048,0.3237,23.731,42.139,0,0.000,0,768
153,664,2048,0.3242,23.457,42.631,0,0.000,0,768
154,665,2048,0.3247,23.471,42.606,0,0.000,0,768
155,666,2048,0.3252,23.338,42.849,0,0.000,0,768
156,667,2048,0.3257,23.567,42.432,0,0.000,0,768
157,668,2048,0.3262,23.622,42.333,0,0.000,0,768
158,669,2048,0.3267,23.691,42.210,0,0.000,0,768
159,670,2048,0.3271,23.482,42.586,0,0.000,0,768
160,671,2048,0.3276,23.616,42.344,0,0.000,0,768
161,672,2048,0.3281,23.870,41.894,0,0.000,0,768
162,673,2048,0.3286,23.068,43.350,0,0.000,0,768
163,674,2048,0.3291,23.497,42.559,0,0.000,0,768
164,675,2048,0.3296,23.422,42.695,0,0.000,0,768
165,676,2048,0.3301,23.394,42.746,0,0.000,0,768
166,677,2048,0.3306,23.674,42.240,0,0.000,0,768
167,678,2048,0.3311,23.542,42.477,0,0.000,0,768
168,679,2048,0.3315,23.255,43.002,0,0.000,0,768
169,680,2048,0.3320,23.477,42.595,0,0.000,0,768
170,681,2048,0.3325,23.769,42.072,0,0.000,0,768
171,682,2048,0.3330,23.966,41.726,0,0.000,0,768
172,683,2048,0.3335,23.137,43.221,0,0.000,0,768
173,684,2048,0.3340,23.406,42.724,0,0.000,0,768
174,685,2048,0.3345,23.689,42.214,0,0.000,0,768
175,686,2048,0.3350,23.706,42.183,0,0.000,0,768
176,687,2048,0.3354,23.476,42.597,0,0.000,0,768
177,688,2048,0.3359,23.437,42.668,0,0.000,0,768
178,689,2048,0.3364,23.414,42.709,0,0.000,0,768
179,690,2048,0.3369,23.472,42.604,0,0.000,0,768
180,691,2048,0.3374,23.446,42.651,0,0.000,0,768
181,692,2048,0.3379,23.639,42.303,0,0.000,0,768
182,693,2048,0.3384,23.319,42.883,0,0.000,0,768
183,694,2048,0.3389,23.722,42.155,0,0.000,0,768
184,695,2048,0.3394,23.599,42.375,0,0.000,0,768
185,696,2048,0.3398,23.864,41.904,0,0.000,0,768
186,697,2048,0.3403,23.148,43.200,0,0.000,0,768
187,698,2048,0.3408,23.687,42.217,0,0.000,0,768
188,699,2048,0.3413,23.587,42.396,0,0.000,0,768
189,700,2048,0.3418,23.126,43.241,0,0.000,0,768
190,701,2048,0.3423,23.426,42.688,0,0.000,0,768
191,702,2048,0.3428,23.456,42.633,0,0.000,0,768
192,703,2048,0.3433,23.288,42.941,0,0.000,0,768
193,704,2048,0.3438,23.783,42.047,0,0.000,0,768
194,705,2048,0.3442,23.807,42.004,0,0.000,0,768
195,706,2048,0.3447,23.924,41.799,0,0.000,0,768
196,707,2048,0.3452,23.410,42.717,0,0.000,0,768
197,708,2048,0.3457,24.233,41.266,0,0.000,0,768
198,709,2048,0.3462,24.100,41.494,0,0.000,0,768
199,710,2048,0.3467,23.187,43.128,0,0.000,0,768
200,711,2048,0.3472,22.924,43.622,0,0.000,0,768
201,712,2048,0.3477,23.460,42.626,0,0.000,0,768
202,713,2048,0.3481,23.424,42.691,0,0.000,0,768
203,714,2048,0.3486,23.197,43.109,0,0.000,0,768
204,715,2048,0.3491,23.462,42.622,0,0.000,0,768
205,716,2048,0.3496,23.477,42.595,0,0.000,0,768
206,717,2048,0.3501,23.057,43.371,0,0.000,0,768
207,718,2048,0.3506,23.445,42.653,0,0.000,0,768
208,719,2048,0.3511,23.434,42.673,0,0.000,0,768
209,720,2048,0.3516,23.442,42.658,0,0.000,0,768
210,721,2048,0.3521,25.455,39.285,0,0.000,0,768
211,722,2048,0.3525,26.631,37.550,0,0.000,0,768
212,723,2048,0.3530,26.885,37.195,0,0.000,0,768
213,724,2048,0.3535,27.534,36.319,0,0.000,0,768
214,725,2048,0.3540,27.064,36.949,0,0.000,0,768
215,726,2048,0.3545,23.131,43.232,0,0.000,0,768
216,727,2048,0.3550,23.597,42.378,0,0.000,0,768
217,728,2048,0.3555,35.039,28.540,0,0.000,0,768
218,729,2048,0.3560,28.100,35.587,0,0.000,0,768
219,730,2048,0.3564,24.294,41.162,0,0.000,0,768
220,731,2048,0.3569,23.191,43.120,0,0.000,0,768
221,732,2048,0.3574,23.417,42.704,0,0.000,0,768
222,733,2048,0.3579,23.526,42.506,0,0.000,0,768
223,734,2048,0.3584,23.717,42.164,0,0.000,0,768
224,735,2048,0.3589,23.435,42.671,0,0.000,0,768
225,736,2048,0.3594,23.469,42.609,0,0.000,0,768
226,737,2048,0.3599,23.467,42.613,0,0.000,0,768
227,738,2048,0.3604,23.049,43.386,0,0.000,0,768
228,739,2048,0.3608,23.500,42.553,0,0.000,0,768
229,740,2048,0.3613,23.366,42.797,0,0.000,0,768
230,741,2048,0.3618,23.105,43.281,0,0.000,0,768
231,742,2048,0.3623,23.497,42.559,0,0.000,0,768
232,743,2048,0.3628,23.415,42.708,0,0.000,0,768
233,744,2048,0.3633,23.065,43.356,0,0.000,0,768
234,745,2048,0.3638,23.437,42.668,0,0.000,0,768
235,746,2048,0.3643,23.424,42.691,0,0.000,0,768
236,747,2048,0.3647,24.017,41.637,0,0.000,0,768
237,748,2048,0.3652,23.078,43.331,0,0.000,0,768
238,749,2048,0.3657,23.430,42.680,0,0.000,0,768
239,750,2048,0.3662,23.422,42.695,0,0.000,0,768
240,751,2048,0.3667,23.075,43.337,0,0.000,0,768
241,752,2048,0.3672,23.509,42.537,0,0.000,0,768
242,753,2048,0.3677,23.492,42.568,0,0.000,0,768
243,754,2048,0.3682,23.438,42.666,0,0.000,0,768
244,755,2048,0.3687,23.116,43.260,0,0.000,0,768
245,756,2048,0.3691,23.426,42.688,0,0.000,0,768
246,757,2048,0.3696,23.481,42.588,0,0.000,0,768
247,758,2048,0.3701,23.118,43.256,0,0.000,0,768
248,759,2048,0.3706,23.969,41.721,0,0.000,0,768
249,760,2048,0.3711,23.648,42.287,0,0.000,0,768
250,761,2048,0.3716,23.079,43.329,0,0.000,0,768
251,762,2048,0.3721,23.565,42.436,0,0.000,0,768
252,763,2048,0.3726,23.437,42.668,0,0.000,0,768
253,764,2048,0.3730,23.423,42.693,0,0.000,0,768
254,765,2048,0.3735,23.070,43.346,0,0.000,0,768
255,766,2048,0.3740,23.388,42.757,0,0.000,0,768
256,767,2048,0.3745,23.455,42.635,0,0.000,0,768
257,768,2048,0.3750,23.155,43.187,0,0.000,0,768
258,769,2048,0.3755,25.099,39.842,0,0.000,0,1024
259,770,2048,0.3760,23.896,41.848,0,0.000,0,1024
260,771,2048,0.3765,23.876,41.883,0,0.000,0,1024
261,772,2048,0.3770,23.905,41.832,0,0.000,0,1024
262,773,2048,0.3774,24.503,40.811,0,0.000,0,1024
263,774,2048,0.3779,23.927,41.794,0,0.000,0,1024
264,775,2048,0.3784,23.648,42.287,0,0.000,0,1024
265,776,2048,0.3789,23.649,42.285,0,0.000,0,1024
266,777,2048,0.3794,23.898,41.845,0,0.000,0,1024
267,778,2048,0.3799,23.853,41.923,0,0.000,0,1024
268,779,2048,0.3804,23.727,42.146,0,0.000,0,1024
269,780,2048,0.3809,23.855,41.920,0,0.000,0,1024
270,781,2048,0.3813,23.826,41.971,0,0.000,0,1024
271,782,2048,0.3818,23.923,41.801,0,0.000,0,1024
272,783,2048,0.3823,23.701,42.192,0,0.000,0,1024
273,784,2048,0.3828,23.877,41.881,0,0.000,0,1024
274,785,2048,0.3833,23.816,41.989,0,0.000,0,1024
275,786,2048,0.3838,24.051,41.578,0,0.000,0,1024
276,787,2048,0.3843,24.134,41.435,0,0.000,0,1024
277,788,2048,0.3848,23.868,41.897,0,0.000,0,1024
278,789,2048,0.3853,23.877,41.881,0,0.000,0,1024
279,790,2048,0.3857,23.527,42.504,0,0.000,0,1024
280,791,2048,0.3862,23.827,41.969,0,0.000,0,1024
281,792,2048,0.3867,23.945,41.762,0,0.000,0,1024
282,793,2048,0.3872,23.532,42.495,0,0.000,0,1024
283,794,2048,0.3877,23.893,41.853,0,0.000,0,1024
284,795,2048,0.3882,23.969,41.721,0,0.000,0,1024
285,796,2048,0.3887,23.815,41.990,0,0.000,0,1024
286,797,2048,0.3892,23.565,42.436,0,0.000,0,1024
287,798,2048,0.3896,24.041,41.596,0,0.000,0,1024
288,799,2048,0.3901,24.441,40.915,0,0.000,0,1024
289,800,2048,0.3906,23.552,42.459,0,0.000,0,1024
290,801,2048,0.3911,23.926,41.796,0,0.000,0,1024
291,802,2048,0.3916,23.867,41.899,0,0.000,0,1024
292,803,2048,0.3921,23.863,41.906,0,0.000,0,1024
293,804,2048,0.3926,23.549,42.465,0,0.000,0,1024
294,805,2048,0.3931,23.868,41.897,0,0.000,0,1024
295,806,2048,0.3936,23.827,41.969,0,0.000,0,1024
296,807,2048,0.3940,23.500,42.553,0,0.000,0,1024
297,808,2048,0.3945,23.580,42.409,0,0.000,0,1024
298,809,2048,0.3950,23.907,41.829,0,0.000,0,1024
299,810,2048,0.3955,23.834,41.957,0,0.000,0,1024
300,811,2048,0.3960,23.607,42.360,0,0.000,0,1024
301,812,2048,0.3965,24.028,41.618,0,0.000,0,1024
302,813,2048,0.3970,24.151,41.406,0,0.000,0,1024
303,814,2048,0.3975,23.732,42.137,0,0.000,0,1024
304,815,2048,0.3979,23.937,41.776,0,0.000,0,1024
305,816,2048,0.3984,25.078,39.876,0,0.000,0,1024
306,817,2048,0.3989,24.009,41.651,0,0.000,0,1024
307,818,2048,0.3994,23.570,42.427,0,0.000,0,1024
308,819,2048,0.3999,24.020,41.632,0,0.000,0,1024
309,820,2048,0.4004,23.926,41.796,0,0.000,0,1024
310,821,2048,0.4009,23.908,41.827,0,0.000,0,1024
311,822,2048,0.4014,23.543,42.475,0,0.000,0,1024
312,823,2048,0.4019,23.888,41.862,0,0.000,0,1024
313,824,2048,0.4023,23.881,41.874,0,0.000,0,1024
314,825,2048,0.4028,24.205,41.314,0,0.000,0,1024
315,826,2048,0.4033,23.870,41.894,0,0.000,0,1024
316,827,2048,0.4038,23.947,41.759,0,0.000,0,1024
317,828,2048,0.4043,23.877,41.881,0,0.000,0,1024
318,829,2048,0.4048,23.632,42.316,0,0.000,0,1024
319,830,2048,0.4053,23.865,41.902,0,0.000,0,1024
320,831,2048,0.4058,23.894,41.852,0,0.000,0,1024
321,832,2048,0.4062,23.482,42.586,0,0.000,0,1024
322,833,2048,0.4067,23.648,42.287,0,0.000,0,1024
323,834,2048,0.4072,23.835,41.955,0,0.000,0,1024
324,835,2048,0.4077,23.817,41.987,0,0.000,0,1024
325,836,2048,0.4082,23.553,42.457,0,0.000,0,1024
326,837,2048,0.4087,24.594,40.660,0,0.000,0,1024
327,838,2048,0.4092,23.895,41.850,0,0.000,0,1024
328,839,2048,0.4097,23.947,41.759,0,0.000,0,1024
329,840,2048,0.4102,23.475,42.599,0,0.000,0,1024
330,841,2048,0.4106,23.835,41.955,0,0.000,0,1024
331,842,2048,0.4111,23.897,41.846,0,0.000,0,1024
332,843,2048,0.4116,23.585,42.400,0,0.000,0,1024
333,844,2048,0.4121,23.984,41.694,0,0.000,0,1024
334,845,2048,0.4126,23.887,41.864,0,0.000,0,1024
335,846,2048,0.4131,23.844,41.939,0,0.000,0,1024
336,847,2048,0.4136,23.555,42.454,0,0.000,0,1024
337,848,2048,0.4141,23.920,41.806,0,0.000,0,1024
338,849,2048,0.4146,23.871,41.892,0,0.000,0,1024
339,850,2048,0.4150,23.362,42.805,0,0.000,0,1024
340,851,2048,0.4155,24.630,40.601,0,0.000,0,1024
341,852,2048,0.4160,23.884,41.869,0,0.000,0,1024
342,853,2048,0.4165,23.893,41.853,0,0.000,0,1024
343,854,2048,0.4170,23.537,42.486,0,0.000,0,1024
344,855,2048,0.4175,23.908,41.827,0,0.000,0,1024
345,856,2048,0.4180,23.804,42.010,0,0.000,0,1024
346,857,2048,0.4185,23.485,42.580,0,0.000,0,1024
347,858,2048,0.4189,24.281,41.184,0,0.000,0,1024
348,859,2048,0.4194,23.922,41.803,0,0.000,0,1024
349,860,2048,0.4199,23.968,41.722,0,0.000,0,1024
350,861,2048,0.4204,23.541,42.479,0,0.000,0,1024
351,862,2048,0.4209,23.833,41.959,0,0.000,0,1024
352,863,2048,0.4214,23.814,41.992,0,0.000,0,1024
353,864,2048,0.4219,24.485,40.841,0,0.000,0,1024
354,865,2048,0.4224,23.594,42.384,0,0.000,0,1024
355,866,2048,0.4229,23.834,41.957,0,0.000,0,1024
356,867,2048,0.4233,23.863,41.906,0,0.000,0,1024
357,868,2048,0.4238,23.538,42.484,0,0.000,0,1024
358,869,2048,0.4243,23.900,41.841,0,0.000,0,1024
359,870,2048,0.4248,23.802,42.013,0,0.000,0,1024
360,871,2048,0.4253,23.914,41.817,0,0.000,0,1024
361,872,2048,0.4258,23.489,42.573,0,0.000,0,1024
362,873,2048,0.4263,23.837,41.952,0,0.000,0,1024
363,874,2048,0.4268,23.854,41.922,0,0.000,0,1024
364,875,2048,0.4272,23.613,42.350,0,0.000,0,1024
365,876,2048,0.4277,24.199,41.324,0,0.000,0,1024
366,877,2048,0.4282,24.319,41.120,0,0.000,0,1024
367,878,2048,0.4287,23.547,42.468,0,0.000,0,1024
368,879,2048,0.4292,23.606,42.362,0,0.000,0,1024
369,880,2048,0.4297,23.879,41.878,0,0.000,0,1024
370,881,2048,0.4302,23.873,41.888,0,0.000,0,1024
371,882,2048,0.4307,23.482,42.586,0,0.000,0,1024
372,883,2048,0.4312,23.887,41.864,0,0.000,0,1024
373,884,2048,0.4316,23.940,41.771,0,0.000,0,1024
374,885,2048,0.4321,23.950,41.754,0,0.000,0,1024
375,886,2048,0.4326,23.516,42.524,0,0.000,0,1024
376,887,2048,0.4331,23.997,41.672,0,0.000,0,1024
377,888,2048,0.4336,23.851,41.927,0,0.000,0,1024
378,889,2048,0.4341,23.526,42.506,0,0.000,0,1024
379,890,2048,0.4346,24.161,41.389,0,0.000,0,1024
380,891,2048,0.4351,24.127,41.447,0,0.000,0,1024
381,892,2048,0.4355,23.890,41.859,0,0.000,0,1024
382,893,2048,0.4360,23.539,42.483,0,0.000,0,1024
383,894,2048,0.4365,23.894,41.852,0,0.000,0,1024
384,895,2048,0.4370,23.892,41.855,0,0.000,0,1024
385,896,2048,0.4375,23.803,42.012,0,0.000,0,1024
386,897,2048,0.4380,23.536,42.488,0,0.000,0,1024
387,898,2048,0.4385,23.861,41.909,0,0.000,0,1024
388,899,2048,0.4390,23.877,41.881,0,0.000,0,1024
389,900,2048,0.4395,23.432,42.677,0,0.000,0,1024
390,901,2048,0.4399,24.675,40.527,0,0.000,0,1024
391,902,2048,0.4404,24.707,40.474,0,0.000,0,1024
392,903,2048,0.4409,24.473,40.861,0,0.000,0,1024
393,904,2048,0.4414,23.595,42.382,0,0.000,0,1024
394,905,2048,0.4419,23.906,41.831,0,0.000,0,1024
395,906,2048,0.4424,23.963,41.731,0,0.000,0,1024
396,907,2048,0.4429,23.588,42.394,0,0.000,0,1024
397,908,2048,0.4434,23.913,41.818,0,0.000,0,1024
398,909,2048,0.4438,23.890,41.859,0,0.000,0,1024
399,910,2048,0.4443,23.959,41.738,0,0.000,0,1024
400,911,2048,0.4448,23.615,42.346,0,0.000,0,1024
401,912,2048,0.4453,23.906,41.831,0,0.000,0,1024
402,913,2048,0.4458,23.887,41.864,0,0.000,0,1024
403,914,2048,0.4463,23.567,42.432,0,0.000,0,1024
404,915,2048,0.4468,24.392,40.997,0,0.000,0,1024
405,916,2048,0.4473,24.131,41.440,0,0.000,0,1024
406,917,2048,0.4478,23.908,41.827,0,0.000,0,1024
407,918,2048,0.4482,23.542,42.477,0,0.000,0,1024
408,919,2048,0.4487,23.968,41.722,0,0.000,0,1024
409,920,2048,0.4492,23.546,42.470,0,0.000,0,1024
410,921,2048,0.4497,23.856,41.918,0,0.000,0,1024
411,922,2048,0.4502,23.552,42.459,0,0.000,0,1024
412,923,2048,0.4507,23.885,41.867,0,0.000,0,1024
413,924,2048,0.4512,23.859,41.913,0,0.000,0,1024
414,925,2048,0.4517,23.609,42.357,0,0.000,0,1024
415,926,2048,0.4521,23.922,41.803,0,0.000,0,1024
416,927,2048,0.4526,23.904,41.834,0,0.000,0,1024
417,928,2048,0.4531,23.904,41.834,0,0.000,0,1024
418,929,2048,0.4536,24.211,41.304,0,0.000,0,1024
419,930,2048,0.4541,23.931,41.787,0,0.000,0,1024
420,931,2048,0.4546,24.158,41.394,0,0.000,0,1024
421,932,2048,0.4551,23.845,41.938,0,0.000,0,1024
422,933,2048,0.4556,24.228,41.275,0,0.000,0,1024
423,934,2048,0.4561,24.134,41.435,0,0.000,0,1024
424,935,2048,0.4565,24.287,41.174,0,0.000,0,1024
425,936,2048,0.4570,23.892,41.855,0,0.000,0,1024
426,937,2048,0.4575,24.060,41.563,0,0.000,0,1024
427,938,2048,0.4580,23.779,42.054,0,0.000,0,1024
428,939,2048,0.4585,23.877,41.881,0,0.000,0,1024
429,940,2048,0.4590,23.597,42.378,0,0.000,0,1024
430,941,2048,0.4595,24.252,41.234,0,0.000,0,1024
431,942,2048,0.4600,24.132,41.439,0,0.000,0,1024
432,943,2048,0.4604,23.915,41.815,0,0.000,0,1024
433,944,2048,0.4609,23.956,41.743,0,0.000,0,1024
434,945,2048,0.4614,23.939,41.773,0,0.000,0,1024
435,946,2048,0.4619,23.937,41.776,0,0.000,0,1024
436,947,2048,0.4624,23.541,42.479,0,0.000,0,1024
437,948,2048,0.4629,23.952,41.750,0,0.000,0,1024
438,949,2048,0.4634,23.901,41.839,0,0.000,0,1024
439,950,2048,0.4639,24.098,41.497,0,0.000,0,1024
440,951,2048,0.4644,23.840,41.946,0,0.000,0,1024
441,952,2048,0.4648,23.906,41.831,0,0.000,0,1024
442,953,2048,0.4653,23.875,41.885,0,0.000,0,1024
443,954,2048,0.4658,24.124,41.452,0,0.000,0,1024
444,955,2048,0.4663,24.074,41.539,0,0.000,0,1024
445,956,2048,0.4668,23.829,41.966,0,0.000,0,1024
446,957,2048,0.4673,23.885,41.867,0,0.000,0,1024
447,958,2048,0.4678,23.611,42.353,0,0.000,0,1024
448,959,2048,0.4683,23.949,41.755,0,0.000,0,1024
449,960,2048,0.4688,23.933,41.783,0,0.000,0,1024
450,961,2048,0.4692,23.587,42.396,0,0.000,0,1024
451,962,2048,0.4697,23.953,41.748,0,0.000,0,1024
452,963,2048,0.4702,23.904,41.834,0,0.000,0,1024
453,964,2048,0.4707,23.936,41.778,0,0.000,0,1024
454,965,2048,0.4712,23.551,42.461,0,0.000,0,1024
455,966,2048,0.4717,23.892,41.855,0,0.000,0,1024
456,967,2048,0.4722,23.911,41.822,0,0.000,0,1024
457,968,2048,0.4727,24.193,41.334,0,0.000,0,1024
458,969,2048,0.4731,23.963,41.731,0,0.000,0,1024
459,970,2048,0.4736,23.888,41.862,0,0.000,0,1024
460,971,2048,0.4741,23.944,41.764,0,0.000,0,1024
461,972,2048,0.4746,23.510,42.535,0,0.000,0,1024
462,973,2048,0.4751,23.873,41.888,0,0.000,0,1024
463,974,2048,0.4756,23.861,41.909,0,0.000,0,1024
464,975,2048,0.4761,23.667,42.253,0,0.000,0,1024
465,976,2048,0.4766,23.870,41.894,0,0.000,0,1024
466,977,2048,0.4771,23.891,41.857,0,0.000,0,1024
467,978,2048,0.4775,23.910,41.824,0,0.000,0,1024
468,979,2048,0.4780,23.556,42.452,0,0.000,0,1024
469,980,2048,0.4785,24.338,41.088,0,0.000,0,1024
470,981,2048,0.4790,23.973,41.714,0,0.000,0,1024
471,982,2048,0.4795,23.622,42.333,0,0.000,0,1024
472,983,2048,0.4800,23.663,42.260,0,0.000,0,1024
473,984,2048,0.4805,23.905,41.832,0,0.000,0,1024
474,985,2048,0.4810,23.790,42.034,0,0.000,0,1024
475,986,2048,0.4814,23.648,42.287,0,0.000,0,1024
476,987,2048,0.4819,25.213,39.662,0,0.000,0,1024
477,988,2048,0.4824,23.941,41.769,0,0.000,0,1024
478,989,2048,0.4829,24.091,41.509,0,0.000,0,1024
479,990,2048,0.4834,23.721,42.157,0,0.000,0,1024
480,991,2048,0.4839,24.001,41.665,0,0.000,0,1024
481,992,2048,0.4844,24.352,41.064,0,0.000,0,1024
482,993,2048,0.4849,24.013,41.644,0,0.000,0,1024
483,994,2048,0.4854,24.033,41.609,0,0.000,0,1024
484,995,2048,0.4858,23.917,41.811,0,0.000,0,1024
485,996,2048,0.4863,24.155,41.399,0,0.000,0,1024
486,997,2048,0.4868,23.725,42.150,0,0.000,0,1024
487,998,2048,0.4873,24.015,41.641,0,0.000,0,1024
488,999,2048,0.4878,23.977,41.707,0,0.000,0,1024
489,1000,2048,0.4883,23.588,42.394,0,0.000,0,1024
490,1001,2048,0.4888,23.768,42.073,0,0.000,0,1024
491,1002,2048,0.4893,23.669,42.249,0,0.000,0,1024
492,1003,2048,0.4897,23.891,41.857,0,0.000,0,1024
493,1004,2048,0.4902,23.783,42.047,0,0.000,0,1024
494,1005,2048,0.4907,23.918,41.810,0,0.000,0,1024
495,1006,2048,0.4912,23.995,41.675,0,0.000,0,1024
496,1007,2048,0.4917,24.669,40.537,0,0.000,0,1024
497,1008,2048,0.4922,23.624,42.330,0,0.000,0,1024
498,1009,2048,0.4927,24.048,41.583,0,0.000,0,1024
499,1010,2048,0.4932,24.012,41.646,0,0.000,0,1024
500,1011,2048,0.4937,23.724,42.151,0,0.000,0,1024
501,1012,2048,0.4941,24.027,41.620,0,0.000,0,1024
502,1013,2048,0.4946,24.016,41.639,0,0.000,0,1024
503,1014,2048,0.4951,24.032,41.611,0,0.000,0,1024
504,1015,2048,0.4956,23.653,42.278,0,0.000,0,1024
505,1016,2048,0.4961,23.902,41.838,0,0.000,0,1024
506,1017,2048,0.4966,24.025,41.623,0,0.000,0,1024
507,1018,2048,0.4971,23.699,42.196,0,0.000,0,1024
508,1019,2048,0.4976,24.428,40.937,0,0.000,0,1024
509,1020,2048,0.4980,24.187,41.345,0,0.000,0,1024
510,1021,2048,0.4985,24.098,41.497,0,0.000,0,1024
511,1022,2048,0.4990,23.728,42.144,0,0.000,0,1024
512,1023,2048,0.4995,24.072,41.542,0,0.000,0,1024
513,1024,2048,0.5000,23.946,41.761,0,0.000,0,1024
514,1025,2048,0.5005,26.220,38.139,0,0.000,0,1280
515,1026,2048,0.5010,24.184,41.350,0,0.000,0,1280
516,1027,2048,0.5015,25.059,39.906,0,0.000,0,1280
517,1028,2048,0.5020,24.676,40.525,0,0.000,0,1280
518,1029,2048,0.5024,24.567,40.705,0,0.000,0,1280
519,1030,2048,0.5029,24.198,41.326,0,0.000,0,1280
520,1031,2048,0.5034,24.858,40.228,0,0.000,0,1280
521,1032,2048,0.5039,24.926,40.119,0,0.000,0,1280
522,1033,2048,0.5044,24.499,40.818,0,0.000,0,1280
523,1034,2048,0.5049,24.184,41.350,0,0.000,0,1280
524,1035,2048,0.5054,24.510,40.800,0,0.000,0,1280
525,1036,2048,0.5059,24.479,40.851,0,0.000,0,1280
526,1037,2048,0.5063,24.028,41.618,0,0.000,0,1280
527,1038,2048,0.5068,24.518,40.786,0,0.000,0,1280
528,1039,2048,0.5073,24.322,41.115,0,0.000,0,1280
529,1040,2048,0.5078,24.578,40.687,0,0.000,0,1280
530,1041,2048,0.5083,24.166,41.380,0,0.000,0,1280
531,1042,2048,0.5088,24.625,40.609,0,0.000,0,1280
532,1043,2048,0.5093,24.382,41.014,0,0.000,0,1280
533,1044,2048,0.5098,24.478,40.853,0,0.000,0,1280
534,1045,2048,0.5103,24.745,40.412,0,0.000,0,1280
535,1046,2048,0.5107,24.610,40.634,0,0.000,0,1280
536,1047,2048,0.5112,24.451,40.898,0,0.000,0,1280
537,1048,2048,0.5117,24.537,40.755,0,0.000,0,1280
538,1049,2048,0.5122,24.126,41.449,0,0.000,0,1280
539,1050,2048,0.5127,24.565,40.708,0,0.000,0,1280
540,1051,2048,0.5132,24.575,40.692,0,0.000,0,1280
541,1052,2048,0.5137,24.461,40.881,0,0.000,0,1280
542,1053,2048,0.5142,24.155,41.399,0,0.000,0,1280
543,1054,2048,0.5146,24.552,40.730,0,0.000,0,1280
544,1055,2048,0.5151,24.470,40.866,0,0.000,0,1280
545,1056,2048,0.5156,24.227,41.276,0,0.000,0,1280
546,1057,2048,0.5161,25.122,39.806,0,0.000,0,1280
547,1058,2048,0.5166,24.400,40.984,0,0.000,0,1280
548,1059,2048,0.5171,24.484,40.843,0,0.000,0,1280
549,1060,2048,0.5176,24.110,41.477,0,0.000,0,1280
550,1061,2048,0.5181,24.562,40.713,0,0.000,0,1280
551,1062,2048,0.5186,24.434,40.927,0,0.000,0,1280
552,1063,2048,0.5190,24.984,40.026,0,0.000,0,1280
553,1064,2048,0.5195,24.266,41.210,0,0.000,0,1280
554,1065,2048,0.5200,24.450,40.900,0,0.000,0,1280
555,1066,2048,0.5205,24.437,40.922,0,0.000,0,1280
556,1067,2048,0.5210,24.599,40.652,0,0.000,0,1280
557,1068,2048,0.5215,24.232,41.268,0,0.000,0,1280
558,1069,2048,0.5220,24.627,40.606,0,0.000,0,1280
559,1070,2048,0.5225,24.933,40.107,0,0.000,0,1280
560,1071,2048,0.5229,24.662,40.548,0,0.000,0,1280
561,1072,2048,0.5234,24.209,41.307,0,0.000,0,1280
562,1073,2048,0.5239,24.625,40.609,0,0.000,0,1280
563,1074,2048,0.5244,24.567,40.705,0,0.000,0,1280
564,1075,2048,0.5249,24.517,40.788,0,0.000,0,1280
565,1076,2048,0.5254,24.240,41.254,0,0.000,0,1280
566,1077,2048,0.5259,24.543,40.745,0,0.000,0,1280
567,1078,2048,0.5264,24.497,40.821,0,0.000,0,1280
568,1079,2048,0.5269,24.202,41.319,0,0.000,0,1280
569,1080,2048,0.5273,24.524,40.776,0,0.000,0,1280
570,1081,2048,0.5278,24.570,40.700,0,0.000,0,1280
571,1082,2048,0.5283,24.597,40.655,0,0.000,0,1280
572,1083,2048,0.5288,25.000,40.000,0,0.000,0,1280
573,1084,2048,0.5293,24.691,40.501,0,0.000,0,1280
574,1085,2048,0.5298,24.621,40.616,0,0.000,0,1280
575,1086,2048,0.5303,24.606,40.640,0,0.000,0,1280
576,1087,2048,0.5308,24.215,41.297,0,0.000,0,1280
577,1088,2048,0.5312,24.620,40.617,0,0.000,0,1280
578,1089,2048,0.5317,24.584,40.677,0,0.000,0,1280
579,1090,2048,0.5322,24.616,40.624,0,0.000,0,1280
580,1091,2048,0.5327,24.298,41.156,0,0.000,0,1280
581,1092,2048,0.5332,24.561,40.715,0,0.000,0,1280
582,1093,2048,0.5337,24.600,40.650,0,0.000,0,1280
583,1094,2048,0.5342,24.557,40.722,0,0.000,0,1280
584,1095,2048,0.5347,24.756,40.394,0,0.000,0,1280
585,1096,2048,0.5352,24.509,40.801,0,0.000,0,1280
586,1097,2048,0.5356,24.595,40.659,0,0.000,0,1280
587,1098,2048,0.5361,24.577,40.688,0,0.000,0,1280
588,1099,2048,0.5366,24.255,41.229,0,0.000,0,1280
589,1100,2048,0.5371,24.511,40.798,0,0.000,0,1280
590,1101,2048,0.5376,24.552,40.730,0,0.000,0,1280
591,1102,2048,0.5381,24.276,41.193,0,0.000,0,1280
592,1103,2048,0.5386,24.339,41.086,0,0.000,0,1280
593,1104,2048,0.5391,24.618,40.621,0,0.000,0,1280
594,1105,2048,0.5396,24.553,40.728,0,0.000,0,1280
595,1106,2048,0.5400,24.236,41.261,0,0.000,0,1280
596,1107,2048,0.5405,25.352,39.445,0,0.000,0,1280
597,1108,2048,0.5410,24.563,40.712,0,0.000,0,1280
598,1109,2048,0.5415,24.548,40.737,0,0.000,0,1280
599,1110,2048,0.5420,24.280,41.186,0,0.000,0,1280
600,1111,2048,0.5425,24.556,40.723,0,0.000,0,1280
601,1112,2048,0.5430,24.531,40.765,0,0.000,0,1280
602,1113,2048,0.5435,24.504,40.810,0,0.000,0,1280
603,1114,2048,0.5439,24.351,41.066,0,0.000,0,1280
604,1115,2048,0.5444,24.736,40.427,0,0.000,0,1280
605,1116,2048,0.5449,24.646,40.575,0,0.000,0,1280
606,1117,2048,0.5454,24.607,40.639,0,0.000,0,1280
607,1118,2048,0.5459,24.308,41.139,0,0.000,0,1280
608,1119,2048,0.5464,24.638,40.588,0,0.000,0,1280
609,1120,2048,0.5469,24.632,40.598,0,0.000,0,1280
610,1121,2048,0.5474,25.073,39.884,0,0.000,0,1280
611,1122,2048,0.5479,24.356,41.058,0,0.000,0,1280
612,1123,2048,0.5483,24.623,40.612,0,0.000,0,1280
613,1124,2048,0.5488,24.614,40.627,0,0.000,0,1280
614,1125,2048,0.5493,24.700,40.486,0,0.000,0,1280
615,1126,2048,0.5498,24.328,41.105,0,0.000,0,1280
616,1127,2048,0.5503,24.684,40.512,0,0.000,0,1280
617,1128,2048,0.5508,24.644,40.578,0,0.000,0,1280
618,1129,2048,0.5513,24.310,41.135,0,0.000,0,1280
619,1130,2048,0.5518,24.360,41.051,0,0.000,0,1280
620,1131,2048,0.5522,24.665,40.543,0,0.000,0,1280
621,1132,2048,0.5527,24.632,40.598,0,0.000,0,1280
622,1133,2048,0.5532,24.870,40.209,0,0.000,0,1280
623,1134,2048,0.5537,24.673,40.530,0,0.000,0,1280
624,1135,2048,0.5542,24.571,40.698,0,0.000,0,1280
625,1136,2048,0.5547,24.608,40.637,0,0.000,0,1280
626,1137,2048,0.5552,24.323,41.113,0,0.000,0,1280
627,1138,2048,0.5557,24.675,40.527,0,0.000,0,1280
628,1139,2048,0.5562,24.627,40.606,0,0.000,0,1280
629,1140,2048,0.5566,24.543,40.745,0,0.000,0,1280
630,1141,2048,0.5571,24.282,41.183,0,0.000,0,1280
631,1142,2048,0.5576,24.586,40.674,0,0.000,0,1280
632,1143,2048,0.5581,24.674,40.528,0,0.000,0,1280
633,1144,2048,0.5586,24.647,40.573,0,0.000,0,1280
634,1145,2048,0.5591,24.996,40.006,0,0.000,0,1280
635,1146,2048,0.5596,24.684,40.512,0,0.000,0,1280
636,1147,2048,0.5601,25.048,39.923,0,0.000,0,1280
637,1148,2048,0.5605,24.595,40.659,0,0.000,0,1280
638,1149,2048,0.5610,24.327,41.107,0,0.000,0,1280
639,1150,2048,0.5615,24.713,40.465,0,0.000,0,1280
640,1151,2048,0.5620,24.636,40.591,0,0.000,0,1280
641,1152,2048,0.5625,24.611,40.632,0,0.000,0,1280
642,1153,2048,0.5630,24.245,41.246,0,0.000,0,1280
643,1154,2048,0.5635,25.269,39.574,0,0.000,0,1280
644,1155,2048,0.5640,25.486,39.237,0,0.000,0,1280
645,1156,2048,0.5645,24.752,40.401,0,0.000,0,1280
646,1157,2048,0.5649,24.415,40.958,0,0.000,0,1280
647,1158,2048,0.5654,25.194,39.692,0,0.000,0,1280
648,1159,2048,0.5659,24.781,40.353,0,0.000,0,1280
649,1160,2048,0.5664,24.602,40.647,0,0.000,0,1280
650,1161,2048,0.5669,24.349,41.069,0,0.000,0,1280
651,1162,2048,0.5674,24.620,40.617,0,0.000,0,1280
652,1163,2048,0.5679,24.643,40.579,0,0.000,0,1280
653,1164,2048,0.5684,24.665,40.543,0,0.000,0,1280
654,1165,2048,0.5688,24.332,41.098,0,0.000,0,1280
655,1166,2048,0.5693,24.643,40.579,0,0.000,0,1280
656,1167,2048,0.5698,24.720,40.453,0,0.000,0,1280
657,1168,2048,0.5703,24.472,40.863,0,0.000,0,1280
658,1169,2048,0.5708,24.707,40.474,0,0.000,0,1280
659,1170,2048,0.5713,24.721,40.451,0,0.000,0,1280
660,1171,2048,0.5718,25.326,39.485,0,0.000,0,1280
661,1172,2048,0.5723,24.353,41.063,0,0.000,0,1280
662,1173,2048,0.5728,24.698,40.489,0,0.000,0,1280
663,1174,2048,0.5732,24.655,40.560,0,0.000,0,1280
664,1175,2048,0.5737,24.660,40.552,0,0.000,0,1280
665,1176,2048,0.5742,24.275,41.195,0,0.000,0,1280
666,1177,2048,0.5747,24.683,40.514,0,0.000,0,1280
667,1178,2048,0.5752,24.649,40.570,0,0.000,0,1280
668,1179,2048,0.5757,24.661,40.550,0,0.000,0,1280
669,1180,2048,0.5762,24.263,41.215,0,0.000,0,1280
670,1181,2048,0.5767,24.740,40.420,0,0.000,0,1280
671,1182,2048,0.5771,24.646,40.575,0,0.000,0,1280
672,1183,2048,0.5776,25.315,39.502,0,0.000,0,1280
673,1184,2048,0.5781,24.393,40.995,0,0.000,0,1280
674,1185,2048,0.5786,24.638,40.588,0,0.000,0,1280
675,1186,2048,0.5791,24.676,40.525,0,0.000,0,1280
676,1187,2048,0.5796,24.635,40.593,0,0.000,0,1280
677,1188,2048,0.5801,24.327,41.107,0,0.000,0,1280
678,1189,2048,0.5806,24.707,40.474,0,0.000,0,1280
679,1190,2048,0.5811,24.572,40.697,0,0.000,0,1280
680,1191,2048,0.5815,24.645,40.576,0,0.000,0,1280
681,1192,2048,0.5820,24.321,41.117,0,0.000,0,1280
682,1193,2048,0.5825,24.636,40.591,0,0.000,0,1280
683,1194,2048,0.5830,24.676,40.525,0,0.000,0,1280
684,1195,2048,0.5835,25.068,39.891,0,0.000,0,1280
685,1196,2048,0.5840,24.952,40.077,0,0.000,0,1280
686,1197,2048,0.5845,24.691,40.501,0,0.000,0,1280
687,1198,2048,0.5850,24.621,40.616,0,0.000,0,1280
688,1199,2048,0.5854,24.751,40.402,0,0.000,0,1280
689,1200,2048,0.5859,24.322,41.115,0,0.000,0,1280
690,1201,2048,0.5864,24.623,40.612,0,0.000,0,1280
691,1202,2048,0.5869,24.651,40.566,0,0.000,0,1280
692,1203,2048,0.5874,24.398,40.987,0,0.000,0,1280
693,1204,2048,0.5879,24.448,40.903,0,0.000,0,1280
694,1205,2048,0.5884,24.605,40.642,0,0.000,0,1280
695,1206,2048,0.5889,24.694,40.496,0,0.000,0,1280
696,1207,2048,0.5894,24.364,41.044,0,0.000,0,1280
697,1208,2048,0.5898,25.310,39.510,0,0.000,0,1280
698,1209,2048,0.5903,24.713,40.465,0,0.000,0,1280
699,1210,2048,0.5908,24.626,40.607,0,0.000,0,1280
700,1211,2048,0.5913,24.346,41.075,0,0.000,0,1280
701,1212,2048,0.5918,24.602,40.647,0,0.000,0,1280
702,1213,2048,0.5923,24.584,40.677,0,0.000,0,1280
703,1214,2048,0.5928,24.607,40.639,0,0.000,0,1280
704,1215,2048,0.5933,24.315,41.127,0,0.000,0,1280
705,1216,2048,0.5938,24.662,40.548,0,0.000,0,1280
706,1217,2048,0.5942,24.695,40.494,0,0.000,0,1280
707,1218,2048,0.5947,24.676,40.525,0,0.000,0,1280
708,1219,2048,0.5952,24.254,41.230,0,0.000,0,1280
709,1220,2048,0.5957,24.792,40.336,0,0.000,0,1280
710,1221,2048,0.5962,25.190,39.698,0,0.000,0,1280
711,1222,2048,0.5967,24.639,40.586,0,0.000,0,1280
712,1223,2048,0.5972,24.361,41.049,0,0.000,0,1280
713,1224,2048,0.5977,24.725,40.445,0,0.000,0,1280
714,1225,2048,0.5981,24.667,40.540,0,0.000,0,1280
715,1226,2048,0.5986,24.663,40.547,0,0.000,0,1280
716,1227,2048,0.5991,24.327,41.107,0,0.000,0,1280
717,1228,2048,0.5996,24.646,40.575,0,0.000,0,1280
718,1229,2048,0.6001,24.613,40.629,0,0.000,0,1280
719,1230,2048,0.6006,24.643,40.579,0,0.000,0,1280
720,1231,2048,0.6011,24.406,40.974,0,0.000,0,1280
721,1232,2048,0.6016,24.726,40.443,0,0.000,0,1280
722,1233,2048,0.6021,24.621,40.616,0,0.000,0,1280
723,1234,2048,0.6025,24.971,40.046,0,0.000,0,1280
724,1235,2048,0.6030,24.339,41.086,0,0.000,0,1280
725,1236,2048,0.6035,24.498,40.820,0,0.000,0,1280
726,1237,2048,0.6040,25.281,39.555,0,0.000,0,1280
727,1238,2048,0.6045,24.985,40.024,0,0.000,0,1280
728,1239,2048,0.6050,24.778,40.358,0,0.000,0,1280
729,1240,2048,0.6055,24.791,40.337,0,0.000,0,1280
730,1241,2048,0.6060,24.739,40.422,0,0.000,0,1280
731,1242,2048,0.6064,24.391,40.999,0,0.000,0,1280
732,1243,2048,0.6069,24.741,40.419,0,0.000,0,1280
733,1244,2048,0.6074,24.703,40.481,0,0.000,0,1280
734,1245,2048,0.6079,24.784,40.349,0,0.000,0,1280
735,1246,2048,0.6084,25.051,39.919,0,0.000,0,1280
736,1247,2048,0.6089,24.438,40.920,0,0.000,0,1280
737,1248,2048,0.6094,24.730,40.437,0,0.000,0,1280
738,1249,2048,0.6099,24.730,40.437,0,0.000,0,1280
739,1250,2048,0.6104,24.316,41.125,0,0.000,0,1280
740,1251,2048,0.6108,24.672,40.532,0,0.000,0,1280
741,1252,2048,0.6113,24.616,40.624,0,0.000,0,1280
742,1253,2048,0.6118,24.691,40.501,0,0.000,0,1280
743,1254,2048,0.6123,24.129,41.444,0,0.000,0,1280
744,1255,2048,0.6128,24.718,40.456,0,0.000,0,1280
745,1256,2048,0.6133,24.661,40.550,0,0.000,0,1280
746,1257,2048,0.6138,24.638,40.588,0,0.000,0,1280
747,1258,2048,0.6143,24.904,40.154,0,0.000,0,1280
748,1259,2048,0.6147,24.644,40.578,0,0.000,0,1280
749,1260,2048,0.6152,24.657,40.556,0,0.000,0,1280
750,1261,2048,0.6157,24.650,40.568,0,0.000,0,1280
751,1262,2048,0.6162,24.297,41.157,0,0.000,0,1280
752,1263,2048,0.6167,24.663,40.547,0,0.000,0,1280
753,1264,2048,0.6172,24.582,40.680,0,0.000,0,1280
754,1265,2048,0.6177,24.702,40.483,0,0.000,0,1280
755,1266,2048,0.6182,24.262,41.217,0,0.000,0,1280
756,1267,2048,0.6187,24.643,40.579,0,0.000,0,1280
757,1268,2048,0.6191,24.587,40.672,0,0.000,0,1280
758,1269,2048,0.6196,24.316,41.125,0,0.000,0,1280
759,1270,2048,0.6201,24.408,40.970,0,0.000,0,1280
760,1271,2048,0.6206,25.165,39.738,0,0.000,0,1280
761,1272,2048,0.6211,24.779,40.357,0,0.000,0,1280
762,1273,2048,0.6216,24.315,41.127,0,0.000,0,1280
763,1274,2048,0.6221,24.632,40.598,0,0.000,0,1280
764,1275,2048,0.6226,24.608,40.637,0,0.000,0,1280
765,1276,2048,0.6230,24.589,40.669,0,0.000,0,1280
766,1277,2048,0.6235,24.313,41.130,0,0.000,0,1280
767,1278,2048,0.6240,25.010,39.984,0,0.000,0,1280
768,1279,2048,0.6245,24.669,40.537,0,0.000,0,1280
769,1280,2048,0.6250,24.583,40.679,0,0.000,0,1280
770,1281,2048,0.6255,26.585,37.615,0,0.000,0,1536
771,1282,2048,0.6260,25.155,39.754,0,0.000,0,1536
772,1283,2048,0.6265,25.476,39.253,0,0.000,0,1536
773,1284,2048,0.6270,25.249,39.606,0,0.000,0,1536
774,1285,2048,0.6274,25.287,39.546,0,0.000,0,1536
775,1286,2048,0.6279,24.839,40.259,0,0.000,0,1536
776,1287,2048,0.6284,24.977,40.037,0,0.000,0,1536
777,1288,2048,0.6289,25.234,39.629,0,0.000,0,1536
778,1289,2048,0.6294,25.165,39.738,0,0.000,0,1536
779,1290,2048,0.6299,24.877,40.198,0,0.000,0,1536
780,1291,2048,0.6304,25.219,39.653,0,0.000,0,1536
781,1292,2048,0.6309,25.138,39.780,0,0.000,0,1536
782,1293,2048,0.6313,25.170,39.730,0,0.000,0,1536
783,1294,2048,0.6318,24.873,40.204,0,0.000,0,1536
784,1295,2048,0.6323,25.683,38.936,0,0.000,0,1536
785,1296,2048,0.6328,25.289,39.543,0,0.000,0,1536
786,1297,2048,0.6333,25.185,39.706,0,0.000,0,1536
787,1298,2048,0.6338,24.793,40.334,0,0.000,0,1536
788,1299,2048,0.6343,25.142,39.774,0,0.000,0,1536
789,1300,2048,0.6348,25.161,39.744,0,0.000,0,1536
790,1301,2048,0.6353,25.123,39.804,0,0.000,0,1536
791,1302,2048,0.6357,24.785,40.347,0,0.000,0,1536
792,1303,2048,0.6362,25.165,39.738,0,0.000,0,1536
793,1304,2048,0.6367,25.245,39.612,0,0.000,0,1536
794,1305,2048,0.6372,25.214,39.661,0,0.000,0,1536
795,1306,2048,0.6377,24.840,40.258,0,0.000,0,1536
796,1307,2048,0.6382,25.241,39.618,0,0.000,0,1536
797,1308,2048,0.6387,25.583,39.088,0,0.000,0,1536
798,1309,2048,0.6392,25.389,39.387,0,0.000,0,1536
799,1310,2048,0.6396,24.903,40.156,0,0.000,0,1536
800,1311,2048,0.6401,25.178,39.717,0,0.000,0,1536
801,1312,2048,0.6406,25.187,39.703,0,0.000,0,1536
802,1313,2048,0.6411,25.181,39.712,0,0.000,0,1536
803,1314,2048,0.6416,25.083,39.868,0,0.000,0,1536
804,1315,2048,0.6421,24.861,40.224,0,0.000,0,1536
805,1316,2048,0.6426,25.699,38.912,0,0.000,0,1536
806,1317,2048,0.6431,25.002,39.997,0,0.000,0,1536
807,1318,2048,0.6436,25.007,39.989,0,0.000,0,1536
808,1319,2048,0.6440,25.649,38.988,0,0.000,0,1536
809,1320,2048,0.6445,25.883,38.635,0,0.000,0,1536
810,1321,2048,0.6450,25.777,38.794,0,0.000,0,1536
811,1322,2048,0.6455,25.243,39.615,0,0.000,0,1536
812,1323,2048,0.6460,24.973,40.043,0,0.000,0,1536
813,1324,2048,0.6465,25.213,39.662,0,0.000,0,1536
814,1325,2048,0.6470,25.192,39.695,0,0.000,0,1536
815,1326,2048,0.6475,25.151,39.760,0,0.000,0,1536
816,1327,2048,0.6479,24.874,40.203,0,0.000,0,1536
817,1328,2048,0.6484,25.358,39.435,0,0.000,0,1536
818,1329,2048,0.6489,25.173,39.725,0,0.000,0,1536
819,1330,2048,0.6494,25.199,39.684,0,0.000,0,1536
820,1331,2048,0.6499,24.958,40.067,0,0.000,0,1536
821,1332,2048,0.6504,25.836,38.706,0,0.000,0,1536
822,1333,2048,0.6509,25.339,39.465,0,0.000,0,1536
823,1334,2048,0.6514,25.238,39.623,0,0.000,0,1536
824,1335,2048,0.6519,24.884,40.186,0,0.000,0,1536
825,1336,2048,0.6523,25.251,39.602,0,0.000,0,1536
826,1337,2048,0.6528,25.195,39.690,0,0.000,0,1536
827,1338,2048,0.6533,25.057,39.909,0,0.000,0,1536
828,1339,2048,0.6538,25.057,39.909,0,0.000,0,1536
829,1340,2048,0.6543,24.784,40.349,0,0.000,0,1536
830,1341,2048,0.6548,25.217,39.656,0,0.000,0,1536
831,1342,2048,0.6553,25.129,39.795,0,0.000,0,1536
832,1343,2048,0.6558,25.243,39.615,0,0.000,0,1536
833,1344,2048,0.6562,24.874,40.203,0,0.000,0,1536
834,1345,2048,0.6567,25.829,38.716,0,0.000,0,1536
835,1346,2048,0.6572,25.138,39.780,0,0.000,0,1536
836,1347,2048,0.6577,25.247,39.609,0,0.000,0,1536
837,1348,2048,0.6582,24.893,40.172,0,0.000,0,1536
838,1349,2048,0.6587,25.222,39.648,0,0.000,0,1536
839,1350,2048,0.6592,25.168,39.733,0,0.000,0,1536
840,1351,2048,0.6597,25.210,39.667,0,0.000,0,1536
841,1352,2048,0.6602,24.943,40.091,0,0.000,0,1536
842,1353,2048,0.6606,25.232,39.632,0,0.000,0,1536
843,1354,2048,0.6611,25.179,39.716,0,0.000,0,1536
844,1355,2048,0.6616,25.143,39.773,0,0.000,0,1536
845,1356,2048,0.6621,24.985,40.024,0,0.000,0,1536
846,1357,2048,0.6626,25.338,39.466,0,0.000,0,1536
847,1358,2048,0.6631,25.880,38.640,0,0.000,0,1536
848,1359,2048,0.6636,25.640,39.002,0,0.000,0,1536
849,1360,2048,0.6641,24.862,40.222,0,0.000,0,1536
850,1361,2048,0.6646,25.194,39.692,0,0.000,0,1536
851,1362,2048,0.6650,25.143,39.773,0,0.000,0,1536
852,1363,2048,0.6655,25.149,39.763,0,0.000,0,1536
853,1364,2048,0.6660,25.145,39.769,0,0.000,0,1536
854,1365,2048,0.6665,24.817,40.295,0,0.000,0,1536
855,1366,2048,0.6670,25.135,39.785,0,0.000,0,1536
856,1367,2048,0.6675,25.221,39.649,0,0.000,0,1536
857,1368,2048,0.6680,24.890,40.177,0,0.000,0,1536
858,1369,2048,0.6685,24.950,40.080,0,0.000,0,1536
859,1370,2048,0.6689,25.189,39.700,0,0.000,0,1536
860,1371,2048,0.6694,25.600,39.062,0,0.000,0,1536
861,1372,2048,0.6699,25.511,39.199,0,0.000,0,1536
862,1373,2048,0.6704,24.830,40.274,0,0.000,0,1536
863,1374,2048,0.6709,25.101,39.839,0,0.000,0,1536
864,1375,2048,0.6714,25.181,39.712,0,0.000,0,1536
865,1376,2048,0.6719,25.156,39.752,0,0.000,0,1536
866,1377,2048,0.6724,24.901,40.159,0,0.000,0,1536
867,1378,2048,0.6729,25.217,39.656,0,0.000,0,1536
868,1379,2048,0.6733,25.149,39.763,0,0.000,0,1536
869,1380,2048,0.6738,25.124,39.803,0,0.000,0,1536
870,1381,2048,0.6743,24.844,40.251,0,0.000,0,1536
871,1382,2048,0.6748,25.237,39.624,0,0.000,0,1536
872,1383,2048,0.6753,25.505,39.208,0,0.000,0,1536
873,1384,2048,0.6758,25.531,39.168,0,0.000,0,1536
874,1385,2048,0.6763,24.905,40.153,0,0.000,0,1536
875,1386,2048,0.6768,25.270,39.573,0,0.000,0,1536
876,1387,2048,0.6772,25.160,39.746,0,0.000,0,1536
877,1388,2048,0.6777,24.954,40.074,0,0.000,0,1536
878,1389,2048,0.6782,24.804,40.316,0,0.000,0,1536
879,1390,2048,0.6787,25.084,39.866,0,0.000,0,1536
880,1391,2048,0.6792,25.249,39.606,0,0.000,0,1536
881,1392,2048,0.6797,25.173,39.725,0,0.000,0,1536
882,1393,2048,0.6802,24.891,40.175,0,0.000,0,1536
883,1394,2048,0.6807,25.294,39.535,0,0.000,0,1536
884,1395,2048,0.6812,28.084,35.607,0,0.000,0,1536
885,1396,2048,0.6816,25.290,39.541,0,0.000,0,1536
886,1397,2048,0.6821,25.111,39.823,0,0.000,0,1536
887,1398,2048,0.6826,24.804,40.316,0,0.000,0,1536
888,1399,2048,0.6831,24.971,40.046,0,0.000,0,1536
889,1400,2048,0.6836,25.297,39.530,0,0.000,0,1536
890,1401,2048,0.6841,26.742,37.394,0,0.000,0,1536
891,1402,2048,0.6846,24.988,40.019,0,0.000,0,1536
892,1403,2048,0.6851,25.399,39.372,0,0.000,0,1536
893,1404,2048,0.6855,25.236,39.626,0,0.000,0,1536
894,1405,2048,0.6860,25.223,39.646,0,0.000,0,1536
895,1406,2048,0.6865,24.490,40.833,0,0.000,0,1536
896,1407,2048,0.6870,25.325,39.487,0,0.000,0,1536
897,1408,2048,0.6875,25.209,39.668,0,0.000,0,1536
898,1409,2048,0.6880,25.843,38.695,0,0.000,0,1536
899,1410,2048,0.6885,24.919,40.130,0,0.000,0,1536
900,1411,2048,0.6890,25.036,39.942,0,0.000,0,1536
901,1412,2048,0.6895,25.173,39.725,0,0.000,0,1536
902,1413,2048,0.6899,25.189,39.700,0,0.000,0,1536
903,1414,2048,0.6904,25.249,39.606,0,0.000,0,1536
904,1415,2048,0.6909,24.917,40.133,0,0.000,0,1536
905,1416,2048,0.6914,25.235,39.628,0,0.000,0,1536
906,1417,2048,0.6919,25.071,39.887,0,0.000,0,1536
907,1418,2048,0.6924,25.274,39.566,0,0.000,0,1536
908,1419,2048,0.6929,24.823,40.285,0,0.000,0,1536
909,1420,2048,0.6934,25.571,39.107,0,0.000,0,1536
910,1421,2048,0.6938,25.478,39.250,0,0.000,0,1536
911,1422,2048,0.6943,25.136,39.784,0,0.000,0,1536
912,1423,2048,0.6948,24.912,40.141,0,0.000,0,1536
913,1424,2048,0.6953,25.247,39.609,0,0.000,0,1536
914,1425,2048,0.6958,25.174,39.724,0,0.000,0,1536
915,1426,2048,0.6963,25.197,39.687,0,0.000,0,1536
916,1427,2048,0.6968,24.823,40.285,0,0.000,0,1536
917,1428,2048,0.6973,25.217,39.656,0,0.000,0,1536
918,1429,2048,0.6978,25.133,39.788,0,0.000,0,1536
919,1430,2048,0.6982,25.227,39.640,0,0.000,0,1536
920,1431,2048,0.6987,24.819,40.292,0,0.000,0,1536
921,1432,2048,0.6992,25.514,39.194,0,0.000,0,1536
922,1433,2048,0.6997,25.612,39.044,0,0.000,0,1536
923,1434,2048,0.7002,25.284,39.551,0,0.000,0,1536
924,1435,2048,0.7007,24.911,40.143,0,0.000,0,1536
925,1436,2048,0.7012,25.268,39.576,0,0.000,0,1536
926,1437,2048,0.7017,25.202,39.679,0,0.000,0,1536
927,1438,2048,0.7021,25.080,39.872,0,0.000,0,1536
928,1439,2048,0.7026,24.880,40.193,0,0.000,0,1536
929,1440,2048,0.7031,25.300,39.526,0,0.000,0,1536
930,1441,2048,0.7036,25.328,39.482,0,0.000,0,1536
931,1442,2048,0.7041,25.208,39.670,0,0.000,0,1536
932,1443,2048,0.7046,25.212,39.664,0,0.000,0,1536
933,1444,2048,0.7051,24.889,40.178,0,0.000,0,1536
934,1445,2048,0.7056,25.487,39.236,0,0.000,0,1536
935,1446,2048,0.7061,25.556,39.130,0,0.000,0,1536
936,1447,2048,0.7065,25.276,39.563,0,0.000,0,1536
937,1448,2048,0.7070,24.849,40.243,0,0.000,0,1536
938,1449,2048,0.7075,25.203,39.678,0,0.000,0,1536
939,1450,2048,0.7080,25.193,39.694,0,0.000,0,1536
940,1451,2048,0.7085,25.189,39.700,0,0.000,0,1536
941,1452,2048,0.7090,24.609,40.636,0,0.000,0,1536
942,1453,2048,0.7095,25.248,39.607,0,0.000,0,1536
943,1454,2048,0.7100,25.198,39.686,0,0.000,0,1536
944,1455,2048,0.7104,25.129,39.795,0,0.000,0,1536
945,1456,2048,0.7109,24.838,40.261,0,0.000,0,1536
946,1457,2048,0.7114,25.716,38.886,0,0.000,0,1536
947,1458,2048,0.7119,25.272,39.569,0,0.000,0,1536
948,1459,2048,0.7124,25.211,39.665,0,0.000,0,1536
949,1460,2048,0.7129,24.866,40.216,0,0.000,0,1536
950,1461,2048,0.7134,25.257,39.593,0,0.000,0,1536
951,1462,2048,0.7139,25.203,39.678,0,0.000,0,1536
952,1463,2048,0.7144,25.250,39.604,0,0.000,0,1536
953,1464,2048,0.7148,24.860,40.225,0,0.000,0,1536
954,1465,2048,0.7153,25.167,39.735,0,0.000,0,1536
955,1466,2048,0.7158,25.174,39.724,0,0.000,0,1536
956,1467,2048,0.7163,25.258,39.591,0,0.000,0,1536
957,1468,2048,0.7168,25.105,39.833,0,0.000,0,1536
958,1469,2048,0.7173,25.562,39.121,0,0.000,0,1536
959,1470,2048,0.7178,25.261,39.587,0,0.000,0,1536
960,1471,2048,0.7183,25.114,39.818,0,0.000,0,1536
961,1472,2048,0.7188,25.276,39.563,0,0.000,0,1536
962,1473,2048,0.7192,24.861,40.224,0,0.000,0,1536
963,1474,2048,0.7197,25.612,39.044,0,0.000,0,1536
964,1475,2048,0.7202,28.758,34.773,0,0.000,0,1536
965,1476,2048,0.7207,25.128,39.796,0,0.000,0,1536
966,1477,2048,0.7212,24.853,40.237,0,0.000,0,1536
967,1478,2048,0.7217,25.158,39.749,0,0.000,0,1536
968,1479,2048,0.7222,25.121,39.807,0,0.000,0,1536
969,1480,2048,0.7227,25.036,39.942,0,0.000,0,1536
970,1481,2048,0.7231,25.121,39.807,0,0.000,0,1536
971,1482,2048,0.7236,26.719,37.427,0,0.000,0,1536
972,1483,2048,0.7241,25.767,38.809,0,0.000,0,1536
973,1484,2048,0.7246,25.344,39.457,0,0.000,0,1536
974,1485,2048,0.7251,24.809,40.308,0,0.000,0,1536
975,1486,2048,0.7256,24.914,40.138,0,0.000,0,1536
976,1487,2048,0.7261,25.230,39.635,0,0.000,0,1536
977,1488,2048,0.7266,25.187,39.703,0,0.000,0,1536
978,1489,2048,0.7271,25.144,39.771,0,0.000,0,1536
979,1490,2048,0.7275,24.928,40.116,0,0.000,0,1536
980,1491,2048,0.7280,25.312,39.507,0,0.000,0,1536
981,1492,2048,0.7285,25.218,39.654,0,0.000,0,1536
982,1493,2048,0.7290,25.317,39.499,0,0.000,0,1536
983,1494,2048,0.7295,25.590,39.078,0,0.000,0,1536
984,1495,2048,0.7300,25.276,39.563,0,0.000,0,1536
985,1496,2048,0.7305,25.233,39.631,0,0.000,0,1536
986,1497,2048,0.7310,25.221,39.649,0,0.000,0,1536
987,1498,2048,0.7314,24.891,40.175,0,0.000,0,1536
988,1499,2048,0.7319,25.259,39.590,0,0.000,0,1536
989,1500,2048,0.7324,25.145,39.769,0,0.000,0,1536
990,1501,2048,0.7329,25.218,39.654,0,0.000,0,1536
991,1502,2048,0.7334,25.117,39.814,0,0.000,0,1536
992,1503,2048,0.7339,25.138,39.780,0,0.000,0,1536
993,1504,2048,0.7344,25.244,39.613,0,0.000,0,1536
994,1505,2048,0.7349,25.528,39.173,0,0.000,0,1536
995,1506,2048,0.7354,25.615,39.040,0,0.000,0,1536
996,1507,2048,0.7358,24.941,40.095,0,0.000,0,1536
997,1508,2048,0.7363,25.261,39.587,0,0.000,0,1536
998,1509,2048,0.7368,25.297,39.530,0,0.000,0,1536
999,1510,2048,0.7373,25.257,39.593,0,0.000,0,1536
1000,1511,2048,0.7378,24.876,40.199,0,0.000,0,1536
1001,1512,2048,0.7383,25.217,39.656,0,0.000,0,1536
1002,1513,2048,0.7388,25.163,39.741,0,0.000,0,1536
1003,1514,2048,0.7393,25.279,39.559,0,0.000,0,1536
1004,1515,2048,0.7397,24.850,40.241,0,0.000,0,1536
1005,1516,2048,0.7402,25.227,39.640,0,0.000,0,1536
1006,1517,2048,0.7407,25.215,39.659,0,0.000,0,1536
1007,1518,2048,0.7412,25.158,39.749,0,0.000,0,1536
1008,1519,2048,0.7417,25.342,39.460,0,0.000,0,1536
1009,1520,2048,0.7422,25.545,39.147,0,0.000,0,1536
1010,1521,2048,0.7427,25.595,39.070,0,0.000,0,1536
1011,1522,2048,0.7432,25.250,39.604,0,0.000,0,1536
1012,1523,2048,0.7437,24.821,40.288,0,0.000,0,1536
1013,1524,2048,0.7441,25.215,39.659,0,0.000,0,1536
1014,1525,2048,0.7446,25.224,39.645,0,0.000,0,1536
1015,1526,2048,0.7451,25.153,39.757,0,0.000,0,1536
1016,1527,2048,0.7456,24.827,40.279,0,0.000,0,1536
1017,1528,2048,0.7461,25.205,39.675,0,0.000,0,1536
1018,1529,2048,0.7466,25.263,39.584,0,0.000,0,1536
1019,1530,2048,0.7471,25.291,39.540,0,0.000,0,1536
1020,1531,2048,0.7476,25.880,38.640,0,0.000,0,1536
1021,1532,2048,0.7480,24.823,40.285,0,0.000,0,1536
1022,1533,2048,0.7485,25.323,39.490,0,0.000,0,1536
1023,1534,2048,0.7490,25.236,39.626,0,0.000,0,1536
1024,1535,2048,0.7495,25.274,39.566,0,0.000,0,1536
1025,1536,2048,0.7500,24.809,40.308,0,0.000,0,1536
1026,1537,2048,0.7505,27.050,36.969,0,0.000,0,1792
1027,1538,2048,0.7510,25.812,38.742,0,0.000,0,1792
1028,1539,2048,0.7515,25.726,38.871,0,0.000,0,1792
1029,1540,2048,0.7520,25.435,39.316,0,0.000,0,1792
1030,1541,2048,0.7524,25.850,38.685,0,0.000,0,1792
1031,1542,2048,0.7529,26.328,37.982,0,0.000,0,1792
1032,1543,2048,0.7534,25.994,38.470,0,0.000,0,1792
1033,1544,2048,0.7539,25.834,38.709,0,0.000,0,1792
1034,1545,2048,0.7544,25.507,39.205,0,0.000,0,1792
1035,1546,2048,0.7549,25.847,38.689,0,0.000,0,1792
1036,1547,2048,0.7554,25.840,38.700,0,0.000,0,1792
1037,1548,2048,0.7559,25.826,38.721,0,0.000,0,1792
1038,1549,2048,0.7563,25.481,39.245,0,0.000,0,1792
1039,1550,2048,0.7568,25.861,38.668,0,0.000,0,1792
1040,1551,2048,0.7573,25.891,38.623,0,0.000,0,1792
1041,1552,2048,0.7578,25.854,38.679,0,0.000,0,1792
1042,1553,2048,0.7583,25.771,38.803,0,0.000,0,1792
1043,1554,2048,0.7588,25.533,39.165,0,0.000,0,1792
1044,1555,2048,0.7593,25.995,38.469,0,0.000,0,1792
1045,1556,2048,0.7598,26.192,38.180,0,0.000,0,1792
1046,1557,2048,0.7603,25.758,38.823,0,0.000,0,1792
1047,1558,2048,0.7607,25.426,39.330,0,0.000,0,1792
1048,1559,2048,0.7612,25.851,38.683,0,0.000,0,1792
1049,1560,2048,0.7617,25.707,38.900,0,0.000,0,1792
1050,1561,2048,0.7622,25.757,38.824,0,0.000,0,1792
1051,1562,2048,0.7627,26.118,38.288,0,0.000,0,1792
1052,1563,2048,0.7632,26.326,37.985,0,0.000,0,1792
1053,1564,2048,0.7637,26.108,38.302,0,0.000,0,1792
1054,1565,2048,0.7642,25.856,38.676,0,0.000,0,1792
1055,1566,2048,0.7646,25.857,38.674,0,0.000,0,1792
1056,1567,2048,0.7651,26.327,37.984,0,0.000,0,1792
1057,1568,2048,0.7656,25.508,39.203,0,0.000,0,1792
1058,1569,2048,0.7661,25.922,38.577,0,0.000,0,1792
1059,1570,2048,0.7666,25.946,38.542,0,0.000,0,1792
1060,1571,2048,0.7671,25.842,38.697,0,0.000,0,1792
1061,1572,2048,0.7676,25.551,39.137,0,0.000,0,1792
1062,1573,2048,0.7681,25.913,38.591,0,0.000,0,1792
1063,1574,2048,0.7686,25.840,38.700,0,0.000,0,1792
1064,1575,2048,0.7690,25.891,38.623,0,0.000,0,1792
1065,1576,2048,0.7695,25.849,38.686,0,0.000,0,1792
1066,1577,2048,0.7700,25.536,39.160,0,0.000,0,1792
1067,1578,2048,0.7705,26.352,37.948,0,0.000,0,1792
1068,1579,2048,0.7710,25.980,38.491,0,0.000,0,1792
1069,1580,2048,0.7715,25.707,38.900,0,0.000,0,1792
1070,1581,2048,0.7720,25.609,39.049,0,0.000,0,1792
1071,1582,2048,0.7725,25.950,38.536,0,0.000,0,1792
1072,1583,2048,0.7729,25.829,38.716,0,0.000,0,1792
1073,1584,2048,0.7734,25.833,38.710,0,0.000,0,1792
1074,1585,2048,0.7739,25.887,38.629,0,0.000,0,1792
1075,1586,2048,0.7744,25.502,39.213,0,0.000,0,1792
1076,1587,2048,0.7749,25.916,38.586,0,0.000,0,1792
1077,1588,2048,0.7754,25.888,38.628,0,0.000,0,1792
1078,1589,2048,0.7759,25.786,38.781,0,0.000,0,1792
1079,1590,2048,0.7764,25.536,39.160,0,0.000,0,1792
1080,1591,2048,0.7769,26.343,37.961,0,0.000,0,1792
1081,1592,2048,0.7773,25.917,38.585,0,0.000,0,1792
1082,1593,2048,0.7778,25.838,38.703,0,0.000,0,1792
1083,1594,2048,0.7783,25.822,38.727,0,0.000,0,1792
1084,1595,2048,0.7788,25.553,39.134,0,0.000,0,1792
1085,1596,2048,0.7793,25.720,38.880,0,0.000,0,1792
1086,1597,2048,0.7798,25.785,38.782,0,0.000,0,1792
1087,1598,2048,0.7803,25.787,38.779,0,0.000,0,1792
1088,1599,2048,0.7808,25.619,39.034,0,0.000,0,1792
1089,1600,2048,0.7812,25.826,38.721,0,0.000,0,1792
1090,1601,2048,0.7817,26.297,38.027,0,0.000,0,1792
1091,1602,2048,0.7822,25.861,38.668,0,0.000,0,1792
1092,1603,2048,0.7827,26.240,38.110,0,0.000,0,1792
1093,1604,2048,0.7832,25.576,39.099,0,0.000,0,1792
1094,1605,2048,0.7837,25.915,38.588,0,0.000,0,1792
1095,1606,2048,0.7842,25.915,38.588,0,0.000,0,1792
1096,1607,2048,0.7847,25.863,38.665,0,0.000,0,1792
1097,1608,2048,0.7852,25.512,39.197,0,0.000,0,1792
1098,1609,2048,0.7856,25.889,38.626,0,0.000,0,1792
1099,1610,2048,0.7861,25.934,38.559,0,0.000,0,1792
1100,1611,2048,0.7866,25.870,38.655,0,0.000,0,1792
1101,1612,2048,0.7871,25.856,38.676,0,0.000,0,1792
1102,1613,2048,0.7876,25.498,39.219,0,0.000,0,1792
1103,1614,2048,0.7881,26.133,38.266,0,0.000,0,1792
1104,1615,2048,0.7886,26.111,38.298,0,0.000,0,1792
1105,1616,2048,0.7891,25.789,38.776,0,0.000,0,1792
1106,1617,2048,0.7896,25.292,39.538,0,0.000,0,1792
1107,1618,2048,0.7900,25.955,38.528,0,0.000,0,1792
1108,1619,2048,0.7905,25.889,38.626,0,0.000,0,1792
1109,1620,2048,0.7910,25.749,38.836,0,0.000,0,1792
1110,1621,2048,0.7915,25.897,38.615,0,0.000,0,1792
1111,1622,2048,0.7920,25.603,39.058,0,0.000,0,1792
1112,1623,2048,0.7925,25.933,38.561,0,0.000,0,1792
1113,1624,2048,0.7930,25.849,38.686,0,0.000,0,1792
1114,1625,2048,0.7935,25.912,38.592,0,0.000,0,1792
1115,1626,2048,0.7939,25.616,39.038,0,0.000,0,1792
1116,1627,2048,0.7944,26.059,38.374,0,0.000,0,1792
1117,1628,2048,0.7949,26.109,38.301,0,0.000,0,1792
1118,1629,2048,0.7954,25.748,38.838,0,0.000,0,1792
1119,1630,2048,0.7959,26.351,37.949,0,0.000,0,1792
1120,1631,2048,0.7964,25.539,39.156,0,0.000,0,1792
1121,1632,2048,0.7969,25.851,38.683,0,0.000,0,1792
1122,1633,2048,0.7974,25.882,38.637,0,0.000,0,1792
1123,1634,2048,0.7979,25.956,38.527,0,0.000,0,1792
1124,1635,2048,0.7983,25.567,39.113,0,0.000,0,1792
1125,1636,2048,0.7988,25.716,38.886,0,0.000,0,1792
1126,1637,2048,0.7993,25.841,38.698,0,0.000,0,1792
1127,1638,2048,0.7998,26.106,38.305,0,0.000,0,1792
1128,1639,2048,0.8003,25.971,38.504,0,0.000,0,1792
1129,1640,2048,0.8008,25.377,39.406,0,0.000,0,1792
1130,1641,2048,0.8013,26.579,37.624,0,0.000,0,1792
1131,1642,2048,0.8018,26.837,37.262,0,0.000,0,1792
1132,1643,2048,0.8022,25.982,38.488,0,0.000,0,1792
1133,1644,2048,0.8027,26.007,38.451,0,0.000,0,1792
1134,1645,2048,0.8032,25.567,39.113,0,0.000,0,1792
1135,1646,2048,0.8037,25.975,38.499,0,0.000,0,1792
1136,1647,2048,0.8042,25.849,38.686,0,0.000,0,1792
1137,1648,2048,0.8047,25.974,38.500,0,0.000,0,1792
1138,1649,2048,0.8052,25.610,39.047,0,0.000,0,1792
1139,1650,2048,0.8057,26.288,38.040,0,0.000,0,1792
1140,1651,2048,0.8062,25.999,38.463,0,0.000,0,1792
1141,1652,2048,0.8066,25.905,38.603,0,0.000,0,1792
1142,1653,2048,0.8071,25.897,38.615,0,0.000,0,1792
1143,1654,2048,0.8076,25.572,39.105,0,0.000,0,1792
1144,1655,2048,0.8081,25.886,38.631,0,0.000,0,1792
1145,1656,2048,0.8086,25.836,38.706,0,0.000,0,1792
1146,1657,2048,0.8091,25.868,38.658,0,0.000,0,1792
1147,1658,2048,0.8096,25.577,39.098,0,0.000,0,1792
1148,1659,2048,0.8101,25.944,38.545,0,0.000,0,1792
1149,1660,2048,0.8105,25.956,38.527,0,0.000,0,1792
1150,1661,2048,0.8110,25.885,38.632,0,0.000,0,1792
1151,1662,2048,0.8115,25.983,38.487,0,0.000,0,1792
1152,1663,2048,0.8120,26.199,38.169,0,0.000,0,1792
1153,1664,2048,0.8125,25.912,38.592,0,0.000,0,1792
1154,1665,2048,0.8130,25.906,38.601,0,0.000,0,1792
1155,1666,2048,0.8135,25.775,38.797,0,0.000,0,1792
1156,1667,2048,0.8140,25.558,39.127,0,0.000,0,1792
1157,1668,2048,0.8145,25.862,38.667,0,0.000,0,1792
1158,1669,2048,0.8149,25.791,38.773,0,0.000,0,1792
1159,1670,2048,0.8154,25.851,38.683,0,0.000,0,1792
1160,1671,2048,0.8159,25.786,38.781,0,0.000,0,1792
1161,1672,2048,0.8164,25.521,39.183,0,0.000,0,1792
1162,1673,2048,0.8169,25.850,38.685,0,0.000,0,1792
1163,1674,2048,0.8174,26.299,38.024,0,0.000,0,1792
1164,1675,2048,0.8179,25.905,38.603,0,0.000,0,1792
1165,1676,2048,0.8184,25.558,39.127,0,0.000,0,1792
1166,1677,2048,0.8188,25.904,38.604,0,0.000,0,1792
1167,1678,2048,0.8193,25.844,38.694,0,0.000,0,1792
1168,1679,2048,0.8198,25.456,39.283,0,0.000,0,1792
1169,1680,2048,0.8203,26.294,38.031,0,0.000,0,1792
1170,1681,2048,0.8208,25.611,39.046,0,0.000,0,1792
1171,1682,2048,0.8213,25.841,38.698,0,0.000,0,1792
1172,1683,2048,0.8218,25.864,38.664,0,0.000,0,1792
1173,1684,2048,0.8223,25.851,38.683,0,0.000,0,1792
1174,1685,2048,0.8228,25.612,39.044,0,0.000,0,1792
1175,1686,2048,0.8232,26.066,38.364,0,0.000,0,1792
1176,1687,2048,0.8237,26.237,38.114,0,0.000,0,1792
1177,1688,2048,0.8242,25.876,38.646,0,0.000,0,1792
1178,1689,2048,0.8247,25.912,38.592,0,0.000,0,1792
1179,1690,2048,0.8252,25.519,39.186,0,0.000,0,1792
1180,1691,2048,0.8257,25.935,38.558,0,0.000,0,1792
1181,1692,2048,0.8262,25.882,38.637,0,0.000,0,1792
1182,1693,2048,0.8267,25.904,38.604,0,0.000,0,1792
1183,1694,2048,0.8271,25.804,38.754,0,0.000,0,1792
1184,1695,2048,0.8276,25.469,39.263,0,0.000,0,1792
1185,1696,2048,0.8281,25.952,38.533,0,0.000,0,1792
1186,1697,2048,0.8286,26.011,38.445,0,0.000,0,1792
1187,1698,2048,0.8291,25.869,38.656,0,0.000,0,1792
1188,1699,2048,0.8296,25.845,38.692,0,0.000,0,1792
1189,1700,2048,0.8301,25.972,38.503,0,0.000,0,1792
1190,1701,2048,0.8306,25.984,38.485,0,0.000,0,1792
1191,1702,2048,0.8311,25.925,38.573,0,0.000,0,1792
1192,1703,2048,0.8315,25.948,38.539,0,0.000,0,1792
1193,1704,2048,0.8320,25.504,39.210,0,0.000,0,1792
1194,1705,2048,0.8325,25.896,38.616,0,0.000,0,1792
1195,1706,2048,0.8330,25.895,38.617,0,0.000,0,1792
1196,1707,2048,0.8335,25.843,38.695,0,0.000,0,1792
1197,1708,2048,0.8340,25.548,39.142,0,0.000,0,1792
1198,1709,2048,0.8345,25.837,38.704,0,0.000,0,1792
1199,1710,2048,0.8350,26.055,38.380,0,0.000,0,1792
1200,1711,2048,0.8354,26.150,38.241,0,0.000,0,1792
1201,1712,2048,0.8359,25.901,38.609,0,0.000,0,1792
1202,1713,2048,0.8364,25.534,39.163,0,0.000,0,1792
1203,1714,2048,0.8369,25.966,38.512,0,0.000,0,1792
1204,1715,2048,0.8374,25.875,38.647,0,0.000,0,1792
1205,1716,2048,0.8379,25.867,38.659,0,0.000,0,1792
1206,1717,2048,0.8384,25.754,38.829,0,0.000,0,1792
1207,1718,2048,0.8389,25.716,38.886,0,0.000,0,1792
1208,1719,2048,0.8394,25.623,39.027,0,0.000,0,1792
1209,1720,2048,0.8398,26.288,38.040,0,0.000,0,1792
1210,1721,2048,0.8403,26.726,37.417,0,0.000,0,1792
1211,1722,2048,0.8408,26.156,38.232,0,0.000,0,1792
1212,1723,2048,0.8413,26.207,38.158,0,0.000,0,1792
1213,1724,2048,0.8418,26.048,38.391,0,0.000,0,1792
1214,1725,2048,0.8423,25.886,38.631,0,0.000,0,1792
1215,1726,2048,0.8428,25.667,38.961,0,0.000,0,1792
1216,1727,2048,0.8433,25.894,38.619,0,0.000,0,1792
1217,1728,2048,0.8438,25.921,38.579,0,0.000,0,1792
1218,1729,2048,0.8442,25.989,38.478,0,0.000,0,1792
1219,1730,2048,0.8447,25.917,38.585,0,0.000,0,1792
1220,1731,2048,0.8452,25.634,39.011,0,0.000,0,1792
1221,1732,2048,0.8457,25.868,38.658,0,0.000,0,1792
1222,1733,2048,0.8462,25.829,38.716,0,0.000,0,1792
1223,1734,2048,0.8467,25.821,38.728,0,0.000,0,1792
1224,1735,2048,0.8472,26.244,38.104,0,0.000,0,1792
1225,1736,2048,0.8477,25.782,38.787,0,0.000,0,1792
1226,1737,2048,0.8481,26.001,38.460,0,0.000,0,1792
1227,1738,2048,0.8486,25.883,38.635,0,0.000,0,1792
1228,1739,2048,0.8491,25.846,38.691,0,0.000,0,1792
1229,1740,2048,0.8496,25.630,39.017,0,0.000,0,1792
1230,1741,2048,0.8501,25.970,38.506,0,0.000,0,1792
1231,1742,2048,0.8506,25.965,38.513,0,0.000,0,1792
1232,1743,2048,0.8511,25.911,38.594,0,0.000,0,1792
1233,1744,2048,0.8516,25.935,38.558,0,0.000,0,1792
1234,1745,2048,0.8521,25.634,39.011,0,0.000,0,1792
1235,1746,2048,0.8525,26.413,37.860,0,0.000,0,1792
1236,1747,2048,0.8530,26.101,38.313,0,0.000,0,1792
1237,1748,2048,0.8535,25.898,38.613,0,0.000,0,1792
1238,1749,2048,0.8540,25.524,39.179,0,0.000,0,1792
1239,1750,2048,0.8545,25.949,38.537,0,0.000,0,1792
1240,1751,2048,0.8550,25.919,38.582,0,0.000,0,1792
1241,1752,2048,0.8555,25.884,38.634,0,0.000,0,1792
1242,1753,2048,0.8560,25.857,38.674,0,0.000,0,1792
1243,1754,2048,0.8564,25.148,39.765,0,0.000,0,1792
1244,1755,2048,0.8569,25.975,38.499,0,0.000,0,1792
1245,1756,2048,0.8574,25.605,39.055,0,0.000,0,1792
1246,1757,2048,0.8579,25.988,38.479,0,0.000,0,1792
1247,1758,2048,0.8584,26.267,38.071,0,0.000,0,1792
1248,1759,2048,0.8589,26.316,38.000,0,0.000,0,1792
1249,1760,2048,0.8594,25.876,38.646,0,0.000,0,1792
1250,1761,2048,0.8599,25.910,38.595,0,0.000,0,1792
1251,1762,2048,0.8604,25.886,38.631,0,0.000,0,1792
1252,1763,2048,0.8608,25.567,39.113,0,0.000,0,1792
1253,1764,2048,0.8613,25.842,38.697,0,0.000,0,1792
1254,1765,2048,0.8618,25.933,38.561,0,0.000,0,1792
1255,1766,2048,0.8623,25.823,38.725,0,0.000,0,1792
1256,1767,2048,0.8628,25.544,39.148,0,0.000,0,1792
1257,1768,2048,0.8633,25.912,38.592,0,0.000,0,1792
1258,1769,2048,0.8638,25.877,38.644,0,0.000,0,1792
1259,1770,2048,0.8643,25.943,38.546,0,0.000,0,1792
1260,1771,2048,0.8647,26.480,37.764,0,0.000,0,1792
1261,1772,2048,0.8652,25.542,39.151,0,0.000,0,1792
1262,1773,2048,0.8657,25.891,38.623,0,0.000,0,1792
1263,1774,2048,0.8662,25.856,38.676,0,0.000,0,1792
1264,1775,2048,0.8667,25.940,38.551,0,0.000,0,1792
1265,1776,2048,0.8672,25.740,38.850,0,0.000,0,1792
1266,1777,2048,0.8677,25.647,38.991,0,0.000,0,1792
1267,1778,2048,0.8682,25.920,38.580,0,0.000,0,1792
1268,1779,2048,0.8687,25.944,38.545,0,0.000,0,1792
1269,1780,2048,0.8691,25.801,38.758,0,0.000,0,1792
1270,1781,2048,0.8696,25.328,39.482,0,0.000,0,1792
1271,1782,2048,0.8701,26.287,38.042,0,0.000,0,1792
1272,1783,2048,0.8706,26.229,38.126,0,0.000,0,1792
1273,1784,2048,0.8711,25.906,38.601,0,0.000,0,1792
1274,1785,2048,0.8716,25.797,38.764,0,0.000,0,1792
1275,1786,2048,0.8721,25.587,39.082,0,0.000,0,1792
1276,1787,2048,0.8726,25.938,38.553,0,0.000,0,1792
1277,1788,2048,0.8730,25.964,38.515,0,0.000,0,1792
1278,1789,2048,0.8735,25.880,38.640,0,0.000,0,1792
1279,1790,2048,0.8740,25.636,39.008,0,0.000,0,1792
1280,1791,2048,0.8745,25.903,38.606,0,0.000,0,1792
1281,1792,2048,0.8750,25.822,38.727,0,0.000,0,1792
1282,1793,2048,0.8755,28.074,35.620,0,0.000,0,2048
1283,1794,2048,0.8760,27.011,37.022,0,0.000,0,2048
1284,1795,2048,0.8765,26.064,38.367,0,0.000,0,2048
1285,1796,2048,0.8770,26.470,37.779,0,0.000,0,2048
1286,1797,2048,0.8774,26.177,38.201,0,0.000,0,2048
1287,1798,2048,0.8779,26.097,38.319,0,0.000,0,2048
1288,1799,2048,0.8784,27.525,36.331,0,0.000,0,2048
1289,1800,2048,0.8789,26.278,38.055,0,0.000,0,2048
1290,1801,2048,0.8794,26.573,37.632,0,0.000,0,2048
1291,1802,2048,0.8799,26.601,37.593,0,0.000,0,2048
1292,1803,2048,0.8804,26.448,37.810,0,0.000,0,2048
1293,1804,2048,0.8809,26.426,37.842,0,0.000,0,2048
1294,1805,2048,0.8813,26.039,38.404,0,0.000,0,2048
1295,1806,2048,0.8818,26.817,37.290,0,0.000,0,2048
1296,1807,2048,0.8823,26.512,37.719,0,0.000,0,2048
1297,1808,2048,0.8828,26.432,37.833,0,0.000,0,2048
1298,1809,2048,0.8833,26.480,37.764,0,0.000,0,2048
1299,1810,2048,0.8838,26.080,38.344,0,0.000,0,2048
1300,1811,2048,0.8843,26.377,37.912,0,0.000,0,2048
1301,1812,2048,0.8848,26.411,37.863,0,0.000,0,2048
1302,1813,2048,0.8853,26.331,37.978,0,0.000,0,2048
1303,1814,2048,0.8857,26.368,37.925,0,0.000,0,2048
1304,1815,2048,0.8862,26.144,38.250,0,0.000,0,2048
1305,1816,2048,0.8867,26.376,37.913,0,0.000,0,2048
1306,1817,2048,0.8872,26.986,37.056,0,0.000,0,2048
1307,1818,2048,0.8877,26.412,37.862,0,0.000,0,2048
1308,1819,2048,0.8882,26.427,37.840,0,0.000,0,2048
1309,1820,2048,0.8887,26.149,38.242,0,0.000,0,2048
1310,1821,2048,0.8892,26.454,37.801,0,0.000,0,2048
1311,1822,2048,0.8896,26.413,37.860,0,0.000,0,2048
1312,1823,2048,0.8901,26.406,37.870,0,0.000,0,2048
1313,1824,2048,0.8906,26.415,37.857,0,0.000,0,2048
1314,1825,2048,0.8911,26.085,38.336,0,0.000,0,2048
1315,1826,2048,0.8916,26.439,37.823,0,0.000,0,2048
1316,1827,2048,0.8921,26.428,37.839,0,0.000,0,2048
1317,1828,2048,0.8926,26.403,37.874,0,0.000,0,2048
1318,1829,2048,0.8931,26.578,37.625,0,0.000,0,2048
1319,1830,2048,0.8936,26.234,38.118,0,0.000,0,2048
1320,1831,2048,0.8940,26.345,37.958,0,0.000,0,2048
1321,1832,2048,0.8945,26.241,38.108,0,0.000,0,2048
1322,1833,2048,0.8950,26.462,37.790,0,0.000,0,2048
1323,1834,2048,0.8955,26.088,38.332,0,0.000,0,2048
1324,1835,2048,0.8960,26.453,37.803,0,0.000,0,2048
1325,1836,2048,0.8965,26.490,37.750,0,0.000,0,2048
1326,1837,2048,0.8970,26.717,37.429,0,0.000,0,2048
1327,1838,2048,0.8975,26.444,37.816,0,0.000,0,2048
1328,1839,2048,0.8979,26.020,38.432,0,0.000,0,2048
1329,1840,2048,0.8984,26.456,37.799,0,0.000,0,2048
1330,1841,2048,0.8989,26.915,37.154,0,0.000,0,2048
1331,1842,2048,0.8994,26.349,37.952,0,0.000,0,2048
1332,1843,2048,0.8999,26.371,37.920,0,0.000,0,2048
1333,1844,2048,0.9004,26.078,38.346,0,0.000,0,2048
1334,1845,2048,0.9009,26.485,37.757,0,0.000,0,2048
1335,1846,2048,0.9014,26.379,37.909,0,0.000,0,2048
1336,1847,2048,0.9019,26.438,37.824,0,0.000,0,2048
1337,1848,2048,0.9023,26.452,37.804,0,0.000,0,2048
1338,1849,2048,0.9028,26.043,38.398,0,0.000,0,2048
1339,1850,2048,0.9033,26.342,37.962,0,0.000,0,2048
1340,1851,2048,0.9038,26.427,37.840,0,0.000,0,2048
1341,1852,2048,0.9043,26.484,37.759,0,0.000,0,2048
1342,1853,2048,0.9048,26.925,37.140,0,0.000,0,2048
1343,1854,2048,0.9053,26.040,38.402,0,0.000,0,2048
1344,1855,2048,0.9058,26.436,37.827,0,0.000,0,2048
1345,1856,2048,0.9062,26.508,37.724,0,0.000,0,2048
1346,1857,2048,0.9067,26.375,37.915,0,0.000,0,2048
1347,1858,2048,0.9072,26.356,37.942,0,0.000,0,2048
1348,1859,2048,0.9077,26.167,38.216,0,0.000,0,2048
1349,1860,2048,0.9082,26.791,37.326,0,0.000,0,2048
1350,1861,2048,0.9087,26.079,38.345,0,0.000,0,2048
1351,1862,2048,0.9092,26.321,37.992,0,0.000,0,2048
1352,1863,2048,0.9097,26.420,37.850,0,0.000,0,2048
1353,1864,2048,0.9102,26.562,37.648,0,0.000,0,2048
1354,1865,2048,0.9106,26.458,37.796,0,0.000,0,2048
1355,1866,2048,0.9111,26.400,37.879,0,0.000,0,2048
1356,1867,2048,0.9116,26.374,37.916,0,0.000,0,2048
1357,1868,2048,0.9121,26.265,38.073,0,0.000,0,2048
1358,1869,2048,0.9126,25.981,38.490,0,0.000,0,2048
1359,1870,2048,0.9131,26.435,37.829,0,0.000,0,2048
1360,1871,2048,0.9136,26.381,37.906,0,0.000,0,2048
1361,1872,2048,0.9141,26.422,37.847,0,0.000,0,2048
1362,1873,2048,0.9146,26.110,38.300,0,0.000,0,2048
1363,1874,2048,0.9150,26.118,38.288,0,0.000,0,2048
1364,1875,2048,0.9155,26.334,37.974,0,0.000,0,2048
1365,1876,2048,0.9160,26.448,37.810,0,0.000,0,2048
1366,1877,2048,0.9165,28.336,35.291,0,0.000,0,2048
1367,1878,2048,0.9170,26.134,38.264,0,0.000,0,2048
1368,1879,2048,0.9175,26.254,38.089,0,0.000,0,2048
1369,1880,2048,0.9180,26.501,37.734,0,0.000,0,2048
1370,1881,2048,0.9185,26.405,37.872,0,0.000,0,2048
1371,1882,2048,0.9189,26.566,37.642,0,0.000,0,2048
1372,1883,2048,0.9194,26.103,38.310,0,0.000,0,2048
1373,1884,2048,0.9199,26.323,37.990,0,0.000,0,2048
1374,1885,2048,0.9204,26.487,37.754,0,0.000,0,2048
1375,1886,2048,0.9209,26.452,37.804,0,0.000,0,2048
1376,1887,2048,0.9214,26.348,37.954,0,0.000,0,2048
1377,1888,2048,0.9219,26.653,37.519,0,0.000,0,2048
1378,1889,2048,0.9224,25.951,38.534,0,0.000,0,2048
1379,1890,2048,0.9229,26.427,37.840,0,0.000,0,2048
1380,1891,2048,0.9233,26.482,37.761,0,0.000,0,2048
1381,1892,2048,0.9238,26.457,37.797,0,0.000,0,2048
1382,1893,2048,0.9243,26.100,38.314,0,0.000,0,2048
1383,1894,2048,0.9248,26.496,37.742,0,0.000,0,2048
1384,1895,2048,0.9253,26.411,37.863,0,0.000,0,2048
1385,1896,2048,0.9258,26.411,37.863,0,0.000,0,2048
1386,1897,2048,0.9263,26.405,37.872,0,0.000,0,2048
1387,1898,2048,0.9268,26.056,38.379,0,0.000,0,2048
1388,1899,2048,0.9272,26.965,37.085,0,0.000,0,2048
1389,1900,2048,0.9277,26.374,37.916,0,0.000,0,2048
1390,1901,2048,0.9282,26.383,37.903,0,0.000,0,2048
1391,1902,2048,0.9287,26.338,37.968,0,0.000,0,2048
1392,1903,2048,0.9292,26.117,38.289,0,0.000,0,2048
1393,1904,2048,0.9297,26.430,37.836,0,0.000,0,2048
1394,1905,2048,0.9302,26.528,37.696,0,0.000,0,2048
1395,1906,2048,0.9307,26.433,37.831,0,0.000,0,2048
1396,1907,2048,0.9312,26.312,38.005,0,0.000,0,2048
1397,1908,2048,0.9316,26.069,38.360,0,0.000,0,2048
1398,1909,2048,0.9321,26.469,37.780,0,0.000,0,2048
1399,1910,2048,0.9326,26.494,37.744,0,0.000,0,2048
1400,1911,2048,0.9331,26.515,37.715,0,0.000,0,2048
1401,1912,2048,0.9336,26.862,37.227,0,0.000,0,2048
1402,1913,2048,0.9341,26.101,38.313,0,0.000,0,2048
1403,1914,2048,0.9346,26.273,38.062,0,0.000,0,2048
1404,1915,2048,0.9351,26.786,37.333,0,0.000,0,2048
1405,1916,2048,0.9355,26.306,38.014,0,0.000,0,2048
1406,1917,2048,0.9360,26.384,37.902,0,0.000,0,2048
1407,1918,2048,0.9365,26.106,38.305,0,0.000,0,2048
1408,1919,2048,0.9370,26.450,37.807,0,0.000,0,2048
1409,1920,2048,0.9375,26.381,37.906,0,0.000,0,2048
1410,1921,2048,0.9380,26.416,37.856,0,0.000,0,2048
1411,1922,2048,0.9385,26.060,38.373,0,0.000,0,2048
1412,1923,2048,0.9390,26.630,37.552,0,0.000,0,2048
1413,1924,2048,0.9395,26.520,37.707,0,0.000,0,2048
1414,1925,2048,0.9399,26.321,37.992,0,0.000,0,2048
1415,1926,2048,0.9404,26.344,37.959,0,0.000,0,2048
1416,1927,2048,0.9409,26.018,38.435,0,0.000,0,2048
1417,1928,2048,0.9414,26.435,37.829,0,0.000,0,2048
1418,1929,2048,0.9419,26.440,37.821,0,0.000,0,2048
1419,1930,2048,0.9424,26.442,37.819,0,0.000,0,2048
1420,1931,2048,0.9429,26.445,37.814,0,0.000,0,2048
1421,1932,2048,0.9434,26.139,38.257,0,0.000,0,2048
1422,1933,2048,0.9438,26.470,37.779,0,0.000,0,2048
1423,1934,2048,0.9443,26.974,37.073,0,0.000,0,2048
1424,1935,2048,0.9448,26.425,37.843,0,0.000,0,2048
1425,1936,2048,0.9453,26.371,37.920,0,0.000,0,2048
1426,1937,2048,0.9458,26.022,38.429,0,0.000,0,2048
1427,1938,2048,0.9463,26.349,37.952,0,0.000,0,2048
1428,1939,2048,0.9468,26.404,37.873,0,0.000,0,2048
1429,1940,2048,0.9473,26.404,37.873,0,0.000,0,2048
1430,1941,2048,0.9478,26.139,38.257,0,0.000,0,2048
1431,1942,2048,0.9482,26.098,38.317,0,0.000,0,2048
1432,1943,2048,0.9487,26.455,37.800,0,0.000,0,2048
1433,1944,2048,0.9492,26.404,37.873,0,0.000,0,2048
1434,1945,2048,0.9497,26.343,37.961,0,0.000,0,2048
1435,1946,2048,0.9502,26.482,37.761,0,0.000,0,2048
1436,1947,2048,0.9507,26.653,37.519,0,0.000,0,2048
1437,1948,2048,0.9512,26.482,37.761,0,0.000,0,2048
1438,1949,2048,0.9517,26.387,37.897,0,0.000,0,2048
1439,1950,2048,0.9521,26.404,37.873,0,0.000,0,2048
1440,1951,2048,0.9526,26.402,37.876,0,0.000,0,2048
1441,1952,2048,0.9531,25.945,38.543,0,0.000,0,2048
1442,1953,2048,0.9536,26.099,38.316,0,0.000,0,2048
1443,1954,2048,0.9541,27.516,36.342,0,0.000,0,2048
1444,1955,2048,0.9546,26.555,37.658,0,0.000,0,2048
1445,1956,2048,0.9551,26.471,37.777,0,0.000,0,2048
1446,1957,2048,0.9556,26.097,38.319,0,0.000,0,2048
1447,1958,2048,0.9561,26.743,37.393,0,0.000,0,2048
1448,1959,2048,0.9565,26.758,37.372,0,0.000,0,2048
1449,1960,2048,0.9570,26.446,37.813,0,0.000,0,2048
1450,1961,2048,0.9575,26.521,37.706,0,0.000,0,2048
1451,1962,2048,0.9580,26.215,38.146,0,0.000,0,2048
1452,1963,2048,0.9585,26.362,37.933,0,0.000,0,2048
1453,1964,2048,0.9590,26.519,37.709,0,0.000,0,2048
1454,1965,2048,0.9595,26.244,38.104,0,0.000,0,2048
1455,1966,2048,0.9600,26.053,38.383,0,0.000,0,2048
1456,1967,2048,0.9604,26.166,38.218,0,0.000,0,2048
1457,1968,2048,0.9609,26.495,37.743,0,0.000,0,2048
1458,1969,2048,0.9614,26.663,37.505,0,0.000,0,2048
1459,1970,2048,0.9619,26.882,37.200,0,0.000,0,2048
1460,1971,2048,0.9624,26.120,38.285,0,0.000,0,2048
1461,1972,2048,0.9629,26.208,38.156,0,0.000,0,2048
1462,1973,2048,0.9634,26.451,37.806,0,0.000,0,2048
1463,1974,2048,0.9639,26.424,37.844,0,0.000,0,2048
1464,1975,2048,0.9644,26.437,37.826,0,0.000,0,2048
1465,1976,2048,0.9648,26.093,38.324,0,0.000,0,2048
1466,1977,2048,0.9653,26.563,37.646,0,0.000,0,2048
1467,1978,2048,0.9658,26.447,37.811,0,0.000,0,2048
1468,1979,2048,0.9663,26.463,37.789,0,0.000,0,2048
1469,1980,2048,0.9668,26.419,37.852,0,0.000,0,2048
1470,1981,2048,0.9673,26.183,38.193,0,0.000,0,2048
1471,1982,2048,0.9678,26.915,37.154,0,0.000,0,2048
1472,1983,2048,0.9683,26.382,37.905,0,0.000,0,2048
1473,1984,2048,0.9688,26.405,37.872,0,0.000,0,2048
1474,1985,2048,0.9692,26.378,37.910,0,0.000,0,2048
1475,1986,2048,0.9697,26.100,38.314,0,0.000,0,2048
1476,1987,2048,0.9702,26.482,37.761,0,0.000,0,2048
1477,1988,2048,0.9707,26.454,37.801,0,0.000,0,2048
1478,1989,2048,0.9712,26.427,37.840,0,0.000,0,2048
1479,1990,2048,0.9717,26.402,37.876,0,0.000,0,2048
1480,1991,2048,0.9722,26.022,38.429,0,0.000,0,2048
1481,1992,2048,0.9727,26.763,37.365,0,0.000,0,2048
1482,1993,2048,0.9731,26.723,37.421,0,0.000,0,2048
1483,1994,2048,0.9736,26.581,37.621,0,0.000,0,2048
1484,1995,2048,0.9741,26.406,37.870,0,0.000,0,2048
1485,1996,2048,0.9746,26.081,38.342,0,0.000,0,2048
1486,1997,2048,0.9751,26.567,37.641,0,0.000,0,2048
1487,1998,2048,0.9756,26.405,37.872,0,0.000,0,2048
1488,1999,2048,0.9761,26.415,37.857,0,0.000,0,2048
1489,2000,2048,0.9766,26.440,37.821,0,0.000,0,2048
1490,2001,2048,0.9771,26.055,38.380,0,0.000,0,2048
1491,2002,2048,0.9775,26.333,37.975,0,0.000,0,2048
1492,2003,2048,0.9780,26.314,38.003,0,0.000,0,2048
1493,2004,2048,0.9785,26.409,37.866,0,0.000,0,2048
1494,2005,2048,0.9790,27.044,36.977,0,0.000,0,2048
1495,2006,2048,0.9795,26.164,38.220,0,0.000,0,2048
1496,2007,2048,0.9800,26.578,37.625,0,0.000,0,2048
1497,2008,2048,0.9805,26.408,37.867,0,0.000,0,2048
1498,2009,2048,0.9810,26.449,37.809,0,0.000,0,2048
1499,2010,2048,0.9814,26.386,37.899,0,0.000,0,2048
1500,2011,2048,0.9819,26.571,37.635,0,0.000,0,2048
1501,2012,2048,0.9824,26.334,37.974,0,0.000,0,2048
1502,2013,2048,0.9829,26.324,37.988,0,0.000,0,2048
1503,2014,2048,0.9834,26.322,37.991,0,0.000,0,2048
1504,2015,2048,0.9839,26.356,37.942,0,0.000,0,2048
1505,2016,2048,0.9844,26.008,38.450,0,0.000,0,2048
1506,2017,2048,0.9849,26.936,37.125,0,0.000,0,2048
1507,2018,2048,0.9854,26.233,38.120,0,0.000,0,2048
1508,2019,2048,0.9858,26.362,37.933,0,0.000,0,2048
1509,2020,2048,0.9863,26.330,37.979,0,0.000,0,2048
1510,2021,2048,0.9868,25.846,38.691,0,0.000,0,2048
1511,2022,2048,0.9873,26.524,37.702,0,0.000,0,2048
1512,2023,2048,0.9878,26.411,37.863,0,0.000,0,2048
1513,2024,2048,0.9883,26.386,37.899,0,0.000,0,2048
1514,2025,2048,0.9888,26.055,38.380,0,0.000,0,2048
1515,2026,2048,0.9893,26.441,37.820,0,0.000,0,2048
1516,2027,2048,0.9897,26.413,37.860,0,0.000,0,2048
1517,2028,2048,0.9902,26.761,37.368,0,0.000,0,2048
1518,2029,2048,0.9907,26.463,37.789,0,0.000,0,2048
1519,2030,2048,0.9912,25.856,38.676,0,0.000,0,2048
1520,2031,2048,0.9917,26.470,37.779,0,0.000,0,2048
1521,2032,2048,0.9922,27.617,36.210,0,0.000,0,2048
1522,2033,2048,0.9927,26.500,37.736,0,0.000,0,2048
1523,2034,2048,0.9932,26.561,37.649,0,0.000,0,2048
1524,2035,2048,0.9937,26.148,38.244,0,0.000,0,2048
1525,2036,2048,0.9941,26.462,37.790,0,0.000,0,2048
1526,2037,2048,0.9946,26.400,37.879,0,0.000,0,2048
1527,2038,2048,0.9951,26.499,37.737,0,0.000,0,2048
1528,2039,2048,0.9956,26.361,37.935,0,0.000,0,2048
1529,2040,2048,0.9961,26.764,37.364,0,0.000,0,2048
1530,2041,2048,0.9966,26.392,37.890,0,0.000,0,2048
1531,2042,2048,0.9971,26.308,38.011,0,0.000,0,2048
1532,2043,2048,0.9976,26.320,37.994,0,0.000,0,2048
1533,2044,2048,0.9980,26.432,37.833,0,0.000,0,2048
1534,2045,2048,0.9985,26.038,38.405,0,0.000,0,2048
1535,2046,2048,0.9990,26.446,37.813,0,0.000,0,2048
1536,2047,2048,0.9995,26.375,37.915,0,0.000,0,2048
1537,2048,2048,1.0000,26.375,37.915,0,0.000,0,2048
1538,2048,2048,1.0000,33.205,30.116,1,0.000,0,2048
1539,2048,2048,1.0000,32.189,31.067,1,0.000,0,2048
1540,2048,2048,1.0000,32.173,31.082,1,0.000,0,2048
1541,2048,2048,1.0000,33.052,30.255,1,0.000,0,2048
1542,2048,2048,1.0000,31.864,31.383,1,0.000,0,2048
1543,2048,2048,1.0000,32.384,30.879,1,0.000,0,2048
1544,2048,2048,1.0000,31.610,31.636,1,0.000,0,2048
1545,2048,2048,1.0000,31.160,32.092,1,0.000,0,2048
1546,2048,2048,1.0000,29.949,33.390,1,0.000,0,2048
1547,2048,2048,1.0000,30.036,33.293,1,0.000,0,2048
1548,2048,2048,1.0000,30.130,33.190,1,0.000,0,2048
1549,2048,2048,1.0000,30.001,33.332,1,0.000,0,2048
1550,2048,2048,1.0000,30.140,33.179,1,0.000,0,2048
1551,2048,2048,1.0000,30.265,33.041,1,0.000,0,2048
1552,2048,2048,1.0000,29.956,33.382,1,0.000,0,2048
1553,2048,2048,1.0000,30.208,33.104,1,0.000,0,2048
1554,2048,2048,1.0000,30.745,32.526,1,0.000,0,2048
1555,2048,2048,1.0000,30.633,32.645,1,0.000,0,2048
1556,2048,2048,1.0000,30.704,32.569,1,0.000,0,2048
1557,2048,2048,1.0000,30.338,32.962,1,0.000,0,2048
1558,2048,2048,1.0000,29.795,33.563,1,0.000,0,2048
1559,2048,2048,1.0000,29.967,33.370,1,0.000,0,2048
1560,2048,2048,1.0000,30.683,32.591,1,0.000,0,2048
1561,2048,2048,1.0000,30.826,32.440,1,0.000,0,2048
1562,2048,2048,1.0000,30.723,32.549,1,0.000,0,2048
1563,2048,2048,1.0000,30.263,33.044,1,0.000,0,2048
1564,2048,2048,1.0000,30.045,33.283,1,0.000,0,2048
1565,2048,2048,1.0000,30.111,33.210,1,0.000,0,2048
1566,2048,2048,1.0000,30.325,32.976,1,0.000,0,2048
1567,2048,2048,1.0000,30.231,33.079,1,0.000,0,2048
1568,2048,2048,1.0000,30.249,33.059,1,0.000,0,2048
1569,2048,2048,1.0000,29.819,33.536,1,0.000,0,2048
1570,2048,2048,1.0000,33.893,29.505,1,0.000,0,2048
1571,2048,2048,1.0000,30.626,32.652,1,0.000,0,2048
1572,2048,2048,1.0000,30.656,32.620,1,0.000,0,2048
1573,2048,2048,1.0000,30.893,32.370,1,0.000,0,2048
1574,2048,2048,1.0000,30.059,33.268,1,0.000,0,2048
1575,2048,2048,1.0000,30.054,33.273,1,0.000,0,2048
1576,2048,2048,1.0000,30.137,33.182,1,0.000,0,2048
1577,2048,2048,1.0000,30.723,32.549,1,0.000,0,2048
1578,2048,2048,1.0000,30.064,33.262,1,0.000,0,2048
1579,2048,2048,1.0000,29.722,33.645,1,0.000,0,2048
1580,2048,2048,1.0000,30.187,33.127,1,0.000,0,2048
1581,2048,2048,1.0000,30.371,32.926,1,0.000,0,2048
1582,2048,2048,1.0000,30.186,33.128,1,0.000,0,2048
1583,2048,2048,1.0000,29.564,33.825,1,0.000,0,2048
1584,2048,2048,1.0000,30.732,32.539,1,0.000,0,2048
1585,2048,2048,1.0000,30.792,32.476,1,0.000,0,2048
1586,2048,2048,1.0000,30.919,32.343,1,0.000,0,2048
1587,2048,2048,1.0000,30.506,32.780,1,0.000,0,2048
1588,2048,2048,1.0000,30.203,33.109,1,0.000,0,2048
1589,2048,2048,1.0000,30.956,32.304,1,0.000,0,2048
1590,2048,2048,1.0000,32.414,30.851,1,0.000,0,2048
1591,2048,2048,1.0000,31.389,31.858,1,0.000,0,2048
1592,2048,2048,1.0000,30.731,32.540,1,0.000,0,2048
1593,2048,2048,1.0000,31.178,32.074,1,0.000,0,2048
1594,2048,2048,1.0000,31.238,32.012,1,0.000,0,2048
1595,2048,2048,1.0000,31.059,32.197,1,0.000,0,2048
1596,2048,2048,1.0000,30.956,32.304,1,0.000,0,2048
1597,2048,2048,1.0000,30.440,32.852,1,0.000,0,2048
1598,2048,2048,1.0000,30.701,32.572,1,0.000,0,2048
1599,2048,2048,1.0000,30.077,33.248,1,0.000,0,2048
1600,2048,2048,1.0000,30.768,32.501,1,0.000,0,2048
1601,2048,2048,1.0000,30.830,32.436,1,0.000,0,2048
1602,2048,2048,1.0000,30.098,33.225,1,0.000,0,2048
1603,2048,2048,1.0000,30.084,33.240,1,0.000,0,2048
1604,2048,2048,1.0000,30.608,32.671,1,0.000,0,2048
1605,2048,2048,1.0000,30.157,33.160,1,0.000,0,2048
1606,2048,2048,1.0000,30.225,33.085,1,0.000,0,2048
1607,2048,2048,1.0000,29.971,33.366,1,0.000,0,2048
1608,2048,2048,1.0000,30.143,33.175,1,0.000,0,2048
1609,2048,2048,1.0000,30.210,33.102,1,0.000,0,2048
1610,2048,2048,1.0000,30.221,33.090,1,0.000,0,2048
1611,2048,2048,1.0000,30.199,33.114,1,0.000,0,2048
1612,2048,2048,1.0000,30.872,32.392,1,0.000,0,2048
1613,2048,2048,1.0000,30.128,33.192,1,0.000,0,2048
1614,2048,2048,1.0000,30.029,33.301,1,0.000,0,2048
1615,2048,2048,1.0000,30.090,33.234,1,0.000,0,2048
1616,2048,2048,1.0000,30.266,33.040,1,0.000,0,2048
1617,2048,2048,1.0000,30.133,33.186,1,0.000,0,2048
1618,2048,2048,1.0000,29.879,33.468,1,0.000,0,2048
1619,2048,2048,1.0000,30.099,33.224,1,0.000,0,2048
1620,2048,2048,1.0000,30.159,33.158,1,0.000,0,2048
1621,2048,2048,1.0000,30.546,32.738,1,0.000,0,2048
1622,2048,2048,1.0000,30.424,32.869,1,0.000,0,2048
1623,2048,2048,1.0000,30.705,32.568,1,0.000,0,2048
1624,2048,2048,1.0000,30.239,33.070,1,0.000,0,2048
1625,2048,2048,1.0000,30.129,33.191,1,0.000,0,2048
1626,2048,2048,1.0000,30.277,33.028,1,0.000,0,2048
1627,2048,2048,1.0000,30.120,33.201,1,0.000,0,2048
1628,2048,2048,1.0000,30.044,33.285,1,0.000,0,2048
1629,2048,2048,1.0000,30.438,32.854,1,0.000,0,2048
1630,2048,2048,1.0000,29.787,33.572,1,0.000,0,2048
1631,2048,2048,1.0000,29.883,33.464,1,0.000,0,2048
1632,2048,2048,1.0000,31.212,32.039,1,0.000,0,2048
1633,2048,2048,1.0000,30.329,32.972,1,0.000,0,2048
1634,2048,2048,1.0000,30.140,33.179,1,0.000,0,2048
1635,2048,2048,1.0000,30.051,33.277,1,0.000,0,2048
1636,2048,2048,1.0000,30.095,33.228,1,0.000,0,2048
1637,2048,2048,1.0000,30.071,33.255,1,0.000,0,2048
1638,2048,2048,1.0000,30.118,33.203,1,0.000,0,2048
1639,2048,2048,1.0000,30.200,33.113,1,0.000,0,2048
1640,2048,2048,1.0000,30.373,32.924,1,0.000,0,2048
1641,2048,2048,1.0000,30.089,33.235,1,0.000,0,2048
1642,2048,2048,1.0000,30.399,32.896,1,0.000,0,2048
1643,2048,2048,1.0000,30.272,33.034,1,0.000,0,2048
1644,2048,2048,1.0000,30.233,33.076,1,0.000,0,2048
1645,2048,2048,1.0000,30.162,33.154,1,0.000,0,2048
1646,2048,2048,1.0000,30.717,32.555,1,0.000,0,2048
1647,2048,2048,1.0000,30.152,33.165,1,0.000,0,2048
1648,2048,2048,1.0000,30.606,32.673,1,0.000,0,2048
1649,2048,2048,1.0000,29.999,33.334,1,0.000,0,2048
1650,2048,2048,1.0000,30.058,33.269,1,0.000,0,2048
1651,2048,2048,1.0000,29.856,33.494,1,0.000,0,2048
1652,2048,2048,1.0000,30.386,32.910,1,0.000,0,2048
1653,2048,2048,1.0000,29.750,33.613,1,0.000,0,2048
1654,2048,2048,1.0000,30.147,33.171,1,0.000,0,2048
1655,2048,2048,1.0000,30.419,32.874,1,0.000,0,2048
1656,2048,2048,1.0000,29.816,33.539,1,0.000,0,2048
1657,2048,2048,1.0000,31.803,31.444,1,0.000,0,2048
1658,2048,2048,1.0000,30.735,32.536,1,0.000,0,2048
1659,2048,2048,1.0000,31.003,32.255,1,0.000,0,2048
1660,2048,2048,1.0000,31.162,32.090,1,0.000,0,2048
1661,2048,2048,1.0000,31.266,31.984,1,0.000,0,2048
1662,2048,2048,1.0000,30.752,32.518,1,0.000,0,2048
1663,2048,2048,1.0000,31.834,31.413,1,0.000,0,2048
1664,2048,2048,1.0000,31.323,31.925,1,0.000,0,2048
1665,2048,2048,1.0000,30.920,32.342,1,0.000,0,2048
1666,2048,2048,1.0000,29.992,33.342,1,0.000,0,2048
1667,2048,2048,1.0000,30.159,33.158,1,0.000,0,2048
1668,2048,2048,1.0000,30.646,32.631,1,0.000,0,2048
1669,2048,2048,1.0000,30.121,33.199,1,0.000,0,2048
1670,2048,2048,1.0000,30.238,33.071,1,0.000,0,2048
1671,2048,2048,1.0000,29.931,33.410,1,0.000,0,2048
1672,2048,2048,1.0000,30.149,33.169,1,0.000,0,2048
1673,2048,2048,1.0000,31.058,32.198,1,0.000,0,2048
1674,2048,2048,1.0000,30.055,33.272,1,0.000,0,2048
1675,2048,2048,1.0000,30.164,33.152,1,0.000,0,2048
1676,2048,2048,1.0000,29.829,33.524,1,0.000,0,2048
1677,2048,2048,1.0000,30.155,33.162,1,0.000,0,2048
1678,2048,2048,1.0000,30.612,32.667,1,0.000,0,2048
1679,2048,2048,1.0000,30.249,33.059,1,0.000,0,2048
1680,2048,2048,1.0000,30.596,32.684,1,0.000,0,2048
1681,2048,2048,1.0000,30.553,32.730,1,0.000,0,2048
1682,2048,2048,1.0000,30.641,32.636,1,0.000,0,2048
1683,2048,2048,1.0000,30.109,33.213,1,0.000,0,2048
1684,2048,2048,1.0000,30.057,33.270,1,0.000,0,2048
1685,2048,2048,1.0000,30.686,32.588,1,0.000,0,2048
1686,2048,2048,1.0000,30.080,33.245,1,0.000,0,2048
1687,2048,2048,1.0000,30.408,32.886,1,0.000,0,2048
1688,2048,2048,1.0000,29.655,33.721,1,0.000,0,2048
1689,2048,2048,1.0000,29.780,33.580,1,0.000,0,2048
1690,2048,2048,1.0000,30.536,32.748,1,0.000,0,2048
1691,2048,2048,1.0000,30.055,33.272,1,0.000,0,2048
1692,2048,2048,1.0000,30.089,33.235,1,0.000,0,2048
1693,2048,2048,1.0000,30.352,32.947,1,0.000,0,2048
1694,2048,2048,1.0000,30.705,32.568,1,0.000,0,2048
1695,2048,2048,1.0000,30.132,33.187,1,0.000,0,2048
1696,2048,2048,1.0000,30.008,33.324,1,0.000,0,2048
1697,2048,2048,1.0000,30.002,33.331,1,0.000,0,2048
1698,2048,2048,1.0000,29.858,33.492,1,0.000,0,2048
1699,2048,2048,1.0000,29.862,33.487,1,0.000,0,2048
1700,2048,2048,1.0000,29.906,33.438,1,0.000,0,2048
1701,2048,2048,1.0000,30.768,32.501,1,0.000,0,2048
1702,2048,2048,1.0000,30.160,33.156,1,0.000,0,2048
1703,2048,2048,1.0000,31.056,32.200,1,0.000,0,2048
1704,2048,2048,1.0000,30.078,33.247,1,0.000,0,2048
1705,2048,2048,1.0000,30.079,33.246,1,0.000,0,2048
1706,2048,2048,1.0000,30.166,33.150,1,0.000,0,2048
1707,2048,2048,1.0000,30.161,33.155,1,0.000,0,2048
1708,2048,2048,1.0000,30.195,33.118,1,0.000,0,2048
1709,2048,2048,1.0000,30.510,32.776,1,0.000,0,2048
1710,2048,2048,1.0000,29.638,33.740,1,0.000,0,2048
1711,2048,2048,1.0000,29.816,33.539,1,0.000,0,2048
1712,2048,2048,1.0000,30.420,32.873,1,0.000,0,2048
1713,2048,2048,1.0000,30.415,32.879,1,0.000,0,2048
1714,2048,2048,1.0000,30.321,32.980,1,0.000,0,2048
1715,2048,2048,1.0000,30.042,33.287,1,0.000,0,2048
1716,2048,2048,1.0000,30.020,33.311,1,0.000,0,2048
1717,2048,2048,1.0000,30.606,32.673,1,0.000,0,2048
1718,2048,2048,1.0000,30.057,33.270,1,0.000,0,2048
1719,2048,2048,1.0000,30.091,33.233,1,0.000,0,2048
1720,2048,2048,1.0000,29.812,33.544,1,0.000,0,2048
1721,2048,2048,1.0000,30.077,33.248,1,0.000,0,2048
1722,2048,2048,1.0000,29.844,33.508,1,0.000,0,2048
1723,2048,2048,1.0000,30.205,33.107,1,0.000,0,2048
1724,2048,2048,1.0000,31.661,31.585,1,0.000,0,2048
1725,2048,2048,1.0000,30.867,32.397,1,0.000,0,2048
1726,2048,2048,1.0000,31.047,32.209,1,0.000,0,2048
1727,2048,2048,1.0000,31.039,32.218,1,0.000,0,2048
1728,2048,2048,1.0000,31.059,32.197,1,0.000,0,2048
1729,2048,2048,1.0000,31.062,32.194,1,0.000,0,2048
1730,2048,2048,1.0000,31.428,31.819,1,0.000,0,2048
1731,2048,2048,1.0000,31.188,32.064,1,0.000,0,2048
1732,2048,2048,1.0000,30.082,33.242,1,0.000,0,2048
1733,2048,2048,1.0000,29.841,33.511,1,0.000,0,2048
1734,2048,2048,1.0000,30.229,33.081,1,0.000,0,2048
1735,2048,2048,1.0000,29.712,33.656,1,0.000,0,2048
1736,2048,2048,1.0000,30.684,32.590,1,0.000,0,2048
1737,2048,2048,1.0000,30.093,33.230,1,0.000,0,2048
1738,2048,2048,1.0000,30.111,33.210,1,0.000,0,2048
1739,2048,2048,1.0000,30.146,33.172,1,0.000,0,2048
1740,2048,2048,1.0000,30.087,33.237,1,0.000,0,2048
1741,2048,2048,1.0000,30.138,33.181,1,0.000,0,2048
1742,2048,2048,1.0000,30.040,33.289,1,0.000,0,2048
1743,2048,2048,1.0000,30.583,32.698,1,0.000,0,2048
1744,2048,2048,1.0000,30.773,32.496,1,0.000,0,2048
1745,2048,2048,1.0000,29.754,33.609,1,0.000,0,2048
1746,2048,2048,1.0000,29.698,33.672,1,0.000,0,2048
1747,2048,2048,1.0000,29.983,33.352,1,0.000,0,2048
1748,2048,2048,1.0000,29.978,33.358,1,0.000,0,2048
1749,2048,2048,1.0000,29.983,33.352,1,0.000,0,2048
1750,2048,2048,1.0000,29.987,33.348,1,0.000,0,2048
1751,2048,2048,1.0000,29.911,33.433,1,0.000,0,2048
1752,2048,2048,1.0000,30.527,32.758,1,0.000,0,2048
1753,2048,2048,1.0000,30.015,33.317,1,0.000,0,2048
1754,2048,2048,1.0000,29.736,33.629,1,0.000,0,2048
1755,2048,2048,1.0000,30.115,33.206,1,0.000,0,2048
1756,2048,2048,1.0000,29.816,33.539,1,0.000,0,2048
1757,2048,2048,1.0000,30.467,32.822,1,0.000,0,2048
1758,2048,2048,1.0000,29.999,33.334,1,0.000,0,2048
1759,2048,2048,1.0000,29.930,33.411,1,0.000,0,2048
1760,2048,2048,1.0000,29.963,33.374,1,0.000,0,2048
1761,2048,2048,1.0000,30.026,33.304,1,0.000,0,2048
1762,2048,2048,1.0000,29.949,33.390,1,0.000,0,2048
1763,2048,2048,1.0000,29.922,33.420,1,0.000,0,2048
1764,2048,2048,1.0000,29.987,33.348,1,0.000,0,2048
1765,2048,2048,1.0000,30.317,32.985,1,0.000,0,2048
1766,2048,2048,1.0000,30.065,33.261,1,0.000,0,2048
1767,2048,2048,1.0000,30.268,33.038,1,0.000,0,2048
1768,2048,2048,1.0000,29.940,33.400,1,0.000,0,2048
1769,2048,2048,1.0000,30.017,33.314,1,0.000,0,2048
1770,2048,2048,1.0000,30.024,33.307,1,0.000,0,2048
1771,2048,2048,1.0000,30.028,33.302,1,0.000,0,2048
1772,2048,2048,1.0000,30.067,33.259,1,0.000,0,2048
1773,2048,2048,1.0000,30.154,33.163,1,0.000,0,2048
1774,2048,2048,1.0000,30.331,32.970,1,0.000,0,2048
1775,2048,2048,1.0000,30.249,33.059,1,0.000,0,2048
1776,2048,2048,1.0000,29.670,33.704,1,0.000,0,2048
1777,2048,2048,1.0000,29.817,33.538,1,0.000,0,2048
1778,2048,2048,1.0000,30.122,33.198,1,0.000,0,2048
1779,2048,2048,1.0000,29.810,33.546,1,0.000,0,2048
1780,2048,2048,1.0000,30.006,33.327,1,0.000,0,2048
1781,2048,2048,1.0000,29.970,33.367,1,0.000,0,2048
1782,2048,2048,1.0000,30.072,33.254,1,0.000,0,2048
1783,2048,2048,1.0000,30.672,32.603,1,0.000,0,2048
1784,2048,2048,1.0000,29.959,33.379,1,0.000,0,2048
1785,2048,2048,1.0000,30.085,33.239,1,0.000,0,2048
1786,2048,2048,1.0000,30.267,33.039,1,0.000,0,2048
1787,2048,2048,1.0000,30.071,33.255,1,0.000,0,2048
1788,2048,2048,1.0000,30.065,33.261,1,0.000,0,2048
1789,2048,2048,1.0000,30.036,33.293,1,0.000,0,2048
1790,2048,2048,1.0000,29.771,33.590,1,0.000,0,2048
1791,2048,2048,1.0000,30.033,33.297,1,0.000,0,2048
1792,2048,2048,1.0000,31.386,31.861,1,0.000,0,2048
1793,2048,2048,1.0000,30.875,32.389,1,0.000,0,2048
1794,2048,2048,1.0000,30.865,32.399,1,0.000,0,2048
1795,2048,2048,1.0000,31.370,31.878,1,0.000,0,2048
1796,2048,2048,1.0000,31.298,31.951,1,0.000,0,2048
1797,2048,2048,1.0000,31.045,32.211,1,0.000,0,2048
1798,2048,2048,1.0000,31.330,31.918,1,0.000,0,2048
1799,2048,2048,1.0000,31.087,32.168,1,0.000,0,2048
1800,2048,2048,1.0000,30.595,32.685,1,0.000,0,2048
1801,2048,2048,1.0000,30.191,33.122,1,0.000,0,2048
1802,2048,2048,1.0000,30.127,33.193,1,0.000,0,2048
1803,2048,2048,1.0000,30.027,33.303,1,0.000,0,2048
1804,2048,2048,1.0000,30.035,33.294,1,0.000,0,2048
1805,2048,2048,1.0000,30.095,33.228,1,0.000,0,2048
1806,2048,2048,1.0000,30.574,32.708,1,0.000,0,2048
1807,2048,2048,1.0000,29.972,33.364,1,0.000,0,2048
1808,2048,2048,1.0000,29.991,33.343,1,0.000,0,2048
1809,2048,2048,1.0000,29.969,33.368,1,0.000,0,2048
1810,2048,2048,1.0000,29.634,33.745,1,0.000,0,2048
1811,2048,2048,1.0000,29.990,33.344,1,0.000,0,2048
1812,2048,2048,1.0000,30.005,33.328,1,0.000,0,2048
1813,2048,2048,1.0000,29.950,33.389,1,0.000,0,2048
1814,2048,2048,1.0000,30.100,33.223,1,0.000,0,2048
1815,2048,2048,1.0000,30.101,33.221,1,0.000,0,2048
1816,2048,2048,1.0000,30.393,32.902,1,0.000,0,2048
1817,2048,2048,1.0000,30.068,33.258,1,0.000,0,2048
1818,2048,2048,1.0000,30.281,33.024,1,0.000,0,2048
1819,2048,2048,1.0000,30.006,33.327,1,0.000,0,2048
1820,2048,2048,1.0000,29.739,33.626,1,0.000,0,2048
1821,2048,2048,1.0000,29.703,33.667,1,0.000,0,2048
1822,2048,2048,1.0000,29.854,33.496,1,0.000,0,2048
1823,2048,2048,1.0000,30.036,33.293,1,0.000,0,2048
1824,2048,2048,1.0000,30.011,33.321,1,0.000,0,2048
1825,2048,2048,1.0000,30.381,32.915,1,0.000,0,2048
1826,2048,2048,1.0000,29.926,33.416,1,0.000,0,2048
1827,2048,2048,1.0000,30.598,32.682,1,0.000,0,2048
1828,2048,2048,1.0000,30.049,33.279,1,0.000,0,2048
1829,2048,2048,1.0000,30.040,33.289,1,0.000,0,2048
1830,2048,2048,1.0000,29.902,33.443,1,0.000,0,2048
1831,2048,2048,1.0000,29.909,33.435,1,0.000,0,2048
1832,2048,2048,1.0000,30.133,33.186,1,0.000,0,2048
1833,2048,2048,1.0000,30.008,33.324,1,0.000,0,2048
1834,2048,2048,1.0000,30.041,33.288,1,0.000,0,2048
1835,2048,2048,1.0000,30.080,33.245,1,0.000,0,2048
1836,2048,2048,1.0000,30.176,33.139,1,0.000,0,2048
1837,2048,2048,1.0000,30.355,32.944,1,0.000,0,2048
1838,2048,2048,1.0000,30.077,33.248,1,0.000,0,2048
1839,2048,2048,1.0000,30.091,33.233,1,0.000,0,2048
1840,2048,2048,1.0000,30.119,33.202,1,0.000,0,2048
1841,2048,2048,1.0000,29.734,33.632,1,0.000,0,2048
1842,2048,2048,1.0000,29.631,33.748,1,0.000,0,2048
1843,2048,2048,1.0000,29.776,33.584,1,0.000,0,2048
1844,2048,2048,1.0000,30.120,33.201,1,0.000,0,2048
1845,2048,2048,1.0000,29.948,33.391,1,0.000,0,2048
1846,2048,2048,1.0000,29.994,33.340,1,0.000,0,2048
1847,2048,2048,1.0000,30.167,33.149,1,0.000,0,2048
1848,2048,2048,1.0000,30.323,32.978,1,0.000,0,2048
1849,2048,2048,1.0000,30.002,33.331,1,0.000,0,2048
1850,2048,2048,1.0000,30.072,33.254,1,0.000,0,2048
1851,2048,2048,1.0000,30.097,33.226,1,0.000,0,2048
1852,2048,2048,1.0000,29.774,33.586,1,0.000,0,2048
1853,2048,2048,1.0000,29.613,33.769,1,0.000,0,2048
1854,2048,2048,1.0000,30.138,33.181,1,0.000,0,2048
1855,2048,2048,1.0000,29.984,33.351,1,0.000,0,2048
1856,2048,2048,1.0000,30.054,33.273,1,0.000,0,2048
1857,2048,2048,1.0000,30.450,32.841,1,0.000,0,2048
1858,2048,2048,1.0000,29.705,33.664,1,0.000,0,2048
1859,2048,2048,1.0000,30.928,32.333,1,0.000,0,2048
1860,2048,2048,1.0000,31.162,32.090,1,0.000,0,2048
1861,2048,2048,1.0000,30.922,32.339,1,0.000,0,2048
1862,2048,2048,1.0000,30.693,32.581,1,0.000,0,2048
1863,2048,2048,1.0000,30.592,32.688,1,0.000,0,2048
1864,2048,2048,1.0000,30.430,32.862,1,0.000,0,2048
1865,2048,2048,1.0000,30.518,32.768,1,0.000,0,2048
1866,2048,2048,1.0000,31.212,32.039,1,0.000,0,2048
1867,2048,2048,1.0000,31.591,31.655,1,0.000,0,2048
1868,2048,2048,1.0000,31.505,31.741,1,0.000,0,2048
1869,2048,2048,1.0000,31.040,32.216,1,0.000,0,2048
1870,2048,2048,1.0000,30.123,33.197,1,0.000,0,2048
1871,2048,2048,1.0000,30.022,33.309,1,0.000,0,2048
1872,2048,2048,1.0000,29.997,33.337,1,0.000,0,2048
1873,2048,2048,1.0000,30.134,33.185,1,0.000,0,2048
1874,2048,2048,1.0000,30.064,33.262,1,0.000,0,2048
1875,2048,2048,1.0000,30.141,33.177,1,0.000,0,2048
1876,2048,2048,1.0000,29.685,33.687,1,0.000,0,2048
1877,2048,2048,1.0000,29.529,33.865,1,0.000,0,2048
1878,2048,2048,1.0000,30.583,32.698,1,0.000,0,2048
1879,2048,2048,1.0000,30.065,33.261,1,0.000,0,2048
1880,2048,2048,1.0000,29.933,33.408,1,0.000,0,2048
1881,2048,2048,1.0000,30.027,33.303,1,0.000,0,2048
1882,2048,2048,1.0000,30.134,33.185,1,0.000,0,2048
1883,2048,2048,1.0000,29.950,33.389,1,0.000,0,2048
1884,2048,2048,1.0000,30.029,33.301,1,0.000,0,2048
1885,2048,2048,1.0000,30.112,33.209,1,0.000,0,2048
1886,2048,2048,1.0000,29.711,33.658,1,0.000,0,2048
1887,2048,2048,1.0000,30.035,33.294,1,0.000,0,2048
1888,2048,2048,1.0000,30.591,32.689,1,0.000,0,2048
1889,2048,2048,1.0000,30.105,33.217,1,0.000,0,2048
1890,2048,2048,1.0000,30.140,33.179,1,0.000,0,2048
1891,2048,2048,1.0000,29.990,33.344,1,0.000,0,2048
1892,2048,2048,1.0000,30.294,33.010,1,0.000,0,2048
1893,2048,2048,1.0000,30.004,33.329,1,0.000,0,2048
1894,2048,2048,1.0000,30.149,33.169,1,0.000,0,2048
1895,2048,2048,1.0000,30.006,33.327,1,0.000,0,2048
1896,2048,2048,1.0000,30.041,33.288,1,0.000,0,2048
1897,2048,2048,1.0000,29.734,33.632,1,0.000,0,2048
1898,2048,2048,1.0000,30.329,32.972,1,0.000,0,2048
1899,2048,2048,1.0000,30.173,33.142,1,0.000,0,2048
1900,2048,2048,1.0000,29.949,33.390,1,0.000,0,2048
1901,2048,2048,1.0000,30.064,33.262,1,0.000,0,2048
1902,2048,2048,1.0000,30.052,33.276,1,0.000,0,2048
1903,2048,2048,1.0000,30.009,33.323,1,0.000,0,2048
1904,2048,2048,1.0000,30.068,33.258,1,0.000,0,2048
1905,2048,2048,1.0000,29.890,33.456,1,0.000,0,2048
1906,2048,2048,1.0000,30.063,33.263,1,0.000,0,2048
1907,2048,2048,1.0000,29.762,33.600,1,0.000,0,2048
1908,2048,2048,1.0000,30.076,33.249,1,0.000,0,2048
1909,2048,2048,1.0000,30.080,33.245,1,0.000,0,2048
1910,2048,2048,1.0000,29.940,33.400,1,0.000,0,2048
1911,2048,2048,1.0000,30.003,33.330,1,0.000,0,2048
1912,2048,2048,1.0000,29.995,33.339,1,0.000,0,2048
1913,2048,2048,1.0000,30.074,33.251,1,0.000,0,2048
1914,2048,2048,1.0000,30.084,33.240,1,0.000,0,2048
1915,2048,2048,1.0000,30.014,33.318,1,0.000,0,2048
1916,2048,2048,1.0000,30.009,33.323,1,0.000,0,2048
1917,2048,2048,1.0000,29.794,33.564,1,0.000,0,2048
1918,2048,2048,1.0000,29.844,33.508,1,0.000,0,2048
1919,2048,2048,1.0000,30.361,32.937,1,0.000,0,2048
1920,2048,2048,1.0000,30.271,33.035,1,0.000,0,2048
1921,2048,2048,1.0000,29.986,33.349,1,0.000,0,2048
1922,2048,2048,1.0000,30.032,33.298,1,0.000,0,2048
1923,2048,2048,1.0000,30.006,33.327,1,0.000,0,2048
1924,2048,2048,1.0000,29.947,33.392,1,0.000,0,2048
1925,2048,2048,1.0000,29.852,33.499,1,0.000,0,2048
1926,2048,2048,1.0000,29.790,33.568,1,0.000,0,2048
1927,2048,2048,1.0000,30.578,32.703,1,0.000,0,2048
1928,2048,2048,1.0000,30.613,32.666,1,0.000,0,2048
1929,2048,2048,1.0000,31.350,31.898,1,0.000,0,2048
1930,2048,2048,1.0000,30.422,32.871,1,0.000,0,2048
1931,2048,2048,1.0000,31.095,32.160,1,0.000,0,2048
1932,2048,2048,1.0000,31.104,32.150,1,0.000,0,2048
1933,2048,2048,1.0000,31.145,32.108,1,0.000,0,2048
1934,2048,2048,1.0000,31.052,32.204,1,0.000,0,2048
1935,2048,2048,1.0000,31.201,32.050,1,0.000,0,2048
1936,2048,2048,1.0000,31.188,32.064,1,0.000,0,2048
1937,2048,2048,1.0000,31.127,32.126,1,0.000,0,2048
1938,2048,2048,1.0000,31.085,32.170,1,0.000,0,2048
1939,2048,2048,1.0000,30.060,33.267,1,0.000,0,2048
1940,2048,2048,1.0000,30.401,32.894,1,0.000,0,2048
1941,2048,2048,1.0000,30.007,33.326,1,0.000,0,2048
1942,2048,2048,1.0000,29.644,33.734,1,0.000,0,2048
1943,2048,2048,1.0000,29.613,33.769,1,0.000,0,2048
1944,2048,2048,1.0000,30.062,33.265,1,0.000,0,2048
1945,2048,2048,1.0000,30.173,33.142,1,0.000,0,2048
1946,2048,2048,1.0000,29.949,33.390,1,0.000,0,2048
1947,2048,2048,1.0000,30.034,33.296,1,0.000,0,2048
1948,2048,2048,1.0000,30.095,33.228,1,0.000,0,2048
1949,2048,2048,1.0000,30.000,33.333,1,0.000,0,2048
1950,2048,2048,1.0000,30.769,32.500,1,0.000,0,2048
1951,2048,2048,1.0000,30.036,33.293,1,0.000,0,2048
1952,2048,2048,1.0000,29.626,33.754,1,0.000,0,2048
1953,2048,2048,1.0000,30.028,33.302,1,0.000,0,2048
1954,2048,2048,1.0000,30.046,33.282,1,0.000,0,2048
1955,2048,2048,1.0000,30.108,33.214,1,0.000,0,2048
1956,2048,2048,1.0000,30.018,33.313,1,0.000,0,2048
1957,2048,2048,1.0000,30.089,33.235,1,0.000,0,2048
1958,2048,2048,1.0000,30.048,33.280,1,0.000,0,2048
1959,2048,2048,1.0000,30.412,32.882,1,0.000,0,2048
1960,2048,2048,1.0000,30.701,32.572,1,0.000,0,2048
1961,2048,2048,1.0000,29.986,33.349,1,0.000,0,2048
1962,2048,2048,1.0000,30.028,33.302,1,0.000,0,2048
1963,2048,2048,1.0000,29.797,33.560,1,0.000,0,2048
1964,2048,2048,1.0000,30.073,33.252,1,0.000,0,2048
1965,2048,2048,1.0000,30.173,33.142,1,0.000,0,2048
1966,2048,2048,1.0000,29.909,33.435,1,0.000,0,2048
1967,2048,2048,1.0000,29.950,33.389,1,0.000,0,2048
1968,2048,2048,1.0000,29.924,33.418,1,0.000,0,2048
1969,2048,2048,1.0000,29.869,33.480,1,0.000,0,2048
1970,2048,2048,1.0000,30.475,32.814,1,0.000,0,2048
1971,2048,2048,1.0000,30.094,33.229,1,0.000,0,2048
1972,2048,2048,1.0000,30.081,33.244,1,0.000,0,2048
1973,2048,2048,1.0000,29.745,33.619,1,0.000,0,2048
1974,2048,2048,1.0000,30.017,33.314,1,0.000,0,2048
1975,2048,2048,1.0000,29.980,33.356,1,0.000,0,2048
1976,2048,2048,1.0000,30.192,33.121,1,0.000,0,2048
1977,2048,2048,1.0000,30.018,33.313,1,0.000,0,2048
1978,2048,2048,1.0000,30.018,33.313,1,0.000,0,2048
1979,2048,2048,1.0000,29.949,33.390,1,0.000,0,2048
1980,2048,2048,1.0000,30.216,33.095,1,0.000,0,2048
1981,2048,2048,1.0000,30.532,32.753,1,0.000,0,2048
1982,2048,2048,1.0000,29.964,33.373,1,0.000,0,2048
1983,2048,2048,1.0000,30.047,33.281,1,0.000,0,2048
1984,2048,2048,1.0000,29.601,33.783,1,0.000,0,2048
1985,2048,2048,1.0000,29.597,33.787,1,0.000,0,2048
1986,2048,2048,1.0000,30.074,33.251,1,0.000,0,2048
1987,2048,2048,1.0000,29.989,33.346,1,0.000,0,2048
1988,2048,2048,1.0000,30.074,33.251,1,0.000,0,2048
1989,2048,2048,1.0000,30.045,33.283,1,0.000,0,2048
1990,2048,2048,1.0000,30.030,33.300,1,0.000,0,2048
1991,2048,2048,1.0000,30.429,32.863,1,0.000,0,2048
1992,2048,2048,1.0000,30.149,33.169,1,0.000,0,2048
1993,2048,2048,1.0000,29.702,33.668,1,0.000,0,2048
1994,2048,2048,1.0000,30.408,32.886,1,0.000,0,2048
1995,2048,2048,1.0000,30.186,33.128,1,0.000,0,2048
1996,2048,2048,1.0000,30.897,32.366,1,0.000,0,2048
1997,2048,2048,1.0000,31.312,31.937,1,0.000,0,2048
1998,2048,2048,1.0000,31.337,31.911,1,0.000,0,2048
1999,2048,2048,1.0000,31.395,31.852,1,0.000,0,2048
2000,2048,2048,1.0000,31.374,31.874,1,0.000,0,2048
2001,2048,2048,1.0000,31.799,31.448,1,0.000,0,2048
2002,2048,2048,1.0000,30.872,32.392,1,0.000,0,2048
2003,2048,2048,1.0000,30.827,32.439,1,0.000,0,2048
2004,2048,2048,1.0000,31.314,31.935,1,0.000,0,2048
2005,2048,2048,1.0000,31.359,31.889,1,0.000,0,2048
2006,2048,2048,1.0000,31.188,32.064,1,0.000,0,2048
2007,2048,2048,1.0000,30.641,32.636,1,0.000,0,2048
2008,2048,2048,1.0000,29.762,33.600,1,0.000,0,2048
2009,2048,2048,1.0000,29.685,33.687,1,0.000,0,2048
2010,2048,2048,1.0000,29.586,33.800,1,0.000,0,2048
2011,2048,2048,1.0000,30.375,32.922,1,0.000,0,2048
2012,2048,2048,1.0000,30.041,33.288,1,0.000,0,2048
2013,2048,2048,1.0000,30.074,33.251,1,0.000,0,2048
2014,2048,2048,1.0000,29.886,33.460,1,0.000,0,2048
2015,2048,2048,1.0000,30.056,33.271,1,0.000,0,2048
2016,2048,2048,1.0000,30.032,33.298,1,0.000,0,2048
2017,2048,2048,1.0000,30.004,33.329,1,0.000,0,2048
2018,2048,2048,1.0000,30.067,33.259,1,0.000,0,2048
2019,2048,2048,1.0000,29.767,33.594,1,0.000,0,2048
2020,2048,2048,1.0000,29.998,33.336,1,0.000,0,2048
2021,2048,2048,1.0000,30.480,32.808,1,0.000,0,2048
2022,2048,2048,1.0000,29.998,33.336,1,0.000,0,2048
2023,2048,2048,1.0000,30.073,33.252,1,0.000,0,2048
2024,2048,2048,1.0000,30.038,33.291,1,0.000,0,2048
2025,2048,2048,1.0000,30.014,33.318,1,0.000,0,2048
2026,2048,2048,1.0000,29.982,33.353,1,0.000,0,2048
2027,2048,2048,1.0000,30.380,32.916,1,0.000,0,2048
2028,2048,2048,1.0000,30.130,33.190,1,0.000,0,2048
2029,2048,2048,1.0000,30.050,33.278,1,0.000,0,2048
2030,2048,2048,1.0000,29.597,33.787,1,0.000,0,2048
2031,2048,2048,1.0000,29.864,33.485,1,0.000,0,2048
2032,2048,2048,1.0000,30.515,32.771,1,0.000,0,2048
2033,2048,2048,1.0000,30.000,33.333,1,0.000,0,2048
2034,2048,2048,1.0000,30.053,33.275,1,0.000,0,2048
2035,2048,2048,1.0000,30.099,33.224,1,0.000,0,2048
2036,2048,2048,1.0000,30.052,33.276,1,0.000,0,2048
2037,2048,2048,1.0000,29.950,33.389,1,0.000,0,2048
2038,2048,2048,1.0000,29.862,33.487,1,0.000,0,2048
2039,2048,2048,1.0000,30.204,33.108,1,0.000,0,2048
2040,2048,2048,1.0000,29.743,33.621,1,0.000,0,2048
2041,2048,2048,1.0000,29.664,33.711,1,0.000,0,2048
2042,2048,2048,1.0000,30.724,32.548,1,0.000,0,2048
2043,2048,2048,1.0000,30.035,33.294,1,0.000,0,2048
2044,2048,2048,1.0000,30.002,33.331,1,0.000,0,2048
2045,2048,2048,1.0000,30.164,33.152,1,0.000,0,2048
2046,2048,2048,1.0000,30.012,33.320,1,0.000,0,2048
2047,2048,2048,1.0000,30.048,33.280,1,0.000,0,2048
2048,2048,2048,1.0000,30.012,33.320,1,0.000,0,2048
