step,kv_used,kv_total,kv_ratio,ttft_ms,tok_per_sec,shift_events,alpha,n_spilled
1,512,1024,0.5000,1188.372,430.842,0,0.000,0
2,513,1024,0.5010,23.568,42.430,0,0.000,0
3,514,1024,0.5020,23.219,43.068,0,0.000,0
4,515,1024,0.5029,23.165,43.169,0,0.000,0
5,516,1024,0.5039,22.553,44.340,0,0.000,0
6,517,1024,0.5049,23.557,42.450,0,0.000,0
7,518,1024,0.5059,23.180,43.141,0,0.000,0
8,519,1024,0.5068,22.901,43.666,0,0.000,0
9,520,1024,0.5078,24.269,41.205,0,0.000,0
10,521,1024,0.5088,23.162,43.174,0,0.000,0
11,522,1024,0.5098,23.926,41.796,0,0.000,0
12,523,1024,0.5107,22.908,43.653,0,0.000,0
13,524,1024,0.5117,23.311,42.898,0,0.000,0
14,525,1024,0.5127,23.602,42.369,0,0.000,0
15,526,1024,0.5137,22.864,43.737,0,0.000,0
16,527,1024,0.5146,23.541,42.479,0,0.000,0
17,528,1024,0.5156,23.122,43.249,0,0.000,0
18,529,1024,0.5166,22.618,44.213,0,0.000,0
19,530,1024,0.5176,23.418,42.702,0,0.000,0
20,531,1024,0.5186,22.996,43.486,0,0.000,0
21,532,1024,0.5195,22.907,43.655,0,0.000,0
22,533,1024,0.5205,23.250,43.011,0,0.000,0
23,534,1024,0.5215,23.036,43.410,0,0.000,0
24,535,1024,0.5225,23.381,42.770,0,0.000,0
25,536,1024,0.5234,23.193,43.116,0,0.000,0
26,537,1024,0.5244,22.900,43.668,0,0.000,0
27,538,1024,0.5254,23.326,42.871,0,0.000,0
28,539,1024,0.5264,23.440,42.662,0,0.000,0
29,540,1024,0.5273,23.179,43.142,0,0.000,0
30,541,1024,0.5283,30.014,33.318,0,0.000,0
31,542,1024,0.5293,23.100,43.290,0,0.000,0
32,543,1024,0.5303,22.694,44.065,0,0.000,0
33,544,1024,0.5312,23.841,41.945,0,0.000,0
34,545,1024,0.5322,23.462,42.622,0,0.000,0
35,546,1024,0.5332,23.156,43.185,0,0.000,0
36,547,1024,0.5342,23.243,43.024,0,0.000,0
37,548,1024,0.5352,22.896,43.676,0,0.000,0
38,549,1024,0.5361,23.378,42.775,0,0.000,0
39,550,1024,0.5371,22.874,43.718,0,0.000,0
40,551,1024,0.5381,23.568,42.430,0,0.000,0
41,552,1024,0.5391,23.608,42.359,0,0.000,0
42,553,1024,0.5400,22.814,43.833,0,0.000,0
43,554,1024,0.5410,22.905,43.659,0,0.000,0
44,555,1024,0.5420,23.705,42.185,0,0.000,0
45,556,1024,0.5430,23.017,43.446,0,0.000,0
46,557,1024,0.5439,23.078,43.331,0,0.000,0
47,558,1024,0.5449,23.532,42.495,0,0.000,0
48,559,1024,0.5459,22.898,43.672,0,0.000,0
49,560,1024,0.5469,23.324,42.874,0,0.000,0
50,561,1024,0.5479,23.067,43.352,0,0.000,0
51,562,1024,0.5488,23.466,42.615,0,0.000,0
52,563,1024,0.5498,23.214,43.077,0,0.000,0
53,564,1024,0.5508,22.556,44.334,0,0.000,0
54,565,1024,0.5518,23.553,42.457,0,0.000,0
55,566,1024,0.5527,24.064,41.556,0,0.000,0
56,567,1024,0.5537,22.711,44.032,0,0.000,0
57,568,1024,0.5547,23.451,42.642,0,0.000,0
58,569,1024,0.5557,23.404,42.728,0,0.000,0
59,570,1024,0.5566,22.685,44.082,0,0.000,0
60,571,1024,0.5576,23.819,41.983,0,0.000,0
61,572,1024,0.5586,23.139,43.217,0,0.000,0
62,573,1024,0.5596,23.044,43.395,0,0.000,0
63,574,1024,0.5605,23.302,42.915,0,0.000,0
64,575,1024,0.5615,23.330,42.863,0,0.000,0
65,576,1024,0.5625,23.263,42.987,0,0.000,0
66,577,1024,0.5635,23.042,43.399,0,0.000,0
67,578,1024,0.5645,23.273,42.968,0,0.000,0
68,579,1024,0.5654,24.405,40.975,0,0.000,0
69,580,1024,0.5664,22.899,43.670,0,0.000,0
70,581,1024,0.5674,23.348,42.830,0,0.000,0
71,582,1024,0.5684,23.470,42.608,0,0.000,0
72,583,1024,0.5693,23.055,43.375,0,0.000,0
73,584,1024,0.5703,24.075,41.537,0,0.000,0
74,585,1024,0.5713,23.250,43.011,0,0.000,0
75,586,1024,0.5723,23.838,41.950,0,0.000,0
76,587,1024,0.5732,23.033,43.416,0,0.000,0
77,588,1024,0.5742,22.912,43.645,0,0.000,0
78,589,1024,0.5752,23.740,42.123,0,0.000,0
79,590,1024,0.5762,22.751,43.954,0,0.000,0
80,591,1024,0.5771,23.541,42.479,0,0.000,0
81,592,1024,0.5781,24.028,41.618,0,0.000,0
82,593,1024,0.5791,23.062,43.361,0,0.000,0
83,594,1024,0.5801,23.012,43.456,0,0.000,0
84,595,1024,0.5811,23.791,42.033,0,0.000,0
85,596,1024,0.5820,22.919,43.632,0,0.000,0
86,597,1024,0.5830,23.061,43.363,0,0.000,0
87,598,1024,0.5840,23.387,42.759,0,0.000,0
88,599,1024,0.5850,23.113,43.266,0,0.000,0
89,600,1024,0.5859,23.682,42.226,0,0.000,0
90,601,1024,0.5869,22.983,43.510,0,0.000,0
91,602,1024,0.5879,23.027,43.427,0,0.000,0
92,603,1024,0.5889,23.815,41.990,0,0.000,0
93,604,1024,0.5898,22.765,43.927,0,0.000,0
94,605,1024,0.5908,23.811,41.997,0,0.000,0
95,606,1024,0.5918,23.790,42.034,0,0.000,0
96,607,1024,0.5928,22.646,44.158,0,0.000,0
97,608,1024,0.5938,23.714,42.169,0,0.000,0
98,609,1024,0.5947,23.276,42.963,0,0.000,0
99,610,1024,0.5957,22.813,43.835,0,0.000,0
100,611,1024,0.5967,23.413,42.711,0,0.000,0
101,612,1024,0.5977,23.333,42.858,0,0.000,0
102,613,1024,0.5986,23.189,43.124,0,0.000,0
103,614,1024,0.5996,23.308,42.904,0,0.000,0
104,615,1024,0.6006,23.009,43.461,0,0.000,0
105,616,1024,0.6016,23.188,43.126,0,0.000,0
106,617,1024,0.6025,23.474,42.600,0,0.000,0
107,618,1024,0.6035,23.656,42.273,0,0.000,0
108,619,1024,0.6045,23.365,42.799,0,0.000,0
109,620,1024,0.6055,23.487,42.577,0,0.000,0
110,621,1024,0.6064,22.865,43.735,0,0.000,0
111,622,1024,0.6074,23.487,42.577,0,0.000,0
112,623,1024,0.6084,23.185,43.131,0,0.000,0
113,624,1024,0.6094,22.727,44.001,0,0.000,0
114,625,1024,0.6104,23.808,42.003,0,0.000,0
115,626,1024,0.6113,23.302,42.915,0,0.000,0
116,627,1024,0.6123,23.094,43.301,0,0.000,0
117,628,1024,0.6133,23.198,43.107,0,0.000,0
118,629,1024,0.6143,23.070,43.346,0,0.000,0
119,630,1024,0.6152,23.826,41.971,0,0.000,0
120,631,1024,0.6162,23.038,43.407,0,0.000,0
121,632,1024,0.6172,23.624,42.330,0,0.000,0
122,633,1024,0.6182,23.670,42.248,0,0.000,0
123,634,1024,0.6191,22.910,43.649,0,0.000,0
124,635,1024,0.6201,23.321,42.880,0,0.000,0
125,636,1024,0.6211,23.509,42.537,0,0.000,0
126,637,1024,0.6221,22.911,43.647,0,0.000,0
127,638,1024,0.6230,23.559,42.447,0,0.000,0
128,639,1024,0.6240,23.224,43.059,0,0.000,0
129,640,1024,0.6250,22.920,43.630,0,0.000,0
130,641,1024,0.6260,23.371,42.788,0,0.000,0
131,642,1024,0.6270,23.308,42.904,0,0.000,0
132,643,1024,0.6279,23.083,43.322,0,0.000,0
133,644,1024,0.6289,23.399,42.737,0,0.000,0
134,645,1024,0.6299,23.236,43.037,0,0.000,0
135,646,1024,0.6309,23.570,42.427,0,0.000,0
136,647,1024,0.6318,23.777,42.057,0,0.000,0
137,648,1024,0.6328,22.607,44.234,0,0.000,0
138,649,1024,0.6338,23.317,42.887,0,0.000,0
139,650,1024,0.6348,23.331,42.861,0,0.000,0
140,651,1024,0.6357,23.022,43.437,0,0.000,0
141,652,1024,0.6367,23.566,42.434,0,0.000,0
142,653,1024,0.6377,23.144,43.208,0,0.000,0
143,654,1024,0.6387,22.600,44.248,0,0.000,0
144,655,1024,0.6396,23.912,41.820,0,0.000,0
145,656,1024,0.6406,23.235,43.039,0,0.000,0
146,657,1024,0.6416,23.209,43.087,0,0.000,0
147,658,1024,0.6426,23.939,41.773,0,0.000,0
148,659,1024,0.6436,23.005,43.469,0,0.000,0
149,660,1024,0.6445,23.471,42.606,0,0.000,0
150,661,1024,0.6455,23.290,42.937,0,0.000,0
151,662,1024,0.6465,22.917,43.636,0,0.000,0
152,663,1024,0.6475,23.662,42.262,0,0.000,0
153,664,1024,0.6484,23.274,42.966,0,0.000,0
154,665,1024,0.6494,22.974,43.527,0,0.000,0
155,666,1024,0.6504,23.634,42.312,0,0.000,0
156,667,1024,0.6514,22.805,43.850,0,0.000,0
157,668,1024,0.6523,23.245,43.020,0,0.000,0
158,669,1024,0.6533,23.589,42.393,0,0.000,0
159,670,1024,0.6543,22.866,43.733,0,0.000,0
160,671,1024,0.6553,24.476,40.856,0,0.000,0
161,672,1024,0.6562,23.734,42.134,0,0.000,0
162,673,1024,0.6572,23.166,43.167,0,0.000,0
163,674,1024,0.6582,23.614,42.348,0,0.000,0
164,675,1024,0.6592,22.710,44.033,0,0.000,0
165,676,1024,0.6602,23.631,42.317,0,0.000,0
166,677,1024,0.6611,23.482,42.586,0,0.000,0
167,678,1024,0.6621,22.661,44.129,0,0.000,0
168,679,1024,0.6631,23.597,42.378,0,0.000,0
169,680,1024,0.6641,23.210,43.085,0,0.000,0
170,681,1024,0.6650,23.117,43.258,0,0.000,0
171,682,1024,0.6660,23.401,42.733,0,0.000,0
172,683,1024,0.6670,23.044,43.395,0,0.000,0
173,684,1024,0.6680,23.530,42.499,0,0.000,0
174,685,1024,0.6689,23.557,42.450,0,0.000,0
175,686,1024,0.6699,23.225,43.057,0,0.000,0
176,687,1024,0.6709,23.600,42.373,0,0.000,0
177,688,1024,0.6719,22.601,44.246,0,0.000,0
178,689,1024,0.6729,23.580,42.409,0,0.000,0
179,690,1024,0.6738,23.471,42.606,0,0.000,0
180,691,1024,0.6748,22.653,44.144,0,0.000,0
181,692,1024,0.6758,23.248,43.014,0,0.000,0
182,693,1024,0.6768,23.581,42.407,0,0.000,0
183,694,1024,0.6777,23.030,43.422,0,0.000,0
184,695,1024,0.6787,23.091,43.307,0,0.000,0
185,696,1024,0.6797,23.333,42.858,0,0.000,0
186,697,1024,0.6807,23.070,43.346,0,0.000,0
187,698,1024,0.6816,23.908,41.827,0,0.000,0
188,699,1024,0.6826,23.263,42.987,0,0.000,0
189,700,1024,0.6836,22.956,43.562,0,0.000,0
190,701,1024,0.6846,23.253,43.005,0,0.000,0
191,702,1024,0.6855,23.547,42.468,0,0.000,0
192,703,1024,0.6865,22.978,43.520,0,0.000,0
193,704,1024,0.6875,23.648,42.287,0,0.000,0
194,705,1024,0.6885,22.639,44.172,0,0.000,0
195,706,1024,0.6895,23.573,42.421,0,0.000,0
196,707,1024,0.6904,23.578,42.412,0,0.000,0
197,708,1024,0.6914,23.166,43.167,0,0.000,0
198,709,1024,0.6924,23.823,41.976,0,0.000,0
199,710,1024,0.6934,23.503,42.548,0,0.000,0
200,711,1024,0.6943,23.677,42.235,0,0.000,0
201,712,1024,0.6953,23.581,42.407,0,0.000,0
202,713,1024,0.6963,23.214,43.077,0,0.000,0
203,714,1024,0.6973,23.771,42.068,0,0.000,0
204,715,1024,0.6982,23.054,43.376,0,0.000,0
205,716,1024,0.6992,23.013,43.454,0,0.000,0
206,717,1024,0.7002,23.678,42.233,0,0.000,0
207,718,1024,0.7012,22.580,44.287,0,0.000,0
208,719,1024,0.7021,23.359,42.810,0,0.000,0
209,720,1024,0.7031,23.437,42.668,0,0.000,0
210,721,1024,0.7041,23.146,43.204,0,0.000,0
211,722,1024,0.7051,23.281,42.953,0,0.000,0
212,723,1024,0.7061,22.930,43.611,0,0.000,0
213,724,1024,0.7070,25.358,39.435,0,0.000,0
214,725,1024,0.7080,26.209,38.155,0,0.000,0
215,726,1024,0.7090,26.381,37.906,0,0.000,0
216,727,1024,0.7100,26.281,38.050,0,0.000,0
217,728,1024,0.7109,26.802,37.311,0,0.000,0
218,729,1024,0.7119,26.543,37.675,0,0.000,0
219,730,1024,0.7129,34.988,28.581,0,0.000,0
220,731,1024,0.7139,22.694,44.065,0,0.000,0
221,732,1024,0.7148,23.414,42.709,0,0.000,0
222,733,1024,0.7158,22.896,43.676,0,0.000,0
223,734,1024,0.7168,23.216,43.074,0,0.000,0
224,735,1024,0.7178,23.518,42.521,0,0.000,0
225,736,1024,0.7188,22.813,43.835,0,0.000,0
226,737,1024,0.7197,24.025,41.623,0,0.000,0
227,738,1024,0.7207,22.753,43.950,0,0.000,0
228,739,1024,0.7217,23.125,43.243,0,0.000,0
229,740,1024,0.7227,23.491,42.569,0,0.000,0
230,741,1024,0.7236,22.598,44.252,0,0.000,0
231,742,1024,0.7246,23.493,42.566,0,0.000,0
232,743,1024,0.7256,22.948,43.577,0,0.000,0
233,744,1024,0.7266,23.249,43.013,0,0.000,0
234,745,1024,0.7275,22.868,43.729,0,0.000,0
235,746,1024,0.7285,22.882,43.702,0,0.000,0
236,747,1024,0.7295,23.575,42.418,0,0.000,0
237,748,1024,0.7305,22.673,44.105,0,0.000,0
238,749,1024,0.7314,23.530,42.499,0,0.000,0
239,750,1024,0.7324,23.786,42.042,0,0.000,0
240,751,1024,0.7334,22.524,44.397,0,0.000,0
241,752,1024,0.7344,23.466,42.615,0,0.000,0
242,753,1024,0.7354,23.041,43.401,0,0.000,0
243,754,1024,0.7363,22.901,43.666,0,0.000,0
244,755,1024,0.7373,23.196,43.111,0,0.000,0
245,756,1024,0.7383,22.838,43.787,0,0.000,0
246,757,1024,0.7393,23.915,41.815,0,0.000,0
247,758,1024,0.7402,23.036,43.410,0,0.000,0
248,759,1024,0.7412,23.726,42.148,0,0.000,0
249,760,1024,0.7422,23.584,42.402,0,0.000,0
250,761,1024,0.7432,22.668,44.115,0,0.000,0
251,762,1024,0.7441,23.534,42.492,0,0.000,0
252,763,1024,0.7451,23.206,43.092,0,0.000,0
253,764,1024,0.7461,23.386,42.761,0,0.000,0
254,765,1024,0.7471,23.474,42.600,0,0.000,0
255,766,1024,0.7480,22.964,43.546,0,0.000,0
256,767,1024,0.7490,23.072,43.343,0,0.000,0
257,768,1024,0.7500,23.161,43.176,0,0.000,0
258,769,1024,0.7510,24.488,40.836,0,0.000,0
259,770,1024,0.7520,23.864,41.904,0,0.000,0
260,771,1024,0.7529,23.275,42.965,0,0.000,0
261,772,1024,0.7539,23.569,42.429,0,0.000,0
262,773,1024,0.7549,24.118,41.463,0,0.000,0
263,774,1024,0.7559,23.303,42.913,0,0.000,0
264,775,1024,0.7568,23.611,42.353,0,0.000,0
265,776,1024,0.7578,24.046,41.587,0,0.000,0
266,777,1024,0.7588,23.481,42.588,0,0.000,0
267,778,1024,0.7598,23.568,42.430,0,0.000,0
268,779,1024,0.7607,23.290,42.937,0,0.000,0
269,780,1024,0.7617,23.701,42.192,0,0.000,0
270,781,1024,0.7627,23.521,42.515,0,0.000,0
271,782,1024,0.7637,23.310,42.900,0,0.000,0
272,783,1024,0.7646,23.777,42.057,0,0.000,0
273,784,1024,0.7656,23.308,42.904,0,0.000,0
274,785,1024,0.7666,23.834,41.957,0,0.000,0
275,786,1024,0.7676,23.309,42.902,0,0.000,0
276,787,1024,0.7686,23.652,42.280,0,0.000,0
277,788,1024,0.7695,23.822,41.978,0,0.000,0
278,789,1024,0.7705,23.668,42.251,0,0.000,0
279,790,1024,0.7715,24.048,41.583,0,0.000,0
280,791,1024,0.7725,23.363,42.803,0,0.000,0
281,792,1024,0.7734,23.467,42.613,0,0.000,0
282,793,1024,0.7744,23.689,42.214,0,0.000,0
283,794,1024,0.7754,23.191,43.120,0,0.000,0
284,795,1024,0.7764,24.004,41.660,0,0.000,0
285,796,1024,0.7773,23.048,43.388,0,0.000,0
286,797,1024,0.7783,23.798,42.020,0,0.000,0
287,798,1024,0.7793,23.545,42.472,0,0.000,0
288,799,1024,0.7803,23.065,43.356,0,0.000,0
289,800,1024,0.7812,24.035,41.606,0,0.000,0
290,801,1024,0.7822,23.223,43.061,0,0.000,0
291,802,1024,0.7832,24.038,41.601,0,0.000,0
292,803,1024,0.7842,23.681,42.228,0,0.000,0
293,804,1024,0.7852,23.588,42.394,0,0.000,0
294,805,1024,0.7861,23.999,41.668,0,0.000,0
295,806,1024,0.7871,23.121,43.251,0,0.000,0
296,807,1024,0.7881,24.032,41.611,0,0.000,0
297,808,1024,0.7891,23.364,42.801,0,0.000,0
298,809,1024,0.7900,23.885,41.867,0,0.000,0
299,810,1024,0.7910,23.266,42.981,0,0.000,0
300,811,1024,0.7920,23.492,42.568,0,0.000,0
301,812,1024,0.7930,23.756,42.095,0,0.000,0
302,813,1024,0.7939,23.049,43.386,0,0.000,0
303,814,1024,0.7949,23.953,41.748,0,0.000,0
304,815,1024,0.7959,23.461,42.624,0,0.000,0
305,816,1024,0.7969,23.952,41.750,0,0.000,0
306,817,1024,0.7979,23.593,42.385,0,0.000,0
307,818,1024,0.7988,23.289,42.939,0,0.000,0
308,819,1024,0.7998,23.904,41.834,0,0.000,0
309,820,1024,0.8008,23.215,43.076,0,0.000,0
310,821,1024,0.8018,23.733,42.135,0,0.000,0
311,822,1024,0.8027,23.651,42.282,0,0.000,0
312,823,1024,0.8037,23.076,43.335,0,0.000,0
313,824,1024,0.8047,23.989,41.686,0,0.000,0
314,825,1024,0.8057,23.335,42.854,0,0.000,0
315,826,1024,0.8066,23.754,42.098,0,0.000,0
316,827,1024,0.8076,23.343,42.839,0,0.000,0
317,828,1024,0.8086,23.811,41.997,0,0.000,0
318,829,1024,0.8096,24.216,41.295,0,0.000,0
319,830,1024,0.8105,23.041,43.401,0,0.000,0
320,831,1024,0.8115,23.867,41.899,0,0.000,0
321,832,1024,0.8125,23.649,42.285,0,0.000,0
322,833,1024,0.8135,23.524,42.510,0,0.000,0
323,834,1024,0.8145,23.729,42.143,0,0.000,0
324,835,1024,0.8154,23.290,42.937,0,0.000,0
325,836,1024,0.8164,23.863,41.906,0,0.000,0
326,837,1024,0.8174,23.391,42.751,0,0.000,0
327,838,1024,0.8184,23.608,42.359,0,0.000,0
328,839,1024,0.8193,23.844,41.939,0,0.000,0
329,840,1024,0.8203,23.296,42.926,0,0.000,0
330,841,1024,0.8213,23.471,42.606,0,0.000,0
331,842,1024,0.8223,23.997,41.672,0,0.000,0
332,843,1024,0.8232,23.611,42.353,0,0.000,0
333,844,1024,0.8242,24.137,41.430,0,0.000,0
334,845,1024,0.8252,24.071,41.544,0,0.000,0
335,846,1024,0.8262,23.880,41.876,0,0.000,0
336,847,1024,0.8271,23.308,42.904,0,0.000,0
337,848,1024,0.8281,23.790,42.034,0,0.000,0
338,849,1024,0.8291,23.380,42.772,0,0.000,0
339,850,1024,0.8301,23.760,42.088,0,0.000,0
340,851,1024,0.8311,23.319,42.883,0,0.000,0
341,852,1024,0.8320,23.412,42.713,0,0.000,0
342,853,1024,0.8330,23.904,41.834,0,0.000,0
343,854,1024,0.8340,23.469,42.609,0,0.000,0
344,855,1024,0.8350,23.653,42.278,0,0.000,0
345,856,1024,0.8359,24.073,41.540,0,0.000,0
346,857,1024,0.8369,23.317,42.887,0,0.000,0
347,858,1024,0.8379,23.700,42.194,0,0.000,0
348,859,1024,0.8389,23.452,42.640,0,0.000,0
349,860,1024,0.8398,23.715,42.167,0,0.000,0
350,861,1024,0.8408,23.549,42.465,0,0.000,0
351,862,1024,0.8418,23.043,43.397,0,0.000,0
352,863,1024,0.8428,24.081,41.527,0,0.000,0
353,864,1024,0.8438,23.378,42.775,0,0.000,0
354,865,1024,0.8447,23.367,42.795,0,0.000,0
355,866,1024,0.8457,23.940,41.771,0,0.000,0
356,867,1024,0.8467,23.520,42.517,0,0.000,0
357,868,1024,0.8477,24.393,40.995,0,0.000,0
358,869,1024,0.8486,23.304,42.911,0,0.000,0
359,870,1024,0.8496,23.324,42.874,0,0.000,0
360,871,1024,0.8506,24.120,41.459,0,0.000,0
361,872,1024,0.8516,23.081,43.326,0,0.000,0
362,873,1024,0.8525,23.730,42.141,0,0.000,0
363,874,1024,0.8535,23.645,42.292,0,0.000,0
364,875,1024,0.8545,23.174,43.152,0,0.000,0
365,876,1024,0.8555,23.835,41.955,0,0.000,0
366,877,1024,0.8564,23.339,42.847,0,0.000,0
367,878,1024,0.8574,23.867,41.899,0,0.000,0
368,879,1024,0.8584,23.375,42.781,0,0.000,0
369,880,1024,0.8594,23.361,42.806,0,0.000,0
370,881,1024,0.8604,24.008,41.653,0,0.000,0
371,882,1024,0.8613,23.684,42.223,0,0.000,0
372,883,1024,0.8623,23.764,42.080,0,0.000,0
373,884,1024,0.8633,23.625,42.328,0,0.000,0
374,885,1024,0.8643,23.286,42.944,0,0.000,0
375,886,1024,0.8652,23.858,41.915,0,0.000,0
376,887,1024,0.8662,23.496,42.560,0,0.000,0
377,888,1024,0.8672,23.505,42.544,0,0.000,0
378,889,1024,0.8682,23.480,42.589,0,0.000,0
379,890,1024,0.8691,23.364,42.801,0,0.000,0
380,891,1024,0.8701,23.998,41.670,0,0.000,0
381,892,1024,0.8711,23.366,42.797,0,0.000,0
382,893,1024,0.8721,23.616,42.344,0,0.000,0
383,894,1024,0.8730,24.155,41.399,0,0.000,0
384,895,1024,0.8740,23.465,42.617,0,0.000,0
385,896,1024,0.8750,23.696,42.201,0,0.000,0
386,897,1024,0.8760,23.444,42.655,0,0.000,0
387,898,1024,0.8770,23.661,42.264,0,0.000,0
388,899,1024,0.8779,23.713,42.171,0,0.000,0
389,900,1024,0.8789,23.022,43.437,0,0.000,0
390,901,1024,0.8799,23.953,41.748,0,0.000,0
391,902,1024,0.8809,23.497,42.559,0,0.000,0
392,903,1024,0.8818,23.250,43.011,0,0.000,0
393,904,1024,0.8828,23.826,41.971,0,0.000,0
394,905,1024,0.8838,23.371,42.788,0,0.000,0
395,906,1024,0.8848,24.085,41.520,0,0.000,0
396,907,1024,0.8857,23.745,42.114,0,0.000,0
397,908,1024,0.8867,23.679,42.232,0,0.000,0
398,909,1024,0.8877,23.812,41.996,0,0.000,0
399,910,1024,0.8887,23.026,43.429,0,0.000,0
400,911,1024,0.8896,24.185,41.348,0,0.000,0
401,912,1024,0.8906,23.438,42.666,0,0.000,0
402,913,1024,0.8916,23.792,42.031,0,0.000,0
403,914,1024,0.8926,23.461,42.624,0,0.000,0
404,915,1024,0.8936,23.391,42.751,0,0.000,0
405,916,1024,0.8945,24.051,41.578,0,0.000,0
406,917,1024,0.8955,23.067,43.352,0,0.000,0
407,918,1024,0.8965,23.753,42.100,0,0.000,0
408,919,1024,0.8975,23.706,42.183,0,0.000,0
409,920,1024,0.8984,23.384,42.764,0,0.000,0
410,921,1024,0.8994,23.788,42.038,0,0.000,0
411,922,1024,0.9004,23.698,42.198,0,0.000,0
412,923,1024,0.9014,23.779,42.054,0,0.000,0
413,924,1024,0.9023,23.417,42.704,0,0.000,0
414,925,1024,0.9033,23.410,42.717,0,0.000,0
415,926,1024,0.9043,23.956,41.743,0,0.000,0
416,927,1024,0.9053,23.376,42.779,0,0.000,0
417,928,1024,0.9062,23.358,42.812,0,0.000,0
418,929,1024,0.9072,23.729,42.143,0,0.000,0
419,930,1024,0.9082,23.862,41.908,0,0.000,0
420,931,1024,0.9092,24.520,40.783,0,0.000,0
421,932,1024,0.9102,23.550,42.463,0,0.000,0
422,933,1024,0.9111,24.064,41.556,0,0.000,0
423,934,1024,0.9121,24.099,41.495,0,0.000,0
424,935,1024,0.9131,23.291,42.935,0,0.000,0
425,936,1024,0.9141,23.851,41.927,0,0.000,0
426,937,1024,0.9150,23.372,42.786,0,0.000,0
427,938,1024,0.9160,23.442,42.658,0,0.000,0
428,939,1024,0.9170,23.784,42.045,0,0.000,0
429,940,1024,0.9180,23.406,42.724,0,0.000,0
430,941,1024,0.9189,23.935,41.780,0,0.000,0
431,942,1024,0.9199,23.020,43.440,0,0.000,0
432,943,1024,0.9209,23.910,41.824,0,0.000,0
433,944,1024,0.9219,23.452,42.640,0,0.000,0
434,945,1024,0.9229,23.257,42.998,0,0.000,0
435,946,1024,0.9238,24.365,41.042,0,0.000,0
436,947,1024,0.9248,23.479,42.591,0,0.000,0
437,948,1024,0.9258,23.884,41.869,0,0.000,0
438,949,1024,0.9268,23.256,43.000,0,0.000,0
439,950,1024,0.9277,23.620,42.337,0,0.000,0
440,951,1024,0.9287,23.964,41.729,0,0.000,0
441,952,1024,0.9297,23.049,43.386,0,0.000,0
442,953,1024,0.9307,24.060,41.563,0,0.000,0
443,954,1024,0.9316,23.405,42.726,0,0.000,0
444,955,1024,0.9326,23.620,42.337,0,0.000,0
445,956,1024,0.9336,23.475,42.599,0,0.000,0
446,957,1024,0.9346,23.365,42.799,0,0.000,0
447,958,1024,0.9355,24.053,41.575,0,0.000,0
448,959,1024,0.9365,23.024,43.433,0,0.000,0
449,960,1024,0.9375,24.522,40.780,0,0.000,0
450,961,1024,0.9385,23.637,42.307,0,0.000,0
451,962,1024,0.9395,23.080,43.328,0,0.000,0
452,963,1024,0.9404,23.687,42.217,0,0.000,0
453,964,1024,0.9414,23.437,42.668,0,0.000,0
454,965,1024,0.9424,23.746,42.112,0,0.000,0
455,966,1024,0.9434,23.524,42.510,0,0.000,0
456,967,1024,0.9443,23.358,42.812,0,0.000,0
457,968,1024,0.9453,24.110,41.477,0,0.000,0
458,969,1024,0.9463,23.030,43.422,0,0.000,0
459,970,1024,0.9473,23.954,41.747,0,0.000,0
460,971,1024,0.9482,23.462,42.622,0,0.000,0
461,972,1024,0.9492,23.636,42.308,0,0.000,0
462,973,1024,0.9502,24.527,40.771,0,0.000,0
463,974,1024,0.9512,23.344,42.838,0,0.000,0
464,975,1024,0.9521,23.917,41.811,0,0.000,0
465,976,1024,0.9531,23.247,43.016,0,0.000,0
466,977,1024,0.9541,23.271,42.972,0,0.000,0
467,978,1024,0.9551,23.964,41.729,0,0.000,0
468,979,1024,0.9561,23.362,42.805,0,0.000,0
469,980,1024,0.9570,23.597,42.378,0,0.000,0
470,981,1024,0.9580,23.423,42.693,0,0.000,0
471,982,1024,0.9590,23.661,42.264,0,0.000,0
472,983,1024,0.9600,23.537,42.486,0,0.000,0
473,984,1024,0.9609,23.545,42.472,0,0.000,0
474,985,1024,0.9619,23.826,41.971,0,0.000,0
475,986,1024,0.9629,24.082,41.525,0,0.000,0
476,987,1024,0.9639,23.505,42.544,0,0.000,0
477,988,1024,0.9648,23.813,41.994,0,0.000,0
478,989,1024,0.9658,23.519,42.519,0,0.000,0
479,990,1024,0.9668,23.847,41.934,0,0.000,0
480,991,1024,0.9678,23.412,42.713,0,0.000,0
481,992,1024,0.9688,23.827,41.969,0,0.000,0
482,993,1024,0.9697,23.724,42.151,0,0.000,0
483,994,1024,0.9707,23.182,43.137,0,0.000,0
484,995,1024,0.9717,23.939,41.773,0,0.000,0
485,996,1024,0.9727,23.342,42.841,0,0.000,0
486,997,1024,0.9736,23.548,42.466,0,0.000,0
487,998,1024,0.9746,23.705,42.185,0,0.000,0
488,999,1024,0.9756,24.002,41.663,0,0.000,0
489,1000,1024,0.9766,24.008,41.653,0,0.000,0
490,1001,1024,0.9775,23.081,43.326,0,0.000,0
491,1002,1024,0.9785,23.678,42.233,0,0.000,0
492,1003,1024,0.9795,23.700,42.194,0,0.000,0
493,1004,1024,0.9805,22.997,43.484,0,0.000,0
494,1005,1024,0.9814,23.968,41.722,0,0.000,0
495,1006,1024,0.9824,23.302,42.915,0,0.000,0
496,1007,1024,0.9834,23.642,42.298,0,0.000,0
497,1008,1024,0.9844,23.520,42.517,0,0.000,0
498,1009,1024,0.9854,23.389,42.755,0,0.000,0
499,1010,1024,0.9863,24.061,41.561,0,0.000,0
500,1011,1024,0.9873,23.066,43.354,0,0.000,0
501,1012,1024,0.9883,24.000,41.667,0,0.000,0
502,1013,1024,0.9893,24.065,41.554,0,0.000,0
503,1014,1024,0.9902,23.381,42.770,0,0.000,0
504,1015,1024,0.9912,23.719,42.160,0,0.000,0
505,1016,1024,0.9922,23.268,42.977,0,0.000,0
506,1017,1024,0.9932,24.766,40.378,0,0.000,0
507,1018,1024,0.9941,23.992,41.681,0,0.000,0
508,1019,1024,0.9951,23.781,42.050,0,0.000,0
509,1020,1024,0.9961,24.149,41.410,0,0.000,0
510,1021,1024,0.9971,23.341,42.843,0,0.000,0
511,1022,1024,0.9980,23.839,41.948,0,0.000,0
512,1023,1024,0.9990,23.471,42.606,0,0.000,0
513,1024,1024,1.0000,23.683,42.224,0,0.000,0
514,1024,1024,1.0000,45.722,21.871,1,0.000,1
515,1024,1024,1.0000,32.186,31.069,1,0.000,2
516,1024,1024,1.0000,32.323,30.938,1,0.000,3
517,1024,1024,1.0000,32.410,30.855,1,0.000,4
518,1024,1024,1.0000,32.671,30.608,1,0.000,5
519,1024,1024,1.0000,32.522,30.748,1,0.000,6
520,1024,1024,1.0000,32.401,30.863,1,0.000,7
521,1024,1024,1.0000,32.516,30.754,1,0.000,8
522,1024,1024,1.0000,32.384,30.879,1,0.000,9
523,1024,1024,1.0000,32.272,30.987,1,0.000,10
524,1024,1024,1.0000,32.578,30.696,1,0.000,11
525,1024,1024,1.0000,32.767,30.519,1,0.000,12
526,1024,1024,1.0000,32.834,30.456,1,0.000,13
527,1024,1024,1.0000,32.552,30.720,1,0.000,14
528,1024,1024,1.0000,32.518,30.752,1,0.000,15
529,1024,1024,1.0000,32.504,30.765,1,0.000,16
530,1024,1024,1.0000,32.883,30.411,1,0.000,17
531,1024,1024,1.0000,32.516,30.754,1,0.000,18
532,1024,1024,1.0000,32.202,31.054,1,0.000,19
533,1024,1024,1.0000,32.643,30.634,1,0.000,20
534,1024,1024,1.0000,32.218,31.039,1,0.000,21
535,1024,1024,1.0000,32.471,30.797,1,0.000,22
536,1024,1024,1.0000,32.172,31.083,1,0.000,23
537,1024,1024,1.0000,32.352,30.910,1,0.000,24
538,1024,1024,1.0000,32.863,30.429,1,0.000,25
539,1024,1024,1.0000,32.218,31.039,1,0.000,26
540,1024,1024,1.0000,32.403,30.861,1,0.000,27
541,1024,1024,1.0000,32.176,31.079,1,0.000,28
542,1024,1024,1.0000,32.862,30.430,1,0.000,29
543,1024,1024,1.0000,32.136,31.118,1,0.000,30
544,1024,1024,1.0000,32.187,31.068,1,0.000,31
545,1024,1024,1.0000,32.077,31.175,1,0.000,32
546,1024,1024,1.0000,32.371,30.892,1,0.000,33
547,1024,1024,1.0000,32.303,30.957,1,0.000,34
548,1024,1024,1.0000,35.951,27.816,1,0.000,35
549,1024,1024,1.0000,32.426,30.839,1,0.000,36
550,1024,1024,1.0000,32.655,30.623,1,0.000,37
551,1024,1024,1.0000,32.643,30.634,1,0.000,38
552,1024,1024,1.0000,33.020,30.285,1,0.000,39
553,1024,1024,1.0000,32.402,30.862,1,0.000,40
554,1024,1024,1.0000,32.757,30.528,1,0.000,41
555,1024,1024,1.0000,42.558,23.497,1,0.000,42
556,1024,1024,1.0000,44.725,22.359,1,0.000,43
557,1024,1024,1.0000,37.239,26.854,1,0.000,44
558,1024,1024,1.0000,32.506,30.764,1,0.000,45
559,1024,1024,1.0000,32.355,30.907,1,0.000,46
560,1024,1024,1.0000,33.496,29.854,1,0.000,47
561,1024,1024,1.0000,32.475,30.793,1,0.000,48
562,1024,1024,1.0000,32.143,31.111,1,0.000,49
563,1024,1024,1.0000,32.280,30.979,1,0.000,50
564,1024,1024,1.0000,32.571,30.702,1,0.000,51
565,1024,1024,1.0000,35.119,28.475,1,0.000,52
566,1024,1024,1.0000,32.369,30.894,1,0.000,53
567,1024,1024,1.0000,32.115,31.138,1,0.000,54
568,1024,1024,1.0000,40.376,24.767,1,0.000,55
569,1024,1024,1.0000,40.553,24.659,1,0.000,56
570,1024,1024,1.0000,33.171,30.147,1,0.000,57
571,1024,1024,1.0000,32.757,30.528,1,0.000,58
572,1024,1024,1.0000,32.661,30.618,1,0.000,59
573,1024,1024,1.0000,32.776,30.510,1,0.000,60
574,1024,1024,1.0000,32.419,30.846,1,0.000,61
575,1024,1024,1.0000,32.461,30.806,1,0.000,62
576,1024,1024,1.0000,32.168,31.087,1,0.000,63
577,1024,1024,1.0000,32.497,30.772,1,0.000,64
578,1024,1024,1.0000,32.281,30.978,1,0.000,65
579,1024,1024,1.0000,32.654,30.624,1,0.000,66
580,1024,1024,1.0000,32.736,30.547,1,0.000,67
581,1024,1024,1.0000,32.341,30.921,1,0.000,68
582,1024,1024,1.0000,32.338,30.923,1,0.000,69
583,1024,1024,1.0000,32.355,30.907,1,0.000,70
584,1024,1024,1.0000,32.135,31.119,1,0.000,71
585,1024,1024,1.0000,32.453,30.814,1,0.000,72
586,1024,1024,1.0000,32.512,30.758,1,0.000,73
587,1024,1024,1.0000,32.353,30.909,1,0.000,74
588,1024,1024,1.0000,32.216,31.040,1,0.000,75
589,1024,1024,1.0000,32.765,30.520,1,0.000,76
590,1024,1024,1.0000,32.613,30.663,1,0.000,77
591,1024,1024,1.0000,32.285,30.974,1,0.000,78
592,1024,1024,1.0000,32.321,30.940,1,0.000,79
593,1024,1024,1.0000,32.407,30.858,1,0.000,80
594,1024,1024,1.0000,32.559,30.713,1,0.000,81
595,1024,1024,1.0000,32.364,30.899,1,0.000,82
596,1024,1024,1.0000,32.133,31.121,1,0.000,83
597,1024,1024,1.0000,32.336,30.925,1,0.000,84
598,1024,1024,1.0000,33.090,30.221,1,0.000,85
599,1024,1024,1.0000,32.518,30.752,1,0.000,86
600,1024,1024,1.0000,32.816,30.473,1,0.000,87
601,1024,1024,1.0000,32.455,30.812,1,0.000,88
602,1024,1024,1.0000,32.416,30.849,1,0.000,89
603,1024,1024,1.0000,32.345,30.917,1,0.000,90
604,1024,1024,1.0000,32.212,31.044,1,0.000,91
605,1024,1024,1.0000,32.428,30.838,1,0.000,92
606,1024,1024,1.0000,32.243,31.014,1,0.000,93
607,1024,1024,1.0000,32.009,31.241,1,0.000,94
608,1024,1024,1.0000,32.526,30.745,1,0.000,95
609,1024,1024,1.0000,32.350,30.912,1,0.000,96
610,1024,1024,1.0000,32.131,31.123,1,0.000,97
611,1024,1024,1.0000,32.456,30.811,1,0.000,98
612,1024,1024,1.0000,35.881,27.870,1,0.000,99
613,1024,1024,1.0000,32.263,30.995,1,0.000,100
614,1024,1024,1.0000,32.422,30.843,1,0.000,101
615,1024,1024,1.0000,33.240,30.084,1,0.000,102
616,1024,1024,1.0000,32.470,30.798,1,0.000,103
617,1024,1024,1.0000,33.217,30.105,1,0.000,104
618,1024,1024,1.0000,32.522,30.748,1,0.000,105
619,1024,1024,1.0000,32.457,30.810,1,0.000,106
620,1024,1024,1.0000,33.043,30.264,1,0.000,107
621,1024,1024,1.0000,32.468,30.800,1,0.000,108
622,1024,1024,1.0000,32.211,31.045,1,0.000,109
623,1024,1024,1.0000,32.674,30.605,1,0.000,110
624,1024,1024,1.0000,32.192,31.064,1,0.000,111
625,1024,1024,1.0000,32.389,30.875,1,0.000,112
626,1024,1024,1.0000,35.370,28.273,1,0.000,113
627,1024,1024,1.0000,32.612,30.664,1,0.000,114
628,1024,1024,1.0000,32.689,30.591,1,0.000,115
629,1024,1024,1.0000,32.491,30.778,1,0.000,116
630,1024,1024,1.0000,37.772,26.475,1,0.000,117
631,1024,1024,1.0000,40.868,24.469,1,0.000,118
632,1024,1024,1.0000,33.163,30.154,1,0.000,119
633,1024,1024,1.0000,32.602,30.673,1,0.000,120
634,1024,1024,1.0000,32.436,30.830,1,0.000,121
635,1024,1024,1.0000,32.076,31.176,1,0.000,122
636,1024,1024,1.0000,32.658,30.620,1,0.000,123
637,1024,1024,1.0000,32.628,30.649,1,0.000,124
638,1024,1024,1.0000,32.254,31.004,1,0.000,125
639,1024,1024,1.0000,32.295,30.965,1,0.000,126
640,1024,1024,1.0000,32.286,30.973,1,0.000,127
641,1024,1024,1.0000,32.380,30.883,1,0.000,128
642,1024,1024,1.0000,32.357,30.905,1,0.000,129
643,1024,1024,1.0000,32.270,30.989,1,0.000,130
644,1024,1024,1.0000,32.609,30.666,1,0.000,131
645,1024,1024,1.0000,32.723,30.560,1,0.000,132
646,1024,1024,1.0000,32.366,30.897,1,0.000,133
647,1024,1024,1.0000,32.693,30.588,1,0.000,134
648,1024,1024,1.0000,32.477,30.791,1,0.000,135
649,1024,1024,1.0000,32.446,30.820,1,0.000,136
650,1024,1024,1.0000,32.498,30.771,1,0.000,137
651,1024,1024,1.0000,33.106,30.206,1,0.000,138
652,1024,1024,1.0000,32.581,30.693,1,0.000,139
653,1024,1024,1.0000,32.493,30.776,1,0.000,140
654,1024,1024,1.0000,32.715,30.567,1,0.000,141
655,1024,1024,1.0000,32.712,30.570,1,0.000,142
656,1024,1024,1.0000,32.412,30.853,1,0.000,143
657,1024,1024,1.0000,32.282,30.977,1,0.000,144
658,1024,1024,1.0000,32.384,30.879,1,0.000,145
659,1024,1024,1.0000,32.232,31.025,1,0.000,146
660,1024,1024,1.0000,32.412,30.853,1,0.000,147
661,1024,1024,1.0000,32.243,31.014,1,0.000,148
662,1024,1024,1.0000,32.842,30.449,1,0.000,149
663,1024,1024,1.0000,32.781,30.505,1,0.000,150
664,1024,1024,1.0000,33.090,30.221,1,0.000,151
665,1024,1024,1.0000,33.296,30.034,1,0.000,152
666,1024,1024,1.0000,32.798,30.490,1,0.000,153
667,1024,1024,1.0000,32.679,30.601,1,0.000,154
668,1024,1024,1.0000,32.684,30.596,1,0.000,155
669,1024,1024,1.0000,32.590,30.684,1,0.000,156
670,1024,1024,1.0000,32.747,30.537,1,0.000,157
671,1024,1024,1.0000,32.353,30.909,1,0.000,158
672,1024,1024,1.0000,32.785,30.502,1,0.000,159
673,1024,1024,1.0000,32.841,30.450,1,0.000,160
674,1024,1024,1.0000,33.028,30.277,1,0.000,161
675,1024,1024,1.0000,32.794,30.493,1,0.000,162
676,1024,1024,1.0000,35.806,27.928,1,0.000,163
677,1024,1024,1.0000,32.730,30.553,1,0.000,164
678,1024,1024,1.0000,32.597,30.678,1,0.000,165
679,1024,1024,1.0000,32.906,30.390,1,0.000,166
680,1024,1024,1.0000,32.637,30.640,1,0.000,167
681,1024,1024,1.0000,33.111,30.201,1,0.000,168
682,1024,1024,1.0000,32.522,30.748,1,0.000,169
683,1024,1024,1.0000,33.311,30.020,1,0.000,170
684,1024,1024,1.0000,33.176,30.142,1,0.000,171
685,1024,1024,1.0000,33.115,30.198,1,0.000,172
686,1024,1024,1.0000,33.157,30.160,1,0.000,173
687,1024,1024,1.0000,35.621,28.073,1,0.000,174
688,1024,1024,1.0000,32.803,30.485,1,0.000,175
689,1024,1024,1.0000,32.350,30.912,1,0.000,176
690,1024,1024,1.0000,32.699,30.582,1,0.000,177
691,1024,1024,1.0000,32.575,30.698,1,0.000,178
692,1024,1024,1.0000,37.299,26.810,1,0.000,179
693,1024,1024,1.0000,43.311,23.089,1,0.000,180
694,1024,1024,1.0000,33.824,29.565,1,0.000,181
695,1024,1024,1.0000,32.905,30.391,1,0.000,182
696,1024,1024,1.0000,32.864,30.428,1,0.000,183
697,1024,1024,1.0000,32.610,30.665,1,0.000,184
698,1024,1024,1.0000,32.886,30.408,1,0.000,185
699,1024,1024,1.0000,32.428,30.838,1,0.000,186
700,1024,1024,1.0000,32.553,30.719,1,0.000,187
701,1024,1024,1.0000,33.155,30.161,1,0.000,188
702,1024,1024,1.0000,33.112,30.201,1,0.000,189
703,1024,1024,1.0000,33.227,30.096,1,0.000,190
704,1024,1024,1.0000,32.802,30.486,1,0.000,191
705,1024,1024,1.0000,32.658,30.620,1,0.000,192
706,1024,1024,1.0000,32.878,30.415,1,0.000,193
707,1024,1024,1.0000,32.790,30.497,1,0.000,194
708,1024,1024,1.0000,32.952,30.347,1,0.000,195
709,1024,1024,1.0000,32.493,30.776,1,0.000,196
710,1024,1024,1.0000,32.866,30.427,1,0.000,197
711,1024,1024,1.0000,33.470,29.878,1,0.000,198
712,1024,1024,1.0000,32.699,30.582,1,0.000,199
713,1024,1024,1.0000,32.715,30.567,1,0.000,200
714,1024,1024,1.0000,32.586,30.688,1,0.000,201
715,1024,1024,1.0000,32.835,30.455,1,0.000,202
716,1024,1024,1.0000,32.639,30.638,1,0.000,203
717,1024,1024,1.0000,32.731,30.552,1,0.000,204
718,1024,1024,1.0000,32.657,30.621,1,0.000,205
719,1024,1024,1.0000,32.584,30.690,1,0.000,206
720,1024,1024,1.0000,34.264,29.185,1,0.000,207
721,1024,1024,1.0000,33.326,30.007,1,0.000,208
722,1024,1024,1.0000,33.208,30.113,1,0.000,209
723,1024,1024,1.0000,33.114,30.199,1,0.000,210
724,1024,1024,1.0000,33.786,29.598,1,0.000,211
725,1024,1024,1.0000,32.918,30.379,1,0.000,212
726,1024,1024,1.0000,32.856,30.436,1,0.000,213
727,1024,1024,1.0000,32.811,30.478,1,0.000,214
728,1024,1024,1.0000,32.776,30.510,1,0.000,215
729,1024,1024,1.0000,32.854,30.438,1,0.000,216
730,1024,1024,1.0000,33.424,29.919,1,0.000,217
731,1024,1024,1.0000,32.395,30.869,1,0.000,218
732,1024,1024,1.0000,32.971,30.330,1,0.000,219
733,1024,1024,1.0000,32.585,30.689,1,0.000,220
734,1024,1024,1.0000,32.761,30.524,1,0.000,221
735,1024,1024,1.0000,33.344,29.990,1,0.000,222
736,1024,1024,1.0000,32.703,30.578,1,0.000,223
737,1024,1024,1.0000,32.947,30.352,1,0.000,224
738,1024,1024,1.0000,32.771,30.515,1,0.000,225
739,1024,1024,1.0000,34.364,29.100,1,0.000,226
740,1024,1024,1.0000,34.537,28.954,1,0.000,227
741,1024,1024,1.0000,33.283,30.045,1,0.000,228
742,1024,1024,1.0000,32.890,30.404,1,0.000,229
743,1024,1024,1.0000,33.286,30.043,1,0.000,230
744,1024,1024,1.0000,33.393,29.946,1,0.000,231
745,1024,1024,1.0000,32.538,30.733,1,0.000,232
746,1024,1024,1.0000,32.722,30.560,1,0.000,233
747,1024,1024,1.0000,35.248,28.370,1,0.000,234
748,1024,1024,1.0000,32.872,30.421,1,0.000,235
749,1024,1024,1.0000,32.603,30.672,1,0.000,236
750,1024,1024,1.0000,32.736,30.547,1,0.000,237
751,1024,1024,1.0000,32.734,30.549,1,0.000,238
752,1024,1024,1.0000,32.659,30.619,1,0.000,239
753,1024,1024,1.0000,32.916,30.380,1,0.000,240
754,1024,1024,1.0000,41.323,24.200,1,0.000,241
755,1024,1024,1.0000,39.900,25.063,1,0.000,242
756,1024,1024,1.0000,33.192,30.128,1,0.000,243
757,1024,1024,1.0000,33.735,29.643,1,0.000,244
758,1024,1024,1.0000,32.854,30.438,1,0.000,245
759,1024,1024,1.0000,32.624,30.652,1,0.000,246
760,1024,1024,1.0000,32.588,30.686,1,0.000,247
761,1024,1024,1.0000,33.043,30.264,1,0.000,248
762,1024,1024,1.0000,33.066,30.243,1,0.000,249
763,1024,1024,1.0000,33.594,29.767,1,0.000,250
764,1024,1024,1.0000,32.484,30.784,1,0.000,251
765,1024,1024,1.0000,32.798,30.490,1,0.000,252
766,1024,1024,1.0000,32.971,30.330,1,0.000,253
767,1024,1024,1.0000,32.769,30.517,1,0.000,254
768,1024,1024,1.0000,33.212,30.110,1,0.000,255
769,1024,1024,1.0000,33.168,30.150,1,0.000,256
770,1024,1024,1.0000,35.611,28.081,1,0.000,257
771,1024,1024,1.0000,34.525,28.965,1,0.000,258
772,1024,1024,1.0000,33.864,29.530,1,0.000,259
773,1024,1024,1.0000,34.010,29.403,1,0.000,260
774,1024,1024,1.0000,34.363,29.101,1,0.000,261
775,1024,1024,1.0000,34.069,29.352,1,0.000,262
776,1024,1024,1.0000,34.085,29.338,1,0.000,263
777,1024,1024,1.0000,34.144,29.288,1,0.000,264
778,1024,1024,1.0000,33.804,29.582,1,0.000,265
779,1024,1024,1.0000,34.669,28.844,1,0.000,266
780,1024,1024,1.0000,34.283,29.169,1,0.000,267
781,1024,1024,1.0000,34.011,29.402,1,0.000,268
782,1024,1024,1.0000,34.155,29.278,1,0.000,269
783,1024,1024,1.0000,34.356,29.107,1,0.000,270
784,1024,1024,1.0000,33.636,29.730,1,0.000,271
785,1024,1024,1.0000,34.125,29.304,1,0.000,272
786,1024,1024,1.0000,33.761,29.620,1,0.000,273
787,1024,1024,1.0000,34.048,29.370,1,0.000,274
788,1024,1024,1.0000,34.503,28.983,1,0.000,275
789,1024,1024,1.0000,33.889,29.508,1,0.000,276
790,1024,1024,1.0000,34.060,29.360,1,0.000,277
791,1024,1024,1.0000,33.957,29.449,1,0.000,278
792,1024,1024,1.0000,33.970,29.438,1,0.000,279
793,1024,1024,1.0000,34.025,29.390,1,0.000,280
794,1024,1024,1.0000,33.870,29.525,1,0.000,281
795,1024,1024,1.0000,34.011,29.402,1,0.000,282
796,1024,1024,1.0000,34.332,29.127,1,0.000,283
797,1024,1024,1.0000,34.689,28.828,1,0.000,284
798,1024,1024,1.0000,34.052,29.367,1,0.000,285
799,1024,1024,1.0000,34.112,29.315,1,0.000,286
800,1024,1024,1.0000,34.552,28.942,1,0.000,287
801,1024,1024,1.0000,34.060,29.360,1,0.000,288
802,1024,1024,1.0000,37.617,26.584,1,0.000,289
803,1024,1024,1.0000,34.172,29.264,1,0.000,290
804,1024,1024,1.0000,33.929,29.473,1,0.000,291
805,1024,1024,1.0000,37.056,26.986,1,0.000,292
806,1024,1024,1.0000,34.402,29.068,1,0.000,293
807,1024,1024,1.0000,34.007,29.406,1,0.000,294
808,1024,1024,1.0000,34.033,29.383,1,0.000,295
809,1024,1024,1.0000,34.008,29.405,1,0.000,296
810,1024,1024,1.0000,34.072,29.350,1,0.000,297
811,1024,1024,1.0000,34.051,29.368,1,0.000,298
812,1024,1024,1.0000,33.951,29.454,1,0.000,299
813,1024,1024,1.0000,34.197,29.242,1,0.000,300
814,1024,1024,1.0000,44.412,22.516,1,0.000,301
815,1024,1024,1.0000,38.531,25.953,1,0.000,302
816,1024,1024,1.0000,35.166,28.437,1,0.000,303
817,1024,1024,1.0000,34.086,29.338,1,0.000,304
818,1024,1024,1.0000,34.042,29.375,1,0.000,305
819,1024,1024,1.0000,34.302,29.153,1,0.000,306
820,1024,1024,1.0000,34.101,29.325,1,0.000,307
821,1024,1024,1.0000,33.867,29.527,1,0.000,308
822,1024,1024,1.0000,34.100,29.326,1,0.000,309
823,1024,1024,1.0000,33.759,29.622,1,0.000,310
824,1024,1024,1.0000,34.467,29.013,1,0.000,311
825,1024,1024,1.0000,34.512,28.975,1,0.000,312
826,1024,1024,1.0000,33.985,29.425,1,0.000,313
827,1024,1024,1.0000,33.954,29.452,1,0.000,314
828,1024,1024,1.0000,34.311,29.145,1,0.000,315
829,1024,1024,1.0000,34.628,28.878,1,0.000,316
830,1024,1024,1.0000,34.365,29.099,1,0.000,317
831,1024,1024,1.0000,34.043,29.375,1,0.000,318
832,1024,1024,1.0000,34.405,29.066,1,0.000,319
833,1024,1024,1.0000,34.421,29.052,1,0.000,320
834,1024,1024,1.0000,34.030,29.386,1,0.000,321
835,1024,1024,1.0000,34.251,29.196,1,0.000,322
836,1024,1024,1.0000,34.213,29.229,1,0.000,323
837,1024,1024,1.0000,34.060,29.360,1,0.000,324
838,1024,1024,1.0000,34.194,29.245,1,0.000,325
839,1024,1024,1.0000,34.222,29.221,1,0.000,326
840,1024,1024,1.0000,34.294,29.160,1,0.000,327
841,1024,1024,1.0000,34.240,29.206,1,0.000,328
842,1024,1024,1.0000,34.335,29.125,1,0.000,329
843,1024,1024,1.0000,34.215,29.227,1,0.000,330
844,1024,1024,1.0000,33.962,29.445,1,0.000,331
845,1024,1024,1.0000,34.621,28.884,1,0.000,332
846,1024,1024,1.0000,34.007,29.406,1,0.000,333
847,1024,1024,1.0000,34.147,29.285,1,0.000,334
848,1024,1024,1.0000,34.232,29.212,1,0.000,335
849,1024,1024,1.0000,33.946,29.459,1,0.000,336
850,1024,1024,1.0000,34.489,28.995,1,0.000,337
851,1024,1024,1.0000,34.721,28.801,1,0.000,338
852,1024,1024,1.0000,33.865,29.529,1,0.000,339
853,1024,1024,1.0000,34.188,29.250,1,0.000,340
854,1024,1024,1.0000,34.286,29.166,1,0.000,341
855,1024,1024,1.0000,34.298,29.156,1,0.000,342
856,1024,1024,1.0000,34.111,29.316,1,0.000,343
857,1024,1024,1.0000,34.042,29.375,1,0.000,344
858,1024,1024,1.0000,34.411,29.060,1,0.000,345
859,1024,1024,1.0000,34.371,29.094,1,0.000,346
860,1024,1024,1.0000,34.723,28.799,1,0.000,347
861,1024,1024,1.0000,34.179,29.258,1,0.000,348
862,1024,1024,1.0000,34.346,29.115,1,0.000,349
863,1024,1024,1.0000,40.067,24.958,1,0.000,350
864,1024,1024,1.0000,34.001,29.411,1,0.000,351
865,1024,1024,1.0000,34.069,29.352,1,0.000,352
866,1024,1024,1.0000,34.418,29.055,1,0.000,353
867,1024,1024,1.0000,33.927,29.475,1,0.000,354
868,1024,1024,1.0000,34.159,29.275,1,0.000,355
869,1024,1024,1.0000,34.890,28.662,1,0.000,356
870,1024,1024,1.0000,34.123,29.306,1,0.000,357
871,1024,1024,1.0000,33.913,29.487,1,0.000,358
872,1024,1024,1.0000,33.980,29.429,1,0.000,359
873,1024,1024,1.0000,42.191,23.702,1,0.000,360
874,1024,1024,1.0000,41.701,23.980,1,0.000,361
875,1024,1024,1.0000,34.668,28.845,1,0.000,362
876,1024,1024,1.0000,34.093,29.332,1,0.000,363
877,1024,1024,1.0000,34.642,28.867,1,0.000,364
878,1024,1024,1.0000,34.256,29.192,1,0.000,365
879,1024,1024,1.0000,34.083,29.340,1,0.000,366
880,1024,1024,1.0000,34.213,29.229,1,0.000,367
881,1024,1024,1.0000,34.093,29.332,1,0.000,368
882,1024,1024,1.0000,34.146,29.286,1,0.000,369
883,1024,1024,1.0000,34.256,29.192,1,0.000,370
884,1024,1024,1.0000,34.201,29.239,1,0.000,371
885,1024,1024,1.0000,34.221,29.222,1,0.000,372
886,1024,1024,1.0000,34.566,28.930,1,0.000,373
887,1024,1024,1.0000,34.419,29.054,1,0.000,374
888,1024,1024,1.0000,34.129,29.301,1,0.000,375
889,1024,1024,1.0000,34.114,29.313,1,0.000,376
890,1024,1024,1.0000,34.190,29.248,1,0.000,377
891,1024,1024,1.0000,34.284,29.168,1,0.000,378
892,1024,1024,1.0000,34.114,29.313,1,0.000,379
893,1024,1024,1.0000,34.217,29.225,1,0.000,380
894,1024,1024,1.0000,34.083,29.340,1,0.000,381
895,1024,1024,1.0000,33.823,29.566,1,0.000,382
896,1024,1024,1.0000,34.486,28.997,1,0.000,383
897,1024,1024,1.0000,34.364,29.100,1,0.000,384
898,1024,1024,1.0000,34.136,29.295,1,0.000,385
899,1024,1024,1.0000,34.269,29.181,1,0.000,386
900,1024,1024,1.0000,34.290,29.163,1,0.000,387
901,1024,1024,1.0000,34.106,29.320,1,0.000,388
902,1024,1024,1.0000,34.385,29.082,1,0.000,389
903,1024,1024,1.0000,34.827,28.713,1,0.000,390
904,1024,1024,1.0000,34.388,29.080,1,0.000,391
905,1024,1024,1.0000,34.520,28.969,1,0.000,392
906,1024,1024,1.0000,34.373,29.093,1,0.000,393
907,1024,1024,1.0000,33.853,29.539,1,0.000,394
908,1024,1024,1.0000,34.026,29.389,1,0.000,395
909,1024,1024,1.0000,34.148,29.284,1,0.000,396
910,1024,1024,1.0000,34.142,29.289,1,0.000,397
911,1024,1024,1.0000,34.121,29.307,1,0.000,398
912,1024,1024,1.0000,34.339,29.121,1,0.000,399
913,1024,1024,1.0000,34.921,28.636,1,0.000,400
914,1024,1024,1.0000,34.313,29.143,1,0.000,401
915,1024,1024,1.0000,34.204,29.236,1,0.000,402
916,1024,1024,1.0000,34.409,29.062,1,0.000,403
917,1024,1024,1.0000,33.926,29.476,1,0.000,404
918,1024,1024,1.0000,34.370,29.095,1,0.000,405
919,1024,1024,1.0000,34.067,29.354,1,0.000,406
920,1024,1024,1.0000,34.043,29.375,1,0.000,407
921,1024,1024,1.0000,36.972,27.047,1,0.000,408
922,1024,1024,1.0000,34.415,29.057,1,0.000,409
923,1024,1024,1.0000,34.670,28.843,1,0.000,410
924,1024,1024,1.0000,38.008,26.310,1,0.000,411
925,1024,1024,1.0000,34.187,29.251,1,0.000,412
926,1024,1024,1.0000,34.548,28.945,1,0.000,413
927,1024,1024,1.0000,34.891,28.661,1,0.000,414
928,1024,1024,1.0000,34.736,28.789,1,0.000,415
929,1024,1024,1.0000,34.292,29.161,1,0.000,416
930,1024,1024,1.0000,33.926,29.476,1,0.000,417
931,1024,1024,1.0000,34.360,29.104,1,0.000,418
932,1024,1024,1.0000,41.532,24.078,1,0.000,419
933,1024,1024,1.0000,40.734,24.550,1,0.000,420
934,1024,1024,1.0000,35.336,28.300,1,0.000,421
935,1024,1024,1.0000,34.149,29.283,1,0.000,422
936,1024,1024,1.0000,34.578,28.920,1,0.000,423
937,1024,1024,1.0000,34.462,29.017,1,0.000,424
938,1024,1024,1.0000,34.494,28.991,1,0.000,425
939,1024,1024,1.0000,33.966,29.441,1,0.000,426
940,1024,1024,1.0000,34.921,28.636,1,0.000,427
941,1024,1024,1.0000,34.635,28.873,1,0.000,428
942,1024,1024,1.0000,34.539,28.953,1,0.000,429
943,1024,1024,1.0000,34.043,29.375,1,0.000,430
944,1024,1024,1.0000,34.735,28.789,1,0.000,431
945,1024,1024,1.0000,34.177,29.259,1,0.000,432
946,1024,1024,1.0000,34.132,29.298,1,0.000,433
947,1024,1024,1.0000,34.191,29.247,1,0.000,434
948,1024,1024,1.0000,34.046,29.372,1,0.000,435
949,1024,1024,1.0000,34.281,29.171,1,0.000,436
950,1024,1024,1.0000,34.414,29.058,1,0.000,437
951,1024,1024,1.0000,34.065,29.356,1,0.000,438
952,1024,1024,1.0000,34.147,29.285,1,0.000,439
953,1024,1024,1.0000,34.248,29.199,1,0.000,440
954,1024,1024,1.0000,34.409,29.062,1,0.000,441
955,1024,1024,1.0000,34.346,29.115,1,0.000,442
956,1024,1024,1.0000,33.905,29.494,1,0.000,443
957,1024,1024,1.0000,34.257,29.191,1,0.000,444
958,1024,1024,1.0000,34.565,28.931,1,0.000,445
959,1024,1024,1.0000,34.476,29.006,1,0.000,446
960,1024,1024,1.0000,34.186,29.252,1,0.000,447
961,1024,1024,1.0000,34.193,29.246,1,0.000,448
962,1024,1024,1.0000,34.349,29.113,1,0.000,449
963,1024,1024,1.0000,34.246,29.200,1,0.000,450
964,1024,1024,1.0000,34.257,29.191,1,0.000,451
965,1024,1024,1.0000,34.207,29.234,1,0.000,452
966,1024,1024,1.0000,34.401,29.069,1,0.000,453
967,1024,1024,1.0000,34.524,28.965,1,0.000,454
968,1024,1024,1.0000,33.966,29.441,1,0.000,455
969,1024,1024,1.0000,34.522,28.967,1,0.000,456
970,1024,1024,1.0000,34.317,29.140,1,0.000,457
971,1024,1024,1.0000,34.328,29.131,1,0.000,458
972,1024,1024,1.0000,34.239,29.206,1,0.000,459
973,1024,1024,1.0000,34.693,28.824,1,0.000,460
974,1024,1024,1.0000,34.384,29.083,1,0.000,461
975,1024,1024,1.0000,34.248,29.199,1,0.000,462
976,1024,1024,1.0000,34.041,29.376,1,0.000,463
977,1024,1024,1.0000,34.431,29.044,1,0.000,464
978,1024,1024,1.0000,34.385,29.082,1,0.000,465
979,1024,1024,1.0000,36.930,27.078,1,0.000,466
980,1024,1024,1.0000,34.305,29.150,1,0.000,467
981,1024,1024,1.0000,34.312,29.144,1,0.000,468
982,1024,1024,1.0000,34.096,29.329,1,0.000,469
983,1024,1024,1.0000,34.079,29.344,1,0.000,470
984,1024,1024,1.0000,34.404,29.066,1,0.000,471
985,1024,1024,1.0000,37.799,26.456,1,0.000,472
986,1024,1024,1.0000,34.825,28.715,1,0.000,473
987,1024,1024,1.0000,34.688,28.828,1,0.000,474
988,1024,1024,1.0000,35.045,28.535,1,0.000,475
989,1024,1024,1.0000,34.518,28.970,1,0.000,476
990,1024,1024,1.0000,34.630,28.877,1,0.000,477
991,1024,1024,1.0000,41.909,23.861,1,0.000,478
992,1024,1024,1.0000,43.015,23.248,1,0.000,479
993,1024,1024,1.0000,35.309,28.321,1,0.000,480
994,1024,1024,1.0000,34.901,28.652,1,0.000,481
995,1024,1024,1.0000,34.703,28.816,1,0.000,482
996,1024,1024,1.0000,34.710,28.810,1,0.000,483
997,1024,1024,1.0000,34.158,29.276,1,0.000,484
998,1024,1024,1.0000,34.477,29.005,1,0.000,485
999,1024,1024,1.0000,34.660,28.852,1,0.000,486
1000,1024,1024,1.0000,34.382,29.085,1,0.000,487
1001,1024,1024,1.0000,34.333,29.126,1,0.000,488
1002,1024,1024,1.0000,35.013,28.561,1,0.000,489
1003,1024,1024,1.0000,34.691,28.826,1,0.000,490
1004,1024,1024,1.0000,34.685,28.831,1,0.000,491
1005,1024,1024,1.0000,34.355,29.108,1,0.000,492
1006,1024,1024,1.0000,34.385,29.082,1,0.000,493
1007,1024,1024,1.0000,34.265,29.184,1,0.000,494
1008,1024,1024,1.0000,34.280,29.172,1,0.000,495
1009,1024,1024,1.0000,34.593,28.908,1,0.000,496
1010,1024,1024,1.0000,34.191,29.247,1,0.000,497
1011,1024,1024,1.0000,34.973,28.593,1,0.000,498
1012,1024,1024,1.0000,35.082,28.505,1,0.000,499
1013,1024,1024,1.0000,34.601,28.901,1,0.000,500
1014,1024,1024,1.0000,34.626,28.880,1,0.000,501
1015,1024,1024,1.0000,34.358,29.105,1,0.000,502
1016,1024,1024,1.0000,34.363,29.101,1,0.000,503
1017,1024,1024,1.0000,34.426,29.048,1,0.000,504
1018,1024,1024,1.0000,34.417,29.055,1,0.000,505
1019,1024,1024,1.0000,34.488,28.996,1,0.000,506
1020,1024,1024,1.0000,34.877,28.672,1,0.000,507
1021,1024,1024,1.0000,34.588,28.912,1,0.000,508
1022,1024,1024,1.0000,34.906,28.648,1,0.000,509
1023,1024,1024,1.0000,34.330,29.129,1,0.000,510
1024,1024,1024,1.0000,34.316,29.141,1,0.000,511
1025,1024,1024,1.0000,34.492,28.992,1,0.000,512
1026,1024,1024,1.0000,36.954,27.061,1,0.000,513
1027,1024,1024,1.0000,35.469,28.194,1,0.000,514
1028,1024,1024,1.0000,35.433,28.222,1,0.000,515
1029,1024,1024,1.0000,35.338,28.298,1,0.000,516
1030,1024,1024,1.0000,36.014,27.767,1,0.000,517
1031,1024,1024,1.0000,34.988,28.581,1,0.000,518
1032,1024,1024,1.0000,34.997,28.574,1,0.000,519
1033,1024,1024,1.0000,35.265,28.357,1,0.000,520
1034,1024,1024,1.0000,35.173,28.431,1,0.000,521
1035,1024,1024,1.0000,35.098,28.492,1,0.000,522
1036,1024,1024,1.0000,37.799,26.456,1,0.000,523
1037,1024,1024,1.0000,35.350,28.289,1,0.000,524
1038,1024,1024,1.0000,35.556,28.125,1,0.000,525
1039,1024,1024,1.0000,35.443,28.214,1,0.000,526
1040,1024,1024,1.0000,35.233,28.382,1,0.000,527
1041,1024,1024,1.0000,35.304,28.325,1,0.000,528
1042,1024,1024,1.0000,35.519,28.154,1,0.000,529
1043,1024,1024,1.0000,35.030,28.547,1,0.000,530
1044,1024,1024,1.0000,35.141,28.457,1,0.000,531
1045,1024,1024,1.0000,38.783,25.784,1,0.000,532
1046,1024,1024,1.0000,35.577,28.108,1,0.000,533
1047,1024,1024,1.0000,35.508,28.163,1,0.000,534
1048,1024,1024,1.0000,35.171,28.433,1,0.000,535
1049,1024,1024,1.0000,39.678,25.203,1,0.000,536
1050,1024,1024,1.0000,42.882,23.320,1,0.000,537
1051,1024,1024,1.0000,38.127,26.228,1,0.000,538
1052,1024,1024,1.0000,35.903,27.853,1,0.000,539
1053,1024,1024,1.0000,35.247,28.371,1,0.000,540
1054,1024,1024,1.0000,35.186,28.420,1,0.000,541
1055,1024,1024,1.0000,35.664,28.039,1,0.000,542
1056,1024,1024,1.0000,35.728,27.989,1,0.000,543
1057,1024,1024,1.0000,35.069,28.515,1,0.000,544
1058,1024,1024,1.0000,35.616,28.077,1,0.000,545
1059,1024,1024,1.0000,34.842,28.701,1,0.000,546
1060,1024,1024,1.0000,34.998,28.573,1,0.000,547
1061,1024,1024,1.0000,35.454,28.206,1,0.000,548
1062,1024,1024,1.0000,35.102,28.488,1,0.000,549
1063,1024,1024,1.0000,35.428,28.226,1,0.000,550
1064,1024,1024,1.0000,35.443,28.214,1,0.000,551
1065,1024,1024,1.0000,35.529,28.146,1,0.000,552
1066,1024,1024,1.0000,35.193,28.415,1,0.000,553
1067,1024,1024,1.0000,35.372,28.271,1,0.000,554
1068,1024,1024,1.0000,35.509,28.162,1,0.000,555
1069,1024,1024,1.0000,35.297,28.331,1,0.000,556
1070,1024,1024,1.0000,35.506,28.164,1,0.000,557
1071,1024,1024,1.0000,36.058,27.733,1,0.000,558
1072,1024,1024,1.0000,35.547,28.132,1,0.000,559
1073,1024,1024,1.0000,35.583,28.103,1,0.000,560
1074,1024,1024,1.0000,34.973,28.593,1,0.000,561
1075,1024,1024,1.0000,35.239,28.378,1,0.000,562
1076,1024,1024,1.0000,34.861,28.685,1,0.000,563
1077,1024,1024,1.0000,35.080,28.506,1,0.000,564
1078,1024,1024,1.0000,35.426,28.228,1,0.000,565
1079,1024,1024,1.0000,35.425,28.229,1,0.000,566
1080,1024,1024,1.0000,35.627,28.069,1,0.000,567
1081,1024,1024,1.0000,35.356,28.284,1,0.000,568
1082,1024,1024,1.0000,35.949,27.817,1,0.000,569
1083,1024,1024,1.0000,35.303,28.326,1,0.000,570
1084,1024,1024,1.0000,35.189,28.418,1,0.000,571
1085,1024,1024,1.0000,35.163,28.439,1,0.000,572
1086,1024,1024,1.0000,35.748,27.974,1,0.000,573
1087,1024,1024,1.0000,34.890,28.662,1,0.000,574
1088,1024,1024,1.0000,35.373,28.270,1,0.000,575
1089,1024,1024,1.0000,35.188,28.419,1,0.000,576
1090,1024,1024,1.0000,35.444,28.214,1,0.000,577
1091,1024,1024,1.0000,38.609,25.901,1,0.000,578
1092,1024,1024,1.0000,34.947,28.615,1,0.000,579
1093,1024,1024,1.0000,35.115,28.478,1,0.000,580
1094,1024,1024,1.0000,35.123,28.471,1,0.000,581
1095,1024,1024,1.0000,35.509,28.162,1,0.000,582
1096,1024,1024,1.0000,35.851,27.893,1,0.000,583
1097,1024,1024,1.0000,35.357,28.283,1,0.000,584
1098,1024,1024,1.0000,35.075,28.510,1,0.000,585
1099,1024,1024,1.0000,35.785,27.945,1,0.000,586
1100,1024,1024,1.0000,35.032,28.545,1,0.000,587
1101,1024,1024,1.0000,35.260,28.361,1,0.000,588
1102,1024,1024,1.0000,35.334,28.301,1,0.000,589
1103,1024,1024,1.0000,35.358,28.282,1,0.000,590
1104,1024,1024,1.0000,38.759,25.800,1,0.000,591
1105,1024,1024,1.0000,35.260,28.361,1,0.000,592
1106,1024,1024,1.0000,35.401,28.248,1,0.000,593
1107,1024,1024,1.0000,47.076,21.242,1,0.000,594
1108,1024,1024,1.0000,39.188,25.518,1,0.000,595
1109,1024,1024,1.0000,35.216,28.396,1,0.000,596
1110,1024,1024,1.0000,35.515,28.157,1,0.000,597
1111,1024,1024,1.0000,35.288,28.338,1,0.000,598
1112,1024,1024,1.0000,35.178,28.427,1,0.000,599
1113,1024,1024,1.0000,35.576,28.109,1,0.000,600
1114,1024,1024,1.0000,35.756,27.967,1,0.000,601
1115,1024,1024,1.0000,35.214,28.398,1,0.000,602
1116,1024,1024,1.0000,35.778,27.950,1,0.000,603
1117,1024,1024,1.0000,35.347,28.291,1,0.000,604
1118,1024,1024,1.0000,35.166,28.437,1,0.000,605
1119,1024,1024,1.0000,35.217,28.395,1,0.000,606
1120,1024,1024,1.0000,35.399,28.249,1,0.000,607
1121,1024,1024,1.0000,35.040,28.539,1,0.000,608
1122,1024,1024,1.0000,35.495,28.173,1,0.000,609
1123,1024,1024,1.0000,35.029,28.548,1,0.000,610
1124,1024,1024,1.0000,35.613,28.080,1,0.000,611
1125,1024,1024,1.0000,35.860,27.886,1,0.000,612
1126,1024,1024,1.0000,35.360,28.281,1,0.000,613
1127,1024,1024,1.0000,35.166,28.437,1,0.000,614
1128,1024,1024,1.0000,35.279,28.345,1,0.000,615
1129,1024,1024,1.0000,35.120,28.474,1,0.000,616
1130,1024,1024,1.0000,35.092,28.497,1,0.000,617
1131,1024,1024,1.0000,35.814,27.922,1,0.000,618
1132,1024,1024,1.0000,35.615,28.078,1,0.000,619
1133,1024,1024,1.0000,35.588,28.099,1,0.000,620
1134,1024,1024,1.0000,35.925,27.836,1,0.000,621
1135,1024,1024,1.0000,35.308,28.322,1,0.000,622
1136,1024,1024,1.0000,35.510,28.161,1,0.000,623
1137,1024,1024,1.0000,35.234,28.382,1,0.000,624
1138,1024,1024,1.0000,35.910,27.847,1,0.000,625
1139,1024,1024,1.0000,35.444,28.214,1,0.000,626
1140,1024,1024,1.0000,35.134,28.462,1,0.000,627
1141,1024,1024,1.0000,35.468,28.194,1,0.000,628
1142,1024,1024,1.0000,37.463,26.693,1,0.000,629
1143,1024,1024,1.0000,34.984,28.584,1,0.000,630
1144,1024,1024,1.0000,35.293,28.334,1,0.000,631
1145,1024,1024,1.0000,35.587,28.100,1,0.000,632
1146,1024,1024,1.0000,36.259,27.579,1,0.000,633
1147,1024,1024,1.0000,38.141,26.219,1,0.000,634
1148,1024,1024,1.0000,35.461,28.200,1,0.000,635
1149,1024,1024,1.0000,35.721,27.995,1,0.000,636
1150,1024,1024,1.0000,35.373,28.270,1,0.000,637
1151,1024,1024,1.0000,36.262,27.577,1,0.000,638
1152,1024,1024,1.0000,35.319,28.313,1,0.000,639
1153,1024,1024,1.0000,34.864,28.683,1,0.000,640
1154,1024,1024,1.0000,35.394,28.253,1,0.000,641
1155,1024,1024,1.0000,34.969,28.597,1,0.000,642
1156,1024,1024,1.0000,35.433,28.222,1,0.000,643
1157,1024,1024,1.0000,35.153,28.447,1,0.000,644
1158,1024,1024,1.0000,35.142,28.456,1,0.000,645
1159,1024,1024,1.0000,35.394,28.253,1,0.000,646
1160,1024,1024,1.0000,36.160,27.655,1,0.000,647
1161,1024,1024,1.0000,35.723,27.993,1,0.000,648
1162,1024,1024,1.0000,35.742,27.978,1,0.000,649
1163,1024,1024,1.0000,39.000,25.641,1,0.000,650
1164,1024,1024,1.0000,44.741,22.351,1,0.000,651
1165,1024,1024,1.0000,41.749,23.953,1,0.000,652
1166,1024,1024,1.0000,36.565,27.349,1,0.000,653
1167,1024,1024,1.0000,36.271,27.570,1,0.000,654
1168,1024,1024,1.0000,36.006,27.773,1,0.000,655
1169,1024,1024,1.0000,35.600,28.090,1,0.000,656
1170,1024,1024,1.0000,35.534,28.142,1,0.000,657
1171,1024,1024,1.0000,35.700,28.011,1,0.000,658
1172,1024,1024,1.0000,36.015,27.766,1,0.000,659
1173,1024,1024,1.0000,35.428,28.226,1,0.000,660
1174,1024,1024,1.0000,35.491,28.176,1,0.000,661
1175,1024,1024,1.0000,35.034,28.544,1,0.000,662
1176,1024,1024,1.0000,36.214,27.614,1,0.000,663
1177,1024,1024,1.0000,35.297,28.331,1,0.000,664
1178,1024,1024,1.0000,35.621,28.073,1,0.000,665
1179,1024,1024,1.0000,35.735,27.984,1,0.000,666
1180,1024,1024,1.0000,35.638,28.060,1,0.000,667
1181,1024,1024,1.0000,35.888,27.864,1,0.000,668
1182,1024,1024,1.0000,35.946,27.820,1,0.000,669
1183,1024,1024,1.0000,35.477,28.187,1,0.000,670
1184,1024,1024,1.0000,35.313,28.318,1,0.000,671
1185,1024,1024,1.0000,35.948,27.818,1,0.000,672
1186,1024,1024,1.0000,35.715,27.999,1,0.000,673
1187,1024,1024,1.0000,35.715,27.999,1,0.000,674
1188,1024,1024,1.0000,35.610,28.082,1,0.000,675
1189,1024,1024,1.0000,35.717,27.998,1,0.000,676
1190,1024,1024,1.0000,35.919,27.840,1,0.000,677
1191,1024,1024,1.0000,35.938,27.826,1,0.000,678
1192,1024,1024,1.0000,35.533,28.143,1,0.000,679
1193,1024,1024,1.0000,35.973,27.799,1,0.000,680
1194,1024,1024,1.0000,36.332,27.524,1,0.000,681
1195,1024,1024,1.0000,36.176,27.643,1,0.000,682
1196,1024,1024,1.0000,37.363,26.764,1,0.000,683
1197,1024,1024,1.0000,36.538,27.369,1,0.000,684
1198,1024,1024,1.0000,35.719,27.996,1,0.000,685
1199,1024,1024,1.0000,35.515,28.157,1,0.000,686
1200,1024,1024,1.0000,35.732,27.986,1,0.000,687
1201,1024,1024,1.0000,35.526,28.148,1,0.000,688
1202,1024,1024,1.0000,36.066,27.727,1,0.000,689
1203,1024,1024,1.0000,38.458,26.002,1,0.000,690
1204,1024,1024,1.0000,35.840,27.902,1,0.000,691
1205,1024,1024,1.0000,35.578,28.107,1,0.000,692
1206,1024,1024,1.0000,35.641,28.058,1,0.000,693
1207,1024,1024,1.0000,35.802,27.931,1,0.000,694
1208,1024,1024,1.0000,35.632,28.065,1,0.000,695
1209,1024,1024,1.0000,35.254,28.366,1,0.000,696
1210,1024,1024,1.0000,35.966,27.804,1,0.000,697
1211,1024,1024,1.0000,36.082,27.715,1,0.000,698
1212,1024,1024,1.0000,35.858,27.888,1,0.000,699
1213,1024,1024,1.0000,35.376,28.268,1,0.000,700
1214,1024,1024,1.0000,35.974,27.798,1,0.000,701
1215,1024,1024,1.0000,35.812,27.924,1,0.000,702
1216,1024,1024,1.0000,35.672,28.033,1,0.000,703
1217,1024,1024,1.0000,35.929,27.833,1,0.000,704
1218,1024,1024,1.0000,35.418,28.234,1,0.000,705
1219,1024,1024,1.0000,35.480,28.185,1,0.000,706
1220,1024,1024,1.0000,35.941,27.823,1,0.000,707
1221,1024,1024,1.0000,47.089,21.236,1,0.000,708
1222,1024,1024,1.0000,41.235,24.251,1,0.000,709
1223,1024,1024,1.0000,36.409,27.466,1,0.000,710
1224,1024,1024,1.0000,35.987,27.788,1,0.000,711
1225,1024,1024,1.0000,36.110,27.693,1,0.000,712
1226,1024,1024,1.0000,35.501,28.168,1,0.000,713
1227,1024,1024,1.0000,36.145,27.666,1,0.000,714
1228,1024,1024,1.0000,35.648,28.052,1,0.000,715
1229,1024,1024,1.0000,35.488,28.179,1,0.000,716
1230,1024,1024,1.0000,35.630,28.066,1,0.000,717
1231,1024,1024,1.0000,35.311,28.320,1,0.000,718
1232,1024,1024,1.0000,35.973,27.799,1,0.000,719
1233,1024,1024,1.0000,35.599,28.091,1,0.000,720
1234,1024,1024,1.0000,35.851,27.893,1,0.000,721
1235,1024,1024,1.0000,35.868,27.880,1,0.000,722
1236,1024,1024,1.0000,36.394,27.477,1,0.000,723
1237,1024,1024,1.0000,36.599,27.323,1,0.000,724
1238,1024,1024,1.0000,35.886,27.866,1,0.000,725
1239,1024,1024,1.0000,35.756,27.967,1,0.000,726
1240,1024,1024,1.0000,35.367,28.275,1,0.000,727
1241,1024,1024,1.0000,35.680,28.027,1,0.000,728
1242,1024,1024,1.0000,35.707,28.006,1,0.000,729
1243,1024,1024,1.0000,35.543,28.135,1,0.000,730
1244,1024,1024,1.0000,35.570,28.114,1,0.000,731
1245,1024,1024,1.0000,36.037,27.749,1,0.000,732
1246,1024,1024,1.0000,35.489,28.178,1,0.000,733
1247,1024,1024,1.0000,35.163,28.439,1,0.000,734
1248,1024,1024,1.0000,35.809,27.926,1,0.000,735
1249,1024,1024,1.0000,36.443,27.440,1,0.000,736
1250,1024,1024,1.0000,36.617,27.310,1,0.000,737
1251,1024,1024,1.0000,35.659,28.043,1,0.000,738
1252,1024,1024,1.0000,35.746,27.975,1,0.000,739
1253,1024,1024,1.0000,36.347,27.513,1,0.000,740
1254,1024,1024,1.0000,36.725,27.229,1,0.000,741
1255,1024,1024,1.0000,35.551,28.129,1,0.000,742
1256,1024,1024,1.0000,36.006,27.773,1,0.000,743
1257,1024,1024,1.0000,36.184,27.637,1,0.000,744
1258,1024,1024,1.0000,38.041,26.287,1,0.000,745
1259,1024,1024,1.0000,35.841,27.901,1,0.000,746
1260,1024,1024,1.0000,35.461,28.200,1,0.000,747
1261,1024,1024,1.0000,35.614,28.079,1,0.000,748
1262,1024,1024,1.0000,36.272,27.569,1,0.000,749
1263,1024,1024,1.0000,36.086,27.712,1,0.000,750
1264,1024,1024,1.0000,35.947,27.819,1,0.000,751
1265,1024,1024,1.0000,35.721,27.995,1,0.000,752
1266,1024,1024,1.0000,35.397,28.251,1,0.000,753
1267,1024,1024,1.0000,35.952,27.815,1,0.000,754
1268,1024,1024,1.0000,36.097,27.703,1,0.000,755
1269,1024,1024,1.0000,35.413,28.238,1,0.000,756
1270,1024,1024,1.0000,35.927,27.834,1,0.000,757
1271,1024,1024,1.0000,36.140,27.670,1,0.000,758
1272,1024,1024,1.0000,35.841,27.901,1,0.000,759
1273,1024,1024,1.0000,36.136,27.673,1,0.000,760
1274,1024,1024,1.0000,36.319,27.534,1,0.000,761
1275,1024,1024,1.0000,36.013,27.768,1,0.000,762
1276,1024,1024,1.0000,36.053,27.737,1,0.000,763
1277,1024,1024,1.0000,38.383,26.053,1,0.000,764
1278,1024,1024,1.0000,46.099,21.692,1,0.000,765
1279,1024,1024,1.0000,39.812,25.118,1,0.000,766
1280,1024,1024,1.0000,38.157,26.208,1,0.000,767
1281,1024,1024,1.0000,35.987,27.788,1,0.000,768
1282,1024,1024,1.0000,38.167,26.201,1,0.000,769
1283,1024,1024,1.0000,37.850,26.420,1,0.000,770
1284,1024,1024,1.0000,37.651,26.560,1,0.000,771
1285,1024,1024,1.0000,36.823,27.157,1,0.000,772
1286,1024,1024,1.0000,36.758,27.205,1,0.000,773
1287,1024,1024,1.0000,37.771,26.475,1,0.000,774
1288,1024,1024,1.0000,38.286,26.119,1,0.000,775
1289,1024,1024,1.0000,37.172,26.902,1,0.000,776
1290,1024,1024,1.0000,36.864,27.127,1,0.000,777
1291,1024,1024,1.0000,37.031,27.004,1,0.000,778
1292,1024,1024,1.0000,37.018,27.014,1,0.000,779
1293,1024,1024,1.0000,37.095,26.958,1,0.000,780
1294,1024,1024,1.0000,37.025,27.009,1,0.000,781
1295,1024,1024,1.0000,37.549,26.632,1,0.000,782
1296,1024,1024,1.0000,37.172,26.902,1,0.000,783
1297,1024,1024,1.0000,37.475,26.684,1,0.000,784
1298,1024,1024,1.0000,36.927,27.080,1,0.000,785
1299,1024,1024,1.0000,36.740,27.218,1,0.000,786
1300,1024,1024,1.0000,37.272,26.830,1,0.000,787
1301,1024,1024,1.0000,36.936,27.074,1,0.000,788
1302,1024,1024,1.0000,37.185,26.893,1,0.000,789
1303,1024,1024,1.0000,37.406,26.734,1,0.000,790
1304,1024,1024,1.0000,37.998,26.317,1,0.000,791
1305,1024,1024,1.0000,37.384,26.749,1,0.000,792
1306,1024,1024,1.0000,37.393,26.743,1,0.000,793
1307,1024,1024,1.0000,37.506,26.662,1,0.000,794
1308,1024,1024,1.0000,37.345,26.777,1,0.000,795
1309,1024,1024,1.0000,36.928,27.080,1,0.000,796
1310,1024,1024,1.0000,37.058,26.985,1,0.000,797
1311,1024,1024,1.0000,37.313,26.800,1,0.000,798
1312,1024,1024,1.0000,39.921,25.049,1,0.000,799
1313,1024,1024,1.0000,37.877,26.401,1,0.000,800
1314,1024,1024,1.0000,37.377,26.754,1,0.000,801
1315,1024,1024,1.0000,37.045,26.994,1,0.000,802
1316,1024,1024,1.0000,37.147,26.920,1,0.000,803
1317,1024,1024,1.0000,36.804,27.171,1,0.000,804
1318,1024,1024,1.0000,36.933,27.076,1,0.000,805
1319,1024,1024,1.0000,37.372,26.758,1,0.000,806
1320,1024,1024,1.0000,37.524,26.650,1,0.000,807
1321,1024,1024,1.0000,38.278,26.125,1,0.000,808
1322,1024,1024,1.0000,38.558,25.935,1,0.000,809
1323,1024,1024,1.0000,38.858,25.735,1,0.000,810
1324,1024,1024,1.0000,37.238,26.854,1,0.000,811
1325,1024,1024,1.0000,37.032,27.004,1,0.000,812
1326,1024,1024,1.0000,37.430,26.717,1,0.000,813
1327,1024,1024,1.0000,37.652,26.559,1,0.000,814
1328,1024,1024,1.0000,37.355,26.770,1,0.000,815
1329,1024,1024,1.0000,38.332,26.088,1,0.000,816
1330,1024,1024,1.0000,37.094,26.959,1,0.000,817
1331,1024,1024,1.0000,37.170,26.903,1,0.000,818
1332,1024,1024,1.0000,46.133,21.676,1,0.000,819
1333,1024,1024,1.0000,44.579,22.432,1,0.000,820
1334,1024,1024,1.0000,37.588,26.604,1,0.000,821
1335,1024,1024,1.0000,37.524,26.650,1,0.000,822
1336,1024,1024,1.0000,40.702,24.569,1,0.000,823
1337,1024,1024,1.0000,37.993,26.321,1,0.000,824
1338,1024,1024,1.0000,38.078,26.262,1,0.000,825
1339,1024,1024,1.0000,37.303,26.807,1,0.000,826
1340,1024,1024,1.0000,37.183,26.894,1,0.000,827
1341,1024,1024,1.0000,37.386,26.748,1,0.000,828
1342,1024,1024,1.0000,37.827,26.436,1,0.000,829
1343,1024,1024,1.0000,37.050,26.991,1,0.000,830
1344,1024,1024,1.0000,37.265,26.835,1,0.000,831
1345,1024,1024,1.0000,38.800,25.773,1,0.000,832
1346,1024,1024,1.0000,37.088,26.963,1,0.000,833
1347,1024,1024,1.0000,37.103,26.952,1,0.000,834
1348,1024,1024,1.0000,37.496,26.670,1,0.000,835
1349,1024,1024,1.0000,36.869,27.123,1,0.000,836
1350,1024,1024,1.0000,37.158,26.912,1,0.000,837
1351,1024,1024,1.0000,37.198,26.883,1,0.000,838
1352,1024,1024,1.0000,37.073,26.974,1,0.000,839
1353,1024,1024,1.0000,37.488,26.675,1,0.000,840
1354,1024,1024,1.0000,37.653,26.558,1,0.000,841
1355,1024,1024,1.0000,37.725,26.508,1,0.000,842
1356,1024,1024,1.0000,37.622,26.580,1,0.000,843
1357,1024,1024,1.0000,37.308,26.804,1,0.000,844
1358,1024,1024,1.0000,37.101,26.953,1,0.000,845
1359,1024,1024,1.0000,37.423,26.722,1,0.000,846
1360,1024,1024,1.0000,38.336,26.085,1,0.000,847
1361,1024,1024,1.0000,38.103,26.245,1,0.000,848
1362,1024,1024,1.0000,37.555,26.628,1,0.000,849
1363,1024,1024,1.0000,37.637,26.570,1,0.000,850
1364,1024,1024,1.0000,39.896,25.065,1,0.000,851
1365,1024,1024,1.0000,36.910,27.093,1,0.000,852
1366,1024,1024,1.0000,37.420,26.724,1,0.000,853
1367,1024,1024,1.0000,37.507,26.662,1,0.000,854
1368,1024,1024,1.0000,37.632,26.573,1,0.000,855
1369,1024,1024,1.0000,37.902,26.384,1,0.000,856
1370,1024,1024,1.0000,37.487,26.676,1,0.000,857
1371,1024,1024,1.0000,37.496,26.670,1,0.000,858
1372,1024,1024,1.0000,37.472,26.687,1,0.000,859
1373,1024,1024,1.0000,37.390,26.745,1,0.000,860
1374,1024,1024,1.0000,37.324,26.792,1,0.000,861
1375,1024,1024,1.0000,37.448,26.704,1,0.000,862
1376,1024,1024,1.0000,37.279,26.825,1,0.000,863
1377,1024,1024,1.0000,37.137,26.927,1,0.000,864
1378,1024,1024,1.0000,37.626,26.577,1,0.000,865
1379,1024,1024,1.0000,37.442,26.708,1,0.000,866
1380,1024,1024,1.0000,37.439,26.710,1,0.000,867
1381,1024,1024,1.0000,37.508,26.661,1,0.000,868
1382,1024,1024,1.0000,37.602,26.594,1,0.000,869
1383,1024,1024,1.0000,37.625,26.578,1,0.000,870
1384,1024,1024,1.0000,37.719,26.512,1,0.000,871
1385,1024,1024,1.0000,37.311,26.802,1,0.000,872
1386,1024,1024,1.0000,44.693,22.375,1,0.000,873
1387,1024,1024,1.0000,46.242,21.625,1,0.000,874
1388,1024,1024,1.0000,37.737,26.499,1,0.000,875
1389,1024,1024,1.0000,37.954,26.348,1,0.000,876
1390,1024,1024,1.0000,37.792,26.461,1,0.000,877
1391,1024,1024,1.0000,41.296,24.215,1,0.000,878
1392,1024,1024,1.0000,37.535,26.642,1,0.000,879
1393,1024,1024,1.0000,37.449,26.703,1,0.000,880
1394,1024,1024,1.0000,38.108,26.241,1,0.000,881
1395,1024,1024,1.0000,37.851,26.419,1,0.000,882
1396,1024,1024,1.0000,37.518,26.654,1,0.000,883
1397,1024,1024,1.0000,37.293,26.815,1,0.000,884
1398,1024,1024,1.0000,37.907,26.380,1,0.000,885
1399,1024,1024,1.0000,37.771,26.475,1,0.000,886
1400,1024,1024,1.0000,38.102,26.245,1,0.000,887
1401,1024,1024,1.0000,37.413,26.729,1,0.000,888
1402,1024,1024,1.0000,37.664,26.551,1,0.000,889
1403,1024,1024,1.0000,37.542,26.637,1,0.000,890
1404,1024,1024,1.0000,37.812,26.447,1,0.000,891
1405,1024,1024,1.0000,37.697,26.527,1,0.000,892
1406,1024,1024,1.0000,37.680,26.539,1,0.000,893
1407,1024,1024,1.0000,37.707,26.520,1,0.000,894
1408,1024,1024,1.0000,37.764,26.480,1,0.000,895
1409,1024,1024,1.0000,37.482,26.679,1,0.000,896
1410,1024,1024,1.0000,37.478,26.682,1,0.000,897
1411,1024,1024,1.0000,38.030,26.295,1,0.000,898
1412,1024,1024,1.0000,37.715,26.515,1,0.000,899
1413,1024,1024,1.0000,37.732,26.503,1,0.000,900
1414,1024,1024,1.0000,37.838,26.428,1,0.000,901
1415,1024,1024,1.0000,37.120,26.940,1,0.000,902
1416,1024,1024,1.0000,37.522,26.651,1,0.000,903
1417,1024,1024,1.0000,39.945,25.034,1,0.000,904
1418,1024,1024,1.0000,37.448,26.704,1,0.000,905
1419,1024,1024,1.0000,38.225,26.161,1,0.000,906
1420,1024,1024,1.0000,37.754,26.487,1,0.000,907
1421,1024,1024,1.0000,37.718,26.513,1,0.000,908
1422,1024,1024,1.0000,37.093,26.959,1,0.000,909
1423,1024,1024,1.0000,37.669,26.547,1,0.000,910
1424,1024,1024,1.0000,37.979,26.330,1,0.000,911
1425,1024,1024,1.0000,37.786,26.465,1,0.000,912
1426,1024,1024,1.0000,37.714,26.515,1,0.000,913
1427,1024,1024,1.0000,37.835,26.431,1,0.000,914
1428,1024,1024,1.0000,37.519,26.653,1,0.000,915
1429,1024,1024,1.0000,37.283,26.822,1,0.000,916
1430,1024,1024,1.0000,37.759,26.484,1,0.000,917
1431,1024,1024,1.0000,37.482,26.679,1,0.000,918
1432,1024,1024,1.0000,37.504,26.664,1,0.000,919
1433,1024,1024,1.0000,37.236,26.856,1,0.000,920
1434,1024,1024,1.0000,37.918,26.373,1,0.000,921
1435,1024,1024,1.0000,38.190,26.185,1,0.000,922
1436,1024,1024,1.0000,37.098,26.956,1,0.000,923
1437,1024,1024,1.0000,38.033,26.293,1,0.000,924
1438,1024,1024,1.0000,37.820,26.441,1,0.000,925
1439,1024,1024,1.0000,37.694,26.529,1,0.000,926
1440,1024,1024,1.0000,44.852,22.296,1,0.000,927
1441,1024,1024,1.0000,46.836,21.351,1,0.000,928
1442,1024,1024,1.0000,37.636,26.570,1,0.000,929
1443,1024,1024,1.0000,38.282,26.122,1,0.000,930
1444,1024,1024,1.0000,37.394,26.742,1,0.000,931
1445,1024,1024,1.0000,37.239,26.854,1,0.000,932
1446,1024,1024,1.0000,37.727,26.506,1,0.000,933
1447,1024,1024,1.0000,40.991,24.396,1,0.000,934
1448,1024,1024,1.0000,37.406,26.734,1,0.000,935
1449,1024,1024,1.0000,37.233,26.858,1,0.000,936
1450,1024,1024,1.0000,37.409,26.732,1,0.000,937
1451,1024,1024,1.0000,37.912,26.377,1,0.000,938
1452,1024,1024,1.0000,37.157,26.913,1,0.000,939
1453,1024,1024,1.0000,37.690,26.532,1,0.000,940
1454,1024,1024,1.0000,37.973,26.335,1,0.000,941
1455,1024,1024,1.0000,37.853,26.418,1,0.000,942
1456,1024,1024,1.0000,37.107,26.949,1,0.000,943
1457,1024,1024,1.0000,37.669,26.547,1,0.000,944
1458,1024,1024,1.0000,37.332,26.787,1,0.000,945
1459,1024,1024,1.0000,37.196,26.885,1,0.000,946
1460,1024,1024,1.0000,37.588,26.604,1,0.000,947
1461,1024,1024,1.0000,37.982,26.328,1,0.000,948
1462,1024,1024,1.0000,37.783,26.467,1,0.000,949
1463,1024,1024,1.0000,37.817,26.443,1,0.000,950
1464,1024,1024,1.0000,38.002,26.314,1,0.000,951
1465,1024,1024,1.0000,37.790,26.462,1,0.000,952
1466,1024,1024,1.0000,37.778,26.470,1,0.000,953
1467,1024,1024,1.0000,38.095,26.250,1,0.000,954
1468,1024,1024,1.0000,38.690,25.846,1,0.000,955
1469,1024,1024,1.0000,40.540,24.667,1,0.000,956
1470,1024,1024,1.0000,37.548,26.633,1,0.000,957
1471,1024,1024,1.0000,37.713,26.516,1,0.000,958
1472,1024,1024,1.0000,37.942,26.356,1,0.000,959
1473,1024,1024,1.0000,38.000,26.316,1,0.000,960
1474,1024,1024,1.0000,37.828,26.435,1,0.000,961
1475,1024,1024,1.0000,37.765,26.480,1,0.000,962
1476,1024,1024,1.0000,37.690,26.532,1,0.000,963
1477,1024,1024,1.0000,38.077,26.263,1,0.000,964
1478,1024,1024,1.0000,37.571,26.616,1,0.000,965
1479,1024,1024,1.0000,37.947,26.353,1,0.000,966
1480,1024,1024,1.0000,38.040,26.288,1,0.000,967
1481,1024,1024,1.0000,37.730,26.504,1,0.000,968
1482,1024,1024,1.0000,37.800,26.455,1,0.000,969
1483,1024,1024,1.0000,38.099,26.247,1,0.000,970
1484,1024,1024,1.0000,38.450,26.008,1,0.000,971
1485,1024,1024,1.0000,38.120,26.233,1,0.000,972
1486,1024,1024,1.0000,37.459,26.696,1,0.000,973
1487,1024,1024,1.0000,37.992,26.321,1,0.000,974
1488,1024,1024,1.0000,37.780,26.469,1,0.000,975
1489,1024,1024,1.0000,37.899,26.386,1,0.000,976
1490,1024,1024,1.0000,37.466,26.691,1,0.000,977
1491,1024,1024,1.0000,38.411,26.034,1,0.000,978
1492,1024,1024,1.0000,38.571,25.926,1,0.000,979
1493,1024,1024,1.0000,37.296,26.813,1,0.000,980
1494,1024,1024,1.0000,47.743,20.945,1,0.000,981
1495,1024,1024,1.0000,44.699,22.372,1,0.000,982
1496,1024,1024,1.0000,37.568,26.618,1,0.000,983
1497,1024,1024,1.0000,37.550,26.631,1,0.000,984
1498,1024,1024,1.0000,37.801,26.454,1,0.000,985
1499,1024,1024,1.0000,37.849,26.421,1,0.000,986
1500,1024,1024,1.0000,38.037,26.290,1,0.000,987
1501,1024,1024,1.0000,37.684,26.536,1,0.000,988
1502,1024,1024,1.0000,40.886,24.458,1,0.000,989
1503,1024,1024,1.0000,37.720,26.511,1,0.000,990
1504,1024,1024,1.0000,38.072,26.266,1,0.000,991
1505,1024,1024,1.0000,38.280,26.123,1,0.000,992
1506,1024,1024,1.0000,37.680,26.539,1,0.000,993
1507,1024,1024,1.0000,37.711,26.517,1,0.000,994
1508,1024,1024,1.0000,38.194,26.182,1,0.000,995
1509,1024,1024,1.0000,37.435,26.713,1,0.000,996
1510,1024,1024,1.0000,38.876,25.723,1,0.000,997
1511,1024,1024,1.0000,37.425,26.720,1,0.000,998
1512,1024,1024,1.0000,37.920,26.371,1,0.000,999
1513,1024,1024,1.0000,37.721,26.510,1,0.000,1000
1514,1024,1024,1.0000,37.976,26.332,1,0.000,1001
1515,1024,1024,1.0000,37.483,26.679,1,0.000,1002
1516,1024,1024,1.0000,37.949,26.351,1,0.000,1003
1517,1024,1024,1.0000,38.230,26.157,1,0.000,1004
1518,1024,1024,1.0000,38.089,26.254,1,0.000,1005
1519,1024,1024,1.0000,38.562,25.932,1,0.000,1006
1520,1024,1024,1.0000,38.643,25.878,1,0.000,1007
1521,1024,1024,1.0000,40.753,24.538,1,0.000,1008
1522,1024,1024,1.0000,37.666,26.549,1,0.000,1009
1523,1024,1024,1.0000,38.366,26.065,1,0.000,1010
1524,1024,1024,1.0000,38.109,26.241,1,0.000,1011
1525,1024,1024,1.0000,38.321,26.095,1,0.000,1012
1526,1024,1024,1.0000,37.911,26.378,1,0.000,1013
1527,1024,1024,1.0000,37.632,26.573,1,0.000,1014
1528,1024,1024,1.0000,38.491,25.980,1,0.000,1015
1529,1024,1024,1.0000,37.936,26.360,1,0.000,1016
1530,1024,1024,1.0000,38.389,26.049,1,0.000,1017
1531,1024,1024,1.0000,37.584,26.607,1,0.000,1018
1532,1024,1024,1.0000,37.584,26.607,1,0.000,1019
1533,1024,1024,1.0000,38.371,26.061,1,0.000,1020
1534,1024,1024,1.0000,37.611,26.588,1,0.000,1021
1535,1024,1024,1.0000,37.934,26.362,1,0.000,1022
1536,1024,1024,1.0000,37.763,26.481,1,0.000,1023
1537,1024,1024,1.0000,38.337,26.084,1,0.000,1024
1538,1024,1024,1.0000,60.146,16.626,1,0.000,1025
1539,1024,1024,1.0000,38.115,26.236,1,0.000,1026
1540,1024,1024,1.0000,38.825,25.757,1,0.000,1027
1541,1024,1024,1.0000,38.399,26.042,1,0.000,1028
1542,1024,1024,1.0000,38.779,25.787,1,0.000,1029
1543,1024,1024,1.0000,38.398,26.043,1,0.000,1030
1544,1024,1024,1.0000,38.252,26.142,1,0.000,1031
1545,1024,1024,1.0000,38.139,26.220,1,0.000,1032
1546,1024,1024,1.0000,39.060,25.602,1,0.000,1033
1547,1024,1024,1.0000,50.121,19.952,1,0.000,1034
1548,1024,1024,1.0000,42.642,23.451,1,0.000,1035
1549,1024,1024,1.0000,39.116,25.565,1,0.000,1036
1550,1024,1024,1.0000,38.029,26.296,1,0.000,1037
1551,1024,1024,1.0000,37.992,26.321,1,0.000,1038
1552,1024,1024,1.0000,37.822,26.440,1,0.000,1039
1553,1024,1024,1.0000,38.011,26.308,1,0.000,1040
1554,1024,1024,1.0000,37.754,26.487,1,0.000,1041
1555,1024,1024,1.0000,38.528,25.955,1,0.000,1042
1556,1024,1024,1.0000,41.405,24.152,1,0.000,1043
1557,1024,1024,1.0000,38.127,26.228,1,0.000,1044
1558,1024,1024,1.0000,37.875,26.403,1,0.000,1045
1559,1024,1024,1.0000,38.163,26.203,1,0.000,1046
1560,1024,1024,1.0000,37.922,26.370,1,0.000,1047
1561,1024,1024,1.0000,37.916,26.374,1,0.000,1048
1562,1024,1024,1.0000,38.437,26.017,1,0.000,1049
1563,1024,1024,1.0000,37.999,26.316,1,0.000,1050
1564,1024,1024,1.0000,38.057,26.276,1,0.000,1051
1565,1024,1024,1.0000,37.585,26.606,1,0.000,1052
1566,1024,1024,1.0000,38.344,26.080,1,0.000,1053
1567,1024,1024,1.0000,37.618,26.583,1,0.000,1054
1568,1024,1024,1.0000,38.576,25.923,1,0.000,1055
1569,1024,1024,1.0000,38.601,25.906,1,0.000,1056
1570,1024,1024,1.0000,37.503,26.665,1,0.000,1057
1571,1024,1024,1.0000,38.952,25.673,1,0.000,1058
1572,1024,1024,1.0000,38.326,26.092,1,0.000,1059
1573,1024,1024,1.0000,37.862,26.412,1,0.000,1060
1574,1024,1024,1.0000,38.101,26.246,1,0.000,1061
1575,1024,1024,1.0000,38.535,25.950,1,0.000,1062
1576,1024,1024,1.0000,38.359,26.070,1,0.000,1063
1577,1024,1024,1.0000,37.719,26.512,1,0.000,1064
1578,1024,1024,1.0000,37.716,26.514,1,0.000,1065
1579,1024,1024,1.0000,37.859,26.414,1,0.000,1066
1580,1024,1024,1.0000,38.361,26.068,1,0.000,1067
1581,1024,1024,1.0000,38.630,25.887,1,0.000,1068
1582,1024,1024,1.0000,39.133,25.554,1,0.000,1069
1583,1024,1024,1.0000,38.469,25.995,1,0.000,1070
1584,1024,1024,1.0000,38.513,25.965,1,0.000,1071
1585,1024,1024,1.0000,38.484,25.985,1,0.000,1072
1586,1024,1024,1.0000,38.238,26.152,1,0.000,1073
1587,1024,1024,1.0000,38.598,25.908,1,0.000,1074
1588,1024,1024,1.0000,38.783,25.784,1,0.000,1075
1589,1024,1024,1.0000,38.359,26.070,1,0.000,1076
1590,1024,1024,1.0000,38.278,26.125,1,0.000,1077
1591,1024,1024,1.0000,37.771,26.475,1,0.000,1078
1592,1024,1024,1.0000,38.084,26.258,1,0.000,1079
1593,1024,1024,1.0000,38.382,26.054,1,0.000,1080
1594,1024,1024,1.0000,38.446,26.011,1,0.000,1081
1595,1024,1024,1.0000,38.948,25.675,1,0.000,1082
1596,1024,1024,1.0000,38.971,25.660,1,0.000,1083
1597,1024,1024,1.0000,39.117,25.564,1,0.000,1084
1598,1024,1024,1.0000,38.290,26.116,1,0.000,1085
1599,1024,1024,1.0000,41.239,24.249,1,0.000,1086
1600,1024,1024,1.0000,49.790,20.084,1,0.000,1087
1601,1024,1024,1.0000,42.054,23.779,1,0.000,1088
1602,1024,1024,1.0000,38.922,25.692,1,0.000,1089
1603,1024,1024,1.0000,38.374,26.059,1,0.000,1090
1604,1024,1024,1.0000,38.976,25.657,1,0.000,1091
1605,1024,1024,1.0000,38.001,26.315,1,0.000,1092
1606,1024,1024,1.0000,38.198,26.179,1,0.000,1093
1607,1024,1024,1.0000,38.365,26.065,1,0.000,1094
1608,1024,1024,1.0000,38.308,26.104,1,0.000,1095
1609,1024,1024,1.0000,38.460,26.001,1,0.000,1096
1610,1024,1024,1.0000,38.535,25.950,1,0.000,1097
1611,1024,1024,1.0000,43.078,23.214,1,0.000,1098
1612,1024,1024,1.0000,39.300,25.445,1,0.000,1099
1613,1024,1024,1.0000,37.267,26.833,1,0.000,1100
1614,1024,1024,1.0000,38.644,25.877,1,0.000,1101
1615,1024,1024,1.0000,38.485,25.984,1,0.000,1102
1616,1024,1024,1.0000,38.584,25.917,1,0.000,1103
1617,1024,1024,1.0000,38.021,26.301,1,0.000,1104
1618,1024,1024,1.0000,38.282,26.122,1,0.000,1105
1619,1024,1024,1.0000,39.004,25.638,1,0.000,1106
1620,1024,1024,1.0000,37.874,26.403,1,0.000,1107
1621,1024,1024,1.0000,38.186,26.188,1,0.000,1108
1622,1024,1024,1.0000,38.500,25.974,1,0.000,1109
1623,1024,1024,1.0000,38.668,25.861,1,0.000,1110
1624,1024,1024,1.0000,38.140,26.219,1,0.000,1111
1625,1024,1024,1.0000,37.931,26.364,1,0.000,1112
1626,1024,1024,1.0000,38.618,25.895,1,0.000,1113
1627,1024,1024,1.0000,38.571,25.926,1,0.000,1114
1628,1024,1024,1.0000,38.478,25.989,1,0.000,1115
1629,1024,1024,1.0000,38.679,25.854,1,0.000,1116
1630,1024,1024,1.0000,37.846,26.423,1,0.000,1117
1631,1024,1024,1.0000,37.953,26.348,1,0.000,1118
1632,1024,1024,1.0000,38.336,26.085,1,0.000,1119
1633,1024,1024,1.0000,38.076,26.263,1,0.000,1120
1634,1024,1024,1.0000,38.693,25.844,1,0.000,1121
1635,1024,1024,1.0000,38.524,25.958,1,0.000,1122
1636,1024,1024,1.0000,38.399,26.042,1,0.000,1123
1637,1024,1024,1.0000,38.390,26.048,1,0.000,1124
1638,1024,1024,1.0000,38.028,26.296,1,0.000,1125
1639,1024,1024,1.0000,38.249,26.144,1,0.000,1126
1640,1024,1024,1.0000,38.412,26.034,1,0.000,1127
1641,1024,1024,1.0000,38.445,26.011,1,0.000,1128
1642,1024,1024,1.0000,38.540,25.947,1,0.000,1129
1643,1024,1024,1.0000,38.752,25.805,1,0.000,1130
1644,1024,1024,1.0000,39.071,25.594,1,0.000,1131
1645,1024,1024,1.0000,38.825,25.757,1,0.000,1132
1646,1024,1024,1.0000,38.534,25.951,1,0.000,1133
1647,1024,1024,1.0000,38.329,26.090,1,0.000,1134
1648,1024,1024,1.0000,39.124,25.560,1,0.000,1135
1649,1024,1024,1.0000,39.010,25.634,1,0.000,1136
1650,1024,1024,1.0000,40.574,24.646,1,0.000,1137
1651,1024,1024,1.0000,37.964,26.341,1,0.000,1138
1652,1024,1024,1.0000,42.039,23.787,1,0.000,1139
1653,1024,1024,1.0000,48.952,20.428,1,0.000,1140
1654,1024,1024,1.0000,41.355,24.181,1,0.000,1141
1655,1024,1024,1.0000,39.567,25.274,1,0.000,1142
1656,1024,1024,1.0000,38.706,25.836,1,0.000,1143
1657,1024,1024,1.0000,38.554,25.938,1,0.000,1144
1658,1024,1024,1.0000,38.123,26.231,1,0.000,1145
1659,1024,1024,1.0000,38.489,25.981,1,0.000,1146
1660,1024,1024,1.0000,38.251,26.143,1,0.000,1147
1661,1024,1024,1.0000,38.499,25.975,1,0.000,1148
1662,1024,1024,1.0000,39.037,25.617,1,0.000,1149
1663,1024,1024,1.0000,38.396,26.044,1,0.000,1150
1664,1024,1024,1.0000,38.379,26.056,1,0.000,1151
1665,1024,1024,1.0000,40.721,24.557,1,0.000,1152
1666,1024,1024,1.0000,39.115,25.566,1,0.000,1153
1667,1024,1024,1.0000,39.156,25.539,1,0.000,1154
1668,1024,1024,1.0000,38.639,25.881,1,0.000,1155
1669,1024,1024,1.0000,38.402,26.040,1,0.000,1156
1670,1024,1024,1.0000,38.910,25.700,1,0.000,1157
1671,1024,1024,1.0000,38.647,25.875,1,0.000,1158
1672,1024,1024,1.0000,38.091,26.253,1,0.000,1159
1673,1024,1024,1.0000,38.819,25.761,1,0.000,1160
1674,1024,1024,1.0000,38.883,25.718,1,0.000,1161
1675,1024,1024,1.0000,38.663,25.865,1,0.000,1162
1676,1024,1024,1.0000,38.803,25.771,1,0.000,1163
1677,1024,1024,1.0000,38.333,26.087,1,0.000,1164
1678,1024,1024,1.0000,38.472,25.993,1,0.000,1165
1679,1024,1024,1.0000,38.834,25.751,1,0.000,1166
1680,1024,1024,1.0000,38.882,25.719,1,0.000,1167
1681,1024,1024,1.0000,38.653,25.871,1,0.000,1168
1682,1024,1024,1.0000,38.228,26.159,1,0.000,1169
1683,1024,1024,1.0000,38.401,26.041,1,0.000,1170
1684,1024,1024,1.0000,38.779,25.787,1,0.000,1171
1685,1024,1024,1.0000,38.547,25.942,1,0.000,1172
1686,1024,1024,1.0000,38.604,25.904,1,0.000,1173
1687,1024,1024,1.0000,39.176,25.526,1,0.000,1174
1688,1024,1024,1.0000,38.675,25.856,1,0.000,1175
1689,1024,1024,1.0000,38.542,25.946,1,0.000,1176
1690,1024,1024,1.0000,38.432,26.020,1,0.000,1177
1691,1024,1024,1.0000,39.138,25.551,1,0.000,1178
1692,1024,1024,1.0000,38.722,25.825,1,0.000,1179
1693,1024,1024,1.0000,39.404,25.378,1,0.000,1180
1694,1024,1024,1.0000,38.528,25.955,1,0.000,1181
1695,1024,1024,1.0000,38.403,26.040,1,0.000,1182
1696,1024,1024,1.0000,38.559,25.934,1,0.000,1183
1697,1024,1024,1.0000,38.642,25.879,1,0.000,1184
1698,1024,1024,1.0000,38.813,25.765,1,0.000,1185
1699,1024,1024,1.0000,49.272,20.296,1,0.000,1186
1700,1024,1024,1.0000,38.566,25.930,1,0.000,1187
1701,1024,1024,1.0000,40.569,24.649,1,0.000,1188
1702,1024,1024,1.0000,38.674,25.857,1,0.000,1189
1703,1024,1024,1.0000,38.245,26.147,1,0.000,1190
1704,1024,1024,1.0000,38.824,25.757,1,0.000,1191
1705,1024,1024,1.0000,47.529,21.040,1,0.000,1192
1706,1024,1024,1.0000,45.168,22.140,1,0.000,1193
1707,1024,1024,1.0000,39.707,25.184,1,0.000,1194
1708,1024,1024,1.0000,38.350,26.076,1,0.000,1195
1709,1024,1024,1.0000,38.055,26.278,1,0.000,1196
1710,1024,1024,1.0000,38.367,26.064,1,0.000,1197
1711,1024,1024,1.0000,37.590,26.603,1,0.000,1198
1712,1024,1024,1.0000,38.698,25.841,1,0.000,1199
1713,1024,1024,1.0000,39.066,25.598,1,0.000,1200
1714,1024,1024,1.0000,37.862,26.412,1,0.000,1201
1715,1024,1024,1.0000,38.469,25.995,1,0.000,1202
1716,1024,1024,1.0000,38.321,26.095,1,0.000,1203
1717,1024,1024,1.0000,38.409,26.036,1,0.000,1204
1718,1024,1024,1.0000,38.574,25.924,1,0.000,1205
1719,1024,1024,1.0000,41.387,24.162,1,0.000,1206
1720,1024,1024,1.0000,38.345,26.079,1,0.000,1207
1721,1024,1024,1.0000,38.809,25.767,1,0.000,1208
1722,1024,1024,1.0000,39.106,25.572,1,0.000,1209
1723,1024,1024,1.0000,38.540,25.947,1,0.000,1210
1724,1024,1024,1.0000,39.036,25.617,1,0.000,1211
1725,1024,1024,1.0000,39.238,25.485,1,0.000,1212
1726,1024,1024,1.0000,38.877,25.722,1,0.000,1213
1727,1024,1024,1.0000,38.777,25.788,1,0.000,1214
1728,1024,1024,1.0000,37.789,26.463,1,0.000,1215
1729,1024,1024,1.0000,38.192,26.183,1,0.000,1216
1730,1024,1024,1.0000,39.152,25.541,1,0.000,1217
1731,1024,1024,1.0000,39.469,25.336,1,0.000,1218
1732,1024,1024,1.0000,39.166,25.532,1,0.000,1219
1733,1024,1024,1.0000,38.585,25.917,1,0.000,1220
1734,1024,1024,1.0000,38.688,25.848,1,0.000,1221
1735,1024,1024,1.0000,39.226,25.493,1,0.000,1222
1736,1024,1024,1.0000,39.046,25.611,1,0.000,1223
1737,1024,1024,1.0000,38.727,25.822,1,0.000,1224
1738,1024,1024,1.0000,39.164,25.534,1,0.000,1225
1739,1024,1024,1.0000,38.651,25.873,1,0.000,1226
1740,1024,1024,1.0000,38.712,25.832,1,0.000,1227
1741,1024,1024,1.0000,38.912,25.699,1,0.000,1228
1742,1024,1024,1.0000,38.851,25.739,1,0.000,1229
1743,1024,1024,1.0000,38.509,25.968,1,0.000,1230
1744,1024,1024,1.0000,38.535,25.950,1,0.000,1231
1745,1024,1024,1.0000,38.424,26.025,1,0.000,1232
1746,1024,1024,1.0000,38.698,25.841,1,0.000,1233
1747,1024,1024,1.0000,39.511,25.309,1,0.000,1234
1748,1024,1024,1.0000,38.939,25.681,1,0.000,1235
1749,1024,1024,1.0000,39.207,25.506,1,0.000,1236
1750,1024,1024,1.0000,38.509,25.968,1,0.000,1237
1751,1024,1024,1.0000,39.053,25.606,1,0.000,1238
1752,1024,1024,1.0000,41.273,24.229,1,0.000,1239
1753,1024,1024,1.0000,38.851,25.739,1,0.000,1240
1754,1024,1024,1.0000,38.599,25.907,1,0.000,1241
1755,1024,1024,1.0000,39.234,25.488,1,0.000,1242
1756,1024,1024,1.0000,38.670,25.860,1,0.000,1243
1757,1024,1024,1.0000,43.100,23.202,1,0.000,1244
1758,1024,1024,1.0000,47.477,21.063,1,0.000,1245
1759,1024,1024,1.0000,40.762,24.533,1,0.000,1246
1760,1024,1024,1.0000,38.380,26.055,1,0.000,1247
1761,1024,1024,1.0000,40.017,24.989,1,0.000,1248
1762,1024,1024,1.0000,39.195,25.513,1,0.000,1249
1763,1024,1024,1.0000,38.744,25.810,1,0.000,1250
1764,1024,1024,1.0000,37.704,26.522,1,0.000,1251
1765,1024,1024,1.0000,38.510,25.967,1,0.000,1252
1766,1024,1024,1.0000,38.441,26.014,1,0.000,1253
1767,1024,1024,1.0000,38.095,26.250,1,0.000,1254
1768,1024,1024,1.0000,38.257,26.139,1,0.000,1255
1769,1024,1024,1.0000,38.620,25.893,1,0.000,1256
1770,1024,1024,1.0000,38.839,25.747,1,0.000,1257
1771,1024,1024,1.0000,38.379,26.056,1,0.000,1258
1772,1024,1024,1.0000,38.451,26.007,1,0.000,1259
1773,1024,1024,1.0000,42.019,23.799,1,0.000,1260
1774,1024,1024,1.0000,38.105,26.243,1,0.000,1261
1775,1024,1024,1.0000,39.145,25.546,1,0.000,1262
1776,1024,1024,1.0000,38.874,25.724,1,0.000,1263
1777,1024,1024,1.0000,37.898,26.387,1,0.000,1264
1778,1024,1024,1.0000,38.591,25.913,1,0.000,1265
1779,1024,1024,1.0000,38.007,26.311,1,0.000,1266
1780,1024,1024,1.0000,38.623,25.891,1,0.000,1267
1781,1024,1024,1.0000,38.345,26.079,1,0.000,1268
1782,1024,1024,1.0000,38.392,26.047,1,0.000,1269
1783,1024,1024,1.0000,38.564,25.931,1,0.000,1270
1784,1024,1024,1.0000,37.704,26.522,1,0.000,1271
1785,1024,1024,1.0000,38.182,26.190,1,0.000,1272
1786,1024,1024,1.0000,38.627,25.889,1,0.000,1273
1787,1024,1024,1.0000,38.748,25.808,1,0.000,1274
1788,1024,1024,1.0000,38.306,26.106,1,0.000,1275
1789,1024,1024,1.0000,38.901,25.706,1,0.000,1276
1790,1024,1024,1.0000,38.545,25.944,1,0.000,1277
1791,1024,1024,1.0000,39.238,25.485,1,0.000,1278
1792,1024,1024,1.0000,38.810,25.767,1,0.000,1279
1793,1024,1024,1.0000,39.245,25.481,1,0.000,1280
1794,1024,1024,1.0000,41.602,24.037,1,0.000,1281
1795,1024,1024,1.0000,39.850,25.094,1,0.000,1282
1796,1024,1024,1.0000,39.552,25.283,1,0.000,1283
1797,1024,1024,1.0000,40.575,24.646,1,0.000,1284
1798,1024,1024,1.0000,41.056,24.357,1,0.000,1285
1799,1024,1024,1.0000,40.474,24.707,1,0.000,1286
1800,1024,1024,1.0000,40.112,24.930,1,0.000,1287
1801,1024,1024,1.0000,39.954,25.029,1,0.000,1288
1802,1024,1024,1.0000,40.850,24.480,1,0.000,1289
1803,1024,1024,1.0000,43.993,22.731,1,0.000,1290
1804,1024,1024,1.0000,40.261,24.838,1,0.000,1291
1805,1024,1024,1.0000,40.712,24.563,1,0.000,1292
1806,1024,1024,1.0000,40.641,24.606,1,0.000,1293
1807,1024,1024,1.0000,40.310,24.808,1,0.000,1294
1808,1024,1024,1.0000,40.003,24.998,1,0.000,1295
1809,1024,1024,1.0000,44.700,22.371,1,0.000,1296
1810,1024,1024,1.0000,50.560,19.778,1,0.000,1297
1811,1024,1024,1.0000,41.299,24.214,1,0.000,1298
1812,1024,1024,1.0000,39.871,25.081,1,0.000,1299
1813,1024,1024,1.0000,40.122,24.924,1,0.000,1300
1814,1024,1024,1.0000,40.097,24.940,1,0.000,1301
1815,1024,1024,1.0000,38.984,25.652,1,0.000,1302
1816,1024,1024,1.0000,39.576,25.268,1,0.000,1303
1817,1024,1024,1.0000,40.245,24.848,1,0.000,1304
1818,1024,1024,1.0000,40.922,24.437,1,0.000,1305
1819,1024,1024,1.0000,39.977,25.014,1,0.000,1306
1820,1024,1024,1.0000,39.583,25.263,1,0.000,1307
1821,1024,1024,1.0000,39.744,25.161,1,0.000,1308
1822,1024,1024,1.0000,39.179,25.524,1,0.000,1309
1823,1024,1024,1.0000,40.430,24.734,1,0.000,1310
1824,1024,1024,1.0000,39.986,25.009,1,0.000,1311
1825,1024,1024,1.0000,40.386,24.761,1,0.000,1312
1826,1024,1024,1.0000,43.537,22.969,1,0.000,1313
1827,1024,1024,1.0000,39.733,25.168,1,0.000,1314
1828,1024,1024,1.0000,40.217,24.865,1,0.000,1315
1829,1024,1024,1.0000,40.539,24.668,1,0.000,1316
1830,1024,1024,1.0000,39.623,25.238,1,0.000,1317
1831,1024,1024,1.0000,39.991,25.006,1,0.000,1318
1832,1024,1024,1.0000,40.665,24.591,1,0.000,1319
1833,1024,1024,1.0000,39.794,25.129,1,0.000,1320
1834,1024,1024,1.0000,39.556,25.281,1,0.000,1321
1835,1024,1024,1.0000,39.765,25.148,1,0.000,1322
1836,1024,1024,1.0000,39.770,25.145,1,0.000,1323
1837,1024,1024,1.0000,39.479,25.330,1,0.000,1324
1838,1024,1024,1.0000,40.316,24.804,1,0.000,1325
1839,1024,1024,1.0000,39.649,25.221,1,0.000,1326
1840,1024,1024,1.0000,39.813,25.117,1,0.000,1327
1841,1024,1024,1.0000,39.849,25.095,1,0.000,1328
1842,1024,1024,1.0000,40.035,24.978,1,0.000,1329
1843,1024,1024,1.0000,40.000,25.000,1,0.000,1330
1844,1024,1024,1.0000,39.968,25.020,1,0.000,1331
1845,1024,1024,1.0000,40.061,24.962,1,0.000,1332
1846,1024,1024,1.0000,40.047,24.971,1,0.000,1333
1847,1024,1024,1.0000,40.622,24.617,1,0.000,1334
1848,1024,1024,1.0000,40.455,24.719,1,0.000,1335
1849,1024,1024,1.0000,40.399,24.753,1,0.000,1336
1850,1024,1024,1.0000,39.241,25.484,1,0.000,1337
1851,1024,1024,1.0000,41.964,23.830,1,0.000,1338
1852,1024,1024,1.0000,43.602,22.935,1,0.000,1339
1853,1024,1024,1.0000,40.240,24.851,1,0.000,1340
1854,1024,1024,1.0000,39.825,25.110,1,0.000,1341
1855,1024,1024,1.0000,40.486,24.700,1,0.000,1342
1856,1024,1024,1.0000,39.706,25.185,1,0.000,1343
1857,1024,1024,1.0000,39.908,25.058,1,0.000,1344
1858,1024,1024,1.0000,40.199,24.876,1,0.000,1345
1859,1024,1024,1.0000,40.386,24.761,1,0.000,1346
1860,1024,1024,1.0000,46.071,21.706,1,0.000,1347
1861,1024,1024,1.0000,48.434,20.647,1,0.000,1348
1862,1024,1024,1.0000,41.055,24.358,1,0.000,1349
1863,1024,1024,1.0000,40.227,24.859,1,0.000,1350
1864,1024,1024,1.0000,40.093,24.942,1,0.000,1351
1865,1024,1024,1.0000,40.095,24.941,1,0.000,1352
1866,1024,1024,1.0000,39.896,25.065,1,0.000,1353
1867,1024,1024,1.0000,39.869,25.082,1,0.000,1354
1868,1024,1024,1.0000,40.205,24.873,1,0.000,1355
1869,1024,1024,1.0000,40.220,24.863,1,0.000,1356
1870,1024,1024,1.0000,40.032,24.980,1,0.000,1357
1871,1024,1024,1.0000,40.229,24.858,1,0.000,1358
1872,1024,1024,1.0000,40.938,24.427,1,0.000,1359
1873,1024,1024,1.0000,39.874,25.079,1,0.000,1360
1874,1024,1024,1.0000,40.465,24.713,1,0.000,1361
1875,1024,1024,1.0000,40.343,24.787,1,0.000,1362
1876,1024,1024,1.0000,39.959,25.026,1,0.000,1363
1877,1024,1024,1.0000,40.016,24.990,1,0.000,1364
1878,1024,1024,1.0000,43.481,22.999,1,0.000,1365
1879,1024,1024,1.0000,40.429,24.735,1,0.000,1366
1880,1024,1024,1.0000,39.919,25.051,1,0.000,1367
1881,1024,1024,1.0000,40.159,24.901,1,0.000,1368
1882,1024,1024,1.0000,39.731,25.169,1,0.000,1369
1883,1024,1024,1.0000,39.787,25.134,1,0.000,1370
1884,1024,1024,1.0000,39.917,25.052,1,0.000,1371
1885,1024,1024,1.0000,39.800,25.126,1,0.000,1372
1886,1024,1024,1.0000,40.799,24.510,1,0.000,1373
1887,1024,1024,1.0000,40.378,24.766,1,0.000,1374
1888,1024,1024,1.0000,39.987,25.008,1,0.000,1375
1889,1024,1024,1.0000,40.245,24.848,1,0.000,1376
1890,1024,1024,1.0000,40.035,24.978,1,0.000,1377
1891,1024,1024,1.0000,40.061,24.962,1,0.000,1378
1892,1024,1024,1.0000,40.501,24.691,1,0.000,1379
1893,1024,1024,1.0000,40.462,24.715,1,0.000,1380
1894,1024,1024,1.0000,39.975,25.016,1,0.000,1381
1895,1024,1024,1.0000,39.725,25.173,1,0.000,1382
1896,1024,1024,1.0000,39.989,25.007,1,0.000,1383
1897,1024,1024,1.0000,40.921,24.437,1,0.000,1384
1898,1024,1024,1.0000,40.273,24.831,1,0.000,1385
1899,1024,1024,1.0000,40.161,24.900,1,0.000,1386
1900,1024,1024,1.0000,40.293,24.818,1,0.000,1387
1901,1024,1024,1.0000,43.604,22.934,1,0.000,1388
1902,1024,1024,1.0000,40.720,24.558,1,0.000,1389
1903,1024,1024,1.0000,40.513,24.683,1,0.000,1390
1904,1024,1024,1.0000,39.855,25.091,1,0.000,1391
1905,1024,1024,1.0000,40.104,24.935,1,0.000,1392
1906,1024,1024,1.0000,39.804,25.123,1,0.000,1393
1907,1024,1024,1.0000,40.678,24.583,1,0.000,1394
1908,1024,1024,1.0000,40.532,24.672,1,0.000,1395
1909,1024,1024,1.0000,40.195,24.879,1,0.000,1396
1910,1024,1024,1.0000,40.572,24.648,1,0.000,1397
1911,1024,1024,1.0000,51.046,19.590,1,0.000,1398
1912,1024,1024,1.0000,45.010,22.217,1,0.000,1399
1913,1024,1024,1.0000,40.513,24.683,1,0.000,1400
1914,1024,1024,1.0000,40.346,24.786,1,0.000,1401
1915,1024,1024,1.0000,40.242,24.850,1,0.000,1402
1916,1024,1024,1.0000,40.728,24.553,1,0.000,1403
1917,1024,1024,1.0000,39.769,25.145,1,0.000,1404
1918,1024,1024,1.0000,40.263,24.837,1,0.000,1405
1919,1024,1024,1.0000,40.596,24.633,1,0.000,1406
1920,1024,1024,1.0000,39.207,25.506,1,0.000,1407
1921,1024,1024,1.0000,40.657,24.596,1,0.000,1408
1922,1024,1024,1.0000,39.644,25.224,1,0.000,1409
1923,1024,1024,1.0000,40.338,24.791,1,0.000,1410
1924,1024,1024,1.0000,41.084,24.340,1,0.000,1411
1925,1024,1024,1.0000,39.408,25.376,1,0.000,1412
1926,1024,1024,1.0000,40.245,24.848,1,0.000,1413
1927,1024,1024,1.0000,40.250,24.845,1,0.000,1414
1928,1024,1024,1.0000,40.296,24.816,1,0.000,1415
1929,1024,1024,1.0000,40.205,24.873,1,0.000,1416
1930,1024,1024,1.0000,42.676,23.432,1,0.000,1417
1931,1024,1024,1.0000,40.787,24.518,1,0.000,1418
1932,1024,1024,1.0000,40.678,24.583,1,0.000,1419
1933,1024,1024,1.0000,39.741,25.163,1,0.000,1420
1934,1024,1024,1.0000,39.765,25.148,1,0.000,1421
1935,1024,1024,1.0000,39.769,25.145,1,0.000,1422
1936,1024,1024,1.0000,41.308,24.208,1,0.000,1423
1937,1024,1024,1.0000,41.333,24.194,1,0.000,1424
1938,1024,1024,1.0000,40.116,24.928,1,0.000,1425
1939,1024,1024,1.0000,40.599,24.631,1,0.000,1426
1940,1024,1024,1.0000,40.275,24.829,1,0.000,1427
1941,1024,1024,1.0000,39.907,25.058,1,0.000,1428
1942,1024,1024,1.0000,39.911,25.056,1,0.000,1429
1943,1024,1024,1.0000,40.016,24.990,1,0.000,1430
1944,1024,1024,1.0000,39.707,25.184,1,0.000,1431
1945,1024,1024,1.0000,39.699,25.190,1,0.000,1432
1946,1024,1024,1.0000,40.764,24.531,1,0.000,1433
1947,1024,1024,1.0000,41.136,24.310,1,0.000,1434
1948,1024,1024,1.0000,39.478,25.331,1,0.000,1435
1949,1024,1024,1.0000,40.181,24.887,1,0.000,1436
1950,1024,1024,1.0000,43.238,23.128,1,0.000,1437
1951,1024,1024,1.0000,40.200,24.876,1,0.000,1438
1952,1024,1024,1.0000,39.748,25.158,1,0.000,1439
1953,1024,1024,1.0000,40.504,24.689,1,0.000,1440
1954,1024,1024,1.0000,40.109,24.932,1,0.000,1441
1955,1024,1024,1.0000,40.237,24.853,1,0.000,1442
1956,1024,1024,1.0000,40.083,24.948,1,0.000,1443
1957,1024,1024,1.0000,39.693,25.193,1,0.000,1444
1958,1024,1024,1.0000,40.278,24.827,1,0.000,1445
1959,1024,1024,1.0000,40.107,24.933,1,0.000,1446
1960,1024,1024,1.0000,39.918,25.051,1,0.000,1447
1961,1024,1024,1.0000,44.826,22.308,1,0.000,1448
1962,1024,1024,1.0000,48.849,20.471,1,0.000,1449
1963,1024,1024,1.0000,42.413,23.578,1,0.000,1450
1964,1024,1024,1.0000,40.829,24.492,1,0.000,1451
1965,1024,1024,1.0000,40.094,24.941,1,0.000,1452
1966,1024,1024,1.0000,40.207,24.871,1,0.000,1453
1967,1024,1024,1.0000,39.940,25.038,1,0.000,1454
1968,1024,1024,1.0000,40.623,24.617,1,0.000,1455
1969,1024,1024,1.0000,40.582,24.641,1,0.000,1456
1970,1024,1024,1.0000,40.833,24.490,1,0.000,1457
1971,1024,1024,1.0000,40.165,24.897,1,0.000,1458
1972,1024,1024,1.0000,40.133,24.917,1,0.000,1459
1973,1024,1024,1.0000,41.238,24.249,1,0.000,1460
1974,1024,1024,1.0000,39.783,25.136,1,0.000,1461
1975,1024,1024,1.0000,39.976,25.015,1,0.000,1462
1976,1024,1024,1.0000,40.280,24.826,1,0.000,1463
1977,1024,1024,1.0000,40.540,24.667,1,0.000,1464
1978,1024,1024,1.0000,40.469,24.710,1,0.000,1465
1979,1024,1024,1.0000,40.433,24.732,1,0.000,1466
1980,1024,1024,1.0000,40.091,24.943,1,0.000,1467
1981,1024,1024,1.0000,40.301,24.813,1,0.000,1468
1982,1024,1024,1.0000,42.154,23.723,1,0.000,1469
1983,1024,1024,1.0000,41.554,24.065,1,0.000,1470
1984,1024,1024,1.0000,39.953,25.029,1,0.000,1471
1985,1024,1024,1.0000,41.307,24.209,1,0.000,1472
1986,1024,1024,1.0000,40.974,24.406,1,0.000,1473
1987,1024,1024,1.0000,40.225,24.860,1,0.000,1474
1988,1024,1024,1.0000,40.061,24.962,1,0.000,1475
1989,1024,1024,1.0000,39.767,25.146,1,0.000,1476
1990,1024,1024,1.0000,41.165,24.292,1,0.000,1477
1991,1024,1024,1.0000,40.223,24.861,1,0.000,1478
1992,1024,1024,1.0000,38.871,25.726,1,0.000,1479
1993,1024,1024,1.0000,39.998,25.001,1,0.000,1480
1994,1024,1024,1.0000,38.969,25.661,1,0.000,1481
1995,1024,1024,1.0000,40.082,24.949,1,0.000,1482
1996,1024,1024,1.0000,40.044,24.973,1,0.000,1483
1997,1024,1024,1.0000,39.464,25.340,1,0.000,1484
1998,1024,1024,1.0000,39.954,25.029,1,0.000,1485
1999,1024,1024,1.0000,42.716,23.410,1,0.000,1486
2000,1024,1024,1.0000,40.253,24.843,1,0.000,1487
2001,1024,1024,1.0000,39.609,25.247,1,0.000,1488
2002,1024,1024,1.0000,40.043,24.973,1,0.000,1489
2003,1024,1024,1.0000,39.564,25.276,1,0.000,1490
2004,1024,1024,1.0000,40.154,24.904,1,0.000,1491
2005,1024,1024,1.0000,39.971,25.018,1,0.000,1492
2006,1024,1024,1.0000,41.446,24.128,1,0.000,1493
2007,1024,1024,1.0000,39.252,25.476,1,0.000,1494
2008,1024,1024,1.0000,39.452,25.347,1,0.000,1495
2009,1024,1024,1.0000,39.773,25.143,1,0.000,1496
2010,1024,1024,1.0000,39.710,25.183,1,0.000,1497
2011,1024,1024,1.0000,49.960,20.016,1,0.000,1498
2012,1024,1024,1.0000,49.676,20.130,1,0.000,1499
2013,1024,1024,1.0000,46.080,21.701,1,0.000,1500
2014,1024,1024,1.0000,45.141,22.153,1,0.000,1501
2015,1024,1024,1.0000,40.184,24.886,1,0.000,1502
2016,1024,1024,1.0000,40.158,24.902,1,0.000,1503
2017,1024,1024,1.0000,39.613,25.244,1,0.000,1504
2018,1024,1024,1.0000,40.404,24.750,1,0.000,1505
2019,1024,1024,1.0000,39.563,25.276,1,0.000,1506
2020,1024,1024,1.0000,39.899,25.063,1,0.000,1507
2021,1024,1024,1.0000,39.951,25.031,1,0.000,1508
2022,1024,1024,1.0000,39.123,25.560,1,0.000,1509
2023,1024,1024,1.0000,40.601,24.630,1,0.000,1510
2024,1024,1024,1.0000,40.575,24.646,1,0.000,1511
2025,1024,1024,1.0000,39.858,25.089,1,0.000,1512
2026,1024,1024,1.0000,40.211,24.869,1,0.000,1513
2027,1024,1024,1.0000,39.092,25.581,1,0.000,1514
2028,1024,1024,1.0000,39.705,25.186,1,0.000,1515
2029,1024,1024,1.0000,39.610,25.246,1,0.000,1516
2030,1024,1024,1.0000,39.421,25.367,1,0.000,1517
2031,1024,1024,1.0000,40.433,24.732,1,0.000,1518
2032,1024,1024,1.0000,39.190,25.517,1,0.000,1519
2033,1024,1024,1.0000,39.130,25.556,1,0.000,1520
2034,1024,1024,1.0000,40.336,24.792,1,0.000,1521
2035,1024,1024,1.0000,41.033,24.371,1,0.000,1522
2036,1024,1024,1.0000,40.173,24.892,1,0.000,1523
2037,1024,1024,1.0000,38.755,25.803,1,0.000,1524
2038,1024,1024,1.0000,39.612,25.245,1,0.000,1525
2039,1024,1024,1.0000,40.003,24.998,1,0.000,1526
2040,1024,1024,1.0000,39.493,25.321,1,0.000,1527
2041,1024,1024,1.0000,39.873,25.080,1,0.000,1528
2042,1024,1024,1.0000,38.515,25.964,1,0.000,1529
2043,1024,1024,1.0000,39.084,25.586,1,0.000,1530
2044,1024,1024,1.0000,40.184,24.886,1,0.000,1531
2045,1024,1024,1.0000,39.463,25.340,1,0.000,1532
2046,1024,1024,1.0000,39.793,25.130,1,0.000,1533
2047,1024,1024,1.0000,40.343,24.787,1,0.000,1534
2048,1024,1024,1.0000,40.463,24.714,1,0.000,1535
2049,1024,1024,1.0000,42.425,23.571,1,0.000,1536
2050,1024,1024,1.0000,41.758,23.948,1,0.000,1537
2051,1024,1024,1.0000,41.138,24.308,1,0.000,1538
2052,1024,1024,1.0000,40.392,24.757,1,0.000,1539
2053,1024,1024,1.0000,41.250,24.242,1,0.000,1540
2054,1024,1024,1.0000,41.637,24.017,1,0.000,1541
2055,1024,1024,1.0000,40.958,24.415,1,0.000,1542
2056,1024,1024,1.0000,41.288,24.220,1,0.000,1543
2057,1024,1024,1.0000,40.873,24.466,1,0.000,1544
2058,1024,1024,1.0000,40.476,24.706,1,0.000,1545
2059,1024,1024,1.0000,41.036,24.369,1,0.000,1546
2060,1024,1024,1.0000,40.890,24.456,1,0.000,1547
2061,1024,1024,1.0000,40.328,24.797,1,0.000,1548
2062,1024,1024,1.0000,43.256,23.118,1,0.000,1549
2063,1024,1024,1.0000,51.502,19.417,1,0.000,1550
2064,1024,1024,1.0000,43.443,23.019,1,0.000,1551
2065,1024,1024,1.0000,41.134,24.311,1,0.000,1552
2066,1024,1024,1.0000,41.699,23.981,1,0.000,1553
2067,1024,1024,1.0000,41.245,24.245,1,0.000,1554
2068,1024,1024,1.0000,40.724,24.556,1,0.000,1555
2069,1024,1024,1.0000,41.577,24.052,1,0.000,1556
2070,1024,1024,1.0000,41.723,23.968,1,0.000,1557
2071,1024,1024,1.0000,41.107,24.327,1,0.000,1558
2072,1024,1024,1.0000,40.861,24.473,1,0.000,1559
2073,1024,1024,1.0000,40.881,24.461,1,0.000,1560
2074,1024,1024,1.0000,41.001,24.390,1,0.000,1561
2075,1024,1024,1.0000,40.942,24.425,1,0.000,1562
2076,1024,1024,1.0000,41.272,24.230,1,0.000,1563
2077,1024,1024,1.0000,41.031,24.372,1,0.000,1564
2078,1024,1024,1.0000,41.761,23.946,1,0.000,1565
2079,1024,1024,1.0000,41.275,24.228,1,0.000,1566
2080,1024,1024,1.0000,40.727,24.554,1,0.000,1567
2081,1024,1024,1.0000,41.190,24.278,1,0.000,1568
2082,1024,1024,1.0000,40.008,24.995,1,0.000,1569
2083,1024,1024,1.0000,41.170,24.290,1,0.000,1570
2084,1024,1024,1.0000,41.293,24.217,1,0.000,1571
2085,1024,1024,1.0000,41.272,24.230,1,0.000,1572
2086,1024,1024,1.0000,44.573,22.435,1,0.000,1573
2087,1024,1024,1.0000,41.207,24.268,1,0.000,1574
2088,1024,1024,1.0000,40.995,24.393,1,0.000,1575
2089,1024,1024,1.0000,40.781,24.521,1,0.000,1576
2090,1024,1024,1.0000,41.063,24.353,1,0.000,1577
2091,1024,1024,1.0000,41.414,24.146,1,0.000,1578
2092,1024,1024,1.0000,42.358,23.608,1,0.000,1579
2093,1024,1024,1.0000,40.771,24.527,1,0.000,1580
2094,1024,1024,1.0000,40.621,24.618,1,0.000,1581
2095,1024,1024,1.0000,41.014,24.382,1,0.000,1582
2096,1024,1024,1.0000,41.349,24.184,1,0.000,1583
2097,1024,1024,1.0000,43.370,23.057,1,0.000,1584
2098,1024,1024,1.0000,41.031,24.372,1,0.000,1585
2099,1024,1024,1.0000,42.160,23.719,1,0.000,1586
2100,1024,1024,1.0000,40.765,24.531,1,0.000,1587
2101,1024,1024,1.0000,41.170,24.290,1,0.000,1588
2102,1024,1024,1.0000,40.643,24.604,1,0.000,1589
2103,1024,1024,1.0000,41.337,24.191,1,0.000,1590
2104,1024,1024,1.0000,40.950,24.420,1,0.000,1591
2105,1024,1024,1.0000,40.303,24.812,1,0.000,1592
2106,1024,1024,1.0000,41.150,24.301,1,0.000,1593
2107,1024,1024,1.0000,41.166,24.292,1,0.000,1594
2108,1024,1024,1.0000,40.649,24.601,1,0.000,1595
2109,1024,1024,1.0000,40.394,24.756,1,0.000,1596
2110,1024,1024,1.0000,40.361,24.776,1,0.000,1597
2111,1024,1024,1.0000,41.531,24.078,1,0.000,1598
2112,1024,1024,1.0000,48.013,20.828,1,0.000,1599
2113,1024,1024,1.0000,49.516,20.195,1,0.000,1600
2114,1024,1024,1.0000,42.416,23.576,1,0.000,1601
2115,1024,1024,1.0000,40.761,24.533,1,0.000,1602
2116,1024,1024,1.0000,41.373,24.170,1,0.000,1603
2117,1024,1024,1.0000,40.824,24.495,1,0.000,1604
2118,1024,1024,1.0000,40.839,24.486,1,0.000,1605
2119,1024,1024,1.0000,40.665,24.591,1,0.000,1606
2120,1024,1024,1.0000,41.196,24.274,1,0.000,1607
2121,1024,1024,1.0000,40.977,24.404,1,0.000,1608
2122,1024,1024,1.0000,41.582,24.049,1,0.000,1609
2123,1024,1024,1.0000,41.184,24.281,1,0.000,1610
2124,1024,1024,1.0000,41.294,24.217,1,0.000,1611
2125,1024,1024,1.0000,41.513,24.089,1,0.000,1612
2126,1024,1024,1.0000,41.713,23.973,1,0.000,1613
2127,1024,1024,1.0000,41.186,24.280,1,0.000,1614
2128,1024,1024,1.0000,41.240,24.248,1,0.000,1615
2129,1024,1024,1.0000,40.803,24.508,1,0.000,1616
2130,1024,1024,1.0000,41.362,24.177,1,0.000,1617
2131,1024,1024,1.0000,40.886,24.458,1,0.000,1618
2132,1024,1024,1.0000,40.895,24.453,1,0.000,1619
2133,1024,1024,1.0000,40.624,24.616,1,0.000,1620
2134,1024,1024,1.0000,41.236,24.251,1,0.000,1621
2135,1024,1024,1.0000,41.288,24.220,1,0.000,1622
2136,1024,1024,1.0000,40.966,24.410,1,0.000,1623
2137,1024,1024,1.0000,44.292,22.577,1,0.000,1624
2138,1024,1024,1.0000,41.609,24.033,1,0.000,1625
2139,1024,1024,1.0000,40.937,24.428,1,0.000,1626
2140,1024,1024,1.0000,40.852,24.479,1,0.000,1627
2141,1024,1024,1.0000,41.013,24.383,1,0.000,1628
2142,1024,1024,1.0000,41.593,24.043,1,0.000,1629
2143,1024,1024,1.0000,41.499,24.097,1,0.000,1630
2144,1024,1024,1.0000,41.612,24.032,1,0.000,1631
2145,1024,1024,1.0000,44.093,22.679,1,0.000,1632
2146,1024,1024,1.0000,41.289,24.220,1,0.000,1633
2147,1024,1024,1.0000,41.517,24.087,1,0.000,1634
2148,1024,1024,1.0000,40.932,24.431,1,0.000,1635
2149,1024,1024,1.0000,41.030,24.372,1,0.000,1636
2150,1024,1024,1.0000,41.241,24.248,1,0.000,1637
2151,1024,1024,1.0000,41.400,24.155,1,0.000,1638
2152,1024,1024,1.0000,41.350,24.184,1,0.000,1639
2153,1024,1024,1.0000,40.997,24.392,1,0.000,1640
2154,1024,1024,1.0000,41.029,24.373,1,0.000,1641
2155,1024,1024,1.0000,40.363,24.775,1,0.000,1642
2156,1024,1024,1.0000,41.140,24.307,1,0.000,1643
2157,1024,1024,1.0000,40.230,24.857,1,0.000,1644
2158,1024,1024,1.0000,41.035,24.369,1,0.000,1645
2159,1024,1024,1.0000,41.804,23.921,1,0.000,1646
2160,1024,1024,1.0000,40.697,24.572,1,0.000,1647
2161,1024,1024,1.0000,43.323,23.082,1,0.000,1648
2162,1024,1024,1.0000,52.358,19.099,1,0.000,1649
2163,1024,1024,1.0000,43.936,22.760,1,0.000,1650
2164,1024,1024,1.0000,41.381,24.166,1,0.000,1651
2165,1024,1024,1.0000,40.976,24.405,1,0.000,1652
2166,1024,1024,1.0000,42.007,23.806,1,0.000,1653
2167,1024,1024,1.0000,40.683,24.580,1,0.000,1654
2168,1024,1024,1.0000,41.743,23.956,1,0.000,1655
2169,1024,1024,1.0000,40.770,24.528,1,0.000,1656
2170,1024,1024,1.0000,40.512,24.684,1,0.000,1657
2171,1024,1024,1.0000,40.912,24.443,1,0.000,1658
2172,1024,1024,1.0000,41.374,24.170,1,0.000,1659
2173,1024,1024,1.0000,41.591,24.044,1,0.000,1660
2174,1024,1024,1.0000,41.051,24.360,1,0.000,1661
2175,1024,1024,1.0000,40.753,24.538,1,0.000,1662
2176,1024,1024,1.0000,41.652,24.008,1,0.000,1663
2177,1024,1024,1.0000,40.685,24.579,1,0.000,1664
2178,1024,1024,1.0000,40.509,24.686,1,0.000,1665
2179,1024,1024,1.0000,40.680,24.582,1,0.000,1666
2180,1024,1024,1.0000,40.681,24.581,1,0.000,1667
2181,1024,1024,1.0000,40.604,24.628,1,0.000,1668
2182,1024,1024,1.0000,40.672,24.587,1,0.000,1669
2183,1024,1024,1.0000,41.131,24.313,1,0.000,1670
2184,1024,1024,1.0000,41.236,24.251,1,0.000,1671
2185,1024,1024,1.0000,40.526,24.676,1,0.000,1672
2186,1024,1024,1.0000,40.976,24.405,1,0.000,1673
2187,1024,1024,1.0000,40.864,24.471,1,0.000,1674
2188,1024,1024,1.0000,44.359,22.543,1,0.000,1675
2189,1024,1024,1.0000,41.487,24.104,1,0.000,1676
2190,1024,1024,1.0000,41.176,24.286,1,0.000,1677
2191,1024,1024,1.0000,40.930,24.432,1,0.000,1678
2192,1024,1024,1.0000,41.464,24.117,1,0.000,1679
2193,1024,1024,1.0000,44.478,22.483,1,0.000,1680
2194,1024,1024,1.0000,40.830,24.492,1,0.000,1681
2195,1024,1024,1.0000,40.829,24.492,1,0.000,1682
2196,1024,1024,1.0000,40.365,24.774,1,0.000,1683
2197,1024,1024,1.0000,40.690,24.576,1,0.000,1684
2198,1024,1024,1.0000,40.796,24.512,1,0.000,1685
2199,1024,1024,1.0000,41.222,24.259,1,0.000,1686
2200,1024,1024,1.0000,41.239,24.249,1,0.000,1687
2201,1024,1024,1.0000,41.317,24.203,1,0.000,1688
2202,1024,1024,1.0000,40.880,24.462,1,0.000,1689
2203,1024,1024,1.0000,40.540,24.667,1,0.000,1690
2204,1024,1024,1.0000,41.355,24.181,1,0.000,1691
2205,1024,1024,1.0000,40.677,24.584,1,0.000,1692
2206,1024,1024,1.0000,40.550,24.661,1,0.000,1693
2207,1024,1024,1.0000,40.967,24.410,1,0.000,1694
2208,1024,1024,1.0000,41.692,23.985,1,0.000,1695
2209,1024,1024,1.0000,40.972,24.407,1,0.000,1696
2210,1024,1024,1.0000,41.020,24.378,1,0.000,1697
2211,1024,1024,1.0000,47.845,20.901,1,0.000,1698
2212,1024,1024,1.0000,50.205,19.918,1,0.000,1699
2213,1024,1024,1.0000,42.375,23.599,1,0.000,1700
2214,1024,1024,1.0000,41.333,24.194,1,0.000,1701
2215,1024,1024,1.0000,41.829,23.907,1,0.000,1702
2216,1024,1024,1.0000,41.085,24.340,1,0.000,1703
2217,1024,1024,1.0000,40.436,24.730,1,0.000,1704
2218,1024,1024,1.0000,41.144,24.305,1,0.000,1705
2219,1024,1024,1.0000,40.743,24.544,1,0.000,1706
2220,1024,1024,1.0000,40.860,24.474,1,0.000,1707
2221,1024,1024,1.0000,41.142,24.306,1,0.000,1708
2222,1024,1024,1.0000,41.292,24.218,1,0.000,1709
2223,1024,1024,1.0000,41.463,24.118,1,0.000,1710
2224,1024,1024,1.0000,40.661,24.594,1,0.000,1711
2225,1024,1024,1.0000,40.649,24.601,1,0.000,1712
2226,1024,1024,1.0000,41.086,24.339,1,0.000,1713
2227,1024,1024,1.0000,40.759,24.534,1,0.000,1714
2228,1024,1024,1.0000,41.345,24.187,1,0.000,1715
2229,1024,1024,1.0000,41.514,24.088,1,0.000,1716
2230,1024,1024,1.0000,40.408,24.748,1,0.000,1717
2231,1024,1024,1.0000,41.532,24.078,1,0.000,1718
2232,1024,1024,1.0000,40.819,24.498,1,0.000,1719
2233,1024,1024,1.0000,41.198,24.273,1,0.000,1720
2234,1024,1024,1.0000,41.132,24.312,1,0.000,1721
2235,1024,1024,1.0000,40.413,24.745,1,0.000,1722
2236,1024,1024,1.0000,40.419,24.741,1,0.000,1723
2237,1024,1024,1.0000,41.723,23.968,1,0.000,1724
2238,1024,1024,1.0000,41.723,23.968,1,0.000,1725
2239,1024,1024,1.0000,43.846,22.807,1,0.000,1726
2240,1024,1024,1.0000,41.125,24.316,1,0.000,1727
2241,1024,1024,1.0000,44.017,22.718,1,0.000,1728
2242,1024,1024,1.0000,40.661,24.594,1,0.000,1729
2243,1024,1024,1.0000,40.926,24.434,1,0.000,1730
2244,1024,1024,1.0000,41.077,24.345,1,0.000,1731
2245,1024,1024,1.0000,41.467,24.116,1,0.000,1732
2246,1024,1024,1.0000,41.490,24.102,1,0.000,1733
2247,1024,1024,1.0000,40.861,24.473,1,0.000,1734
2248,1024,1024,1.0000,40.955,24.417,1,0.000,1735
2249,1024,1024,1.0000,41.314,24.205,1,0.000,1736
2250,1024,1024,1.0000,40.520,24.679,1,0.000,1737
2251,1024,1024,1.0000,41.023,24.377,1,0.000,1738
2252,1024,1024,1.0000,41.084,24.340,1,0.000,1739
2253,1024,1024,1.0000,41.423,24.141,1,0.000,1740
2254,1024,1024,1.0000,44.001,22.727,1,0.000,1741
2255,1024,1024,1.0000,43.953,22.752,1,0.000,1742
2256,1024,1024,1.0000,41.317,24.203,1,0.000,1743
2257,1024,1024,1.0000,41.226,24.257,1,0.000,1744
2258,1024,1024,1.0000,40.422,24.739,1,0.000,1745
2259,1024,1024,1.0000,41.261,24.236,1,0.000,1746
2260,1024,1024,1.0000,43.610,22.931,1,0.000,1747
2261,1024,1024,1.0000,58.617,17.060,1,0.000,1748
2262,1024,1024,1.0000,55.112,18.145,1,0.000,1749
2263,1024,1024,1.0000,52.474,19.057,1,0.000,1750
2264,1024,1024,1.0000,52.852,18.921,1,0.000,1751
2265,1024,1024,1.0000,52.179,19.165,1,0.000,1752
2266,1024,1024,1.0000,52.888,18.908,1,0.000,1753
2267,1024,1024,1.0000,51.970,19.242,1,0.000,1754
2268,1024,1024,1.0000,51.932,19.256,1,0.000,1755
2269,1024,1024,1.0000,49.860,20.056,1,0.000,1756
2270,1024,1024,1.0000,41.420,24.143,1,0.000,1757
2271,1024,1024,1.0000,40.170,24.894,1,0.000,1758
2272,1024,1024,1.0000,41.039,24.367,1,0.000,1759
2273,1024,1024,1.0000,40.287,24.822,1,0.000,1760
2274,1024,1024,1.0000,40.481,24.703,1,0.000,1761
2275,1024,1024,1.0000,40.771,24.527,1,0.000,1762
2276,1024,1024,1.0000,40.742,24.545,1,0.000,1763
2277,1024,1024,1.0000,41.586,24.047,1,0.000,1764
2278,1024,1024,1.0000,40.267,24.834,1,0.000,1765
2279,1024,1024,1.0000,40.368,24.772,1,0.000,1766
2280,1024,1024,1.0000,40.656,24.597,1,0.000,1767
2281,1024,1024,1.0000,41.337,24.191,1,0.000,1768
2282,1024,1024,1.0000,40.007,24.996,1,0.000,1769
2283,1024,1024,1.0000,40.547,24.663,1,0.000,1770
2284,1024,1024,1.0000,41.143,24.305,1,0.000,1771
2285,1024,1024,1.0000,40.414,24.744,1,0.000,1772
2286,1024,1024,1.0000,41.092,24.336,1,0.000,1773
2287,1024,1024,1.0000,44.797,22.323,1,0.000,1774
2288,1024,1024,1.0000,42.778,23.377,1,0.000,1775
2289,1024,1024,1.0000,41.352,24.183,1,0.000,1776
2290,1024,1024,1.0000,40.714,24.562,1,0.000,1777
2291,1024,1024,1.0000,41.328,24.197,1,0.000,1778
2292,1024,1024,1.0000,40.812,24.503,1,0.000,1779
2293,1024,1024,1.0000,40.378,24.766,1,0.000,1780
2294,1024,1024,1.0000,42.262,23.662,1,0.000,1781
2295,1024,1024,1.0000,40.795,24.513,1,0.000,1782
2296,1024,1024,1.0000,41.240,24.248,1,0.000,1783
2297,1024,1024,1.0000,40.844,24.483,1,0.000,1784
2298,1024,1024,1.0000,41.261,24.236,1,0.000,1785
2299,1024,1024,1.0000,41.530,24.079,1,0.000,1786
2300,1024,1024,1.0000,41.458,24.121,1,0.000,1787
2301,1024,1024,1.0000,41.245,24.245,1,0.000,1788
2302,1024,1024,1.0000,40.789,24.516,1,0.000,1789
2303,1024,1024,1.0000,41.472,24.113,1,0.000,1790
2304,1024,1024,1.0000,41.246,24.245,1,0.000,1791
2305,1024,1024,1.0000,41.192,24.277,1,0.000,1792
2306,1024,1024,1.0000,44.150,22.650,1,0.000,1793
2307,1024,1024,1.0000,41.762,23.945,1,0.000,1794
2308,1024,1024,1.0000,51.976,19.240,1,0.000,1795
2309,1024,1024,1.0000,47.092,21.235,1,0.000,1796
2310,1024,1024,1.0000,41.486,24.105,1,0.000,1797
2311,1024,1024,1.0000,44.501,22.471,1,0.000,1798
2312,1024,1024,1.0000,41.568,24.057,1,0.000,1799
2313,1024,1024,1.0000,41.371,24.172,1,0.000,1800
2314,1024,1024,1.0000,40.901,24.449,1,0.000,1801
2315,1024,1024,1.0000,41.548,24.069,1,0.000,1802
2316,1024,1024,1.0000,41.600,24.038,1,0.000,1803
2317,1024,1024,1.0000,41.844,23.898,1,0.000,1804
2318,1024,1024,1.0000,40.902,24.449,1,0.000,1805
2319,1024,1024,1.0000,41.096,24.333,1,0.000,1806
2320,1024,1024,1.0000,41.310,24.207,1,0.000,1807
2321,1024,1024,1.0000,41.287,24.221,1,0.000,1808
2322,1024,1024,1.0000,41.235,24.251,1,0.000,1809
2323,1024,1024,1.0000,41.073,24.347,1,0.000,1810
2324,1024,1024,1.0000,40.678,24.583,1,0.000,1811
2325,1024,1024,1.0000,41.701,23.980,1,0.000,1812
2326,1024,1024,1.0000,42.036,23.789,1,0.000,1813
2327,1024,1024,1.0000,41.464,24.117,1,0.000,1814
2328,1024,1024,1.0000,41.274,24.228,1,0.000,1815
2329,1024,1024,1.0000,40.494,24.695,1,0.000,1816
2330,1024,1024,1.0000,41.852,23.894,1,0.000,1817
2331,1024,1024,1.0000,41.152,24.300,1,0.000,1818
2332,1024,1024,1.0000,41.429,24.138,1,0.000,1819
2333,1024,1024,1.0000,41.886,23.874,1,0.000,1820
2334,1024,1024,1.0000,42.438,23.564,1,0.000,1821
2335,1024,1024,1.0000,43.610,22.931,1,0.000,1822
2336,1024,1024,1.0000,41.322,24.200,1,0.000,1823
2337,1024,1024,1.0000,41.011,24.384,1,0.000,1824
2338,1024,1024,1.0000,45.798,21.835,1,0.000,1825
2339,1024,1024,1.0000,41.702,23.980,1,0.000,1826
2340,1024,1024,1.0000,41.549,24.068,1,0.000,1827
2341,1024,1024,1.0000,42.085,23.761,1,0.000,1828
2342,1024,1024,1.0000,42.611,23.468,1,0.000,1829
2343,1024,1024,1.0000,41.207,24.268,1,0.000,1830
2344,1024,1024,1.0000,42.793,23.368,1,0.000,1831
2345,1024,1024,1.0000,41.362,24.177,1,0.000,1832
2346,1024,1024,1.0000,41.813,23.916,1,0.000,1833
2347,1024,1024,1.0000,42.239,23.675,1,0.000,1834
2348,1024,1024,1.0000,41.171,24.289,1,0.000,1835
2349,1024,1024,1.0000,41.490,24.102,1,0.000,1836
2350,1024,1024,1.0000,40.921,24.437,1,0.000,1837
2351,1024,1024,1.0000,41.308,24.208,1,0.000,1838
2352,1024,1024,1.0000,41.718,23.970,1,0.000,1839
2353,1024,1024,1.0000,41.919,23.856,1,0.000,1840
2354,1024,1024,1.0000,41.976,23.823,1,0.000,1841
2355,1024,1024,1.0000,41.979,23.821,1,0.000,1842
2356,1024,1024,1.0000,41.122,24.318,1,0.000,1843
2357,1024,1024,1.0000,52.616,19.006,1,0.000,1844
2358,1024,1024,1.0000,45.907,21.783,1,0.000,1845
2359,1024,1024,1.0000,41.652,24.008,1,0.000,1846
2360,1024,1024,1.0000,41.876,23.880,1,0.000,1847
2361,1024,1024,1.0000,40.981,24.402,1,0.000,1848
2362,1024,1024,1.0000,41.611,24.032,1,0.000,1849
2363,1024,1024,1.0000,41.480,24.108,1,0.000,1850
2364,1024,1024,1.0000,42.196,23.699,1,0.000,1851
2365,1024,1024,1.0000,41.992,23.814,1,0.000,1852
2366,1024,1024,1.0000,41.239,24.249,1,0.000,1853
2367,1024,1024,1.0000,41.429,24.138,1,0.000,1854
2368,1024,1024,1.0000,41.519,24.085,1,0.000,1855
2369,1024,1024,1.0000,43.072,23.217,1,0.000,1856
2370,1024,1024,1.0000,41.542,24.072,1,0.000,1857
2371,1024,1024,1.0000,41.537,24.075,1,0.000,1858
2372,1024,1024,1.0000,41.597,24.040,1,0.000,1859
2373,1024,1024,1.0000,41.555,24.064,1,0.000,1860
2374,1024,1024,1.0000,41.106,24.327,1,0.000,1861
2375,1024,1024,1.0000,41.732,23.962,1,0.000,1862
2376,1024,1024,1.0000,41.608,24.034,1,0.000,1863
2377,1024,1024,1.0000,41.703,23.979,1,0.000,1864
2378,1024,1024,1.0000,41.589,24.045,1,0.000,1865
2379,1024,1024,1.0000,41.131,24.313,1,0.000,1866
2380,1024,1024,1.0000,42.126,23.738,1,0.000,1867
2381,1024,1024,1.0000,41.491,24.102,1,0.000,1868
2382,1024,1024,1.0000,42.071,23.769,1,0.000,1869
2383,1024,1024,1.0000,41.232,24.253,1,0.000,1870
2384,1024,1024,1.0000,42.842,23.342,1,0.000,1871
2385,1024,1024,1.0000,42.017,23.800,1,0.000,1872
2386,1024,1024,1.0000,41.887,23.874,1,0.000,1873
2387,1024,1024,1.0000,41.538,24.074,1,0.000,1874
2388,1024,1024,1.0000,43.818,22.822,1,0.000,1875
2389,1024,1024,1.0000,41.418,24.144,1,0.000,1876
2390,1024,1024,1.0000,41.485,24.105,1,0.000,1877
2391,1024,1024,1.0000,41.888,23.873,1,0.000,1878
2392,1024,1024,1.0000,41.266,24.233,1,0.000,1879
2393,1024,1024,1.0000,41.406,24.151,1,0.000,1880
2394,1024,1024,1.0000,41.504,24.094,1,0.000,1881
2395,1024,1024,1.0000,41.758,23.948,1,0.000,1882
2396,1024,1024,1.0000,41.484,24.106,1,0.000,1883
2397,1024,1024,1.0000,41.565,24.059,1,0.000,1884
2398,1024,1024,1.0000,41.614,24.030,1,0.000,1885
2399,1024,1024,1.0000,41.975,23.824,1,0.000,1886
2400,1024,1024,1.0000,41.736,23.960,1,0.000,1887
2401,1024,1024,1.0000,41.138,24.308,1,0.000,1888
2402,1024,1024,1.0000,42.344,23.616,1,0.000,1889
2403,1024,1024,1.0000,41.487,24.104,1,0.000,1890
2404,1024,1024,1.0000,41.851,23.894,1,0.000,1891
2405,1024,1024,1.0000,41.715,23.972,1,0.000,1892
2406,1024,1024,1.0000,53.451,18.709,1,0.000,1893
2407,1024,1024,1.0000,45.352,22.050,1,0.000,1894
2408,1024,1024,1.0000,41.721,23.969,1,0.000,1895
2409,1024,1024,1.0000,41.748,23.953,1,0.000,1896
2410,1024,1024,1.0000,41.870,23.883,1,0.000,1897
2411,1024,1024,1.0000,41.638,24.017,1,0.000,1898
2412,1024,1024,1.0000,41.748,23.953,1,0.000,1899
2413,1024,1024,1.0000,42.094,23.756,1,0.000,1900
2414,1024,1024,1.0000,42.198,23.698,1,0.000,1901
2415,1024,1024,1.0000,41.598,24.040,1,0.000,1902
2416,1024,1024,1.0000,41.429,24.138,1,0.000,1903
2417,1024,1024,1.0000,41.647,24.011,1,0.000,1904
2418,1024,1024,1.0000,42.079,23.765,1,0.000,1905
2419,1024,1024,1.0000,42.063,23.774,1,0.000,1906
2420,1024,1024,1.0000,41.550,24.067,1,0.000,1907
2421,1024,1024,1.0000,42.186,23.705,1,0.000,1908
2422,1024,1024,1.0000,41.403,24.153,1,0.000,1909
2423,1024,1024,1.0000,41.257,24.238,1,0.000,1910
2424,1024,1024,1.0000,41.573,24.054,1,0.000,1911
2425,1024,1024,1.0000,41.896,23.869,1,0.000,1912
2426,1024,1024,1.0000,41.543,24.071,1,0.000,1913
2427,1024,1024,1.0000,41.265,24.234,1,0.000,1914
2428,1024,1024,1.0000,41.821,23.911,1,0.000,1915
2429,1024,1024,1.0000,42.106,23.750,1,0.000,1916
2430,1024,1024,1.0000,41.851,23.894,1,0.000,1917
2431,1024,1024,1.0000,42.160,23.719,1,0.000,1918
2432,1024,1024,1.0000,41.889,23.873,1,0.000,1919
2433,1024,1024,1.0000,42.125,23.739,1,0.000,1920
2434,1024,1024,1.0000,41.549,24.068,1,0.000,1921
2435,1024,1024,1.0000,41.958,23.833,1,0.000,1922
2436,1024,1024,1.0000,41.731,23.963,1,0.000,1923
2437,1024,1024,1.0000,41.996,23.812,1,0.000,1924
2438,1024,1024,1.0000,41.684,23.990,1,0.000,1925
2439,1024,1024,1.0000,45.405,22.024,1,0.000,1926
2440,1024,1024,1.0000,42.348,23.614,1,0.000,1927
2441,1024,1024,1.0000,42.384,23.594,1,0.000,1928
2442,1024,1024,1.0000,41.695,23.984,1,0.000,1929
2443,1024,1024,1.0000,42.724,23.406,1,0.000,1930
2444,1024,1024,1.0000,42.634,23.455,1,0.000,1931
2445,1024,1024,1.0000,41.683,23.991,1,0.000,1932
2446,1024,1024,1.0000,41.689,23.987,1,0.000,1933
2447,1024,1024,1.0000,42.507,23.526,1,0.000,1934
2448,1024,1024,1.0000,41.878,23.879,1,0.000,1935
2449,1024,1024,1.0000,42.712,23.413,1,0.000,1936
2450,1024,1024,1.0000,41.798,23.925,1,0.000,1937
2451,1024,1024,1.0000,42.414,23.577,1,0.000,1938
2452,1024,1024,1.0000,42.347,23.614,1,0.000,1939
2453,1024,1024,1.0000,44.000,22.727,1,0.000,1940
2454,1024,1024,1.0000,46.724,21.402,1,0.000,1941
2455,1024,1024,1.0000,53.141,18.818,1,0.000,1942
2456,1024,1024,1.0000,42.722,23.407,1,0.000,1943
2457,1024,1024,1.0000,42.728,23.404,1,0.000,1944
2458,1024,1024,1.0000,41.517,24.087,1,0.000,1945
2459,1024,1024,1.0000,41.830,23.906,1,0.000,1946
2460,1024,1024,1.0000,41.337,24.191,1,0.000,1947
2461,1024,1024,1.0000,42.104,23.751,1,0.000,1948
2462,1024,1024,1.0000,41.409,24.149,1,0.000,1949
2463,1024,1024,1.0000,41.793,23.927,1,0.000,1950
2464,1024,1024,1.0000,41.964,23.830,1,0.000,1951
2465,1024,1024,1.0000,42.783,23.374,1,0.000,1952
2466,1024,1024,1.0000,41.856,23.891,1,0.000,1953
2467,1024,1024,1.0000,41.703,23.979,1,0.000,1954
2468,1024,1024,1.0000,42.343,23.617,1,0.000,1955
2469,1024,1024,1.0000,41.530,24.079,1,0.000,1956
2470,1024,1024,1.0000,41.587,24.046,1,0.000,1957
2471,1024,1024,1.0000,41.287,24.221,1,0.000,1958
2472,1024,1024,1.0000,42.284,23.650,1,0.000,1959
2473,1024,1024,1.0000,42.159,23.720,1,0.000,1960
2474,1024,1024,1.0000,41.395,24.158,1,0.000,1961
2475,1024,1024,1.0000,42.027,23.794,1,0.000,1962
2476,1024,1024,1.0000,42.041,23.786,1,0.000,1963
2477,1024,1024,1.0000,41.554,24.065,1,0.000,1964
2478,1024,1024,1.0000,41.775,23.938,1,0.000,1965
2479,1024,1024,1.0000,42.096,23.755,1,0.000,1966
2480,1024,1024,1.0000,42.649,23.447,1,0.000,1967
2481,1024,1024,1.0000,41.574,24.053,1,0.000,1968
2482,1024,1024,1.0000,42.047,23.783,1,0.000,1969
2483,1024,1024,1.0000,41.733,23.962,1,0.000,1970
2484,1024,1024,1.0000,41.785,23.932,1,0.000,1971
2485,1024,1024,1.0000,41.662,24.003,1,0.000,1972
2486,1024,1024,1.0000,41.688,23.988,1,0.000,1973
2487,1024,1024,1.0000,42.057,23.777,1,0.000,1974
2488,1024,1024,1.0000,42.451,23.557,1,0.000,1975
2489,1024,1024,1.0000,44.108,22.672,1,0.000,1976
2490,1024,1024,1.0000,42.002,23.808,1,0.000,1977
2491,1024,1024,1.0000,42.033,23.791,1,0.000,1978
2492,1024,1024,1.0000,42.148,23.726,1,0.000,1979
2493,1024,1024,1.0000,41.117,24.321,1,0.000,1980
2494,1024,1024,1.0000,42.105,23.750,1,0.000,1981
2495,1024,1024,1.0000,42.070,23.770,1,0.000,1982
2496,1024,1024,1.0000,41.916,23.857,1,0.000,1983
2497,1024,1024,1.0000,42.408,23.580,1,0.000,1984
2498,1024,1024,1.0000,42.445,23.560,1,0.000,1985
2499,1024,1024,1.0000,42.771,23.380,1,0.000,1986
2500,1024,1024,1.0000,44.455,22.495,1,0.000,1987
2501,1024,1024,1.0000,41.962,23.831,1,0.000,1988
2502,1024,1024,1.0000,42.617,23.465,1,0.000,1989
2503,1024,1024,1.0000,50.804,19.683,1,0.000,1990
2504,1024,1024,1.0000,51.687,19.347,1,0.000,1991
2505,1024,1024,1.0000,41.729,23.964,1,0.000,1992
2506,1024,1024,1.0000,42.011,23.803,1,0.000,1993
2507,1024,1024,1.0000,41.496,24.099,1,0.000,1994
2508,1024,1024,1.0000,42.280,23.652,1,0.000,1995
2509,1024,1024,1.0000,41.886,23.874,1,0.000,1996
2510,1024,1024,1.0000,41.897,23.868,1,0.000,1997
2511,1024,1024,1.0000,41.460,24.120,1,0.000,1998
2512,1024,1024,1.0000,42.389,23.591,1,0.000,1999
2513,1024,1024,1.0000,41.655,24.007,1,0.000,2000
2514,1024,1024,1.0000,41.816,23.914,1,0.000,2001
2515,1024,1024,1.0000,41.767,23.942,1,0.000,2002
2516,1024,1024,1.0000,42.285,23.649,1,0.000,2003
2517,1024,1024,1.0000,41.629,24.022,1,0.000,2004
2518,1024,1024,1.0000,41.262,24.235,1,0.000,2005
2519,1024,1024,1.0000,42.393,23.589,1,0.000,2006
2520,1024,1024,1.0000,41.869,23.884,1,0.000,2007
2521,1024,1024,1.0000,41.542,24.072,1,0.000,2008
2522,1024,1024,1.0000,41.641,24.015,1,0.000,2009
2523,1024,1024,1.0000,42.179,23.708,1,0.000,2010
2524,1024,1024,1.0000,41.983,23.819,1,0.000,2011
2525,1024,1024,1.0000,41.897,23.868,1,0.000,2012
2526,1024,1024,1.0000,41.750,23.952,1,0.000,2013
2527,1024,1024,1.0000,41.989,23.816,1,0.000,2014
2528,1024,1024,1.0000,41.883,23.876,1,0.000,2015
2529,1024,1024,1.0000,41.586,24.047,1,0.000,2016
2530,1024,1024,1.0000,41.582,24.049,1,0.000,2017
2531,1024,1024,1.0000,42.611,23.468,1,0.000,2018
2532,1024,1024,1.0000,41.902,23.865,1,0.000,2019
2533,1024,1024,1.0000,41.325,24.198,1,0.000,2020
2534,1024,1024,1.0000,42.025,23.795,1,0.000,2021
2535,1024,1024,1.0000,42.351,23.612,1,0.000,2022
2536,1024,1024,1.0000,41.284,24.222,1,0.000,2023
2537,1024,1024,1.0000,41.691,23.986,1,0.000,2024
2538,1024,1024,1.0000,43.201,23.148,1,0.000,2025
2539,1024,1024,1.0000,43.492,22.993,1,0.000,2026
2540,1024,1024,1.0000,41.282,24.224,1,0.000,2027
2541,1024,1024,1.0000,41.664,24.002,1,0.000,2028
2542,1024,1024,1.0000,42.511,23.523,1,0.000,2029
2543,1024,1024,1.0000,41.975,23.824,1,0.000,2030
2544,1024,1024,1.0000,41.184,24.281,1,0.000,2031
2545,1024,1024,1.0000,41.866,23.886,1,0.000,2032
2546,1024,1024,1.0000,42.511,23.523,1,0.000,2033
2547,1024,1024,1.0000,41.488,24.103,1,0.000,2034
2548,1024,1024,1.0000,41.662,24.003,1,0.000,2035
2549,1024,1024,1.0000,41.916,23.857,1,0.000,2036
2550,1024,1024,1.0000,42.200,23.697,1,0.000,2037
2551,1024,1024,1.0000,42.503,23.528,1,0.000,2038
2552,1024,1024,1.0000,52.684,18.981,1,0.000,2039
2553,1024,1024,1.0000,45.386,22.033,1,0.000,2040
2554,1024,1024,1.0000,42.336,23.621,1,0.000,2041
2555,1024,1024,1.0000,41.622,24.026,1,0.000,2042
2556,1024,1024,1.0000,42.288,23.647,1,0.000,2043
2557,1024,1024,1.0000,41.754,23.950,1,0.000,2044
2558,1024,1024,1.0000,41.776,23.937,1,0.000,2045
2559,1024,1024,1.0000,41.214,24.264,1,0.000,2046
2560,1024,1024,1.0000,42.879,23.321,1,0.000,2047
2561,1024,1024,1.0000,41.689,23.987,1,0.000,2048
2562,1024,1024,1.0000,44.229,22.610,1,0.000,2049
2563,1024,1024,1.0000,43.107,23.198,1,0.000,2050
2564,1024,1024,1.0000,42.490,23.535,1,0.000,2051
2565,1024,1024,1.0000,42.318,23.631,1,0.000,2052
2566,1024,1024,1.0000,42.698,23.420,1,0.000,2053
2567,1024,1024,1.0000,43.269,23.111,1,0.000,2054
2568,1024,1024,1.0000,42.069,23.770,1,0.000,2055
2569,1024,1024,1.0000,42.232,23.679,1,0.000,2056
2570,1024,1024,1.0000,43.066,23.220,1,0.000,2057
2571,1024,1024,1.0000,42.330,23.624,1,0.000,2058
2572,1024,1024,1.0000,42.454,23.555,1,0.000,2059
2573,1024,1024,1.0000,42.730,23.403,1,0.000,2060
2574,1024,1024,1.0000,42.154,23.723,1,0.000,2061
2575,1024,1024,1.0000,42.477,23.542,1,0.000,2062
2576,1024,1024,1.0000,42.537,23.509,1,0.000,2063
2577,1024,1024,1.0000,42.222,23.684,1,0.000,2064
2578,1024,1024,1.0000,42.403,23.583,1,0.000,2065
2579,1024,1024,1.0000,42.059,23.776,1,0.000,2066
2580,1024,1024,1.0000,42.266,23.660,1,0.000,2067
2581,1024,1024,1.0000,42.865,23.329,1,0.000,2068
2582,1024,1024,1.0000,42.396,23.587,1,0.000,2069
2583,1024,1024,1.0000,42.179,23.708,1,0.000,2070
2584,1024,1024,1.0000,42.282,23.651,1,0.000,2071
2585,1024,1024,1.0000,43.148,23.176,1,0.000,2072
2586,1024,1024,1.0000,42.114,23.745,1,0.000,2073
2587,1024,1024,1.0000,42.296,23.643,1,0.000,2074
2588,1024,1024,1.0000,46.299,21.599,1,0.000,2075
2589,1024,1024,1.0000,43.027,23.241,1,0.000,2076
2590,1024,1024,1.0000,42.423,23.572,1,0.000,2077
2591,1024,1024,1.0000,42.682,23.429,1,0.000,2078
2592,1024,1024,1.0000,42.395,23.588,1,0.000,2079
2593,1024,1024,1.0000,41.901,23.866,1,0.000,2080
2594,1024,1024,1.0000,45.659,21.901,1,0.000,2081
2595,1024,1024,1.0000,42.982,23.266,1,0.000,2082
2596,1024,1024,1.0000,42.851,23.337,1,0.000,2083
2597,1024,1024,1.0000,42.420,23.574,1,0.000,2084
2598,1024,1024,1.0000,43.082,23.212,1,0.000,2085
2599,1024,1024,1.0000,42.199,23.697,1,0.000,2086
2600,1024,1024,1.0000,53.098,18.833,1,0.000,2087
2601,1024,1024,1.0000,45.556,21.951,1,0.000,2088
2602,1024,1024,1.0000,42.382,23.595,1,0.000,2089
2603,1024,1024,1.0000,42.707,23.415,1,0.000,2090
2604,1024,1024,1.0000,42.689,23.425,1,0.000,2091
2605,1024,1024,1.0000,42.456,23.554,1,0.000,2092
2606,1024,1024,1.0000,42.212,23.690,1,0.000,2093
2607,1024,1024,1.0000,42.710,23.414,1,0.000,2094
2608,1024,1024,1.0000,42.576,23.487,1,0.000,2095
2609,1024,1024,1.0000,42.318,23.631,1,0.000,2096
2610,1024,1024,1.0000,43.042,23.233,1,0.000,2097
2611,1024,1024,1.0000,42.661,23.441,1,0.000,2098
2612,1024,1024,1.0000,42.544,23.505,1,0.000,2099
2613,1024,1024,1.0000,42.610,23.469,1,0.000,2100
2614,1024,1024,1.0000,42.446,23.559,1,0.000,2101
2615,1024,1024,1.0000,42.289,23.647,1,0.000,2102
2616,1024,1024,1.0000,42.353,23.611,1,0.000,2103
2617,1024,1024,1.0000,42.135,23.733,1,0.000,2104
2618,1024,1024,1.0000,43.820,22.821,1,0.000,2105
2619,1024,1024,1.0000,42.652,23.446,1,0.000,2106
2620,1024,1024,1.0000,47.434,21.082,1,0.000,2107
2621,1024,1024,1.0000,43.061,23.223,1,0.000,2108
2622,1024,1024,1.0000,42.203,23.695,1,0.000,2109
2623,1024,1024,1.0000,42.254,23.666,1,0.000,2110
2624,1024,1024,1.0000,42.874,23.324,1,0.000,2111
2625,1024,1024,1.0000,42.855,23.335,1,0.000,2112
2626,1024,1024,1.0000,42.477,23.542,1,0.000,2113
2627,1024,1024,1.0000,42.334,23.622,1,0.000,2114
2628,1024,1024,1.0000,42.382,23.595,1,0.000,2115
2629,1024,1024,1.0000,42.708,23.415,1,0.000,2116
2630,1024,1024,1.0000,41.829,23.907,1,0.000,2117
2631,1024,1024,1.0000,42.277,23.654,1,0.000,2118
2632,1024,1024,1.0000,42.995,23.259,1,0.000,2119
2633,1024,1024,1.0000,42.284,23.650,1,0.000,2120
2634,1024,1024,1.0000,42.297,23.642,1,0.000,2121
2635,1024,1024,1.0000,42.667,23.437,1,0.000,2122
2636,1024,1024,1.0000,42.457,23.553,1,0.000,2123
2637,1024,1024,1.0000,44.826,22.308,1,0.000,2124
2638,1024,1024,1.0000,42.734,23.401,1,0.000,2125
2639,1024,1024,1.0000,42.414,23.577,1,0.000,2126
2640,1024,1024,1.0000,43.356,23.065,1,0.000,2127
2641,1024,1024,1.0000,42.126,23.738,1,0.000,2128
2642,1024,1024,1.0000,43.059,23.224,1,0.000,2129
2643,1024,1024,1.0000,42.783,23.374,1,0.000,2130
2644,1024,1024,1.0000,41.890,23.872,1,0.000,2131
2645,1024,1024,1.0000,42.854,23.335,1,0.000,2132
2646,1024,1024,1.0000,42.376,23.598,1,0.000,2133
2647,1024,1024,1.0000,45.487,21.984,1,0.000,2134
2648,1024,1024,1.0000,54.955,18.197,1,0.000,2135
2649,1024,1024,1.0000,43.421,23.030,1,0.000,2136
2650,1024,1024,1.0000,42.038,23.788,1,0.000,2137
2651,1024,1024,1.0000,42.461,23.551,1,0.000,2138
2652,1024,1024,1.0000,42.625,23.460,1,0.000,2139
2653,1024,1024,1.0000,43.096,23.204,1,0.000,2140
2654,1024,1024,1.0000,42.370,23.602,1,0.000,2141
2655,1024,1024,1.0000,42.809,23.360,1,0.000,2142
2656,1024,1024,1.0000,42.222,23.684,1,0.000,2143
2657,1024,1024,1.0000,42.055,23.778,1,0.000,2144
2658,1024,1024,1.0000,42.834,23.346,1,0.000,2145
2659,1024,1024,1.0000,42.430,23.568,1,0.000,2146
2660,1024,1024,1.0000,43.337,23.075,1,0.000,2147
2661,1024,1024,1.0000,42.723,23.407,1,0.000,2148
2662,1024,1024,1.0000,42.698,23.420,1,0.000,2149
2663,1024,1024,1.0000,42.218,23.687,1,0.000,2150
2664,1024,1024,1.0000,42.522,23.517,1,0.000,2151
2665,1024,1024,1.0000,42.771,23.380,1,0.000,2152
2666,1024,1024,1.0000,42.818,23.355,1,0.000,2153
2667,1024,1024,1.0000,42.153,23.723,1,0.000,2154
2668,1024,1024,1.0000,42.654,23.444,1,0.000,2155
2669,1024,1024,1.0000,43.106,23.199,1,0.000,2156
2670,1024,1024,1.0000,42.557,23.498,1,0.000,2157
2671,1024,1024,1.0000,42.220,23.685,1,0.000,2158
2672,1024,1024,1.0000,42.895,23.313,1,0.000,2159
2673,1024,1024,1.0000,42.602,23.473,1,0.000,2160
2674,1024,1024,1.0000,42.554,23.500,1,0.000,2161
2675,1024,1024,1.0000,42.489,23.536,1,0.000,2162
2676,1024,1024,1.0000,42.629,23.458,1,0.000,2163
2677,1024,1024,1.0000,42.574,23.489,1,0.000,2164
2678,1024,1024,1.0000,41.979,23.821,1,0.000,2165
2679,1024,1024,1.0000,42.475,23.543,1,0.000,2166
2680,1024,1024,1.0000,42.341,23.618,1,0.000,2167
2681,1024,1024,1.0000,42.646,23.449,1,0.000,2168
2682,1024,1024,1.0000,42.243,23.673,1,0.000,2169
2683,1024,1024,1.0000,42.788,23.371,1,0.000,2170
2684,1024,1024,1.0000,42.497,23.531,1,0.000,2171
2685,1024,1024,1.0000,42.149,23.725,1,0.000,2172
2686,1024,1024,1.0000,42.521,23.518,1,0.000,2173
2687,1024,1024,1.0000,49.467,20.215,1,0.000,2174
2688,1024,1024,1.0000,42.169,23.714,1,0.000,2175
2689,1024,1024,1.0000,43.224,23.135,1,0.000,2176
2690,1024,1024,1.0000,43.096,23.204,1,0.000,2177
2691,1024,1024,1.0000,42.326,23.626,1,0.000,2178
2692,1024,1024,1.0000,42.021,23.798,1,0.000,2179
2693,1024,1024,1.0000,42.701,23.419,1,0.000,2180
2694,1024,1024,1.0000,42.449,23.558,1,0.000,2181
2695,1024,1024,1.0000,48.738,20.518,1,0.000,2182
2696,1024,1024,1.0000,50.848,19.666,1,0.000,2183
2697,1024,1024,1.0000,44.026,22.714,1,0.000,2184
2698,1024,1024,1.0000,42.429,23.569,1,0.000,2185
2699,1024,1024,1.0000,43.100,23.202,1,0.000,2186
2700,1024,1024,1.0000,42.677,23.432,1,0.000,2187
2701,1024,1024,1.0000,42.915,23.302,1,0.000,2188
2702,1024,1024,1.0000,42.940,23.288,1,0.000,2189
2703,1024,1024,1.0000,42.481,23.540,1,0.000,2190
2704,1024,1024,1.0000,42.337,23.620,1,0.000,2191
2705,1024,1024,1.0000,42.828,23.349,1,0.000,2192
2706,1024,1024,1.0000,43.065,23.221,1,0.000,2193
2707,1024,1024,1.0000,42.711,23.413,1,0.000,2194
2708,1024,1024,1.0000,42.283,23.650,1,0.000,2195
2709,1024,1024,1.0000,42.326,23.626,1,0.000,2196
2710,1024,1024,1.0000,42.429,23.569,1,0.000,2197
2711,1024,1024,1.0000,42.718,23.409,1,0.000,2198
2712,1024,1024,1.0000,42.739,23.398,1,0.000,2199
2713,1024,1024,1.0000,42.777,23.377,1,0.000,2200
2714,1024,1024,1.0000,41.710,23.975,1,0.000,2201
2715,1024,1024,1.0000,42.413,23.578,1,0.000,2202
2716,1024,1024,1.0000,42.291,23.646,1,0.000,2203
2717,1024,1024,1.0000,42.491,23.534,1,0.000,2204
2718,1024,1024,1.0000,43.272,23.110,1,0.000,2205
2719,1024,1024,1.0000,42.362,23.606,1,0.000,2206
2720,1024,1024,1.0000,43.403,23.040,1,0.000,2207
2721,1024,1024,1.0000,42.899,23.311,1,0.000,2208
2722,1024,1024,1.0000,42.393,23.589,1,0.000,2209
2723,1024,1024,1.0000,42.525,23.516,1,0.000,2210
2724,1024,1024,1.0000,42.912,23.304,1,0.000,2211
2725,1024,1024,1.0000,42.498,23.531,1,0.000,2212
2726,1024,1024,1.0000,42.616,23.465,1,0.000,2213
2727,1024,1024,1.0000,43.426,23.028,1,0.000,2214
2728,1024,1024,1.0000,42.576,23.487,1,0.000,2215
2729,1024,1024,1.0000,42.508,23.525,1,0.000,2216
2730,1024,1024,1.0000,42.252,23.668,1,0.000,2217
2731,1024,1024,1.0000,42.539,23.508,1,0.000,2218
2732,1024,1024,1.0000,42.605,23.471,1,0.000,2219
2733,1024,1024,1.0000,42.547,23.503,1,0.000,2220
2734,1024,1024,1.0000,44.261,22.593,1,0.000,2221
2735,1024,1024,1.0000,42.462,23.550,1,0.000,2222
2736,1024,1024,1.0000,45.917,21.778,1,0.000,2223
2737,1024,1024,1.0000,42.664,23.439,1,0.000,2224
2738,1024,1024,1.0000,42.517,23.520,1,0.000,2225
2739,1024,1024,1.0000,42.379,23.597,1,0.000,2226
2740,1024,1024,1.0000,42.617,23.465,1,0.000,2227
2741,1024,1024,1.0000,42.654,23.444,1,0.000,2228
2742,1024,1024,1.0000,42.446,23.559,1,0.000,2229
2743,1024,1024,1.0000,50.090,19.964,1,0.000,2230
2744,1024,1024,1.0000,50.889,19.651,1,0.000,2231
2745,1024,1024,1.0000,42.985,23.264,1,0.000,2232
2746,1024,1024,1.0000,42.985,23.264,1,0.000,2233
2747,1024,1024,1.0000,43.010,23.250,1,0.000,2234
2748,1024,1024,1.0000,42.625,23.460,1,0.000,2235
2749,1024,1024,1.0000,42.407,23.581,1,0.000,2236
2750,1024,1024,1.0000,42.974,23.270,1,0.000,2237
2751,1024,1024,1.0000,42.278,23.653,1,0.000,2238
2752,1024,1024,1.0000,42.531,23.512,1,0.000,2239
2753,1024,1024,1.0000,42.699,23.420,1,0.000,2240
2754,1024,1024,1.0000,42.510,23.524,1,0.000,2241
2755,1024,1024,1.0000,42.580,23.485,1,0.000,2242
2756,1024,1024,1.0000,42.527,23.514,1,0.000,2243
2757,1024,1024,1.0000,42.490,23.535,1,0.000,2244
2758,1024,1024,1.0000,42.918,23.300,1,0.000,2245
2759,1024,1024,1.0000,42.441,23.562,1,0.000,2246
2760,1024,1024,1.0000,42.570,23.491,1,0.000,2247
2761,1024,1024,1.0000,42.737,23.399,1,0.000,2248
2762,1024,1024,1.0000,42.351,23.612,1,0.000,2249
2763,1024,1024,1.0000,42.486,23.537,1,0.000,2250
2764,1024,1024,1.0000,42.548,23.503,1,0.000,2251
2765,1024,1024,1.0000,42.770,23.381,1,0.000,2252
2766,1024,1024,1.0000,42.119,23.742,1,0.000,2253
2767,1024,1024,1.0000,42.485,23.538,1,0.000,2254
2768,1024,1024,1.0000,42.731,23.402,1,0.000,2255
2769,1024,1024,1.0000,43.351,23.068,1,0.000,2256
2770,1024,1024,1.0000,42.840,23.343,1,0.000,2257
2771,1024,1024,1.0000,42.623,23.462,1,0.000,2258
2772,1024,1024,1.0000,42.297,23.642,1,0.000,2259
2773,1024,1024,1.0000,42.301,23.640,1,0.000,2260
2774,1024,1024,1.0000,43.053,23.227,1,0.000,2261
2775,1024,1024,1.0000,42.332,23.623,1,0.000,2262
2776,1024,1024,1.0000,42.496,23.532,1,0.000,2263
2777,1024,1024,1.0000,42.932,23.293,1,0.000,2264
2778,1024,1024,1.0000,42.874,23.324,1,0.000,2265
2779,1024,1024,1.0000,42.391,23.590,1,0.000,2266
2780,1024,1024,1.0000,45.158,22.144,1,0.000,2267
2781,1024,1024,1.0000,43.408,23.037,1,0.000,2268
2782,1024,1024,1.0000,42.168,23.715,1,0.000,2269
2783,1024,1024,1.0000,43.110,23.196,1,0.000,2270
2784,1024,1024,1.0000,42.388,23.592,1,0.000,2271
2785,1024,1024,1.0000,45.802,21.833,1,0.000,2272
2786,1024,1024,1.0000,42.009,23.804,1,0.000,2273
2787,1024,1024,1.0000,42.441,23.562,1,0.000,2274
2788,1024,1024,1.0000,42.770,23.381,1,0.000,2275
2789,1024,1024,1.0000,41.981,23.820,1,0.000,2276
2790,1024,1024,1.0000,42.233,23.678,1,0.000,2277
2791,1024,1024,1.0000,54.144,18.469,1,0.000,2278
2792,1024,1024,1.0000,47.436,21.081,1,0.000,2279
2793,1024,1024,1.0000,43.048,23.230,1,0.000,2280
2794,1024,1024,1.0000,42.600,23.474,1,0.000,2281
2795,1024,1024,1.0000,42.484,23.538,1,0.000,2282
2796,1024,1024,1.0000,42.476,23.543,1,0.000,2283
2797,1024,1024,1.0000,42.570,23.491,1,0.000,2284
2798,1024,1024,1.0000,42.888,23.317,1,0.000,2285
2799,1024,1024,1.0000,43.132,23.185,1,0.000,2286
2800,1024,1024,1.0000,42.946,23.285,1,0.000,2287
2801,1024,1024,1.0000,42.211,23.691,1,0.000,2288
2802,1024,1024,1.0000,42.222,23.684,1,0.000,2289
2803,1024,1024,1.0000,42.442,23.562,1,0.000,2290
2804,1024,1024,1.0000,43.294,23.098,1,0.000,2291
2805,1024,1024,1.0000,43.093,23.206,1,0.000,2292
2806,1024,1024,1.0000,42.356,23.609,1,0.000,2293
2807,1024,1024,1.0000,42.760,23.386,1,0.000,2294
2808,1024,1024,1.0000,42.711,23.413,1,0.000,2295
2809,1024,1024,1.0000,42.180,23.708,1,0.000,2296
2810,1024,1024,1.0000,42.606,23.471,1,0.000,2297
2811,1024,1024,1.0000,43.240,23.127,1,0.000,2298
2812,1024,1024,1.0000,42.580,23.485,1,0.000,2299
2813,1024,1024,1.0000,42.408,23.580,1,0.000,2300
2814,1024,1024,1.0000,42.845,23.340,1,0.000,2301
2815,1024,1024,1.0000,42.736,23.399,1,0.000,2302
2816,1024,1024,1.0000,42.989,23.262,1,0.000,2303
2817,1024,1024,1.0000,42.767,23.383,1,0.000,2304
2818,1024,1024,1.0000,44.687,22.378,1,0.000,2305
2819,1024,1024,1.0000,43.192,23.152,1,0.000,2306
2820,1024,1024,1.0000,43.469,23.005,1,0.000,2307
2821,1024,1024,1.0000,43.666,22.901,1,0.000,2308
2822,1024,1024,1.0000,43.639,22.915,1,0.000,2309
2823,1024,1024,1.0000,43.226,23.134,1,0.000,2310
2824,1024,1024,1.0000,43.139,23.181,1,0.000,2311
2825,1024,1024,1.0000,43.342,23.072,1,0.000,2312
2826,1024,1024,1.0000,46.547,21.484,1,0.000,2313
2827,1024,1024,1.0000,43.791,22.836,1,0.000,2314
2828,1024,1024,1.0000,43.400,23.041,1,0.000,2315
2829,1024,1024,1.0000,43.111,23.196,1,0.000,2316
2830,1024,1024,1.0000,43.136,23.182,1,0.000,2317
2831,1024,1024,1.0000,43.646,22.912,1,0.000,2318
2832,1024,1024,1.0000,43.184,23.157,1,0.000,2319
2833,1024,1024,1.0000,43.994,22.730,1,0.000,2320
2834,1024,1024,1.0000,45.955,21.760,1,0.000,2321
2835,1024,1024,1.0000,43.087,23.209,1,0.000,2322
2836,1024,1024,1.0000,42.858,23.333,1,0.000,2323
2837,1024,1024,1.0000,43.238,23.128,1,0.000,2324
2838,1024,1024,1.0000,48.278,20.713,1,0.000,2325
2839,1024,1024,1.0000,53.808,18.585,1,0.000,2326
2840,1024,1024,1.0000,44.141,22.655,1,0.000,2327
2841,1024,1024,1.0000,44.344,22.551,1,0.000,2328
2842,1024,1024,1.0000,43.170,23.164,1,0.000,2329
2843,1024,1024,1.0000,42.905,23.307,1,0.000,2330
2844,1024,1024,1.0000,42.780,23.375,1,0.000,2331
2845,1024,1024,1.0000,43.478,23.000,1,0.000,2332
2846,1024,1024,1.0000,42.906,23.307,1,0.000,2333
2847,1024,1024,1.0000,43.136,23.182,1,0.000,2334
2848,1024,1024,1.0000,43.396,23.044,1,0.000,2335
2849,1024,1024,1.0000,43.424,23.029,1,0.000,2336
2850,1024,1024,1.0000,42.909,23.305,1,0.000,2337
2851,1024,1024,1.0000,43.268,23.112,1,0.000,2338
2852,1024,1024,1.0000,43.597,22.937,1,0.000,2339
2853,1024,1024,1.0000,42.755,23.389,1,0.000,2340
2854,1024,1024,1.0000,43.056,23.226,1,0.000,2341
2855,1024,1024,1.0000,44.160,22.645,1,0.000,2342
2856,1024,1024,1.0000,42.667,23.437,1,0.000,2343
2857,1024,1024,1.0000,43.284,23.103,1,0.000,2344
2858,1024,1024,1.0000,43.142,23.179,1,0.000,2345
2859,1024,1024,1.0000,42.814,23.357,1,0.000,2346
2860,1024,1024,1.0000,42.850,23.337,1,0.000,2347
2861,1024,1024,1.0000,43.372,23.056,1,0.000,2348
2862,1024,1024,1.0000,44.239,22.604,1,0.000,2349
2863,1024,1024,1.0000,43.783,22.840,1,0.000,2350
2864,1024,1024,1.0000,43.109,23.197,1,0.000,2351
2865,1024,1024,1.0000,43.691,22.888,1,0.000,2352
2866,1024,1024,1.0000,43.749,22.858,1,0.000,2353
2867,1024,1024,1.0000,43.629,22.921,1,0.000,2354
2868,1024,1024,1.0000,43.824,22.819,1,0.000,2355
2869,1024,1024,1.0000,43.466,23.006,1,0.000,2356
2870,1024,1024,1.0000,43.016,23.247,1,0.000,2357
2871,1024,1024,1.0000,43.272,23.110,1,0.000,2358
2872,1024,1024,1.0000,46.082,21.700,1,0.000,2359
2873,1024,1024,1.0000,43.586,22.943,1,0.000,2360
2874,1024,1024,1.0000,43.385,23.049,1,0.000,2361
2875,1024,1024,1.0000,43.646,22.912,1,0.000,2362
2876,1024,1024,1.0000,43.708,22.879,1,0.000,2363
2877,1024,1024,1.0000,43.409,23.037,1,0.000,2364
2878,1024,1024,1.0000,43.394,23.045,1,0.000,2365
2879,1024,1024,1.0000,43.398,23.043,1,0.000,2366
2880,1024,1024,1.0000,43.159,23.170,1,0.000,2367
2881,1024,1024,1.0000,43.464,23.008,1,0.000,2368
2882,1024,1024,1.0000,46.375,21.563,1,0.000,2369
2883,1024,1024,1.0000,44.513,22.465,1,0.000,2370
2884,1024,1024,1.0000,44.080,22.686,1,0.000,2371
2885,1024,1024,1.0000,49.144,20.348,1,0.000,2372
2886,1024,1024,1.0000,52.998,18.869,1,0.000,2373
2887,1024,1024,1.0000,43.612,22.929,1,0.000,2374
2888,1024,1024,1.0000,43.030,23.240,1,0.000,2375
2889,1024,1024,1.0000,44.376,22.535,1,0.000,2376
2890,1024,1024,1.0000,44.164,22.643,1,0.000,2377
2891,1024,1024,1.0000,42.737,23.399,1,0.000,2378
2892,1024,1024,1.0000,43.839,22.811,1,0.000,2379
2893,1024,1024,1.0000,42.784,23.373,1,0.000,2380
2894,1024,1024,1.0000,42.836,23.345,1,0.000,2381
2895,1024,1024,1.0000,43.309,23.090,1,0.000,2382
2896,1024,1024,1.0000,42.989,23.262,1,0.000,2383
2897,1024,1024,1.0000,42.779,23.376,1,0.000,2384
2898,1024,1024,1.0000,43.671,22.898,1,0.000,2385
2899,1024,1024,1.0000,43.748,22.858,1,0.000,2386
2900,1024,1024,1.0000,43.207,23.144,1,0.000,2387
2901,1024,1024,1.0000,43.005,23.253,1,0.000,2388
2902,1024,1024,1.0000,43.690,22.889,1,0.000,2389
2903,1024,1024,1.0000,43.191,23.153,1,0.000,2390
2904,1024,1024,1.0000,42.912,23.304,1,0.000,2391
2905,1024,1024,1.0000,43.449,23.015,1,0.000,2392
2906,1024,1024,1.0000,42.859,23.332,1,0.000,2393
2907,1024,1024,1.0000,43.375,23.055,1,0.000,2394
2908,1024,1024,1.0000,43.843,22.809,1,0.000,2395
2909,1024,1024,1.0000,43.746,22.859,1,0.000,2396
2910,1024,1024,1.0000,43.062,23.222,1,0.000,2397
2911,1024,1024,1.0000,43.395,23.044,1,0.000,2398
2912,1024,1024,1.0000,43.611,22.930,1,0.000,2399
2913,1024,1024,1.0000,44.022,22.716,1,0.000,2400
2914,1024,1024,1.0000,43.447,23.017,1,0.000,2401
2915,1024,1024,1.0000,44.043,22.705,1,0.000,2402
2916,1024,1024,1.0000,42.653,23.445,1,0.000,2403
2917,1024,1024,1.0000,45.614,21.923,1,0.000,2404
2918,1024,1024,1.0000,43.909,22.774,1,0.000,2405
2919,1024,1024,1.0000,43.672,22.898,1,0.000,2406
2920,1024,1024,1.0000,43.114,23.194,1,0.000,2407
2921,1024,1024,1.0000,43.427,23.027,1,0.000,2408
2922,1024,1024,1.0000,43.432,23.024,1,0.000,2409
2923,1024,1024,1.0000,43.097,23.203,1,0.000,2410
2924,1024,1024,1.0000,43.498,22.990,1,0.000,2411
2925,1024,1024,1.0000,43.155,23.172,1,0.000,2412
2926,1024,1024,1.0000,43.412,23.035,1,0.000,2413
2927,1024,1024,1.0000,43.614,22.928,1,0.000,2414
2928,1024,1024,1.0000,43.154,23.173,1,0.000,2415
2929,1024,1024,1.0000,43.177,23.160,1,0.000,2416
2930,1024,1024,1.0000,47.522,21.043,1,0.000,2417
2931,1024,1024,1.0000,43.733,22.866,1,0.000,2418
2932,1024,1024,1.0000,51.503,19.416,1,0.000,2419
2933,1024,1024,1.0000,52.454,19.064,1,0.000,2420
2934,1024,1024,1.0000,44.192,22.629,1,0.000,2421
2935,1024,1024,1.0000,43.836,22.812,1,0.000,2422
2936,1024,1024,1.0000,43.607,22.932,1,0.000,2423
2937,1024,1024,1.0000,42.727,23.404,1,0.000,2424
2938,1024,1024,1.0000,42.898,23.311,1,0.000,2425
2939,1024,1024,1.0000,43.306,23.091,1,0.000,2426
2940,1024,1024,1.0000,43.171,23.164,1,0.000,2427
2941,1024,1024,1.0000,42.813,23.357,1,0.000,2428
2942,1024,1024,1.0000,43.180,23.159,1,0.000,2429
2943,1024,1024,1.0000,43.490,22.994,1,0.000,2430
2944,1024,1024,1.0000,42.696,23.421,1,0.000,2431
2945,1024,1024,1.0000,43.507,22.985,1,0.000,2432
2946,1024,1024,1.0000,43.768,22.848,1,0.000,2433
2947,1024,1024,1.0000,43.580,22.946,1,0.000,2434
2948,1024,1024,1.0000,43.478,23.000,1,0.000,2435
2949,1024,1024,1.0000,43.585,22.944,1,0.000,2436
2950,1024,1024,1.0000,42.920,23.299,1,0.000,2437
2951,1024,1024,1.0000,42.538,23.508,1,0.000,2438
2952,1024,1024,1.0000,43.771,22.846,1,0.000,2439
2953,1024,1024,1.0000,42.772,23.380,1,0.000,2440
2954,1024,1024,1.0000,44.056,22.698,1,0.000,2441
2955,1024,1024,1.0000,43.732,22.867,1,0.000,2442
2956,1024,1024,1.0000,43.631,22.919,1,0.000,2443
2957,1024,1024,1.0000,44.390,22.528,1,0.000,2444
2958,1024,1024,1.0000,43.555,22.959,1,0.000,2445
2959,1024,1024,1.0000,44.051,22.701,1,0.000,2446
2960,1024,1024,1.0000,43.033,23.238,1,0.000,2447
2961,1024,1024,1.0000,43.441,23.020,1,0.000,2448
2962,1024,1024,1.0000,43.498,22.990,1,0.000,2449
2963,1024,1024,1.0000,46.316,21.591,1,0.000,2450
2964,1024,1024,1.0000,43.820,22.821,1,0.000,2451
2965,1024,1024,1.0000,44.220,22.614,1,0.000,2452
2966,1024,1024,1.0000,42.869,23.327,1,0.000,2453
2967,1024,1024,1.0000,43.466,23.006,1,0.000,2454
2968,1024,1024,1.0000,43.743,22.861,1,0.000,2455
2969,1024,1024,1.0000,43.157,23.171,1,0.000,2456
2970,1024,1024,1.0000,43.285,23.103,1,0.000,2457
2971,1024,1024,1.0000,43.258,23.117,1,0.000,2458
2972,1024,1024,1.0000,43.430,23.026,1,0.000,2459
2973,1024,1024,1.0000,43.080,23.213,1,0.000,2460
2974,1024,1024,1.0000,43.293,23.098,1,0.000,2461
2975,1024,1024,1.0000,44.396,22.525,1,0.000,2462
2976,1024,1024,1.0000,43.321,23.083,1,0.000,2463
2977,1024,1024,1.0000,43.384,23.050,1,0.000,2464
2978,1024,1024,1.0000,47.098,21.232,1,0.000,2465
2979,1024,1024,1.0000,49.385,20.249,1,0.000,2466
2980,1024,1024,1.0000,53.535,18.679,1,0.000,2467
2981,1024,1024,1.0000,44.326,22.560,1,0.000,2468
2982,1024,1024,1.0000,44.184,22.633,1,0.000,2469
2983,1024,1024,1.0000,43.033,23.238,1,0.000,2470
2984,1024,1024,1.0000,43.256,23.118,1,0.000,2471
2985,1024,1024,1.0000,42.970,23.272,1,0.000,2472
2986,1024,1024,1.0000,43.412,23.035,1,0.000,2473
2987,1024,1024,1.0000,43.373,23.056,1,0.000,2474
2988,1024,1024,1.0000,43.575,22.949,1,0.000,2475
2989,1024,1024,1.0000,43.280,23.105,1,0.000,2476
2990,1024,1024,1.0000,43.171,23.164,1,0.000,2477
2991,1024,1024,1.0000,42.872,23.325,1,0.000,2478
2992,1024,1024,1.0000,43.889,22.785,1,0.000,2479
2993,1024,1024,1.0000,43.041,23.234,1,0.000,2480
2994,1024,1024,1.0000,43.096,23.204,1,0.000,2481
2995,1024,1024,1.0000,42.999,23.256,1,0.000,2482
2996,1024,1024,1.0000,44.035,22.709,1,0.000,2483
2997,1024,1024,1.0000,42.665,23.438,1,0.000,2484
2998,1024,1024,1.0000,43.062,23.222,1,0.000,2485
2999,1024,1024,1.0000,43.331,23.078,1,0.000,2486
3000,1024,1024,1.0000,42.809,23.360,1,0.000,2487
3001,1024,1024,1.0000,42.942,23.287,1,0.000,2488
3002,1024,1024,1.0000,44.131,22.660,1,0.000,2489
3003,1024,1024,1.0000,43.073,23.216,1,0.000,2490
3004,1024,1024,1.0000,44.187,22.631,1,0.000,2491
3005,1024,1024,1.0000,43.464,23.008,1,0.000,2492
3006,1024,1024,1.0000,43.091,23.207,1,0.000,2493
3007,1024,1024,1.0000,43.050,23.229,1,0.000,2494
3008,1024,1024,1.0000,45.724,21.870,1,0.000,2495
3009,1024,1024,1.0000,43.171,23.164,1,0.000,2496
3010,1024,1024,1.0000,43.215,23.140,1,0.000,2497
3011,1024,1024,1.0000,43.737,22.864,1,0.000,2498
3012,1024,1024,1.0000,52.441,19.069,1,0.000,2499
3013,1024,1024,1.0000,42.559,23.497,1,0.000,2500
3014,1024,1024,1.0000,43.210,23.143,1,0.000,2501
3015,1024,1024,1.0000,43.276,23.107,1,0.000,2502
3016,1024,1024,1.0000,43.292,23.099,1,0.000,2503
3017,1024,1024,1.0000,43.822,22.820,1,0.000,2504
3018,1024,1024,1.0000,44.023,22.715,1,0.000,2505
3019,1024,1024,1.0000,43.064,23.221,1,0.000,2506
3020,1024,1024,1.0000,43.359,23.063,1,0.000,2507
3021,1024,1024,1.0000,43.829,22.816,1,0.000,2508
3022,1024,1024,1.0000,43.199,23.149,1,0.000,2509
3023,1024,1024,1.0000,43.113,23.195,1,0.000,2510
3024,1024,1024,1.0000,43.574,22.949,1,0.000,2511
3025,1024,1024,1.0000,43.089,23.208,1,0.000,2512
3026,1024,1024,1.0000,53.704,18.621,1,0.000,2513
3027,1024,1024,1.0000,51.843,19.289,1,0.000,2514
3028,1024,1024,1.0000,43.514,22.981,1,0.000,2515
3029,1024,1024,1.0000,44.368,22.539,1,0.000,2516
3030,1024,1024,1.0000,43.238,23.128,1,0.000,2517
3031,1024,1024,1.0000,43.217,23.139,1,0.000,2518
3032,1024,1024,1.0000,43.792,22.835,1,0.000,2519
3033,1024,1024,1.0000,43.094,23.205,1,0.000,2520
3034,1024,1024,1.0000,42.982,23.266,1,0.000,2521
3035,1024,1024,1.0000,43.100,23.202,1,0.000,2522
3036,1024,1024,1.0000,43.441,23.020,1,0.000,2523
3037,1024,1024,1.0000,47.717,20.957,1,0.000,2524
3038,1024,1024,1.0000,43.870,22.795,1,0.000,2525
3039,1024,1024,1.0000,43.536,22.969,1,0.000,2526
3040,1024,1024,1.0000,42.765,23.384,1,0.000,2527
3041,1024,1024,1.0000,43.186,23.156,1,0.000,2528
3042,1024,1024,1.0000,43.478,23.000,1,0.000,2529
3043,1024,1024,1.0000,42.579,23.486,1,0.000,2530
3044,1024,1024,1.0000,43.360,23.063,1,0.000,2531
3045,1024,1024,1.0000,43.502,22.987,1,0.000,2532
3046,1024,1024,1.0000,43.848,22.806,1,0.000,2533
3047,1024,1024,1.0000,42.764,23.384,1,0.000,2534
3048,1024,1024,1.0000,47.817,20.913,1,0.000,2535
3049,1024,1024,1.0000,43.647,22.911,1,0.000,2536
3050,1024,1024,1.0000,43.073,23.216,1,0.000,2537
3051,1024,1024,1.0000,43.354,23.066,1,0.000,2538
3052,1024,1024,1.0000,43.558,22.958,1,0.000,2539
3053,1024,1024,1.0000,43.646,22.912,1,0.000,2540
3054,1024,1024,1.0000,43.715,22.875,1,0.000,2541
3055,1024,1024,1.0000,43.288,23.101,1,0.000,2542
3056,1024,1024,1.0000,43.550,22.962,1,0.000,2543
3057,1024,1024,1.0000,43.304,23.093,1,0.000,2544
3058,1024,1024,1.0000,43.475,23.002,1,0.000,2545
3059,1024,1024,1.0000,43.713,22.876,1,0.000,2546
3060,1024,1024,1.0000,43.396,23.044,1,0.000,2547
3061,1024,1024,1.0000,43.048,23.230,1,0.000,2548
3062,1024,1024,1.0000,43.142,23.179,1,0.000,2549
3063,1024,1024,1.0000,42.801,23.364,1,0.000,2550
3064,1024,1024,1.0000,43.695,22.886,1,0.000,2551
3065,1024,1024,1.0000,43.595,22.938,1,0.000,2552
3066,1024,1024,1.0000,43.427,23.027,1,0.000,2553
3067,1024,1024,1.0000,43.556,22.959,1,0.000,2554
3068,1024,1024,1.0000,43.670,22.899,1,0.000,2555
3069,1024,1024,1.0000,42.920,23.299,1,0.000,2556
3070,1024,1024,1.0000,44.007,22.724,1,0.000,2557
3071,1024,1024,1.0000,43.604,22.934,1,0.000,2558
3072,1024,1024,1.0000,43.880,22.789,1,0.000,2559
3073,1024,1024,1.0000,53.767,18.599,1,0.000,2560
3074,1024,1024,1.0000,55.288,18.087,1,0.000,2561
3075,1024,1024,1.0000,45.219,22.115,1,0.000,2562
3076,1024,1024,1.0000,45.007,22.219,1,0.000,2563
3077,1024,1024,1.0000,44.602,22.421,1,0.000,2564
3078,1024,1024,1.0000,44.905,22.269,1,0.000,2565
3079,1024,1024,1.0000,44.402,22.522,1,0.000,2566
3080,1024,1024,1.0000,44.999,22.223,1,0.000,2567
3081,1024,1024,1.0000,44.942,22.251,1,0.000,2568
3082,1024,1024,1.0000,44.754,22.344,1,0.000,2569
3083,1024,1024,1.0000,44.375,22.535,1,0.000,2570
3084,1024,1024,1.0000,44.891,22.276,1,0.000,2571
3085,1024,1024,1.0000,44.703,22.370,1,0.000,2572
3086,1024,1024,1.0000,45.602,21.929,1,0.000,2573
3087,1024,1024,1.0000,44.727,22.358,1,0.000,2574
3088,1024,1024,1.0000,45.124,22.161,1,0.000,2575
3089,1024,1024,1.0000,44.844,22.300,1,0.000,2576
3090,1024,1024,1.0000,44.518,22.463,1,0.000,2577
3091,1024,1024,1.0000,44.596,22.424,1,0.000,2578
3092,1024,1024,1.0000,44.956,22.244,1,0.000,2579
3093,1024,1024,1.0000,44.613,22.415,1,0.000,2580
3094,1024,1024,1.0000,45.264,22.093,1,0.000,2581
3095,1024,1024,1.0000,45.060,22.193,1,0.000,2582
3096,1024,1024,1.0000,44.620,22.411,1,0.000,2583
3097,1024,1024,1.0000,45.015,22.215,1,0.000,2584
3098,1024,1024,1.0000,45.251,22.099,1,0.000,2585
3099,1024,1024,1.0000,44.201,22.624,1,0.000,2586
3100,1024,1024,1.0000,44.627,22.408,1,0.000,2587
3101,1024,1024,1.0000,45.296,22.077,1,0.000,2588
3102,1024,1024,1.0000,44.273,22.587,1,0.000,2589
3103,1024,1024,1.0000,44.842,22.301,1,0.000,2590
3104,1024,1024,1.0000,44.730,22.356,1,0.000,2591
3105,1024,1024,1.0000,44.561,22.441,1,0.000,2592
3106,1024,1024,1.0000,45.029,22.208,1,0.000,2593
3107,1024,1024,1.0000,44.882,22.281,1,0.000,2594
3108,1024,1024,1.0000,44.792,22.325,1,0.000,2595
3109,1024,1024,1.0000,45.140,22.153,1,0.000,2596
3110,1024,1024,1.0000,44.478,22.483,1,0.000,2597
3111,1024,1024,1.0000,44.281,22.583,1,0.000,2598
3112,1024,1024,1.0000,44.926,22.259,1,0.000,2599
3113,1024,1024,1.0000,43.981,22.737,1,0.000,2600
3114,1024,1024,1.0000,44.206,22.621,1,0.000,2601
3115,1024,1024,1.0000,44.945,22.249,1,0.000,2602
3116,1024,1024,1.0000,45.119,22.164,1,0.000,2603
3117,1024,1024,1.0000,44.875,22.284,1,0.000,2604
3118,1024,1024,1.0000,49.052,20.387,1,0.000,2605
3119,1024,1024,1.0000,54.776,18.256,1,0.000,2606
3120,1024,1024,1.0000,47.080,21.240,1,0.000,2607
3121,1024,1024,1.0000,48.617,20.569,1,0.000,2608
3122,1024,1024,1.0000,45.083,22.181,1,0.000,2609
3123,1024,1024,1.0000,44.722,22.360,1,0.000,2610
3124,1024,1024,1.0000,44.099,22.676,1,0.000,2611
3125,1024,1024,1.0000,44.830,22.306,1,0.000,2612
3126,1024,1024,1.0000,44.452,22.496,1,0.000,2613
3127,1024,1024,1.0000,44.483,22.480,1,0.000,2614
3128,1024,1024,1.0000,44.679,22.382,1,0.000,2615
3129,1024,1024,1.0000,44.333,22.557,1,0.000,2616
3130,1024,1024,1.0000,44.374,22.536,1,0.000,2617
3131,1024,1024,1.0000,44.994,22.225,1,0.000,2618
3132,1024,1024,1.0000,44.365,22.540,1,0.000,2619
3133,1024,1024,1.0000,46.235,21.629,1,0.000,2620
3134,1024,1024,1.0000,44.297,22.575,1,0.000,2621
3135,1024,1024,1.0000,44.308,22.569,1,0.000,2622
3136,1024,1024,1.0000,44.730,22.356,1,0.000,2623
3137,1024,1024,1.0000,44.257,22.595,1,0.000,2624
3138,1024,1024,1.0000,44.960,22.242,1,0.000,2625
3139,1024,1024,1.0000,44.579,22.432,1,0.000,2626
3140,1024,1024,1.0000,44.152,22.649,1,0.000,2627
3141,1024,1024,1.0000,44.406,22.519,1,0.000,2628
3142,1024,1024,1.0000,45.735,21.865,1,0.000,2629
3143,1024,1024,1.0000,44.660,22.391,1,0.000,2630
3144,1024,1024,1.0000,44.782,22.330,1,0.000,2631
3145,1024,1024,1.0000,44.822,22.310,1,0.000,2632
3146,1024,1024,1.0000,44.315,22.566,1,0.000,2633
3147,1024,1024,1.0000,44.254,22.597,1,0.000,2634
3148,1024,1024,1.0000,44.676,22.383,1,0.000,2635
3149,1024,1024,1.0000,44.739,22.352,1,0.000,2636
3150,1024,1024,1.0000,44.780,22.331,1,0.000,2637
3151,1024,1024,1.0000,44.965,22.240,1,0.000,2638
3152,1024,1024,1.0000,44.450,22.497,1,0.000,2639
3153,1024,1024,1.0000,44.398,22.524,1,0.000,2640
3154,1024,1024,1.0000,44.875,22.284,1,0.000,2641
3155,1024,1024,1.0000,44.430,22.507,1,0.000,2642
3156,1024,1024,1.0000,45.340,22.056,1,0.000,2643
3157,1024,1024,1.0000,44.735,22.354,1,0.000,2644
3158,1024,1024,1.0000,44.254,22.597,1,0.000,2645
3159,1024,1024,1.0000,45.157,22.145,1,0.000,2646
3160,1024,1024,1.0000,44.787,22.328,1,0.000,2647
3161,1024,1024,1.0000,44.613,22.415,1,0.000,2648
3162,1024,1024,1.0000,44.763,22.340,1,0.000,2649
3163,1024,1024,1.0000,45.105,22.170,1,0.000,2650
3164,1024,1024,1.0000,52.076,19.203,1,0.000,2651
3165,1024,1024,1.0000,52.961,18.882,1,0.000,2652
3166,1024,1024,1.0000,45.207,22.120,1,0.000,2653
3167,1024,1024,1.0000,44.776,22.333,1,0.000,2654
3168,1024,1024,1.0000,47.617,21.001,1,0.000,2655
3169,1024,1024,1.0000,45.149,22.149,1,0.000,2656
3170,1024,1024,1.0000,45.250,22.099,1,0.000,2657
3171,1024,1024,1.0000,44.022,22.716,1,0.000,2658
3172,1024,1024,1.0000,44.787,22.328,1,0.000,2659
3173,1024,1024,1.0000,44.657,22.393,1,0.000,2660
3174,1024,1024,1.0000,44.089,22.681,1,0.000,2661
3175,1024,1024,1.0000,45.042,22.202,1,0.000,2662
3176,1024,1024,1.0000,45.236,22.106,1,0.000,2663
3177,1024,1024,1.0000,44.886,22.279,1,0.000,2664
3178,1024,1024,1.0000,45.188,22.130,1,0.000,2665
3179,1024,1024,1.0000,44.029,22.712,1,0.000,2666
3180,1024,1024,1.0000,44.771,22.336,1,0.000,2667
3181,1024,1024,1.0000,45.031,22.207,1,0.000,2668
3182,1024,1024,1.0000,44.788,22.327,1,0.000,2669
3183,1024,1024,1.0000,44.654,22.394,1,0.000,2670
3184,1024,1024,1.0000,44.662,22.390,1,0.000,2671
3185,1024,1024,1.0000,44.446,22.499,1,0.000,2672
3186,1024,1024,1.0000,44.603,22.420,1,0.000,2673
3187,1024,1024,1.0000,45.267,22.091,1,0.000,2674
3188,1024,1024,1.0000,44.648,22.397,1,0.000,2675
3189,1024,1024,1.0000,44.659,22.392,1,0.000,2676
3190,1024,1024,1.0000,44.823,22.310,1,0.000,2677
3191,1024,1024,1.0000,44.822,22.310,1,0.000,2678
3192,1024,1024,1.0000,44.297,22.575,1,0.000,2679
3193,1024,1024,1.0000,44.901,22.271,1,0.000,2680
3194,1024,1024,1.0000,44.645,22.399,1,0.000,2681
3195,1024,1024,1.0000,44.682,22.380,1,0.000,2682
3196,1024,1024,1.0000,44.723,22.360,1,0.000,2683
3197,1024,1024,1.0000,44.980,22.232,1,0.000,2684
3198,1024,1024,1.0000,44.970,22.237,1,0.000,2685
3199,1024,1024,1.0000,44.591,22.426,1,0.000,2686
3200,1024,1024,1.0000,44.198,22.625,1,0.000,2687
3201,1024,1024,1.0000,44.928,22.258,1,0.000,2688
3202,1024,1024,1.0000,44.653,22.395,1,0.000,2689
3203,1024,1024,1.0000,44.667,22.388,1,0.000,2690
3204,1024,1024,1.0000,45.167,22.140,1,0.000,2691
3205,1024,1024,1.0000,45.066,22.190,1,0.000,2692
3206,1024,1024,1.0000,44.598,22.423,1,0.000,2693
3207,1024,1024,1.0000,45.377,22.038,1,0.000,2694
3208,1024,1024,1.0000,44.510,22.467,1,0.000,2695
3209,1024,1024,1.0000,47.056,21.251,1,0.000,2696
3210,1024,1024,1.0000,55.682,17.959,1,0.000,2697
3211,1024,1024,1.0000,48.011,20.829,1,0.000,2698
3212,1024,1024,1.0000,44.975,22.235,1,0.000,2699
3213,1024,1024,1.0000,44.274,22.587,1,0.000,2700
3214,1024,1024,1.0000,47.557,21.027,1,0.000,2701
3215,1024,1024,1.0000,45.319,22.066,1,0.000,2702
3216,1024,1024,1.0000,44.822,22.310,1,0.000,2703
3217,1024,1024,1.0000,45.503,21.977,1,0.000,2704
3218,1024,1024,1.0000,44.517,22.463,1,0.000,2705
3219,1024,1024,1.0000,44.675,22.384,1,0.000,2706
3220,1024,1024,1.0000,44.761,22.341,1,0.000,2707
3221,1024,1024,1.0000,44.581,22.431,1,0.000,2708
3222,1024,1024,1.0000,44.775,22.334,1,0.000,2709
3223,1024,1024,1.0000,44.347,22.549,1,0.000,2710
3224,1024,1024,1.0000,45.052,22.197,1,0.000,2711
3225,1024,1024,1.0000,44.501,22.471,1,0.000,2712
3226,1024,1024,1.0000,44.685,22.379,1,0.000,2713
3227,1024,1024,1.0000,44.844,22.300,1,0.000,2714
3228,1024,1024,1.0000,44.774,22.334,1,0.000,2715
3229,1024,1024,1.0000,44.937,22.253,1,0.000,2716
3230,1024,1024,1.0000,44.311,22.568,1,0.000,2717
3231,1024,1024,1.0000,44.795,22.324,1,0.000,2718
3232,1024,1024,1.0000,45.014,22.215,1,0.000,2719
3233,1024,1024,1.0000,44.707,22.368,1,0.000,2720
3234,1024,1024,1.0000,45.384,22.034,1,0.000,2721
3235,1024,1024,1.0000,44.159,22.645,1,0.000,2722
3236,1024,1024,1.0000,44.202,22.623,1,0.000,2723
3237,1024,1024,1.0000,45.011,22.217,1,0.000,2724
3238,1024,1024,1.0000,44.459,22.493,1,0.000,2725
3239,1024,1024,1.0000,44.516,22.464,1,0.000,2726
3240,1024,1024,1.0000,44.617,22.413,1,0.000,2727
3241,1024,1024,1.0000,44.397,22.524,1,0.000,2728
3242,1024,1024,1.0000,45.330,22.060,1,0.000,2729
3243,1024,1024,1.0000,45.315,22.068,1,0.000,2730
3244,1024,1024,1.0000,44.820,22.311,1,0.000,2731
3245,1024,1024,1.0000,44.493,22.475,1,0.000,2732
3246,1024,1024,1.0000,45.101,22.172,1,0.000,2733
3247,1024,1024,1.0000,44.256,22.596,1,0.000,2734
3248,1024,1024,1.0000,44.569,22.437,1,0.000,2735
3249,1024,1024,1.0000,45.188,22.130,1,0.000,2736
3250,1024,1024,1.0000,44.703,22.370,1,0.000,2737
3251,1024,1024,1.0000,44.650,22.396,1,0.000,2738
3252,1024,1024,1.0000,44.970,22.237,1,0.000,2739
3253,1024,1024,1.0000,47.866,20.892,1,0.000,2740
3254,1024,1024,1.0000,45.123,22.162,1,0.000,2741
3255,1024,1024,1.0000,50.429,19.830,1,0.000,2742
3256,1024,1024,1.0000,53.980,18.525,1,0.000,2743
3257,1024,1024,1.0000,45.181,22.133,1,0.000,2744
3258,1024,1024,1.0000,44.741,22.351,1,0.000,2745
3259,1024,1024,1.0000,45.047,22.199,1,0.000,2746
3260,1024,1024,1.0000,44.046,22.704,1,0.000,2747
3261,1024,1024,1.0000,48.754,20.511,1,0.000,2748
3262,1024,1024,1.0000,44.488,22.478,1,0.000,2749
3263,1024,1024,1.0000,44.617,22.413,1,0.000,2750
3264,1024,1024,1.0000,44.974,22.235,1,0.000,2751
3265,1024,1024,1.0000,45.097,22.174,1,0.000,2752
3266,1024,1024,1.0000,44.476,22.484,1,0.000,2753
3267,1024,1024,1.0000,44.481,22.482,1,0.000,2754
3268,1024,1024,1.0000,44.797,22.323,1,0.000,2755
3269,1024,1024,1.0000,44.420,22.512,1,0.000,2756
3270,1024,1024,1.0000,44.854,22.295,1,0.000,2757
3271,1024,1024,1.0000,44.640,22.401,1,0.000,2758
3272,1024,1024,1.0000,44.677,22.383,1,0.000,2759
3273,1024,1024,1.0000,45.205,22.121,1,0.000,2760
3274,1024,1024,1.0000,44.180,22.635,1,0.000,2761
3275,1024,1024,1.0000,44.763,22.340,1,0.000,2762
3276,1024,1024,1.0000,44.880,22.282,1,0.000,2763
3277,1024,1024,1.0000,44.626,22.408,1,0.000,2764
3278,1024,1024,1.0000,44.907,22.268,1,0.000,2765
3279,1024,1024,1.0000,45.609,21.925,1,0.000,2766
3280,1024,1024,1.0000,44.112,22.670,1,0.000,2767
3281,1024,1024,1.0000,44.196,22.626,1,0.000,2768
3282,1024,1024,1.0000,44.827,22.308,1,0.000,2769
3283,1024,1024,1.0000,44.352,22.547,1,0.000,2770
3284,1024,1024,1.0000,44.844,22.300,1,0.000,2771
3285,1024,1024,1.0000,45.142,22.152,1,0.000,2772
3286,1024,1024,1.0000,44.822,22.310,1,0.000,2773
3287,1024,1024,1.0000,45.555,21.951,1,0.000,2774
3288,1024,1024,1.0000,44.343,22.551,1,0.000,2775
3289,1024,1024,1.0000,44.412,22.516,1,0.000,2776
3290,1024,1024,1.0000,44.735,22.354,1,0.000,2777
3291,1024,1024,1.0000,44.069,22.692,1,0.000,2778
3292,1024,1024,1.0000,44.195,22.627,1,0.000,2779
3293,1024,1024,1.0000,44.958,22.243,1,0.000,2780
3294,1024,1024,1.0000,44.798,22.322,1,0.000,2781
3295,1024,1024,1.0000,44.513,22.465,1,0.000,2782
3296,1024,1024,1.0000,44.698,22.372,1,0.000,2783
3297,1024,1024,1.0000,47.103,21.230,1,0.000,2784
3298,1024,1024,1.0000,44.909,22.267,1,0.000,2785
3299,1024,1024,1.0000,45.261,22.094,1,0.000,2786
3300,1024,1024,1.0000,44.447,22.499,1,0.000,2787
3301,1024,1024,1.0000,56.108,17.823,1,0.000,2788
3302,1024,1024,1.0000,50.788,19.690,1,0.000,2789
3303,1024,1024,1.0000,44.589,22.427,1,0.000,2790
3304,1024,1024,1.0000,45.127,22.160,1,0.000,2791
3305,1024,1024,1.0000,44.580,22.432,1,0.000,2792
3306,1024,1024,1.0000,44.495,22.474,1,0.000,2793
3307,1024,1024,1.0000,45.674,21.894,1,0.000,2794
3308,1024,1024,1.0000,48.271,20.716,1,0.000,2795
3309,1024,1024,1.0000,44.484,22.480,1,0.000,2796
3310,1024,1024,1.0000,44.544,22.450,1,0.000,2797
3311,1024,1024,1.0000,44.469,22.488,1,0.000,2798
3312,1024,1024,1.0000,44.155,22.647,1,0.000,2799
3313,1024,1024,1.0000,44.669,22.387,1,0.000,2800
3314,1024,1024,1.0000,45.177,22.135,1,0.000,2801
3315,1024,1024,1.0000,44.739,22.352,1,0.000,2802
3316,1024,1024,1.0000,44.612,22.415,1,0.000,2803
3317,1024,1024,1.0000,44.713,22.365,1,0.000,2804
3318,1024,1024,1.0000,44.712,22.365,1,0.000,2805
3319,1024,1024,1.0000,44.404,22.520,1,0.000,2806
3320,1024,1024,1.0000,44.881,22.281,1,0.000,2807
3321,1024,1024,1.0000,44.982,22.231,1,0.000,2808
3322,1024,1024,1.0000,44.700,22.371,1,0.000,2809
3323,1024,1024,1.0000,45.088,22.179,1,0.000,2810
3324,1024,1024,1.0000,44.392,22.527,1,0.000,2811
3325,1024,1024,1.0000,44.660,22.391,1,0.000,2812
3326,1024,1024,1.0000,44.910,22.267,1,0.000,2813
3327,1024,1024,1.0000,46.419,21.543,1,0.000,2814
3328,1024,1024,1.0000,44.507,22.468,1,0.000,2815
3329,1024,1024,1.0000,44.482,22.481,1,0.000,2816
3330,1024,1024,1.0000,46.930,21.308,1,0.000,2817
3331,1024,1024,1.0000,45.760,21.853,1,0.000,2818
3332,1024,1024,1.0000,44.673,22.385,1,0.000,2819
3333,1024,1024,1.0000,44.850,22.297,1,0.000,2820
3334,1024,1024,1.0000,45.283,22.083,1,0.000,2821
3335,1024,1024,1.0000,45.368,22.042,1,0.000,2822
3336,1024,1024,1.0000,44.815,22.314,1,0.000,2823
3337,1024,1024,1.0000,45.441,22.007,1,0.000,2824
3338,1024,1024,1.0000,44.646,22.398,1,0.000,2825
3339,1024,1024,1.0000,45.222,22.113,1,0.000,2826
3340,1024,1024,1.0000,45.315,22.068,1,0.000,2827
3341,1024,1024,1.0000,47.644,20.989,1,0.000,2828
3342,1024,1024,1.0000,45.715,21.875,1,0.000,2829
3343,1024,1024,1.0000,44.793,22.325,1,0.000,2830
3344,1024,1024,1.0000,44.807,22.318,1,0.000,2831
3345,1024,1024,1.0000,45.225,22.112,1,0.000,2832
3346,1024,1024,1.0000,50.650,19.743,1,0.000,2833
3347,1024,1024,1.0000,55.090,18.152,1,0.000,2834
3348,1024,1024,1.0000,45.846,21.812,1,0.000,2835
3349,1024,1024,1.0000,45.910,21.782,1,0.000,2836
3350,1024,1024,1.0000,45.474,21.991,1,0.000,2837
3351,1024,1024,1.0000,45.266,22.092,1,0.000,2838
3352,1024,1024,1.0000,45.226,22.111,1,0.000,2839
3353,1024,1024,1.0000,45.035,22.205,1,0.000,2840
3354,1024,1024,1.0000,45.615,21.923,1,0.000,2841
3355,1024,1024,1.0000,47.201,21.186,1,0.000,2842
3356,1024,1024,1.0000,44.911,22.266,1,0.000,2843
3357,1024,1024,1.0000,45.995,21.741,1,0.000,2844
3358,1024,1024,1.0000,45.230,22.109,1,0.000,2845
3359,1024,1024,1.0000,45.131,22.158,1,0.000,2846
3360,1024,1024,1.0000,45.162,22.143,1,0.000,2847
3361,1024,1024,1.0000,44.664,22.389,1,0.000,2848
3362,1024,1024,1.0000,45.657,21.902,1,0.000,2849
3363,1024,1024,1.0000,45.267,22.091,1,0.000,2850
3364,1024,1024,1.0000,44.645,22.399,1,0.000,2851
3365,1024,1024,1.0000,45.268,22.091,1,0.000,2852
3366,1024,1024,1.0000,45.341,22.055,1,0.000,2853
3367,1024,1024,1.0000,45.234,22.107,1,0.000,2854
3368,1024,1024,1.0000,45.570,21.944,1,0.000,2855
3369,1024,1024,1.0000,45.264,22.093,1,0.000,2856
3370,1024,1024,1.0000,44.984,22.230,1,0.000,2857
3371,1024,1024,1.0000,45.169,22.139,1,0.000,2858
3372,1024,1024,1.0000,44.840,22.302,1,0.000,2859
3373,1024,1024,1.0000,45.240,22.104,1,0.000,2860
3374,1024,1024,1.0000,45.351,22.050,1,0.000,2861
3375,1024,1024,1.0000,46.256,21.619,1,0.000,2862
3376,1024,1024,1.0000,45.009,22.218,1,0.000,2863
3377,1024,1024,1.0000,44.934,22.255,1,0.000,2864
3378,1024,1024,1.0000,44.870,22.287,1,0.000,2865
3379,1024,1024,1.0000,44.612,22.415,1,0.000,2866
3380,1024,1024,1.0000,45.253,22.098,1,0.000,2867
3381,1024,1024,1.0000,45.357,22.047,1,0.000,2868
3382,1024,1024,1.0000,45.186,22.131,1,0.000,2869
3383,1024,1024,1.0000,44.844,22.300,1,0.000,2870
3384,1024,1024,1.0000,44.732,22.355,1,0.000,2871
3385,1024,1024,1.0000,49.369,20.256,1,0.000,2872
3386,1024,1024,1.0000,45.143,22.152,1,0.000,2873
3387,1024,1024,1.0000,45.106,22.170,1,0.000,2874
3388,1024,1024,1.0000,45.295,22.077,1,0.000,2875
3389,1024,1024,1.0000,45.330,22.060,1,0.000,2876
3390,1024,1024,1.0000,44.667,22.388,1,0.000,2877
3391,1024,1024,1.0000,50.708,19.721,1,0.000,2878
3392,1024,1024,1.0000,55.362,18.063,1,0.000,2879
3393,1024,1024,1.0000,45.473,21.991,1,0.000,2880
3394,1024,1024,1.0000,45.272,22.089,1,0.000,2881
3395,1024,1024,1.0000,46.266,21.614,1,0.000,2882
3396,1024,1024,1.0000,45.080,22.183,1,0.000,2883
3397,1024,1024,1.0000,45.746,21.860,1,0.000,2884
3398,1024,1024,1.0000,45.093,22.176,1,0.000,2885
3399,1024,1024,1.0000,45.309,22.071,1,0.000,2886
3400,1024,1024,1.0000,45.542,21.958,1,0.000,2887
3401,1024,1024,1.0000,47.883,20.884,1,0.000,2888
3402,1024,1024,1.0000,45.793,21.837,1,0.000,2889
3403,1024,1024,1.0000,45.223,22.113,1,0.000,2890
3404,1024,1024,1.0000,44.711,22.366,1,0.000,2891
3405,1024,1024,1.0000,44.670,22.386,1,0.000,2892
3406,1024,1024,1.0000,44.768,22.337,1,0.000,2893
3407,1024,1024,1.0000,45.740,21.863,1,0.000,2894
3408,1024,1024,1.0000,45.363,22.044,1,0.000,2895
3409,1024,1024,1.0000,45.188,22.130,1,0.000,2896
3410,1024,1024,1.0000,44.567,22.438,1,0.000,2897
3411,1024,1024,1.0000,45.897,21.788,1,0.000,2898
3412,1024,1024,1.0000,44.741,22.351,1,0.000,2899
3413,1024,1024,1.0000,44.560,22.442,1,0.000,2900
3414,1024,1024,1.0000,45.192,22.128,1,0.000,2901
3415,1024,1024,1.0000,45.094,22.176,1,0.000,2902
3416,1024,1024,1.0000,45.234,22.107,1,0.000,2903
3417,1024,1024,1.0000,45.753,21.856,1,0.000,2904
3418,1024,1024,1.0000,44.881,22.281,1,0.000,2905
3419,1024,1024,1.0000,45.179,22.134,1,0.000,2906
3420,1024,1024,1.0000,45.399,22.027,1,0.000,2907
3421,1024,1024,1.0000,45.011,22.217,1,0.000,2908
3422,1024,1024,1.0000,44.922,22.261,1,0.000,2909
3423,1024,1024,1.0000,45.034,22.205,1,0.000,2910
3424,1024,1024,1.0000,45.095,22.175,1,0.000,2911
3425,1024,1024,1.0000,45.587,21.936,1,0.000,2912
3426,1024,1024,1.0000,44.762,22.340,1,0.000,2913
3427,1024,1024,1.0000,45.528,21.965,1,0.000,2914
3428,1024,1024,1.0000,44.811,22.316,1,0.000,2915
3429,1024,1024,1.0000,47.662,20.981,1,0.000,2916
3430,1024,1024,1.0000,45.360,22.046,1,0.000,2917
3431,1024,1024,1.0000,45.331,22.060,1,0.000,2918
3432,1024,1024,1.0000,44.555,22.444,1,0.000,2919
3433,1024,1024,1.0000,45.255,22.097,1,0.000,2920
3434,1024,1024,1.0000,44.910,22.267,1,0.000,2921
3435,1024,1024,1.0000,45.096,22.175,1,0.000,2922
3436,1024,1024,1.0000,48.976,20.418,1,0.000,2923
3437,1024,1024,1.0000,56.418,17.725,1,0.000,2924
3438,1024,1024,1.0000,46.112,21.686,1,0.000,2925
3439,1024,1024,1.0000,45.735,21.865,1,0.000,2926
3440,1024,1024,1.0000,45.509,21.974,1,0.000,2927
3441,1024,1024,1.0000,45.038,22.203,1,0.000,2928
3442,1024,1024,1.0000,45.107,22.170,1,0.000,2929
3443,1024,1024,1.0000,44.897,22.273,1,0.000,2930
3444,1024,1024,1.0000,45.020,22.212,1,0.000,2931
3445,1024,1024,1.0000,44.679,22.382,1,0.000,2932
3446,1024,1024,1.0000,45.514,21.971,1,0.000,2933
3447,1024,1024,1.0000,49.399,20.243,1,0.000,2934
3448,1024,1024,1.0000,45.677,21.893,1,0.000,2935
3449,1024,1024,1.0000,44.982,22.231,1,0.000,2936
3450,1024,1024,1.0000,45.349,22.051,1,0.000,2937
3451,1024,1024,1.0000,45.253,22.098,1,0.000,2938
3452,1024,1024,1.0000,45.456,21.999,1,0.000,2939
3453,1024,1024,1.0000,45.301,22.075,1,0.000,2940
3454,1024,1024,1.0000,44.922,22.261,1,0.000,2941
3455,1024,1024,1.0000,45.218,22.115,1,0.000,2942
3456,1024,1024,1.0000,44.851,22.296,1,0.000,2943
3457,1024,1024,1.0000,45.253,22.098,1,0.000,2944
3458,1024,1024,1.0000,44.606,22.419,1,0.000,2945
3459,1024,1024,1.0000,45.101,22.172,1,0.000,2946
3460,1024,1024,1.0000,45.381,22.036,1,0.000,2947
3461,1024,1024,1.0000,45.446,22.004,1,0.000,2948
3462,1024,1024,1.0000,45.314,22.068,1,0.000,2949
3463,1024,1024,1.0000,45.263,22.093,1,0.000,2950
3464,1024,1024,1.0000,44.750,22.346,1,0.000,2951
3465,1024,1024,1.0000,44.957,22.243,1,0.000,2952
3466,1024,1024,1.0000,44.490,22.477,1,0.000,2953
3467,1024,1024,1.0000,45.227,22.111,1,0.000,2954
3468,1024,1024,1.0000,45.687,21.888,1,0.000,2955
3469,1024,1024,1.0000,44.556,22.444,1,0.000,2956
3470,1024,1024,1.0000,44.984,22.230,1,0.000,2957
3471,1024,1024,1.0000,45.429,22.012,1,0.000,2958
3472,1024,1024,1.0000,45.026,22.209,1,0.000,2959
3473,1024,1024,1.0000,47.166,21.202,1,0.000,2960
3474,1024,1024,1.0000,45.278,22.086,1,0.000,2961
3475,1024,1024,1.0000,45.894,21.789,1,0.000,2962
3476,1024,1024,1.0000,44.348,22.549,1,0.000,2963
3477,1024,1024,1.0000,45.673,21.895,1,0.000,2964
3478,1024,1024,1.0000,44.672,22.385,1,0.000,2965
3479,1024,1024,1.0000,45.395,22.029,1,0.000,2966
3480,1024,1024,1.0000,44.573,22.435,1,0.000,2967
3481,1024,1024,1.0000,47.415,21.090,1,0.000,2968
3482,1024,1024,1.0000,56.253,17.777,1,0.000,2969
3483,1024,1024,1.0000,47.741,20.946,1,0.000,2970
3484,1024,1024,1.0000,45.570,21.944,1,0.000,2971
3485,1024,1024,1.0000,44.955,22.244,1,0.000,2972
3486,1024,1024,1.0000,45.089,22.178,1,0.000,2973
3487,1024,1024,1.0000,44.923,22.260,1,0.000,2974
3488,1024,1024,1.0000,45.215,22.117,1,0.000,2975
3489,1024,1024,1.0000,44.857,22.293,1,0.000,2976
3490,1024,1024,1.0000,44.906,22.269,1,0.000,2977
3491,1024,1024,1.0000,44.844,22.300,1,0.000,2978
3492,1024,1024,1.0000,45.467,21.994,1,0.000,2979
3493,1024,1024,1.0000,46.332,21.583,1,0.000,2980
3494,1024,1024,1.0000,47.920,20.868,1,0.000,2981
3495,1024,1024,1.0000,46.923,21.312,1,0.000,2982
3496,1024,1024,1.0000,45.420,22.017,1,0.000,2983
3497,1024,1024,1.0000,45.211,22.119,1,0.000,2984
3498,1024,1024,1.0000,44.801,22.321,1,0.000,2985
3499,1024,1024,1.0000,44.940,22.252,1,0.000,2986
3500,1024,1024,1.0000,44.740,22.351,1,0.000,2987
3501,1024,1024,1.0000,44.789,22.327,1,0.000,2988
3502,1024,1024,1.0000,45.171,22.138,1,0.000,2989
3503,1024,1024,1.0000,45.211,22.119,1,0.000,2990
3504,1024,1024,1.0000,44.698,22.372,1,0.000,2991
3505,1024,1024,1.0000,46.025,21.727,1,0.000,2992
3506,1024,1024,1.0000,44.933,22.255,1,0.000,2993
3507,1024,1024,1.0000,44.902,22.271,1,0.000,2994
3508,1024,1024,1.0000,45.010,22.217,1,0.000,2995
3509,1024,1024,1.0000,44.982,22.231,1,0.000,2996
3510,1024,1024,1.0000,45.439,22.008,1,0.000,2997
3511,1024,1024,1.0000,49.391,20.247,1,0.000,2998
3512,1024,1024,1.0000,46.798,21.368,1,0.000,2999
3513,1024,1024,1.0000,45.375,22.039,1,0.000,3000
3514,1024,1024,1.0000,45.318,22.066,1,0.000,3001
3515,1024,1024,1.0000,45.276,22.087,1,0.000,3002
3516,1024,1024,1.0000,50.120,19.952,1,0.000,3003
3517,1024,1024,1.0000,45.442,22.006,1,0.000,3004
3518,1024,1024,1.0000,45.157,22.145,1,0.000,3005
3519,1024,1024,1.0000,44.916,22.264,1,0.000,3006
3520,1024,1024,1.0000,45.007,22.219,1,0.000,3007
3521,1024,1024,1.0000,48.620,20.568,1,0.000,3008
3522,1024,1024,1.0000,46.619,21.450,1,0.000,3009
3523,1024,1024,1.0000,45.570,21.944,1,0.000,3010
3524,1024,1024,1.0000,44.963,22.241,1,0.000,3011
3525,1024,1024,1.0000,50.004,19.998,1,0.000,3012
3526,1024,1024,1.0000,52.674,18.985,1,0.000,3013
3527,1024,1024,1.0000,54.775,18.257,1,0.000,3014
3528,1024,1024,1.0000,45.611,21.925,1,0.000,3015
3529,1024,1024,1.0000,45.119,22.164,1,0.000,3016
3530,1024,1024,1.0000,45.413,22.020,1,0.000,3017
3531,1024,1024,1.0000,59.514,16.803,1,0.000,3018
3532,1024,1024,1.0000,45.843,21.814,1,0.000,3019
3533,1024,1024,1.0000,45.321,22.065,1,0.000,3020
3534,1024,1024,1.0000,48.563,20.592,1,0.000,3021
3535,1024,1024,1.0000,68.524,14.593,1,0.000,3022
3536,1024,1024,1.0000,44.310,22.568,1,0.000,3023
3537,1024,1024,1.0000,44.910,22.267,1,0.000,3024
3538,1024,1024,1.0000,45.463,21.996,1,0.000,3025
3539,1024,1024,1.0000,47.973,20.845,1,0.000,3026
3540,1024,1024,1.0000,44.276,22.586,1,0.000,3027
3541,1024,1024,1.0000,45.857,21.807,1,0.000,3028
3542,1024,1024,1.0000,44.696,22.373,1,0.000,3029
3543,1024,1024,1.0000,49.342,20.267,1,0.000,3030
3544,1024,1024,1.0000,45.064,22.191,1,0.000,3031
3545,1024,1024,1.0000,44.819,22.312,1,0.000,3032
3546,1024,1024,1.0000,45.261,22.094,1,0.000,3033
3547,1024,1024,1.0000,45.706,21.879,1,0.000,3034
3548,1024,1024,1.0000,44.665,22.389,1,0.000,3035
3549,1024,1024,1.0000,45.054,22.196,1,0.000,3036
3550,1024,1024,1.0000,44.894,22.275,1,0.000,3037
3551,1024,1024,1.0000,45.887,21.793,1,0.000,3038
3552,1024,1024,1.0000,45.003,22.221,1,0.000,3039
3553,1024,1024,1.0000,44.584,22.430,1,0.000,3040
3554,1024,1024,1.0000,56.591,17.671,1,0.000,3041
3555,1024,1024,1.0000,45.793,21.837,1,0.000,3042
3556,1024,1024,1.0000,44.894,22.275,1,0.000,3043
3557,1024,1024,1.0000,45.830,21.820,1,0.000,3044
3558,1024,1024,1.0000,47.183,21.194,1,0.000,3045
3559,1024,1024,1.0000,45.158,22.144,1,0.000,3046
3560,1024,1024,1.0000,46.356,21.572,1,0.000,3047
3561,1024,1024,1.0000,45.443,22.006,1,0.000,3048
3562,1024,1024,1.0000,45.014,22.215,1,0.000,3049
3563,1024,1024,1.0000,44.567,22.438,1,0.000,3050
3564,1024,1024,1.0000,46.119,21.683,1,0.000,3051
3565,1024,1024,1.0000,44.927,22.258,1,0.000,3052
3566,1024,1024,1.0000,45.039,22.203,1,0.000,3053
3567,1024,1024,1.0000,46.771,21.381,1,0.000,3054
3568,1024,1024,1.0000,45.113,22.167,1,0.000,3055
3569,1024,1024,1.0000,45.276,22.087,1,0.000,3056
3570,1024,1024,1.0000,51.907,19.265,1,0.000,3057
3571,1024,1024,1.0000,53.044,18.852,1,0.000,3058
3572,1024,1024,1.0000,44.914,22.265,1,0.000,3059
3573,1024,1024,1.0000,44.967,22.239,1,0.000,3060
3574,1024,1024,1.0000,49.653,20.140,1,0.000,3061
3575,1024,1024,1.0000,45.229,22.110,1,0.000,3062
3576,1024,1024,1.0000,46.502,21.504,1,0.000,3063
3577,1024,1024,1.0000,45.945,21.765,1,0.000,3064
3578,1024,1024,1.0000,44.639,22.402,1,0.000,3065
3579,1024,1024,1.0000,45.328,22.061,1,0.000,3066
3580,1024,1024,1.0000,44.945,22.249,1,0.000,3067
3581,1024,1024,1.0000,50.306,19.878,1,0.000,3068
3582,1024,1024,1.0000,45.355,22.048,1,0.000,3069
3583,1024,1024,1.0000,44.916,22.264,1,0.000,3070
3584,1024,1024,1.0000,47.447,21.076,1,0.000,3071
3585,1024,1024,1.0000,45.717,21.874,1,0.000,3072
3586,1024,1024,1.0000,48.765,20.507,1,0.000,3073
3587,1024,1024,1.0000,48.078,20.800,1,0.000,3074
3588,1024,1024,1.0000,46.472,21.518,1,0.000,3075
3589,1024,1024,1.0000,45.918,21.778,1,0.000,3076
3590,1024,1024,1.0000,47.273,21.154,1,0.000,3077
3591,1024,1024,1.0000,57.188,17.486,1,0.000,3078
3592,1024,1024,1.0000,58.865,16.988,1,0.000,3079
3593,1024,1024,1.0000,58.311,17.149,1,0.000,3080
3594,1024,1024,1.0000,62.278,16.057,1,0.000,3081
3595,1024,1024,1.0000,58.891,16.981,1,0.000,3082
3596,1024,1024,1.0000,46.856,21.342,1,0.000,3083
3597,1024,1024,1.0000,45.603,21.928,1,0.000,3084
3598,1024,1024,1.0000,45.880,21.796,1,0.000,3085
3599,1024,1024,1.0000,45.776,21.846,1,0.000,3086
3600,1024,1024,1.0000,48.493,20.622,1,0.000,3087
3601,1024,1024,1.0000,45.850,21.810,1,0.000,3088
3602,1024,1024,1.0000,45.707,21.878,1,0.000,3089
3603,1024,1024,1.0000,46.184,21.653,1,0.000,3090
3604,1024,1024,1.0000,45.639,21.911,1,0.000,3091
3605,1024,1024,1.0000,46.747,21.392,1,0.000,3092
3606,1024,1024,1.0000,46.483,21.513,1,0.000,3093
3607,1024,1024,1.0000,45.867,21.802,1,0.000,3094
3608,1024,1024,1.0000,45.875,21.798,1,0.000,3095
3609,1024,1024,1.0000,56.564,17.679,1,0.000,3096
3610,1024,1024,1.0000,46.100,21.692,1,0.000,3097
3611,1024,1024,1.0000,45.605,21.927,1,0.000,3098
3612,1024,1024,1.0000,46.011,21.734,1,0.000,3099
3613,1024,1024,1.0000,60.506,16.527,1,0.000,3100
3614,1024,1024,1.0000,49.694,20.123,1,0.000,3101
3615,1024,1024,1.0000,46.385,21.559,1,0.000,3102
3616,1024,1024,1.0000,47.934,20.862,1,0.000,3103
3617,1024,1024,1.0000,46.580,21.468,1,0.000,3104
3618,1024,1024,1.0000,45.545,21.956,1,0.000,3105
3619,1024,1024,1.0000,46.131,21.677,1,0.000,3106
3620,1024,1024,1.0000,46.279,21.608,1,0.000,3107
3621,1024,1024,1.0000,46.529,21.492,1,0.000,3108
3622,1024,1024,1.0000,46.142,21.672,1,0.000,3109
3623,1024,1024,1.0000,45.578,21.940,1,0.000,3110
3624,1024,1024,1.0000,46.336,21.581,1,0.000,3111
3625,1024,1024,1.0000,46.398,21.553,1,0.000,3112
3626,1024,1024,1.0000,46.369,21.566,1,0.000,3113
3627,1024,1024,1.0000,46.155,21.666,1,0.000,3114
3628,1024,1024,1.0000,49.579,20.170,1,0.000,3115
3629,1024,1024,1.0000,46.430,21.538,1,0.000,3116
3630,1024,1024,1.0000,46.044,21.718,1,0.000,3117
3631,1024,1024,1.0000,46.725,21.402,1,0.000,3118
3632,1024,1024,1.0000,46.020,21.730,1,0.000,3119
3633,1024,1024,1.0000,46.350,21.575,1,0.000,3120
3634,1024,1024,1.0000,46.227,21.632,1,0.000,3121
3635,1024,1024,1.0000,46.080,21.701,1,0.000,3122
3636,1024,1024,1.0000,46.655,21.434,1,0.000,3123
3637,1024,1024,1.0000,45.812,21.828,1,0.000,3124
3638,1024,1024,1.0000,46.426,21.540,1,0.000,3125
3639,1024,1024,1.0000,46.647,21.438,1,0.000,3126
3640,1024,1024,1.0000,46.152,21.668,1,0.000,3127
3641,1024,1024,1.0000,45.971,21.753,1,0.000,3128
3642,1024,1024,1.0000,46.041,21.720,1,0.000,3129
3643,1024,1024,1.0000,48.684,20.541,1,0.000,3130
3644,1024,1024,1.0000,45.781,21.843,1,0.000,3131
3645,1024,1024,1.0000,45.908,21.783,1,0.000,3132
3646,1024,1024,1.0000,46.739,21.395,1,0.000,3133
3647,1024,1024,1.0000,45.854,21.808,1,0.000,3134
3648,1024,1024,1.0000,46.099,21.692,1,0.000,3135
3649,1024,1024,1.0000,46.610,21.455,1,0.000,3136
3650,1024,1024,1.0000,46.294,21.601,1,0.000,3137
3651,1024,1024,1.0000,45.725,21.870,1,0.000,3138
3652,1024,1024,1.0000,45.996,21.741,1,0.000,3139
3653,1024,1024,1.0000,47.346,21.121,1,0.000,3140
3654,1024,1024,1.0000,46.321,21.588,1,0.000,3141
3655,1024,1024,1.0000,45.448,22.003,1,0.000,3142
3656,1024,1024,1.0000,46.044,21.718,1,0.000,3143
3657,1024,1024,1.0000,59.290,16.866,1,0.000,3144
3658,1024,1024,1.0000,50.004,19.998,1,0.000,3145
3659,1024,1024,1.0000,46.526,21.493,1,0.000,3146
3660,1024,1024,1.0000,46.433,21.536,1,0.000,3147
3661,1024,1024,1.0000,46.106,21.689,1,0.000,3148
3662,1024,1024,1.0000,46.588,21.465,1,0.000,3149
3663,1024,1024,1.0000,46.481,21.514,1,0.000,3150
3664,1024,1024,1.0000,46.808,21.364,1,0.000,3151
3665,1024,1024,1.0000,46.231,21.631,1,0.000,3152
3666,1024,1024,1.0000,46.063,21.709,1,0.000,3153
3667,1024,1024,1.0000,45.909,21.782,1,0.000,3154
3668,1024,1024,1.0000,46.318,21.590,1,0.000,3155
3669,1024,1024,1.0000,45.664,21.899,1,0.000,3156
3670,1024,1024,1.0000,46.235,21.629,1,0.000,3157
3671,1024,1024,1.0000,46.026,21.727,1,0.000,3158
3672,1024,1024,1.0000,45.744,21.861,1,0.000,3159
3673,1024,1024,1.0000,49.566,20.175,1,0.000,3160
3674,1024,1024,1.0000,47.108,21.228,1,0.000,3161
3675,1024,1024,1.0000,46.142,21.672,1,0.000,3162
3676,1024,1024,1.0000,46.511,21.500,1,0.000,3163
3677,1024,1024,1.0000,46.067,21.708,1,0.000,3164
3678,1024,1024,1.0000,46.496,21.507,1,0.000,3165
3679,1024,1024,1.0000,45.960,21.758,1,0.000,3166
3680,1024,1024,1.0000,46.098,21.693,1,0.000,3167
3681,1024,1024,1.0000,46.532,21.491,1,0.000,3168
3682,1024,1024,1.0000,46.134,21.676,1,0.000,3169
3683,1024,1024,1.0000,46.321,21.588,1,0.000,3170
3684,1024,1024,1.0000,46.268,21.613,1,0.000,3171
3685,1024,1024,1.0000,49.307,20.281,1,0.000,3172
3686,1024,1024,1.0000,46.702,21.412,1,0.000,3173
3687,1024,1024,1.0000,46.383,21.560,1,0.000,3174
3688,1024,1024,1.0000,46.285,21.605,1,0.000,3175
3689,1024,1024,1.0000,45.992,21.743,1,0.000,3176
3690,1024,1024,1.0000,46.513,21.499,1,0.000,3177
3691,1024,1024,1.0000,45.971,21.753,1,0.000,3178
3692,1024,1024,1.0000,45.868,21.802,1,0.000,3179
3693,1024,1024,1.0000,46.655,21.434,1,0.000,3180
3694,1024,1024,1.0000,46.172,21.658,1,0.000,3181
3695,1024,1024,1.0000,51.740,19.327,1,0.000,3182
3696,1024,1024,1.0000,46.089,21.697,1,0.000,3183
3697,1024,1024,1.0000,46.049,21.716,1,0.000,3184
3698,1024,1024,1.0000,46.669,21.428,1,0.000,3185
3699,1024,1024,1.0000,46.841,21.349,1,0.000,3186
3700,1024,1024,1.0000,46.212,21.639,1,0.000,3187
3701,1024,1024,1.0000,58.823,17.000,1,0.000,3188
3702,1024,1024,1.0000,51.097,19.571,1,0.000,3189
3703,1024,1024,1.0000,47.156,21.206,1,0.000,3190
3704,1024,1024,1.0000,46.194,21.648,1,0.000,3191
3705,1024,1024,1.0000,47.369,21.111,1,0.000,3192
3706,1024,1024,1.0000,45.922,21.776,1,0.000,3193
3707,1024,1024,1.0000,46.015,21.732,1,0.000,3194
3708,1024,1024,1.0000,46.133,21.676,1,0.000,3195
3709,1024,1024,1.0000,46.032,21.724,1,0.000,3196
3710,1024,1024,1.0000,46.268,21.613,1,0.000,3197
3711,1024,1024,1.0000,45.770,21.848,1,0.000,3198
3712,1024,1024,1.0000,46.621,21.450,1,0.000,3199
3713,1024,1024,1.0000,46.707,21.410,1,0.000,3200
3714,1024,1024,1.0000,46.105,21.690,1,0.000,3201
3715,1024,1024,1.0000,46.284,21.606,1,0.000,3202
3716,1024,1024,1.0000,46.247,21.623,1,0.000,3203
3717,1024,1024,1.0000,45.628,21.916,1,0.000,3204
3718,1024,1024,1.0000,49.617,20.154,1,0.000,3205
3719,1024,1024,1.0000,46.544,21.485,1,0.000,3206
3720,1024,1024,1.0000,46.202,21.644,1,0.000,3207
3721,1024,1024,1.0000,46.748,21.391,1,0.000,3208
3722,1024,1024,1.0000,46.114,21.685,1,0.000,3209
3723,1024,1024,1.0000,46.771,21.381,1,0.000,3210
3724,1024,1024,1.0000,45.988,21.745,1,0.000,3211
3725,1024,1024,1.0000,46.631,21.445,1,0.000,3212
3726,1024,1024,1.0000,45.970,21.753,1,0.000,3213
3727,1024,1024,1.0000,46.345,21.577,1,0.000,3214
3728,1024,1024,1.0000,49.380,20.251,1,0.000,3215
3729,1024,1024,1.0000,45.981,21.748,1,0.000,3216
3730,1024,1024,1.0000,46.422,21.542,1,0.000,3217
3731,1024,1024,1.0000,45.724,21.870,1,0.000,3218
3732,1024,1024,1.0000,46.487,21.511,1,0.000,3219
3733,1024,1024,1.0000,46.463,21.523,1,0.000,3220
3734,1024,1024,1.0000,45.970,21.753,1,0.000,3221
3735,1024,1024,1.0000,46.066,21.708,1,0.000,3222
3736,1024,1024,1.0000,46.540,21.487,1,0.000,3223
3737,1024,1024,1.0000,46.005,21.737,1,0.000,3224
3738,1024,1024,1.0000,47.194,21.189,1,0.000,3225
3739,1024,1024,1.0000,46.736,21.397,1,0.000,3226
3740,1024,1024,1.0000,45.923,21.776,1,0.000,3227
3741,1024,1024,1.0000,46.058,21.712,1,0.000,3228
3742,1024,1024,1.0000,45.758,21.854,1,0.000,3229
3743,1024,1024,1.0000,46.490,21.510,1,0.000,3230
3744,1024,1024,1.0000,45.871,21.800,1,0.000,3231
3745,1024,1024,1.0000,58.464,17.105,1,0.000,3232
3746,1024,1024,1.0000,50.985,19.614,1,0.000,3233
3747,1024,1024,1.0000,46.096,21.694,1,0.000,3234
3748,1024,1024,1.0000,46.131,21.677,1,0.000,3235
3749,1024,1024,1.0000,48.801,20.491,1,0.000,3236
3750,1024,1024,1.0000,46.064,21.709,1,0.000,3237
3751,1024,1024,1.0000,46.160,21.664,1,0.000,3238
3752,1024,1024,1.0000,46.978,21.287,1,0.000,3239
3753,1024,1024,1.0000,45.586,21.937,1,0.000,3240
3754,1024,1024,1.0000,46.073,21.705,1,0.000,3241
3755,1024,1024,1.0000,46.133,21.676,1,0.000,3242
3756,1024,1024,1.0000,46.292,21.602,1,0.000,3243
3757,1024,1024,1.0000,46.123,21.681,1,0.000,3244
3758,1024,1024,1.0000,45.949,21.763,1,0.000,3245
3759,1024,1024,1.0000,47.459,21.071,1,0.000,3246
3760,1024,1024,1.0000,45.867,21.802,1,0.000,3247
3761,1024,1024,1.0000,46.467,21.521,1,0.000,3248
3762,1024,1024,1.0000,46.244,21.624,1,0.000,3249
3763,1024,1024,1.0000,46.007,21.736,1,0.000,3250
3764,1024,1024,1.0000,48.809,20.488,1,0.000,3251
3765,1024,1024,1.0000,46.420,21.542,1,0.000,3252
3766,1024,1024,1.0000,46.852,21.344,1,0.000,3253
3767,1024,1024,1.0000,46.319,21.589,1,0.000,3254
3768,1024,1024,1.0000,46.246,21.623,1,0.000,3255
3769,1024,1024,1.0000,57.047,17.529,1,0.000,3256
3770,1024,1024,1.0000,48.495,20.621,1,0.000,3257
3771,1024,1024,1.0000,45.762,21.852,1,0.000,3258
3772,1024,1024,1.0000,46.570,21.473,1,0.000,3259
3773,1024,1024,1.0000,45.940,21.768,1,0.000,3260
3774,1024,1024,1.0000,46.309,21.594,1,0.000,3261
3775,1024,1024,1.0000,46.077,21.703,1,0.000,3262
3776,1024,1024,1.0000,45.660,21.901,1,0.000,3263
3777,1024,1024,1.0000,46.697,21.415,1,0.000,3264
3778,1024,1024,1.0000,46.223,21.634,1,0.000,3265
3779,1024,1024,1.0000,46.461,21.523,1,0.000,3266
3780,1024,1024,1.0000,46.958,21.296,1,0.000,3267
3781,1024,1024,1.0000,46.517,21.498,1,0.000,3268
3782,1024,1024,1.0000,46.673,21.426,1,0.000,3269
3783,1024,1024,1.0000,46.116,21.684,1,0.000,3270
3784,1024,1024,1.0000,46.498,21.506,1,0.000,3271
3785,1024,1024,1.0000,46.208,21.641,1,0.000,3272
3786,1024,1024,1.0000,45.961,21.758,1,0.000,3273
3787,1024,1024,1.0000,46.283,21.606,1,0.000,3274
3788,1024,1024,1.0000,46.564,21.476,1,0.000,3275
3789,1024,1024,1.0000,57.876,17.278,1,0.000,3276
3790,1024,1024,1.0000,48.955,20.427,1,0.000,3277
3791,1024,1024,1.0000,46.123,21.681,1,0.000,3278
3792,1024,1024,1.0000,45.695,21.884,1,0.000,3279
3793,1024,1024,1.0000,46.316,21.591,1,0.000,3280
3794,1024,1024,1.0000,45.955,21.760,1,0.000,3281
3795,1024,1024,1.0000,46.340,21.580,1,0.000,3282
3796,1024,1024,1.0000,45.880,21.796,1,0.000,3283
3797,1024,1024,1.0000,46.060,21.711,1,0.000,3284
3798,1024,1024,1.0000,46.527,21.493,1,0.000,3285
3799,1024,1024,1.0000,46.296,21.600,1,0.000,3286
3800,1024,1024,1.0000,45.697,21.883,1,0.000,3287
3801,1024,1024,1.0000,46.968,21.291,1,0.000,3288
3802,1024,1024,1.0000,48.145,20.771,1,0.000,3289
3803,1024,1024,1.0000,46.082,21.700,1,0.000,3290
3804,1024,1024,1.0000,46.377,21.562,1,0.000,3291
3805,1024,1024,1.0000,46.466,21.521,1,0.000,3292
3806,1024,1024,1.0000,45.900,21.786,1,0.000,3293
3807,1024,1024,1.0000,46.196,21.647,1,0.000,3294
3808,1024,1024,1.0000,46.508,21.502,1,0.000,3295
3809,1024,1024,1.0000,49.577,20.171,1,0.000,3296
3810,1024,1024,1.0000,46.220,21.636,1,0.000,3297
3811,1024,1024,1.0000,47.873,20.889,1,0.000,3298
3812,1024,1024,1.0000,46.376,21.563,1,0.000,3299
3813,1024,1024,1.0000,49.396,20.245,1,0.000,3300
3814,1024,1024,1.0000,45.602,21.929,1,0.000,3301
3815,1024,1024,1.0000,45.839,21.815,1,0.000,3302
3816,1024,1024,1.0000,46.013,21.733,1,0.000,3303
3817,1024,1024,1.0000,46.441,21.533,1,0.000,3304
3818,1024,1024,1.0000,46.629,21.446,1,0.000,3305
3819,1024,1024,1.0000,46.407,21.548,1,0.000,3306
3820,1024,1024,1.0000,45.722,21.871,1,0.000,3307
3821,1024,1024,1.0000,46.564,21.476,1,0.000,3308
3822,1024,1024,1.0000,45.724,21.870,1,0.000,3309
3823,1024,1024,1.0000,46.585,21.466,1,0.000,3310
3824,1024,1024,1.0000,46.669,21.428,1,0.000,3311
3825,1024,1024,1.0000,46.040,21.720,1,0.000,3312
3826,1024,1024,1.0000,46.475,21.517,1,0.000,3313
3827,1024,1024,1.0000,46.172,21.658,1,0.000,3314
3828,1024,1024,1.0000,46.258,21.618,1,0.000,3315
3829,1024,1024,1.0000,46.583,21.467,1,0.000,3316
3830,1024,1024,1.0000,46.168,21.660,1,0.000,3317
3831,1024,1024,1.0000,46.529,21.492,1,0.000,3318
3832,1024,1024,1.0000,46.523,21.495,1,0.000,3319
3833,1024,1024,1.0000,59.151,16.906,1,0.000,3320
3834,1024,1024,1.0000,48.581,20.584,1,0.000,3321
3835,1024,1024,1.0000,47.028,21.264,1,0.000,3322
3836,1024,1024,1.0000,45.908,21.783,1,0.000,3323
3837,1024,1024,1.0000,46.744,21.393,1,0.000,3324
3838,1024,1024,1.0000,46.287,21.604,1,0.000,3325
3839,1024,1024,1.0000,45.783,21.842,1,0.000,3326
3840,1024,1024,1.0000,46.107,21.689,1,0.000,3327
3841,1024,1024,1.0000,46.351,21.575,1,0.000,3328
3842,1024,1024,1.0000,48.201,20.746,1,0.000,3329
3843,1024,1024,1.0000,46.340,21.580,1,0.000,3330
3844,1024,1024,1.0000,47.174,21.198,1,0.000,3331
3845,1024,1024,1.0000,47.118,21.223,1,0.000,3332
3846,1024,1024,1.0000,46.790,21.372,1,0.000,3333
3847,1024,1024,1.0000,46.123,21.681,1,0.000,3334
3848,1024,1024,1.0000,46.455,21.526,1,0.000,3335
3849,1024,1024,1.0000,46.533,21.490,1,0.000,3336
3850,1024,1024,1.0000,46.652,21.435,1,0.000,3337
3851,1024,1024,1.0000,46.511,21.500,1,0.000,3338
3852,1024,1024,1.0000,47.529,21.040,1,0.000,3339
3853,1024,1024,1.0000,46.532,21.491,1,0.000,3340
3854,1024,1024,1.0000,50.084,19.966,1,0.000,3341
3855,1024,1024,1.0000,47.047,21.255,1,0.000,3342
3856,1024,1024,1.0000,46.836,21.351,1,0.000,3343
3857,1024,1024,1.0000,47.465,21.068,1,0.000,3344
3858,1024,1024,1.0000,46.083,21.700,1,0.000,3345
3859,1024,1024,1.0000,47.484,21.060,1,0.000,3346
3860,1024,1024,1.0000,46.300,21.598,1,0.000,3347
3861,1024,1024,1.0000,46.492,21.509,1,0.000,3348
3862,1024,1024,1.0000,46.497,21.507,1,0.000,3349
3863,1024,1024,1.0000,46.114,21.685,1,0.000,3350
3864,1024,1024,1.0000,46.754,21.389,1,0.000,3351
3865,1024,1024,1.0000,47.532,21.038,1,0.000,3352
3866,1024,1024,1.0000,46.725,21.402,1,0.000,3353
3867,1024,1024,1.0000,46.694,21.416,1,0.000,3354
3868,1024,1024,1.0000,46.223,21.634,1,0.000,3355
3869,1024,1024,1.0000,46.503,21.504,1,0.000,3356
3870,1024,1024,1.0000,46.264,21.615,1,0.000,3357
3871,1024,1024,1.0000,46.629,21.446,1,0.000,3358
3872,1024,1024,1.0000,46.633,21.444,1,0.000,3359
3873,1024,1024,1.0000,46.500,21.505,1,0.000,3360
3874,1024,1024,1.0000,46.518,21.497,1,0.000,3361
3875,1024,1024,1.0000,46.541,21.486,1,0.000,3362
3876,1024,1024,1.0000,52.095,19.196,1,0.000,3363
3877,1024,1024,1.0000,57.527,17.383,1,0.000,3364
3878,1024,1024,1.0000,52.451,19.065,1,0.000,3365
3879,1024,1024,1.0000,47.026,21.265,1,0.000,3366
3880,1024,1024,1.0000,46.706,21.411,1,0.000,3367
3881,1024,1024,1.0000,46.418,21.543,1,0.000,3368
3882,1024,1024,1.0000,47.404,21.095,1,0.000,3369
3883,1024,1024,1.0000,46.994,21.279,1,0.000,3370
3884,1024,1024,1.0000,46.376,21.563,1,0.000,3371
3885,1024,1024,1.0000,46.613,21.453,1,0.000,3372
3886,1024,1024,1.0000,47.156,21.206,1,0.000,3373
3887,1024,1024,1.0000,46.729,21.400,1,0.000,3374
3888,1024,1024,1.0000,46.692,21.417,1,0.000,3375
3889,1024,1024,1.0000,46.097,21.693,1,0.000,3376
3890,1024,1024,1.0000,46.349,21.575,1,0.000,3377
3891,1024,1024,1.0000,46.661,21.431,1,0.000,3378
3892,1024,1024,1.0000,46.866,21.337,1,0.000,3379
3893,1024,1024,1.0000,46.624,21.448,1,0.000,3380
3894,1024,1024,1.0000,46.571,21.473,1,0.000,3381
3895,1024,1024,1.0000,46.824,21.357,1,0.000,3382
3896,1024,1024,1.0000,46.095,21.694,1,0.000,3383
3897,1024,1024,1.0000,47.695,20.967,1,0.000,3384
3898,1024,1024,1.0000,47.853,20.897,1,0.000,3385
3899,1024,1024,1.0000,48.633,20.562,1,0.000,3386
3900,1024,1024,1.0000,46.741,21.394,1,0.000,3387
3901,1024,1024,1.0000,46.270,21.612,1,0.000,3388
3902,1024,1024,1.0000,46.363,21.569,1,0.000,3389
3903,1024,1024,1.0000,46.643,21.439,1,0.000,3390
3904,1024,1024,1.0000,47.041,21.258,1,0.000,3391
3905,1024,1024,1.0000,46.574,21.471,1,0.000,3392
3906,1024,1024,1.0000,46.693,21.416,1,0.000,3393
3907,1024,1024,1.0000,46.924,21.311,1,0.000,3394
3908,1024,1024,1.0000,47.440,21.079,1,0.000,3395
3909,1024,1024,1.0000,46.629,21.446,1,0.000,3396
3910,1024,1024,1.0000,47.179,21.196,1,0.000,3397
3911,1024,1024,1.0000,46.248,21.623,1,0.000,3398
3912,1024,1024,1.0000,46.605,21.457,1,0.000,3399
3913,1024,1024,1.0000,46.067,21.708,1,0.000,3400
3914,1024,1024,1.0000,46.525,21.494,1,0.000,3401
3915,1024,1024,1.0000,46.877,21.332,1,0.000,3402
3916,1024,1024,1.0000,46.591,21.463,1,0.000,3403
3917,1024,1024,1.0000,47.065,21.247,1,0.000,3404
3918,1024,1024,1.0000,47.228,21.174,1,0.000,3405
3919,1024,1024,1.0000,49.241,20.308,1,0.000,3406
3920,1024,1024,1.0000,56.606,17.666,1,0.000,3407
3921,1024,1024,1.0000,52.287,19.125,1,0.000,3408
3922,1024,1024,1.0000,46.836,21.351,1,0.000,3409
3923,1024,1024,1.0000,47.241,21.168,1,0.000,3410
3924,1024,1024,1.0000,47.447,21.076,1,0.000,3411
3925,1024,1024,1.0000,46.009,21.735,1,0.000,3412
3926,1024,1024,1.0000,46.526,21.493,1,0.000,3413
3927,1024,1024,1.0000,46.442,21.532,1,0.000,3414
3928,1024,1024,1.0000,46.937,21.305,1,0.000,3415
3929,1024,1024,1.0000,46.984,21.284,1,0.000,3416
3930,1024,1024,1.0000,46.703,21.412,1,0.000,3417
3931,1024,1024,1.0000,46.773,21.380,1,0.000,3418
3932,1024,1024,1.0000,46.331,21.584,1,0.000,3419
3933,1024,1024,1.0000,46.168,21.660,1,0.000,3420
3934,1024,1024,1.0000,46.349,21.575,1,0.000,3421
3935,1024,1024,1.0000,46.392,21.555,1,0.000,3422
3936,1024,1024,1.0000,46.967,21.292,1,0.000,3423
3937,1024,1024,1.0000,47.045,21.256,1,0.000,3424
3938,1024,1024,1.0000,46.742,21.394,1,0.000,3425
3939,1024,1024,1.0000,46.545,21.485,1,0.000,3426
3940,1024,1024,1.0000,46.598,21.460,1,0.000,3427
3941,1024,1024,1.0000,47.035,21.261,1,0.000,3428
3942,1024,1024,1.0000,46.753,21.389,1,0.000,3429
3943,1024,1024,1.0000,50.692,19.727,1,0.000,3430
3944,1024,1024,1.0000,47.069,21.245,1,0.000,3431
3945,1024,1024,1.0000,46.720,21.404,1,0.000,3432
3946,1024,1024,1.0000,46.931,21.308,1,0.000,3433
3947,1024,1024,1.0000,46.238,21.627,1,0.000,3434
3948,1024,1024,1.0000,46.492,21.509,1,0.000,3435
3949,1024,1024,1.0000,46.170,21.659,1,0.000,3436
3950,1024,1024,1.0000,47.436,21.081,1,0.000,3437
3951,1024,1024,1.0000,46.595,21.462,1,0.000,3438
3952,1024,1024,1.0000,46.867,21.337,1,0.000,3439
3953,1024,1024,1.0000,46.935,21.306,1,0.000,3440
3954,1024,1024,1.0000,46.382,21.560,1,0.000,3441
3955,1024,1024,1.0000,46.704,21.411,1,0.000,3442
3956,1024,1024,1.0000,46.788,21.373,1,0.000,3443
3957,1024,1024,1.0000,46.965,21.292,1,0.000,3444
3958,1024,1024,1.0000,46.926,21.310,1,0.000,3445
3959,1024,1024,1.0000,46.692,21.417,1,0.000,3446
3960,1024,1024,1.0000,46.864,21.338,1,0.000,3447
3961,1024,1024,1.0000,49.517,20.195,1,0.000,3448
3962,1024,1024,1.0000,46.697,21.415,1,0.000,3449
3963,1024,1024,1.0000,50.141,19.944,1,0.000,3450
3964,1024,1024,1.0000,58.750,17.021,1,0.000,3451
3965,1024,1024,1.0000,47.934,20.862,1,0.000,3452
3966,1024,1024,1.0000,47.080,21.240,1,0.000,3453
3967,1024,1024,1.0000,46.792,21.371,1,0.000,3454
3968,1024,1024,1.0000,46.521,21.496,1,0.000,3455
3969,1024,1024,1.0000,47.237,21.170,1,0.000,3456
3970,1024,1024,1.0000,46.082,21.700,1,0.000,3457
3971,1024,1024,1.0000,47.412,21.092,1,0.000,3458
3972,1024,1024,1.0000,46.481,21.514,1,0.000,3459
3973,1024,1024,1.0000,46.900,21.322,1,0.000,3460
3974,1024,1024,1.0000,46.334,21.582,1,0.000,3461
3975,1024,1024,1.0000,46.587,21.465,1,0.000,3462
3976,1024,1024,1.0000,46.739,21.395,1,0.000,3463
3977,1024,1024,1.0000,46.524,21.494,1,0.000,3464
3978,1024,1024,1.0000,47.373,21.109,1,0.000,3465
3979,1024,1024,1.0000,46.661,21.431,1,0.000,3466
3980,1024,1024,1.0000,46.322,21.588,1,0.000,3467
3981,1024,1024,1.0000,47.214,21.180,1,0.000,3468
3982,1024,1024,1.0000,47.317,21.134,1,0.000,3469
3983,1024,1024,1.0000,46.434,21.536,1,0.000,3470
3984,1024,1024,1.0000,46.784,21.375,1,0.000,3471
3985,1024,1024,1.0000,46.836,21.351,1,0.000,3472
3986,1024,1024,1.0000,46.955,21.297,1,0.000,3473
3987,1024,1024,1.0000,46.145,21.671,1,0.000,3474
3988,1024,1024,1.0000,49.975,20.010,1,0.000,3475
3989,1024,1024,1.0000,47.025,21.265,1,0.000,3476
3990,1024,1024,1.0000,47.532,21.038,1,0.000,3477
3991,1024,1024,1.0000,46.723,21.403,1,0.000,3478
3992,1024,1024,1.0000,46.970,21.290,1,0.000,3479
3993,1024,1024,1.0000,46.937,21.305,1,0.000,3480
3994,1024,1024,1.0000,46.285,21.605,1,0.000,3481
3995,1024,1024,1.0000,46.621,21.450,1,0.000,3482
3996,1024,1024,1.0000,46.576,21.470,1,0.000,3483
3997,1024,1024,1.0000,46.265,21.615,1,0.000,3484
3998,1024,1024,1.0000,47.348,21.120,1,0.000,3485
3999,1024,1024,1.0000,46.945,21.302,1,0.000,3486
4000,1024,1024,1.0000,46.948,21.300,1,0.000,3487
4001,1024,1024,1.0000,46.237,21.628,1,0.000,3488
4002,1024,1024,1.0000,47.174,21.198,1,0.000,3489
4003,1024,1024,1.0000,46.901,21.322,1,0.000,3490
4004,1024,1024,1.0000,47.123,21.221,1,0.000,3491
4005,1024,1024,1.0000,46.746,21.392,1,0.000,3492
4006,1024,1024,1.0000,46.304,21.596,1,0.000,3493
4007,1024,1024,1.0000,53.677,18.630,1,0.000,3494
4008,1024,1024,1.0000,55.131,18.139,1,0.000,3495
4009,1024,1024,1.0000,46.988,21.282,1,0.000,3496
4010,1024,1024,1.0000,45.946,21.765,1,0.000,3497
4011,1024,1024,1.0000,46.690,21.418,1,0.000,3498
4012,1024,1024,1.0000,46.533,21.490,1,0.000,3499
4013,1024,1024,1.0000,46.680,21.422,1,0.000,3500
4014,1024,1024,1.0000,47.156,21.206,1,0.000,3501
4015,1024,1024,1.0000,47.246,21.166,1,0.000,3502
4016,1024,1024,1.0000,46.654,21.434,1,0.000,3503
4017,1024,1024,1.0000,46.347,21.576,1,0.000,3504
4018,1024,1024,1.0000,46.565,21.475,1,0.000,3505
4019,1024,1024,1.0000,47.005,21.274,1,0.000,3506
4020,1024,1024,1.0000,46.067,21.708,1,0.000,3507
4021,1024,1024,1.0000,47.630,20.995,1,0.000,3508
4022,1024,1024,1.0000,46.855,21.342,1,0.000,3509
4023,1024,1024,1.0000,47.335,21.126,1,0.000,3510
4024,1024,1024,1.0000,46.729,21.400,1,0.000,3511
4025,1024,1024,1.0000,47.011,21.272,1,0.000,3512
4026,1024,1024,1.0000,46.438,21.534,1,0.000,3513
4027,1024,1024,1.0000,46.463,21.523,1,0.000,3514
4028,1024,1024,1.0000,47.088,21.237,1,0.000,3515
4029,1024,1024,1.0000,47.614,21.002,1,0.000,3516
4030,1024,1024,1.0000,47.256,21.161,1,0.000,3517
4031,1024,1024,1.0000,46.455,21.526,1,0.000,3518
4032,1024,1024,1.0000,46.394,21.555,1,0.000,3519
4033,1024,1024,1.0000,50.738,19.709,1,0.000,3520
4034,1024,1024,1.0000,46.418,21.543,1,0.000,3521
4035,1024,1024,1.0000,48.166,20.762,1,0.000,3522
4036,1024,1024,1.0000,46.805,21.365,1,0.000,3523
4037,1024,1024,1.0000,46.488,21.511,1,0.000,3524
4038,1024,1024,1.0000,53.994,18.521,1,0.000,3525
4039,1024,1024,1.0000,46.688,21.419,1,0.000,3526
4040,1024,1024,1.0000,46.769,21.382,1,0.000,3527
4041,1024,1024,1.0000,46.669,21.428,1,0.000,3528
4042,1024,1024,1.0000,47.665,20.980,1,0.000,3529
4043,1024,1024,1.0000,46.459,21.524,1,0.000,3530
4044,1024,1024,1.0000,48.297,20.705,1,0.000,3531
4045,1024,1024,1.0000,46.789,21.373,1,0.000,3532
4046,1024,1024,1.0000,49.487,20.207,1,0.000,3533
4047,1024,1024,1.0000,46.644,21.439,1,0.000,3534
4048,1024,1024,1.0000,46.983,21.284,1,0.000,3535
4049,1024,1024,1.0000,46.947,21.301,1,0.000,3536
4050,1024,1024,1.0000,49.133,20.353,1,0.000,3537
4051,1024,1024,1.0000,57.763,17.312,1,0.000,3538
4052,1024,1024,1.0000,49.101,20.366,1,0.000,3539
4053,1024,1024,1.0000,47.342,21.123,1,0.000,3540
4054,1024,1024,1.0000,46.709,21.409,1,0.000,3541
4055,1024,1024,1.0000,47.368,21.111,1,0.000,3542
4056,1024,1024,1.0000,46.862,21.339,1,0.000,3543
4057,1024,1024,1.0000,46.708,21.410,1,0.000,3544
4058,1024,1024,1.0000,46.269,21.613,1,0.000,3545
4059,1024,1024,1.0000,46.417,21.544,1,0.000,3546
4060,1024,1024,1.0000,47.386,21.103,1,0.000,3547
4061,1024,1024,1.0000,46.935,21.306,1,0.000,3548
4062,1024,1024,1.0000,46.677,21.424,1,0.000,3549
4063,1024,1024,1.0000,46.820,21.358,1,0.000,3550
4064,1024,1024,1.0000,46.964,21.293,1,0.000,3551
4065,1024,1024,1.0000,46.444,21.531,1,0.000,3552
4066,1024,1024,1.0000,46.494,21.508,1,0.000,3553
4067,1024,1024,1.0000,46.564,21.476,1,0.000,3554
4068,1024,1024,1.0000,47.185,21.193,1,0.000,3555
4069,1024,1024,1.0000,46.310,21.594,1,0.000,3556
4070,1024,1024,1.0000,46.649,21.437,1,0.000,3557
4071,1024,1024,1.0000,46.384,21.559,1,0.000,3558
4072,1024,1024,1.0000,46.538,21.488,1,0.000,3559
4073,1024,1024,1.0000,46.879,21.332,1,0.000,3560
4074,1024,1024,1.0000,46.526,21.493,1,0.000,3561
4075,1024,1024,1.0000,47.007,21.273,1,0.000,3562
4076,1024,1024,1.0000,46.566,21.475,1,0.000,3563
4077,1024,1024,1.0000,48.854,20.469,1,0.000,3564
4078,1024,1024,1.0000,47.282,21.150,1,0.000,3565
4079,1024,1024,1.0000,46.880,21.331,1,0.000,3566
4080,1024,1024,1.0000,47.007,21.273,1,0.000,3567
4081,1024,1024,1.0000,46.697,21.415,1,0.000,3568
4082,1024,1024,1.0000,46.632,21.445,1,0.000,3569
4083,1024,1024,1.0000,46.858,21.341,1,0.000,3570
4084,1024,1024,1.0000,47.068,21.246,1,0.000,3571
4085,1024,1024,1.0000,47.065,21.247,1,0.000,3572
4086,1024,1024,1.0000,46.628,21.446,1,0.000,3573
4087,1024,1024,1.0000,47.309,21.138,1,0.000,3574
4088,1024,1024,1.0000,49.404,20.241,1,0.000,3575
4089,1024,1024,1.0000,46.420,21.542,1,0.000,3576
4090,1024,1024,1.0000,46.631,21.445,1,0.000,3577
4091,1024,1024,1.0000,46.202,21.644,1,0.000,3578
4092,1024,1024,1.0000,46.768,21.382,1,0.000,3579
4093,1024,1024,1.0000,46.505,21.503,1,0.000,3580
4094,1024,1024,1.0000,54.549,18.332,1,0.000,3581
4095,1024,1024,1.0000,55.310,18.080,1,0.000,3582
4096,1024,1024,1.0000,46.543,21.486,1,0.000,3583
4097,1024,1024,1.0000,47.117,21.224,1,0.000,3584
4098,1024,1024,1.0000,48.652,20.554,1,0.000,3585
4099,1024,1024,1.0000,47.476,21.063,1,0.000,3586
4100,1024,1024,1.0000,47.620,21.000,1,0.000,3587
4101,1024,1024,1.0000,48.320,20.695,1,0.000,3588
4102,1024,1024,1.0000,46.838,21.350,1,0.000,3589
4103,1024,1024,1.0000,46.954,21.297,1,0.000,3590
4104,1024,1024,1.0000,47.351,21.119,1,0.000,3591
4105,1024,1024,1.0000,47.369,21.111,1,0.000,3592
4106,1024,1024,1.0000,47.204,21.185,1,0.000,3593
4107,1024,1024,1.0000,47.931,20.863,1,0.000,3594
4108,1024,1024,1.0000,47.834,20.906,1,0.000,3595
4109,1024,1024,1.0000,47.968,20.847,1,0.000,3596
4110,1024,1024,1.0000,46.914,21.316,1,0.000,3597
4111,1024,1024,1.0000,47.681,20.973,1,0.000,3598
4112,1024,1024,1.0000,47.071,21.245,1,0.000,3599
4113,1024,1024,1.0000,48.148,20.769,1,0.000,3600
4114,1024,1024,1.0000,47.361,21.114,1,0.000,3601
4115,1024,1024,1.0000,47.322,21.132,1,0.000,3602
4116,1024,1024,1.0000,47.603,21.007,1,0.000,3603
4117,1024,1024,1.0000,46.989,21.282,1,0.000,3604
4118,1024,1024,1.0000,48.263,20.720,1,0.000,3605
4119,1024,1024,1.0000,47.586,21.015,1,0.000,3606
4120,1024,1024,1.0000,47.919,20.869,1,0.000,3607
4121,1024,1024,1.0000,47.097,21.233,1,0.000,3608
4122,1024,1024,1.0000,51.536,19.404,1,0.000,3609
4123,1024,1024,1.0000,46.684,21.421,1,0.000,3610
4124,1024,1024,1.0000,48.021,20.824,1,0.000,3611
4125,1024,1024,1.0000,47.332,21.127,1,0.000,3612
4126,1024,1024,1.0000,47.700,20.964,1,0.000,3613
4127,1024,1024,1.0000,47.370,21.110,1,0.000,3614
4128,1024,1024,1.0000,47.705,20.962,1,0.000,3615
4129,1024,1024,1.0000,47.774,20.932,1,0.000,3616
4130,1024,1024,1.0000,47.204,21.185,1,0.000,3617
4131,1024,1024,1.0000,47.575,21.019,1,0.000,3618
4132,1024,1024,1.0000,47.608,21.005,1,0.000,3619
4133,1024,1024,1.0000,47.495,21.055,1,0.000,3620
4134,1024,1024,1.0000,47.067,21.246,1,0.000,3621
4135,1024,1024,1.0000,47.284,21.149,1,0.000,3622
4136,1024,1024,1.0000,47.485,21.059,1,0.000,3623
4137,1024,1024,1.0000,54.674,18.290,1,0.000,3624
4138,1024,1024,1.0000,55.793,17.923,1,0.000,3625
4139,1024,1024,1.0000,47.988,20.839,1,0.000,3626
4140,1024,1024,1.0000,47.882,20.885,1,0.000,3627
4141,1024,1024,1.0000,46.940,21.304,1,0.000,3628
4142,1024,1024,1.0000,47.083,21.239,1,0.000,3629
4143,1024,1024,1.0000,46.987,21.282,1,0.000,3630
4144,1024,1024,1.0000,47.197,21.188,1,0.000,3631
4145,1024,1024,1.0000,47.208,21.183,1,0.000,3632
4146,1024,1024,1.0000,48.083,20.797,1,0.000,3633
4147,1024,1024,1.0000,47.080,21.240,1,0.000,3634
4148,1024,1024,1.0000,47.274,21.153,1,0.000,3635
4149,1024,1024,1.0000,47.512,21.047,1,0.000,3636
4150,1024,1024,1.0000,47.630,20.995,1,0.000,3637
4151,1024,1024,1.0000,47.748,20.943,1,0.000,3638
4152,1024,1024,1.0000,47.895,20.879,1,0.000,3639
4153,1024,1024,1.0000,47.348,21.120,1,0.000,3640
4154,1024,1024,1.0000,47.416,21.090,1,0.000,3641
4155,1024,1024,1.0000,47.056,21.251,1,0.000,3642
4156,1024,1024,1.0000,47.439,21.080,1,0.000,3643
4157,1024,1024,1.0000,47.378,21.107,1,0.000,3644
4158,1024,1024,1.0000,47.768,20.935,1,0.000,3645
4159,1024,1024,1.0000,47.429,21.084,1,0.000,3646
4160,1024,1024,1.0000,48.157,20.765,1,0.000,3647
4161,1024,1024,1.0000,48.359,20.679,1,0.000,3648
4162,1024,1024,1.0000,47.237,21.170,1,0.000,3649
4163,1024,1024,1.0000,47.243,21.167,1,0.000,3650
4164,1024,1024,1.0000,47.082,21.240,1,0.000,3651
4165,1024,1024,1.0000,47.434,21.082,1,0.000,3652
4166,1024,1024,1.0000,51.316,19.487,1,0.000,3653
4167,1024,1024,1.0000,47.636,20.993,1,0.000,3654
4168,1024,1024,1.0000,47.349,21.120,1,0.000,3655
4169,1024,1024,1.0000,47.470,21.066,1,0.000,3656
4170,1024,1024,1.0000,53.231,18.786,1,0.000,3657
4171,1024,1024,1.0000,50.966,19.621,1,0.000,3658
4172,1024,1024,1.0000,47.239,21.169,1,0.000,3659
4173,1024,1024,1.0000,47.434,21.082,1,0.000,3660
4174,1024,1024,1.0000,46.959,21.295,1,0.000,3661
4175,1024,1024,1.0000,47.340,21.124,1,0.000,3662
4176,1024,1024,1.0000,47.403,21.096,1,0.000,3663
4177,1024,1024,1.0000,47.532,21.038,1,0.000,3664
4178,1024,1024,1.0000,47.426,21.085,1,0.000,3665
4179,1024,1024,1.0000,47.875,20.888,1,0.000,3666
4180,1024,1024,1.0000,56.071,17.835,1,0.000,3667
4181,1024,1024,1.0000,54.214,18.445,1,0.000,3668
4182,1024,1024,1.0000,47.627,20.996,1,0.000,3669
4183,1024,1024,1.0000,47.086,21.238,1,0.000,3670
4184,1024,1024,1.0000,48.113,20.784,1,0.000,3671
4185,1024,1024,1.0000,47.564,21.024,1,0.000,3672
4186,1024,1024,1.0000,47.060,21.249,1,0.000,3673
4187,1024,1024,1.0000,47.075,21.243,1,0.000,3674
4188,1024,1024,1.0000,47.127,21.219,1,0.000,3675
4189,1024,1024,1.0000,47.035,21.261,1,0.000,3676
4190,1024,1024,1.0000,47.088,21.237,1,0.000,3677
4191,1024,1024,1.0000,47.721,20.955,1,0.000,3678
4192,1024,1024,1.0000,47.694,20.967,1,0.000,3679
4193,1024,1024,1.0000,47.216,21.179,1,0.000,3680
4194,1024,1024,1.0000,47.181,21.195,1,0.000,3681
4195,1024,1024,1.0000,47.105,21.229,1,0.000,3682
4196,1024,1024,1.0000,47.131,21.217,1,0.000,3683
4197,1024,1024,1.0000,47.501,21.052,1,0.000,3684
4198,1024,1024,1.0000,47.212,21.181,1,0.000,3685
4199,1024,1024,1.0000,47.844,20.901,1,0.000,3686
4200,1024,1024,1.0000,47.363,21.114,1,0.000,3687
4201,1024,1024,1.0000,47.030,21.263,1,0.000,3688
4202,1024,1024,1.0000,47.814,20.914,1,0.000,3689
4203,1024,1024,1.0000,47.323,21.131,1,0.000,3690
4204,1024,1024,1.0000,47.729,20.952,1,0.000,3691
4205,1024,1024,1.0000,47.469,21.066,1,0.000,3692
4206,1024,1024,1.0000,47.517,21.045,1,0.000,3693
4207,1024,1024,1.0000,47.250,21.164,1,0.000,3694
4208,1024,1024,1.0000,47.610,21.004,1,0.000,3695
4209,1024,1024,1.0000,47.275,21.153,1,0.000,3696
4210,1024,1024,1.0000,53.802,18.587,1,0.000,3697
4211,1024,1024,1.0000,47.286,21.148,1,0.000,3698
4212,1024,1024,1.0000,47.892,20.880,1,0.000,3699
4213,1024,1024,1.0000,50.008,19.997,1,0.000,3700
4214,1024,1024,1.0000,47.027,21.264,1,0.000,3701
4215,1024,1024,1.0000,47.454,21.073,1,0.000,3702
4216,1024,1024,1.0000,47.183,21.194,1,0.000,3703
4217,1024,1024,1.0000,47.595,21.011,1,0.000,3704
4218,1024,1024,1.0000,47.014,21.270,1,0.000,3705
4219,1024,1024,1.0000,47.786,20.927,1,0.000,3706
4220,1024,1024,1.0000,47.162,21.204,1,0.000,3707
4221,1024,1024,1.0000,47.461,21.070,1,0.000,3708
4222,1024,1024,1.0000,48.040,20.816,1,0.000,3709
4223,1024,1024,1.0000,56.884,17.580,1,0.000,3710
4224,1024,1024,1.0000,55.059,18.162,1,0.000,3711
4225,1024,1024,1.0000,48.043,20.815,1,0.000,3712
4226,1024,1024,1.0000,47.816,20.914,1,0.000,3713
4227,1024,1024,1.0000,47.509,21.049,1,0.000,3714
4228,1024,1024,1.0000,47.097,21.233,1,0.000,3715
4229,1024,1024,1.0000,48.379,20.670,1,0.000,3716
4230,1024,1024,1.0000,47.431,21.083,1,0.000,3717
4231,1024,1024,1.0000,47.205,21.184,1,0.000,3718
4232,1024,1024,1.0000,47.411,21.092,1,0.000,3719
4233,1024,1024,1.0000,47.296,21.143,1,0.000,3720
4234,1024,1024,1.0000,47.365,21.113,1,0.000,3721
4235,1024,1024,1.0000,48.627,20.565,1,0.000,3722
4236,1024,1024,1.0000,47.287,21.147,1,0.000,3723
4237,1024,1024,1.0000,48.047,20.813,1,0.000,3724
4238,1024,1024,1.0000,47.142,21.213,1,0.000,3725
4239,1024,1024,1.0000,47.313,21.136,1,0.000,3726
4240,1024,1024,1.0000,47.168,21.201,1,0.000,3727
4241,1024,1024,1.0000,47.316,21.134,1,0.000,3728
4242,1024,1024,1.0000,47.231,21.173,1,0.000,3729
4243,1024,1024,1.0000,48.241,20.729,1,0.000,3730
4244,1024,1024,1.0000,47.504,21.051,1,0.000,3731
4245,1024,1024,1.0000,48.985,20.414,1,0.000,3732
4246,1024,1024,1.0000,47.219,21.178,1,0.000,3733
4247,1024,1024,1.0000,48.350,20.683,1,0.000,3734
4248,1024,1024,1.0000,47.533,21.038,1,0.000,3735
4249,1024,1024,1.0000,48.102,20.789,1,0.000,3736
4250,1024,1024,1.0000,47.169,21.200,1,0.000,3737
4251,1024,1024,1.0000,46.913,21.316,1,0.000,3738
4252,1024,1024,1.0000,47.866,20.892,1,0.000,3739
4253,1024,1024,1.0000,48.030,20.820,1,0.000,3740
4254,1024,1024,1.0000,53.990,18.522,1,0.000,3741
4255,1024,1024,1.0000,48.087,20.796,1,0.000,3742
4256,1024,1024,1.0000,47.555,21.028,1,0.000,3743
4257,1024,1024,1.0000,47.380,21.106,1,0.000,3744
4258,1024,1024,1.0000,46.786,21.374,1,0.000,3745
4259,1024,1024,1.0000,47.798,20.921,1,0.000,3746
4260,1024,1024,1.0000,46.860,21.340,1,0.000,3747
4261,1024,1024,1.0000,47.577,21.019,1,0.000,3748
4262,1024,1024,1.0000,47.638,20.992,1,0.000,3749
4263,1024,1024,1.0000,47.507,21.050,1,0.000,3750
4264,1024,1024,1.0000,50.172,19.931,1,0.000,3751
4265,1024,1024,1.0000,48.795,20.494,1,0.000,3752
4266,1024,1024,1.0000,56.699,17.637,1,0.000,3753
4267,1024,1024,1.0000,54.105,18.483,1,0.000,3754
4268,1024,1024,1.0000,47.861,20.894,1,0.000,3755
4269,1024,1024,1.0000,48.008,20.830,1,0.000,3756
4270,1024,1024,1.0000,47.497,21.054,1,0.000,3757
4271,1024,1024,1.0000,47.910,20.872,1,0.000,3758
4272,1024,1024,1.0000,46.944,21.302,1,0.000,3759
4273,1024,1024,1.0000,47.719,20.956,1,0.000,3760
4274,1024,1024,1.0000,47.853,20.897,1,0.000,3761
4275,1024,1024,1.0000,47.450,21.075,1,0.000,3762
4276,1024,1024,1.0000,47.224,21.176,1,0.000,3763
4277,1024,1024,1.0000,46.962,21.294,1,0.000,3764
4278,1024,1024,1.0000,46.969,21.291,1,0.000,3765
4279,1024,1024,1.0000,47.347,21.121,1,0.000,3766
4280,1024,1024,1.0000,47.173,21.199,1,0.000,3767
4281,1024,1024,1.0000,48.220,20.738,1,0.000,3768
4282,1024,1024,1.0000,47.297,21.143,1,0.000,3769
4283,1024,1024,1.0000,47.355,21.117,1,0.000,3770
4284,1024,1024,1.0000,47.380,21.106,1,0.000,3771
4285,1024,1024,1.0000,47.593,21.011,1,0.000,3772
4286,1024,1024,1.0000,47.236,21.170,1,0.000,3773
4287,1024,1024,1.0000,46.957,21.296,1,0.000,3774
4288,1024,1024,1.0000,48.270,20.717,1,0.000,3775
4289,1024,1024,1.0000,47.186,21.193,1,0.000,3776
4290,1024,1024,1.0000,47.164,21.203,1,0.000,3777
4291,1024,1024,1.0000,47.318,21.134,1,0.000,3778
4292,1024,1024,1.0000,47.421,21.088,1,0.000,3779
4293,1024,1024,1.0000,47.159,21.205,1,0.000,3780
4294,1024,1024,1.0000,47.781,20.929,1,0.000,3781
4295,1024,1024,1.0000,47.419,21.089,1,0.000,3782
4296,1024,1024,1.0000,50.115,19.954,1,0.000,3783
4297,1024,1024,1.0000,46.996,21.278,1,0.000,3784
4298,1024,1024,1.0000,51.118,19.563,1,0.000,3785
4299,1024,1024,1.0000,47.461,21.070,1,0.000,3786
4300,1024,1024,1.0000,47.462,21.069,1,0.000,3787
4301,1024,1024,1.0000,47.798,20.921,1,0.000,3788
4302,1024,1024,1.0000,47.778,20.930,1,0.000,3789
4303,1024,1024,1.0000,47.525,21.042,1,0.000,3790
4304,1024,1024,1.0000,46.926,21.310,1,0.000,3791
4305,1024,1024,1.0000,47.403,21.096,1,0.000,3792
4306,1024,1024,1.0000,48.334,20.689,1,0.000,3793
4307,1024,1024,1.0000,47.765,20.936,1,0.000,3794
4308,1024,1024,1.0000,47.450,21.075,1,0.000,3795
4309,1024,1024,1.0000,58.524,17.087,1,0.000,3796
4310,1024,1024,1.0000,51.956,19.247,1,0.000,3797
4311,1024,1024,1.0000,47.519,21.044,1,0.000,3798
4312,1024,1024,1.0000,47.839,20.903,1,0.000,3799
4313,1024,1024,1.0000,48.258,20.722,1,0.000,3800
4314,1024,1024,1.0000,47.330,21.128,1,0.000,3801
4315,1024,1024,1.0000,47.825,20.910,1,0.000,3802
4316,1024,1024,1.0000,47.647,20.988,1,0.000,3803
4317,1024,1024,1.0000,47.295,21.144,1,0.000,3804
4318,1024,1024,1.0000,47.450,21.075,1,0.000,3805
4319,1024,1024,1.0000,47.403,21.096,1,0.000,3806
4320,1024,1024,1.0000,47.554,21.029,1,0.000,3807
4321,1024,1024,1.0000,47.136,21.215,1,0.000,3808
4322,1024,1024,1.0000,48.096,20.792,1,0.000,3809
4323,1024,1024,1.0000,47.671,20.977,1,0.000,3810
4324,1024,1024,1.0000,47.126,21.220,1,0.000,3811
4325,1024,1024,1.0000,47.031,21.263,1,0.000,3812
4326,1024,1024,1.0000,47.946,20.857,1,0.000,3813
4327,1024,1024,1.0000,47.610,21.004,1,0.000,3814
4328,1024,1024,1.0000,47.156,21.206,1,0.000,3815
4329,1024,1024,1.0000,47.136,21.215,1,0.000,3816
4330,1024,1024,1.0000,47.205,21.184,1,0.000,3817
4331,1024,1024,1.0000,47.901,20.876,1,0.000,3818
4332,1024,1024,1.0000,47.047,21.255,1,0.000,3819
4333,1024,1024,1.0000,47.951,20.855,1,0.000,3820
4334,1024,1024,1.0000,47.667,20.979,1,0.000,3821
4335,1024,1024,1.0000,47.464,21.069,1,0.000,3822
4336,1024,1024,1.0000,47.408,21.093,1,0.000,3823
4337,1024,1024,1.0000,47.310,21.137,1,0.000,3824
4338,1024,1024,1.0000,50.472,19.813,1,0.000,3825
4339,1024,1024,1.0000,47.446,21.077,1,0.000,3826
4340,1024,1024,1.0000,47.633,20.994,1,0.000,3827
4341,1024,1024,1.0000,47.150,21.209,1,0.000,3828
4342,1024,1024,1.0000,51.319,19.486,1,0.000,3829
4343,1024,1024,1.0000,47.347,21.121,1,0.000,3830
4344,1024,1024,1.0000,47.298,21.143,1,0.000,3831
4345,1024,1024,1.0000,47.466,21.068,1,0.000,3832
4346,1024,1024,1.0000,47.452,21.074,1,0.000,3833
4347,1024,1024,1.0000,47.835,20.905,1,0.000,3834
4348,1024,1024,1.0000,47.183,21.194,1,0.000,3835
4349,1024,1024,1.0000,47.279,21.151,1,0.000,3836
4350,1024,1024,1.0000,46.990,21.281,1,0.000,3837
4351,1024,1024,1.0000,47.390,21.101,1,0.000,3838
4352,1024,1024,1.0000,58.840,16.995,1,0.000,3839
4353,1024,1024,1.0000,51.316,19.487,1,0.000,3840
4354,1024,1024,1.0000,50.352,19.860,1,0.000,3841
4355,1024,1024,1.0000,48.485,20.625,1,0.000,3842
4356,1024,1024,1.0000,48.366,20.676,1,0.000,3843
4357,1024,1024,1.0000,48.778,20.501,1,0.000,3844
4358,1024,1024,1.0000,48.523,20.609,1,0.000,3845
4359,1024,1024,1.0000,48.566,20.591,1,0.000,3846
4360,1024,1024,1.0000,48.209,20.743,1,0.000,3847
4361,1024,1024,1.0000,48.628,20.564,1,0.000,3848
4362,1024,1024,1.0000,48.801,20.491,1,0.000,3849
4363,1024,1024,1.0000,48.396,20.663,1,0.000,3850
4364,1024,1024,1.0000,48.747,20.514,1,0.000,3851
4365,1024,1024,1.0000,48.752,20.512,1,0.000,3852
4366,1024,1024,1.0000,48.398,20.662,1,0.000,3853
4367,1024,1024,1.0000,48.729,20.522,1,0.000,3854
4368,1024,1024,1.0000,49.112,20.362,1,0.000,3855
4369,1024,1024,1.0000,48.860,20.467,1,0.000,3856
4370,1024,1024,1.0000,48.381,20.669,1,0.000,3857
4371,1024,1024,1.0000,47.922,20.867,1,0.000,3858
4372,1024,1024,1.0000,48.949,20.429,1,0.000,3859
4373,1024,1024,1.0000,48.528,20.607,1,0.000,3860
4374,1024,1024,1.0000,48.752,20.512,1,0.000,3861
4375,1024,1024,1.0000,48.042,20.815,1,0.000,3862
4376,1024,1024,1.0000,48.130,20.777,1,0.000,3863
4377,1024,1024,1.0000,48.586,20.582,1,0.000,3864
4378,1024,1024,1.0000,48.389,20.666,1,0.000,3865
4379,1024,1024,1.0000,51.193,19.534,1,0.000,3866
4380,1024,1024,1.0000,47.976,20.844,1,0.000,3867
4381,1024,1024,1.0000,48.567,20.590,1,0.000,3868
4382,1024,1024,1.0000,48.085,20.797,1,0.000,3869
4383,1024,1024,1.0000,48.089,20.795,1,0.000,3870
4384,1024,1024,1.0000,48.185,20.753,1,0.000,3871
4385,1024,1024,1.0000,49.075,20.377,1,0.000,3872
4386,1024,1024,1.0000,51.263,19.507,1,0.000,3873
4387,1024,1024,1.0000,48.285,20.710,1,0.000,3874
4388,1024,1024,1.0000,49.127,20.355,1,0.000,3875
4389,1024,1024,1.0000,48.520,20.610,1,0.000,3876
4390,1024,1024,1.0000,48.375,20.672,1,0.000,3877
4391,1024,1024,1.0000,48.075,20.801,1,0.000,3878
4392,1024,1024,1.0000,48.669,20.547,1,0.000,3879
4393,1024,1024,1.0000,48.419,20.653,1,0.000,3880
4394,1024,1024,1.0000,58.139,17.200,1,0.000,3881
4395,1024,1024,1.0000,53.568,18.668,1,0.000,3882
4396,1024,1024,1.0000,49.142,20.349,1,0.000,3883
4397,1024,1024,1.0000,48.589,20.581,1,0.000,3884
4398,1024,1024,1.0000,48.678,20.543,1,0.000,3885
4399,1024,1024,1.0000,48.495,20.621,1,0.000,3886
4400,1024,1024,1.0000,47.888,20.882,1,0.000,3887
4401,1024,1024,1.0000,48.563,20.592,1,0.000,3888
4402,1024,1024,1.0000,48.452,20.639,1,0.000,3889
4403,1024,1024,1.0000,48.797,20.493,1,0.000,3890
4404,1024,1024,1.0000,48.225,20.736,1,0.000,3891
4405,1024,1024,1.0000,48.734,20.520,1,0.000,3892
4406,1024,1024,1.0000,48.507,20.616,1,0.000,3893
4407,1024,1024,1.0000,48.402,20.660,1,0.000,3894
4408,1024,1024,1.0000,48.965,20.423,1,0.000,3895
4409,1024,1024,1.0000,48.946,20.431,1,0.000,3896
4410,1024,1024,1.0000,48.580,20.585,1,0.000,3897
4411,1024,1024,1.0000,48.370,20.674,1,0.000,3898
4412,1024,1024,1.0000,48.523,20.609,1,0.000,3899
4413,1024,1024,1.0000,48.407,20.658,1,0.000,3900
4414,1024,1024,1.0000,48.177,20.757,1,0.000,3901
4415,1024,1024,1.0000,48.382,20.669,1,0.000,3902
4416,1024,1024,1.0000,49.309,20.280,1,0.000,3903
4417,1024,1024,1.0000,48.476,20.629,1,0.000,3904
4418,1024,1024,1.0000,48.285,20.710,1,0.000,3905
4419,1024,1024,1.0000,48.213,20.741,1,0.000,3906
4420,1024,1024,1.0000,48.472,20.630,1,0.000,3907
4421,1024,1024,1.0000,48.567,20.590,1,0.000,3908
4422,1024,1024,1.0000,48.468,20.632,1,0.000,3909
4423,1024,1024,1.0000,48.299,20.704,1,0.000,3910
4424,1024,1024,1.0000,48.325,20.693,1,0.000,3911
4425,1024,1024,1.0000,48.122,20.781,1,0.000,3912
4426,1024,1024,1.0000,48.001,20.833,1,0.000,3913
4427,1024,1024,1.0000,48.942,20.432,1,0.000,3914
4428,1024,1024,1.0000,48.346,20.684,1,0.000,3915
4429,1024,1024,1.0000,52.119,19.187,1,0.000,3916
4430,1024,1024,1.0000,48.211,20.742,1,0.000,3917
4431,1024,1024,1.0000,48.354,20.681,1,0.000,3918
4432,1024,1024,1.0000,48.026,20.822,1,0.000,3919
4433,1024,1024,1.0000,48.245,20.728,1,0.000,3920
4434,1024,1024,1.0000,48.197,20.748,1,0.000,3921
4435,1024,1024,1.0000,48.981,20.416,1,0.000,3922
4436,1024,1024,1.0000,57.600,17.361,1,0.000,3923
4437,1024,1024,1.0000,54.440,18.369,1,0.000,3924
4438,1024,1024,1.0000,49.002,20.407,1,0.000,3925
4439,1024,1024,1.0000,48.326,20.693,1,0.000,3926
4440,1024,1024,1.0000,48.449,20.640,1,0.000,3927
4441,1024,1024,1.0000,48.068,20.804,1,0.000,3928
4442,1024,1024,1.0000,48.270,20.717,1,0.000,3929
4443,1024,1024,1.0000,48.543,20.600,1,0.000,3930
4444,1024,1024,1.0000,48.392,20.665,1,0.000,3931
4445,1024,1024,1.0000,48.162,20.763,1,0.000,3932
4446,1024,1024,1.0000,47.895,20.879,1,0.000,3933
4447,1024,1024,1.0000,48.708,20.531,1,0.000,3934
4448,1024,1024,1.0000,48.767,20.506,1,0.000,3935
4449,1024,1024,1.0000,48.851,20.470,1,0.000,3936
4450,1024,1024,1.0000,48.683,20.541,1,0.000,3937
4451,1024,1024,1.0000,48.179,20.756,1,0.000,3938
4452,1024,1024,1.0000,49.427,20.232,1,0.000,3939
4453,1024,1024,1.0000,48.305,20.702,1,0.000,3940
4454,1024,1024,1.0000,48.625,20.566,1,0.000,3941
4455,1024,1024,1.0000,48.547,20.599,1,0.000,3942
4456,1024,1024,1.0000,48.428,20.649,1,0.000,3943
4457,1024,1024,1.0000,48.548,20.598,1,0.000,3944
4458,1024,1024,1.0000,49.156,20.343,1,0.000,3945
4459,1024,1024,1.0000,48.394,20.664,1,0.000,3946
4460,1024,1024,1.0000,51.657,19.358,1,0.000,3947
4461,1024,1024,1.0000,48.564,20.591,1,0.000,3948
4462,1024,1024,1.0000,48.509,20.615,1,0.000,3949
4463,1024,1024,1.0000,48.458,20.636,1,0.000,3950
4464,1024,1024,1.0000,48.364,20.677,1,0.000,3951
4465,1024,1024,1.0000,48.966,20.422,1,0.000,3952
4466,1024,1024,1.0000,48.611,20.571,1,0.000,3953
4467,1024,1024,1.0000,48.138,20.774,1,0.000,3954
4468,1024,1024,1.0000,48.573,20.588,1,0.000,3955
4469,1024,1024,1.0000,48.309,20.700,1,0.000,3956
4470,1024,1024,1.0000,49.925,20.030,1,0.000,3957
4471,1024,1024,1.0000,48.232,20.733,1,0.000,3958
4472,1024,1024,1.0000,51.121,19.561,1,0.000,3959
4473,1024,1024,1.0000,49.201,20.325,1,0.000,3960
4474,1024,1024,1.0000,49.286,20.290,1,0.000,3961
4475,1024,1024,1.0000,48.229,20.734,1,0.000,3962
4476,1024,1024,1.0000,47.920,20.868,1,0.000,3963
4477,1024,1024,1.0000,48.710,20.530,1,0.000,3964
4478,1024,1024,1.0000,56.405,17.729,1,0.000,3965
4479,1024,1024,1.0000,56.524,17.692,1,0.000,3966
4480,1024,1024,1.0000,48.461,20.635,1,0.000,3967
4481,1024,1024,1.0000,48.625,20.566,1,0.000,3968
4482,1024,1024,1.0000,48.394,20.664,1,0.000,3969
4483,1024,1024,1.0000,49.313,20.279,1,0.000,3970
4484,1024,1024,1.0000,47.930,20.864,1,0.000,3971
4485,1024,1024,1.0000,48.303,20.703,1,0.000,3972
4486,1024,1024,1.0000,48.223,20.737,1,0.000,3973
4487,1024,1024,1.0000,48.606,20.574,1,0.000,3974
4488,1024,1024,1.0000,48.732,20.520,1,0.000,3975
4489,1024,1024,1.0000,48.519,20.610,1,0.000,3976
4490,1024,1024,1.0000,48.639,20.560,1,0.000,3977
4491,1024,1024,1.0000,48.170,20.760,1,0.000,3978
4492,1024,1024,1.0000,48.683,20.541,1,0.000,3979
4493,1024,1024,1.0000,48.844,20.473,1,0.000,3980
4494,1024,1024,1.0000,48.295,20.706,1,0.000,3981
4495,1024,1024,1.0000,47.884,20.884,1,0.000,3982
4496,1024,1024,1.0000,48.350,20.683,1,0.000,3983
4497,1024,1024,1.0000,49.196,20.327,1,0.000,3984
4498,1024,1024,1.0000,48.654,20.553,1,0.000,3985
4499,1024,1024,1.0000,48.609,20.572,1,0.000,3986
4500,1024,1024,1.0000,48.907,20.447,1,0.000,3987
4501,1024,1024,1.0000,51.489,19.422,1,0.000,3988
4502,1024,1024,1.0000,48.367,20.675,1,0.000,3989
4503,1024,1024,1.0000,48.207,20.744,1,0.000,3990
4504,1024,1024,1.0000,48.878,20.459,1,0.000,3991
4505,1024,1024,1.0000,48.716,20.527,1,0.000,3992
4506,1024,1024,1.0000,48.091,20.794,1,0.000,3993
4507,1024,1024,1.0000,48.215,20.740,1,0.000,3994
4508,1024,1024,1.0000,48.516,20.612,1,0.000,3995
4509,1024,1024,1.0000,48.778,20.501,1,0.000,3996
4510,1024,1024,1.0000,48.062,20.806,1,0.000,3997
4511,1024,1024,1.0000,49.298,20.285,1,0.000,3998
4512,1024,1024,1.0000,48.113,20.784,1,0.000,3999
4513,1024,1024,1.0000,48.723,20.524,1,0.000,4000
4514,1024,1024,1.0000,48.453,20.639,1,0.000,4001
4515,1024,1024,1.0000,61.378,16.292,1,0.000,4002
4516,1024,1024,1.0000,47.926,20.866,1,0.000,4003
4517,1024,1024,1.0000,49.490,20.206,1,0.000,4004
4518,1024,1024,1.0000,48.110,20.786,1,0.000,4005
4519,1024,1024,1.0000,48.746,20.515,1,0.000,4006
4520,1024,1024,1.0000,60.280,16.589,1,0.000,4007
4521,1024,1024,1.0000,52.444,19.068,1,0.000,4008
4522,1024,1024,1.0000,48.324,20.694,1,0.000,4009
4523,1024,1024,1.0000,48.649,20.555,1,0.000,4010
4524,1024,1024,1.0000,48.511,20.614,1,0.000,4011
4525,1024,1024,1.0000,48.370,20.674,1,0.000,4012
4526,1024,1024,1.0000,47.819,20.912,1,0.000,4013
4527,1024,1024,1.0000,47.943,20.858,1,0.000,4014
4528,1024,1024,1.0000,48.041,20.816,1,0.000,4015
4529,1024,1024,1.0000,48.811,20.487,1,0.000,4016
4530,1024,1024,1.0000,48.183,20.754,1,0.000,4017
4531,1024,1024,1.0000,48.438,20.645,1,0.000,4018
4532,1024,1024,1.0000,47.877,20.887,1,0.000,4019
4533,1024,1024,1.0000,48.599,20.577,1,0.000,4020
4534,1024,1024,1.0000,48.479,20.627,1,0.000,4021
4535,1024,1024,1.0000,48.266,20.719,1,0.000,4022
4536,1024,1024,1.0000,48.506,20.616,1,0.000,4023
4537,1024,1024,1.0000,48.376,20.671,1,0.000,4024
4538,1024,1024,1.0000,48.543,20.600,1,0.000,4025
4539,1024,1024,1.0000,48.401,20.661,1,0.000,4026
4540,1024,1024,1.0000,48.891,20.454,1,0.000,4027
4541,1024,1024,1.0000,48.932,20.437,1,0.000,4028
4542,1024,1024,1.0000,51.417,19.449,1,0.000,4029
4543,1024,1024,1.0000,48.172,20.759,1,0.000,4030
4544,1024,1024,1.0000,48.664,20.549,1,0.000,4031
4545,1024,1024,1.0000,47.876,20.887,1,0.000,4032
4546,1024,1024,1.0000,47.964,20.849,1,0.000,4033
4547,1024,1024,1.0000,48.642,20.558,1,0.000,4034
4548,1024,1024,1.0000,47.888,20.882,1,0.000,4035
4549,1024,1024,1.0000,48.228,20.735,1,0.000,4036
4550,1024,1024,1.0000,48.567,20.590,1,0.000,4037
4551,1024,1024,1.0000,48.805,20.490,1,0.000,4038
4552,1024,1024,1.0000,48.454,20.638,1,0.000,4039
4553,1024,1024,1.0000,48.574,20.587,1,0.000,4040
4554,1024,1024,1.0000,47.969,20.847,1,0.000,4041
4555,1024,1024,1.0000,48.148,20.769,1,0.000,4042
4556,1024,1024,1.0000,48.470,20.631,1,0.000,4043
4557,1024,1024,1.0000,48.430,20.648,1,0.000,4044
4558,1024,1024,1.0000,51.827,19.295,1,0.000,4045
4559,1024,1024,1.0000,68.712,14.553,1,0.000,4046
4560,1024,1024,1.0000,47.428,21.085,1,0.000,4047
4561,1024,1024,1.0000,49.860,20.056,1,0.000,4048
4562,1024,1024,1.0000,59.818,16.717,1,0.000,4049
4563,1024,1024,1.0000,49.845,20.062,1,0.000,4050
4564,1024,1024,1.0000,47.745,20.945,1,0.000,4051
4565,1024,1024,1.0000,48.762,20.508,1,0.000,4052
4566,1024,1024,1.0000,48.132,20.776,1,0.000,4053
4567,1024,1024,1.0000,47.822,20.911,1,0.000,4054
4568,1024,1024,1.0000,47.940,20.859,1,0.000,4055
4569,1024,1024,1.0000,48.191,20.751,1,0.000,4056
4570,1024,1024,1.0000,47.950,20.855,1,0.000,4057
4571,1024,1024,1.0000,53.301,18.761,1,0.000,4058
4572,1024,1024,1.0000,48.052,20.811,1,0.000,4059
4573,1024,1024,1.0000,47.720,20.956,1,0.000,4060
4574,1024,1024,1.0000,48.171,20.759,1,0.000,4061
4575,1024,1024,1.0000,48.398,20.662,1,0.000,4062
4576,1024,1024,1.0000,47.750,20.942,1,0.000,4063
4577,1024,1024,1.0000,49.001,20.408,1,0.000,4064
4578,1024,1024,1.0000,48.495,20.621,1,0.000,4065
4579,1024,1024,1.0000,48.243,20.728,1,0.000,4066
4580,1024,1024,1.0000,47.970,20.846,1,0.000,4067
4581,1024,1024,1.0000,48.309,20.700,1,0.000,4068
4582,1024,1024,1.0000,48.026,20.822,1,0.000,4069
4583,1024,1024,1.0000,48.900,20.450,1,0.000,4070
4584,1024,1024,1.0000,48.469,20.632,1,0.000,4071
4585,1024,1024,1.0000,48.153,20.767,1,0.000,4072
4586,1024,1024,1.0000,48.021,20.824,1,0.000,4073
4587,1024,1024,1.0000,50.485,19.808,1,0.000,4074
4588,1024,1024,1.0000,47.953,20.854,1,0.000,4075
4589,1024,1024,1.0000,47.997,20.835,1,0.000,4076
4590,1024,1024,1.0000,49.347,20.265,1,0.000,4077
4591,1024,1024,1.0000,48.567,20.590,1,0.000,4078
4592,1024,1024,1.0000,48.558,20.594,1,0.000,4079
4593,1024,1024,1.0000,48.192,20.750,1,0.000,4080
4594,1024,1024,1.0000,48.569,20.589,1,0.000,4081
4595,1024,1024,1.0000,48.199,20.747,1,0.000,4082
4596,1024,1024,1.0000,48.642,20.558,1,0.000,4083
4597,1024,1024,1.0000,47.940,20.859,1,0.000,4084
4598,1024,1024,1.0000,48.537,20.603,1,0.000,4085
4599,1024,1024,1.0000,48.510,20.614,1,0.000,4086
4600,1024,1024,1.0000,48.554,20.596,1,0.000,4087
4601,1024,1024,1.0000,51.840,19.290,1,0.000,4088
4602,1024,1024,1.0000,48.480,20.627,1,0.000,4089
4603,1024,1024,1.0000,53.261,18.775,1,0.000,4090
4604,1024,1024,1.0000,59.472,16.815,1,0.000,4091
4605,1024,1024,1.0000,50.120,19.952,1,0.000,4092
4606,1024,1024,1.0000,48.317,20.697,1,0.000,4093
4607,1024,1024,1.0000,48.324,20.694,1,0.000,4094
4608,1024,1024,1.0000,47.952,20.854,1,0.000,4095
4609,1024,1024,1.0000,49.092,20.370,1,0.000,4096
4610,1024,1024,1.0000,51.283,19.500,1,0.000,4097
4611,1024,1024,1.0000,48.572,20.588,1,0.000,4098
4612,1024,1024,1.0000,55.662,17.966,1,0.000,4099
4613,1024,1024,1.0000,48.191,20.751,1,0.000,4100
4614,1024,1024,1.0000,49.461,20.218,1,0.000,4101
4615,1024,1024,1.0000,48.756,20.510,1,0.000,4102
4616,1024,1024,1.0000,49.084,20.373,1,0.000,4103
4617,1024,1024,1.0000,48.369,20.674,1,0.000,4104
4618,1024,1024,1.0000,48.806,20.489,1,0.000,4105
4619,1024,1024,1.0000,49.442,20.226,1,0.000,4106
4620,1024,1024,1.0000,48.531,20.605,1,0.000,4107
4621,1024,1024,1.0000,49.371,20.255,1,0.000,4108
4622,1024,1024,1.0000,49.837,20.065,1,0.000,4109
4623,1024,1024,1.0000,48.537,20.603,1,0.000,4110
4624,1024,1024,1.0000,48.558,20.594,1,0.000,4111
4625,1024,1024,1.0000,48.568,20.590,1,0.000,4112
4626,1024,1024,1.0000,48.707,20.531,1,0.000,4113
4627,1024,1024,1.0000,48.933,20.436,1,0.000,4114
4628,1024,1024,1.0000,49.343,20.266,1,0.000,4115
4629,1024,1024,1.0000,49.117,20.360,1,0.000,4116
4630,1024,1024,1.0000,49.086,20.372,1,0.000,4117
4631,1024,1024,1.0000,49.766,20.094,1,0.000,4118
4632,1024,1024,1.0000,48.836,20.477,1,0.000,4119
4633,1024,1024,1.0000,49.118,20.359,1,0.000,4120
4634,1024,1024,1.0000,49.116,20.360,1,0.000,4121
4635,1024,1024,1.0000,48.639,20.560,1,0.000,4122
4636,1024,1024,1.0000,48.718,20.526,1,0.000,4123
4637,1024,1024,1.0000,49.001,20.408,1,0.000,4124
4638,1024,1024,1.0000,49.021,20.399,1,0.000,4125
4639,1024,1024,1.0000,49.268,20.297,1,0.000,4126
4640,1024,1024,1.0000,49.275,20.294,1,0.000,4127
4641,1024,1024,1.0000,49.323,20.275,1,0.000,4128
4642,1024,1024,1.0000,49.507,20.199,1,0.000,4129
4643,1024,1024,1.0000,51.527,19.407,1,0.000,4130
4644,1024,1024,1.0000,52.244,19.141,1,0.000,4131
4645,1024,1024,1.0000,56.193,17.796,1,0.000,4132
4646,1024,1024,1.0000,57.742,17.318,1,0.000,4133
4647,1024,1024,1.0000,50.052,19.979,1,0.000,4134
4648,1024,1024,1.0000,49.625,20.151,1,0.000,4135
4649,1024,1024,1.0000,49.833,20.067,1,0.000,4136
4650,1024,1024,1.0000,49.080,20.375,1,0.000,4137
4651,1024,1024,1.0000,49.808,20.077,1,0.000,4138
4652,1024,1024,1.0000,49.501,20.202,1,0.000,4139
4653,1024,1024,1.0000,49.396,20.245,1,0.000,4140
4654,1024,1024,1.0000,48.507,20.616,1,0.000,4141
4655,1024,1024,1.0000,48.546,20.599,1,0.000,4142
4656,1024,1024,1.0000,48.157,20.765,1,0.000,4143
4657,1024,1024,1.0000,49.192,20.329,1,0.000,4144
4658,1024,1024,1.0000,48.625,20.566,1,0.000,4145
4659,1024,1024,1.0000,49.815,20.074,1,0.000,4146
4660,1024,1024,1.0000,48.451,20.639,1,0.000,4147
4661,1024,1024,1.0000,49.795,20.082,1,0.000,4148
4662,1024,1024,1.0000,48.644,20.558,1,0.000,4149
4663,1024,1024,1.0000,49.153,20.345,1,0.000,4150
4664,1024,1024,1.0000,48.573,20.588,1,0.000,4151
4665,1024,1024,1.0000,49.174,20.336,1,0.000,4152
4666,1024,1024,1.0000,48.348,20.683,1,0.000,4153
4667,1024,1024,1.0000,49.145,20.348,1,0.000,4154
4668,1024,1024,1.0000,49.511,20.198,1,0.000,4155
4669,1024,1024,1.0000,49.599,20.162,1,0.000,4156
4670,1024,1024,1.0000,49.290,20.288,1,0.000,4157
4671,1024,1024,1.0000,49.811,20.076,1,0.000,4158
4672,1024,1024,1.0000,49.760,20.096,1,0.000,4159
4673,1024,1024,1.0000,49.663,20.136,1,0.000,4160
4674,1024,1024,1.0000,49.266,20.298,1,0.000,4161
4675,1024,1024,1.0000,48.995,20.410,1,0.000,4162
4676,1024,1024,1.0000,49.666,20.134,1,0.000,4163
4677,1024,1024,1.0000,48.921,20.441,1,0.000,4164
4678,1024,1024,1.0000,49.186,20.331,1,0.000,4165
4679,1024,1024,1.0000,50.823,19.676,1,0.000,4166
4680,1024,1024,1.0000,48.568,20.590,1,0.000,4167
4681,1024,1024,1.0000,48.781,20.500,1,0.000,4168
4682,1024,1024,1.0000,49.031,20.395,1,0.000,4169
4683,1024,1024,1.0000,51.040,19.592,1,0.000,4170
4684,1024,1024,1.0000,49.888,20.045,1,0.000,4171
4685,1024,1024,1.0000,48.724,20.524,1,0.000,4172
4686,1024,1024,1.0000,50.689,19.728,1,0.000,4173
4687,1024,1024,1.0000,62.044,16.118,1,0.000,4174
4688,1024,1024,1.0000,52.035,19.218,1,0.000,4175
4689,1024,1024,1.0000,49.625,20.151,1,0.000,4176
4690,1024,1024,1.0000,49.545,20.184,1,0.000,4177
4691,1024,1024,1.0000,49.232,20.312,1,0.000,4178
4692,1024,1024,1.0000,49.354,20.262,1,0.000,4179
4693,1024,1024,1.0000,49.119,20.359,1,0.000,4180
4694,1024,1024,1.0000,48.738,20.518,1,0.000,4181
4695,1024,1024,1.0000,48.736,20.519,1,0.000,4182
4696,1024,1024,1.0000,49.117,20.360,1,0.000,4183
4697,1024,1024,1.0000,49.324,20.274,1,0.000,4184
4698,1024,1024,1.0000,49.144,20.348,1,0.000,4185
4699,1024,1024,1.0000,49.603,20.160,1,0.000,4186
4700,1024,1024,1.0000,49.263,20.299,1,0.000,4187
4701,1024,1024,1.0000,48.422,20.652,1,0.000,4188
4702,1024,1024,1.0000,49.941,20.024,1,0.000,4189
4703,1024,1024,1.0000,50.318,19.874,1,0.000,4190
4704,1024,1024,1.0000,48.509,20.615,1,0.000,4191
4705,1024,1024,1.0000,48.146,20.770,1,0.000,4192
4706,1024,1024,1.0000,49.415,20.237,1,0.000,4193
4707,1024,1024,1.0000,48.497,20.620,1,0.000,4194
4708,1024,1024,1.0000,50.074,19.970,1,0.000,4195
4709,1024,1024,1.0000,48.699,20.534,1,0.000,4196
4710,1024,1024,1.0000,49.130,20.354,1,0.000,4197
4711,1024,1024,1.0000,49.392,20.246,1,0.000,4198
4712,1024,1024,1.0000,49.049,20.388,1,0.000,4199
4713,1024,1024,1.0000,48.431,20.648,1,0.000,4200
4714,1024,1024,1.0000,49.965,20.014,1,0.000,4201
4715,1024,1024,1.0000,48.681,20.542,1,0.000,4202
4716,1024,1024,1.0000,48.735,20.519,1,0.000,4203
4717,1024,1024,1.0000,48.749,20.513,1,0.000,4204
4718,1024,1024,1.0000,48.653,20.554,1,0.000,4205
4719,1024,1024,1.0000,48.805,20.490,1,0.000,4206
4720,1024,1024,1.0000,49.426,20.232,1,0.000,4207
4721,1024,1024,1.0000,49.647,20.142,1,0.000,4208
4722,1024,1024,1.0000,49.203,20.324,1,0.000,4209
4723,1024,1024,1.0000,49.121,20.358,1,0.000,4210
4724,1024,1024,1.0000,50.765,19.699,1,0.000,4211
4725,1024,1024,1.0000,49.168,20.338,1,0.000,4212
4726,1024,1024,1.0000,48.582,20.584,1,0.000,4213
4727,1024,1024,1.0000,48.927,20.439,1,0.000,4214
4728,1024,1024,1.0000,56.238,17.782,1,0.000,4215
4729,1024,1024,1.0000,61.222,16.334,1,0.000,4216
4730,1024,1024,1.0000,50.129,19.949,1,0.000,4217
4731,1024,1024,1.0000,49.323,20.275,1,0.000,4218
4732,1024,1024,1.0000,49.560,20.178,1,0.000,4219
4733,1024,1024,1.0000,49.180,20.333,1,0.000,4220
4734,1024,1024,1.0000,49.556,20.179,1,0.000,4221
4735,1024,1024,1.0000,49.450,20.222,1,0.000,4222
4736,1024,1024,1.0000,48.841,20.475,1,0.000,4223
4737,1024,1024,1.0000,48.644,20.558,1,0.000,4224
4738,1024,1024,1.0000,50.556,19.780,1,0.000,4225
4739,1024,1024,1.0000,48.721,20.525,1,0.000,4226
4740,1024,1024,1.0000,49.550,20.182,1,0.000,4227
4741,1024,1024,1.0000,49.385,20.249,1,0.000,4228
4742,1024,1024,1.0000,49.203,20.324,1,0.000,4229
4743,1024,1024,1.0000,48.833,20.478,1,0.000,4230
4744,1024,1024,1.0000,49.386,20.249,1,0.000,4231
4745,1024,1024,1.0000,48.462,20.635,1,0.000,4232
4746,1024,1024,1.0000,52.809,18.936,1,0.000,4233
4747,1024,1024,1.0000,49.042,20.391,1,0.000,4234
4748,1024,1024,1.0000,49.303,20.283,1,0.000,4235
4749,1024,1024,1.0000,48.829,20.480,1,0.000,4236
4750,1024,1024,1.0000,49.011,20.404,1,0.000,4237
4751,1024,1024,1.0000,49.101,20.366,1,0.000,4238
4752,1024,1024,1.0000,49.252,20.304,1,0.000,4239
4753,1024,1024,1.0000,49.108,20.363,1,0.000,4240
4754,1024,1024,1.0000,49.190,20.329,1,0.000,4241
4755,1024,1024,1.0000,48.532,20.605,1,0.000,4242
4756,1024,1024,1.0000,49.357,20.261,1,0.000,4243
4757,1024,1024,1.0000,49.354,20.262,1,0.000,4244
4758,1024,1024,1.0000,48.673,20.545,1,0.000,4245
4759,1024,1024,1.0000,49.422,20.234,1,0.000,4246
4760,1024,1024,1.0000,49.711,20.116,1,0.000,4247
4761,1024,1024,1.0000,48.964,20.423,1,0.000,4248
4762,1024,1024,1.0000,49.319,20.276,1,0.000,4249
4763,1024,1024,1.0000,49.423,20.233,1,0.000,4250
4764,1024,1024,1.0000,51.125,19.560,1,0.000,4251
4765,1024,1024,1.0000,49.538,20.187,1,0.000,4252
4766,1024,1024,1.0000,48.955,20.427,1,0.000,4253
4767,1024,1024,1.0000,49.779,20.089,1,0.000,4254
4768,1024,1024,1.0000,48.584,20.583,1,0.000,4255
4769,1024,1024,1.0000,49.251,20.304,1,0.000,4256
4770,1024,1024,1.0000,62.596,15.975,1,0.000,4257
4771,1024,1024,1.0000,53.259,18.776,1,0.000,4258
4772,1024,1024,1.0000,51.027,19.597,1,0.000,4259
4773,1024,1024,1.0000,49.043,20.390,1,0.000,4260
4774,1024,1024,1.0000,49.785,20.086,1,0.000,4261
4775,1024,1024,1.0000,50.580,19.771,1,0.000,4262
4776,1024,1024,1.0000,48.820,20.483,1,0.000,4263
4777,1024,1024,1.0000,48.583,20.583,1,0.000,4264
4778,1024,1024,1.0000,49.526,20.191,1,0.000,4265
4779,1024,1024,1.0000,48.783,20.499,1,0.000,4266
4780,1024,1024,1.0000,50.425,19.831,1,0.000,4267
4781,1024,1024,1.0000,49.220,20.317,1,0.000,4268
4782,1024,1024,1.0000,49.371,20.255,1,0.000,4269
4783,1024,1024,1.0000,49.396,20.245,1,0.000,4270
4784,1024,1024,1.0000,48.973,20.419,1,0.000,4271
4785,1024,1024,1.0000,49.128,20.355,1,0.000,4272
4786,1024,1024,1.0000,49.009,20.404,1,0.000,4273
4787,1024,1024,1.0000,49.023,20.399,1,0.000,4274
4788,1024,1024,1.0000,48.986,20.414,1,0.000,4275
4789,1024,1024,1.0000,48.874,20.461,1,0.000,4276
4790,1024,1024,1.0000,48.624,20.566,1,0.000,4277
4791,1024,1024,1.0000,50.384,19.848,1,0.000,4278
4792,1024,1024,1.0000,49.133,20.353,1,0.000,4279
4793,1024,1024,1.0000,48.582,20.584,1,0.000,4280
4794,1024,1024,1.0000,48.654,20.553,1,0.000,4281
4795,1024,1024,1.0000,49.536,20.187,1,0.000,4282
4796,1024,1024,1.0000,48.494,20.621,1,0.000,4283
4797,1024,1024,1.0000,49.652,20.140,1,0.000,4284
4798,1024,1024,1.0000,48.740,20.517,1,0.000,4285
4799,1024,1024,1.0000,49.058,20.384,1,0.000,4286
4800,1024,1024,1.0000,49.134,20.353,1,0.000,4287
4801,1024,1024,1.0000,49.115,20.360,1,0.000,4288
4802,1024,1024,1.0000,49.000,20.408,1,0.000,4289
4803,1024,1024,1.0000,49.178,20.334,1,0.000,4290
4804,1024,1024,1.0000,52.335,19.108,1,0.000,4291
4805,1024,1024,1.0000,48.769,20.505,1,0.000,4292
4806,1024,1024,1.0000,48.767,20.506,1,0.000,4293
4807,1024,1024,1.0000,49.481,20.210,1,0.000,4294
4808,1024,1024,1.0000,49.020,20.400,1,0.000,4295
4809,1024,1024,1.0000,49.487,20.207,1,0.000,4296
4810,1024,1024,1.0000,49.363,20.258,1,0.000,4297
4811,1024,1024,1.0000,57.590,17.364,1,0.000,4298
4812,1024,1024,1.0000,58.081,17.217,1,0.000,4299
4813,1024,1024,1.0000,49.374,20.254,1,0.000,4300
4814,1024,1024,1.0000,53.006,18.866,1,0.000,4301
4815,1024,1024,1.0000,49.496,20.204,1,0.000,4302
4816,1024,1024,1.0000,49.192,20.329,1,0.000,4303
4817,1024,1024,1.0000,49.084,20.373,1,0.000,4304
4818,1024,1024,1.0000,49.000,20.408,1,0.000,4305
4819,1024,1024,1.0000,48.871,20.462,1,0.000,4306
4820,1024,1024,1.0000,49.155,20.344,1,0.000,4307
4821,1024,1024,1.0000,48.693,20.537,1,0.000,4308
4822,1024,1024,1.0000,50.027,19.989,1,0.000,4309
4823,1024,1024,1.0000,48.731,20.521,1,0.000,4310
4824,1024,1024,1.0000,49.337,20.269,1,0.000,4311
4825,1024,1024,1.0000,48.329,20.692,1,0.000,4312
4826,1024,1024,1.0000,49.441,20.226,1,0.000,4313
4827,1024,1024,1.0000,48.647,20.556,1,0.000,4314
4828,1024,1024,1.0000,48.994,20.411,1,0.000,4315
4829,1024,1024,1.0000,49.272,20.296,1,0.000,4316
4830,1024,1024,1.0000,49.161,20.341,1,0.000,4317
4831,1024,1024,1.0000,49.115,20.360,1,0.000,4318
4832,1024,1024,1.0000,49.160,20.342,1,0.000,4319
4833,1024,1024,1.0000,50.041,19.984,1,0.000,4320
4834,1024,1024,1.0000,49.486,20.208,1,0.000,4321
4835,1024,1024,1.0000,48.929,20.438,1,0.000,4322
4836,1024,1024,1.0000,49.049,20.388,1,0.000,4323
4837,1024,1024,1.0000,49.359,20.260,1,0.000,4324
4838,1024,1024,1.0000,48.850,20.471,1,0.000,4325
4839,1024,1024,1.0000,49.146,20.348,1,0.000,4326
4840,1024,1024,1.0000,49.478,20.211,1,0.000,4327
4841,1024,1024,1.0000,49.202,20.324,1,0.000,4328
4842,1024,1024,1.0000,48.618,20.569,1,0.000,4329
4843,1024,1024,1.0000,49.488,20.207,1,0.000,4330
4844,1024,1024,1.0000,52.395,19.086,1,0.000,4331
4845,1024,1024,1.0000,48.572,20.588,1,0.000,4332
4846,1024,1024,1.0000,49.273,20.295,1,0.000,4333
4847,1024,1024,1.0000,49.524,20.192,1,0.000,4334
4848,1024,1024,1.0000,48.869,20.463,1,0.000,4335
4849,1024,1024,1.0000,48.916,20.443,1,0.000,4336
4850,1024,1024,1.0000,49.560,20.178,1,0.000,4337
4851,1024,1024,1.0000,49.639,20.145,1,0.000,4338
4852,1024,1024,1.0000,49.664,20.135,1,0.000,4339
4853,1024,1024,1.0000,62.172,16.084,1,0.000,4340
4854,1024,1024,1.0000,52.274,19.130,1,0.000,4341
4855,1024,1024,1.0000,49.741,20.104,1,0.000,4342
4856,1024,1024,1.0000,50.307,19.878,1,0.000,4343
4857,1024,1024,1.0000,51.382,19.462,1,0.000,4344
4858,1024,1024,1.0000,49.192,20.329,1,0.000,4345
4859,1024,1024,1.0000,50.031,19.988,1,0.000,4346
4860,1024,1024,1.0000,49.716,20.114,1,0.000,4347
4861,1024,1024,1.0000,49.243,20.307,1,0.000,4348
4862,1024,1024,1.0000,49.524,20.192,1,0.000,4349
4863,1024,1024,1.0000,48.849,20.471,1,0.000,4350
4864,1024,1024,1.0000,49.119,20.359,1,0.000,4351
4865,1024,1024,1.0000,49.346,20.265,1,0.000,4352
4866,1024,1024,1.0000,51.093,19.572,1,0.000,4353
4867,1024,1024,1.0000,50.531,19.790,1,0.000,4354
4868,1024,1024,1.0000,49.569,20.174,1,0.000,4355
4869,1024,1024,1.0000,50.092,19.963,1,0.000,4356
4870,1024,1024,1.0000,49.797,20.082,1,0.000,4357
4871,1024,1024,1.0000,50.658,19.740,1,0.000,4358
4872,1024,1024,1.0000,50.064,19.974,1,0.000,4359
4873,1024,1024,1.0000,50.513,19.797,1,0.000,4360
4874,1024,1024,1.0000,49.666,20.134,1,0.000,4361
4875,1024,1024,1.0000,49.619,20.154,1,0.000,4362
4876,1024,1024,1.0000,49.576,20.171,1,0.000,4363
4877,1024,1024,1.0000,49.915,20.034,1,0.000,4364
4878,1024,1024,1.0000,50.829,19.674,1,0.000,4365
4879,1024,1024,1.0000,49.652,20.140,1,0.000,4366
4880,1024,1024,1.0000,50.421,19.833,1,0.000,4367
4881,1024,1024,1.0000,50.836,19.671,1,0.000,4368
4882,1024,1024,1.0000,50.317,19.874,1,0.000,4369
4883,1024,1024,1.0000,50.263,19.895,1,0.000,4370
4884,1024,1024,1.0000,50.230,19.908,1,0.000,4371
4885,1024,1024,1.0000,50.257,19.898,1,0.000,4372
4886,1024,1024,1.0000,49.875,20.050,1,0.000,4373
4887,1024,1024,1.0000,50.502,19.801,1,0.000,4374
4888,1024,1024,1.0000,50.736,19.710,1,0.000,4375
4889,1024,1024,1.0000,49.872,20.051,1,0.000,4376
4890,1024,1024,1.0000,50.091,19.964,1,0.000,4377
4891,1024,1024,1.0000,50.470,19.814,1,0.000,4378
4892,1024,1024,1.0000,50.007,19.997,1,0.000,4379
4893,1024,1024,1.0000,51.482,19.424,1,0.000,4380
4894,1024,1024,1.0000,62.275,16.058,1,0.000,4381
4895,1024,1024,1.0000,50.589,19.767,1,0.000,4382
4896,1024,1024,1.0000,50.296,19.882,1,0.000,4383
4897,1024,1024,1.0000,50.620,19.755,1,0.000,4384
4898,1024,1024,1.0000,50.522,19.793,1,0.000,4385
4899,1024,1024,1.0000,52.182,19.164,1,0.000,4386
4900,1024,1024,1.0000,50.598,19.764,1,0.000,4387
4901,1024,1024,1.0000,50.368,19.854,1,0.000,4388
4902,1024,1024,1.0000,50.191,19.924,1,0.000,4389
4903,1024,1024,1.0000,49.801,20.080,1,0.000,4390
4904,1024,1024,1.0000,50.236,19.906,1,0.000,4391
4905,1024,1024,1.0000,50.738,19.709,1,0.000,4392
4906,1024,1024,1.0000,49.331,20.271,1,0.000,4393
4907,1024,1024,1.0000,50.426,19.831,1,0.000,4394
4908,1024,1024,1.0000,49.986,20.006,1,0.000,4395
4909,1024,1024,1.0000,50.846,19.667,1,0.000,4396
4910,1024,1024,1.0000,49.442,20.226,1,0.000,4397
4911,1024,1024,1.0000,50.896,19.648,1,0.000,4398
4912,1024,1024,1.0000,49.975,20.010,1,0.000,4399
4913,1024,1024,1.0000,50.033,19.987,1,0.000,4400
4914,1024,1024,1.0000,50.262,19.896,1,0.000,4401
4915,1024,1024,1.0000,50.567,19.776,1,0.000,4402
4916,1024,1024,1.0000,49.745,20.103,1,0.000,4403
4917,1024,1024,1.0000,49.929,20.028,1,0.000,4404
4918,1024,1024,1.0000,49.957,20.017,1,0.000,4405
4919,1024,1024,1.0000,50.015,19.994,1,0.000,4406
4920,1024,1024,1.0000,50.031,19.988,1,0.000,4407
4921,1024,1024,1.0000,51.123,19.561,1,0.000,4408
4922,1024,1024,1.0000,49.861,20.056,1,0.000,4409
4923,1024,1024,1.0000,52.438,19.070,1,0.000,4410
4924,1024,1024,1.0000,49.793,20.083,1,0.000,4411
4925,1024,1024,1.0000,50.876,19.656,1,0.000,4412
4926,1024,1024,1.0000,49.894,20.042,1,0.000,4413
4927,1024,1024,1.0000,50.454,19.820,1,0.000,4414
4928,1024,1024,1.0000,50.452,19.821,1,0.000,4415
4929,1024,1024,1.0000,50.404,19.840,1,0.000,4416
4930,1024,1024,1.0000,49.930,20.028,1,0.000,4417
4931,1024,1024,1.0000,50.041,19.984,1,0.000,4418
4932,1024,1024,1.0000,50.561,19.778,1,0.000,4419
4933,1024,1024,1.0000,50.338,19.866,1,0.000,4420
4934,1024,1024,1.0000,56.560,17.680,1,0.000,4421
4935,1024,1024,1.0000,58.456,17.107,1,0.000,4422
4936,1024,1024,1.0000,50.804,19.683,1,0.000,4423
4937,1024,1024,1.0000,49.925,20.030,1,0.000,4424
4938,1024,1024,1.0000,50.461,19.817,1,0.000,4425
4939,1024,1024,1.0000,51.293,19.496,1,0.000,4426
4940,1024,1024,1.0000,53.226,18.788,1,0.000,4427
4941,1024,1024,1.0000,50.607,19.760,1,0.000,4428
4942,1024,1024,1.0000,50.122,19.951,1,0.000,4429
4943,1024,1024,1.0000,50.209,19.917,1,0.000,4430
4944,1024,1024,1.0000,49.428,20.231,1,0.000,4431
4945,1024,1024,1.0000,50.826,19.675,1,0.000,4432
4946,1024,1024,1.0000,49.892,20.043,1,0.000,4433
4947,1024,1024,1.0000,50.258,19.897,1,0.000,4434
4948,1024,1024,1.0000,50.500,19.802,1,0.000,4435
4949,1024,1024,1.0000,50.689,19.728,1,0.000,4436
4950,1024,1024,1.0000,50.363,19.856,1,0.000,4437
4951,1024,1024,1.0000,49.687,20.126,1,0.000,4438
4952,1024,1024,1.0000,50.634,19.750,1,0.000,4439
4953,1024,1024,1.0000,50.254,19.899,1,0.000,4440
4954,1024,1024,1.0000,50.108,19.957,1,0.000,4441
4955,1024,1024,1.0000,50.834,19.672,1,0.000,4442
4956,1024,1024,1.0000,50.121,19.952,1,0.000,4443
4957,1024,1024,1.0000,50.044,19.982,1,0.000,4444
4958,1024,1024,1.0000,50.831,19.673,1,0.000,4445
4959,1024,1024,1.0000,50.281,19.888,1,0.000,4446
4960,1024,1024,1.0000,50.563,19.777,1,0.000,4447
4961,1024,1024,1.0000,50.114,19.955,1,0.000,4448
4962,1024,1024,1.0000,50.914,19.641,1,0.000,4449
4963,1024,1024,1.0000,49.849,20.061,1,0.000,4450
4964,1024,1024,1.0000,49.916,20.034,1,0.000,4451
4965,1024,1024,1.0000,50.064,19.974,1,0.000,4452
4966,1024,1024,1.0000,50.076,19.970,1,0.000,4453
4967,1024,1024,1.0000,49.954,20.018,1,0.000,4454
4968,1024,1024,1.0000,49.998,20.001,1,0.000,4455
4969,1024,1024,1.0000,49.940,20.024,1,0.000,4456
4970,1024,1024,1.0000,50.872,19.657,1,0.000,4457
4971,1024,1024,1.0000,51.133,19.557,1,0.000,4458
4972,1024,1024,1.0000,50.472,19.813,1,0.000,4459
4973,1024,1024,1.0000,50.818,19.678,1,0.000,4460
4974,1024,1024,1.0000,50.348,19.862,1,0.000,4461
4975,1024,1024,1.0000,61.979,16.134,1,0.000,4462
4976,1024,1024,1.0000,54.975,18.190,1,0.000,4463
4977,1024,1024,1.0000,50.488,19.807,1,0.000,4464
4978,1024,1024,1.0000,50.728,19.713,1,0.000,4465
4979,1024,1024,1.0000,50.598,19.764,1,0.000,4466
4980,1024,1024,1.0000,50.317,19.874,1,0.000,4467
4981,1024,1024,1.0000,50.710,19.720,1,0.000,4468
4982,1024,1024,1.0000,53.310,18.758,1,0.000,4469
4983,1024,1024,1.0000,50.479,19.810,1,0.000,4470
4984,1024,1024,1.0000,49.773,20.091,1,0.000,4471
4985,1024,1024,1.0000,50.337,19.866,1,0.000,4472
4986,1024,1024,1.0000,50.240,19.904,1,0.000,4473
4987,1024,1024,1.0000,50.416,19.835,1,0.000,4474
4988,1024,1024,1.0000,50.334,19.867,1,0.000,4475
4989,1024,1024,1.0000,50.650,19.743,1,0.000,4476
4990,1024,1024,1.0000,50.267,19.894,1,0.000,4477
4991,1024,1024,1.0000,50.310,19.877,1,0.000,4478
4992,1024,1024,1.0000,50.177,19.929,1,0.000,4479
4993,1024,1024,1.0000,50.424,19.832,1,0.000,4480
4994,1024,1024,1.0000,50.789,19.689,1,0.000,4481
4995,1024,1024,1.0000,50.417,19.835,1,0.000,4482
4996,1024,1024,1.0000,49.458,20.219,1,0.000,4483
4997,1024,1024,1.0000,50.281,19.888,1,0.000,4484
4998,1024,1024,1.0000,50.172,19.931,1,0.000,4485
4999,1024,1024,1.0000,50.776,19.694,1,0.000,4486
5000,1024,1024,1.0000,51.000,19.608,1,0.000,4487
5001,1024,1024,1.0000,50.581,19.770,1,0.000,4488
5002,1024,1024,1.0000,52.366,19.096,1,0.000,4489
5003,1024,1024,1.0000,49.932,20.027,1,0.000,4490
5004,1024,1024,1.0000,50.631,19.751,1,0.000,4491
5005,1024,1024,1.0000,49.837,20.065,1,0.000,4492
5006,1024,1024,1.0000,50.309,19.877,1,0.000,4493
5007,1024,1024,1.0000,50.297,19.882,1,0.000,4494
5008,1024,1024,1.0000,50.988,19.612,1,0.000,4495
5009,1024,1024,1.0000,54.585,18.320,1,0.000,4496
5010,1024,1024,1.0000,50.615,19.757,1,0.000,4497
5011,1024,1024,1.0000,50.103,19.959,1,0.000,4498
5012,1024,1024,1.0000,50.956,19.625,1,0.000,4499
5013,1024,1024,1.0000,49.590,20.165,1,0.000,4500
5014,1024,1024,1.0000,50.772,19.696,1,0.000,4501
5015,1024,1024,1.0000,57.598,17.362,1,0.000,4502
5016,1024,1024,1.0000,59.489,16.810,1,0.000,4503
5017,1024,1024,1.0000,51.436,19.442,1,0.000,4504
5018,1024,1024,1.0000,51.089,19.574,1,0.000,4505
5019,1024,1024,1.0000,50.265,19.895,1,0.000,4506
5020,1024,1024,1.0000,50.544,19.785,1,0.000,4507
5021,1024,1024,1.0000,50.442,19.825,1,0.000,4508
5022,1024,1024,1.0000,50.007,19.997,1,0.000,4509
5023,1024,1024,1.0000,53.168,18.808,1,0.000,4510
5024,1024,1024,1.0000,50.917,19.640,1,0.000,4511
5025,1024,1024,1.0000,50.827,19.675,1,0.000,4512
5026,1024,1024,1.0000,50.259,19.897,1,0.000,4513
5027,1024,1024,1.0000,50.320,19.873,1,0.000,4514
5028,1024,1024,1.0000,51.407,19.453,1,0.000,4515
5029,1024,1024,1.0000,50.109,19.956,1,0.000,4516
5030,1024,1024,1.0000,50.563,19.777,1,0.000,4517
5031,1024,1024,1.0000,50.462,19.817,1,0.000,4518
5032,1024,1024,1.0000,50.320,19.873,1,0.000,4519
5033,1024,1024,1.0000,50.351,19.861,1,0.000,4520
5034,1024,1024,1.0000,50.430,19.829,1,0.000,4521
5035,1024,1024,1.0000,50.112,19.955,1,0.000,4522
5036,1024,1024,1.0000,50.911,19.642,1,0.000,4523
5037,1024,1024,1.0000,51.369,19.467,1,0.000,4524
5038,1024,1024,1.0000,50.658,19.740,1,0.000,4525
5039,1024,1024,1.0000,51.356,19.472,1,0.000,4526
5040,1024,1024,1.0000,50.781,19.692,1,0.000,4527
5041,1024,1024,1.0000,52.633,18.999,1,0.000,4528
5042,1024,1024,1.0000,49.984,20.006,1,0.000,4529
5043,1024,1024,1.0000,50.699,19.724,1,0.000,4530
5044,1024,1024,1.0000,49.816,20.074,1,0.000,4531
5045,1024,1024,1.0000,50.345,19.863,1,0.000,4532
5046,1024,1024,1.0000,50.264,19.895,1,0.000,4533
5047,1024,1024,1.0000,51.013,19.603,1,0.000,4534
5048,1024,1024,1.0000,50.603,19.762,1,0.000,4535
5049,1024,1024,1.0000,50.957,19.624,1,0.000,4536
5050,1024,1024,1.0000,50.364,19.855,1,0.000,4537
5051,1024,1024,1.0000,50.546,19.784,1,0.000,4538
5052,1024,1024,1.0000,49.615,20.155,1,0.000,4539
5053,1024,1024,1.0000,50.756,19.702,1,0.000,4540
5054,1024,1024,1.0000,49.683,20.128,1,0.000,4541
5055,1024,1024,1.0000,51.567,19.392,1,0.000,4542
5056,1024,1024,1.0000,62.398,16.026,1,0.000,4543
5057,1024,1024,1.0000,54.073,18.494,1,0.000,4544
5058,1024,1024,1.0000,50.444,19.824,1,0.000,4545
5059,1024,1024,1.0000,50.606,19.761,1,0.000,4546
5060,1024,1024,1.0000,51.375,19.465,1,0.000,4547
5061,1024,1024,1.0000,50.917,19.640,1,0.000,4548
5062,1024,1024,1.0000,49.738,20.105,1,0.000,4549
5063,1024,1024,1.0000,49.803,20.079,1,0.000,4550
5064,1024,1024,1.0000,50.694,19.726,1,0.000,4551
5065,1024,1024,1.0000,53.582,18.663,1,0.000,4552
5066,1024,1024,1.0000,50.414,19.836,1,0.000,4553
5067,1024,1024,1.0000,50.938,19.632,1,0.000,4554
5068,1024,1024,1.0000,50.482,19.809,1,0.000,4555
5069,1024,1024,1.0000,50.375,19.851,1,0.000,4556
5070,1024,1024,1.0000,50.548,19.783,1,0.000,4557
5071,1024,1024,1.0000,50.887,19.651,1,0.000,4558
5072,1024,1024,1.0000,50.820,19.677,1,0.000,4559
5073,1024,1024,1.0000,50.592,19.766,1,0.000,4560
5074,1024,1024,1.0000,50.425,19.831,1,0.000,4561
5075,1024,1024,1.0000,50.500,19.802,1,0.000,4562
5076,1024,1024,1.0000,50.866,19.659,1,0.000,4563
5077,1024,1024,1.0000,50.747,19.706,1,0.000,4564
5078,1024,1024,1.0000,50.566,19.776,1,0.000,4565
5079,1024,1024,1.0000,50.383,19.848,1,0.000,4566
5080,1024,1024,1.0000,51.102,19.569,1,0.000,4567
5081,1024,1024,1.0000,50.659,19.740,1,0.000,4568
5082,1024,1024,1.0000,50.413,19.836,1,0.000,4569
5083,1024,1024,1.0000,50.014,19.994,1,0.000,4570
5084,1024,1024,1.0000,50.574,19.773,1,0.000,4571
5085,1024,1024,1.0000,50.318,19.874,1,0.000,4572
5086,1024,1024,1.0000,50.140,19.944,1,0.000,4573
5087,1024,1024,1.0000,50.664,19.738,1,0.000,4574
5088,1024,1024,1.0000,51.371,19.466,1,0.000,4575
5089,1024,1024,1.0000,51.641,19.364,1,0.000,4576
5090,1024,1024,1.0000,50.395,19.843,1,0.000,4577
5091,1024,1024,1.0000,50.914,19.641,1,0.000,4578
5092,1024,1024,1.0000,50.680,19.732,1,0.000,4579
5093,1024,1024,1.0000,50.294,19.883,1,0.000,4580
5094,1024,1024,1.0000,49.882,20.047,1,0.000,4581
5095,1024,1024,1.0000,50.407,19.839,1,0.000,4582
5096,1024,1024,1.0000,59.057,16.933,1,0.000,4583
5097,1024,1024,1.0000,58.115,17.207,1,0.000,4584
5098,1024,1024,1.0000,51.363,19.469,1,0.000,4585
5099,1024,1024,1.0000,50.110,19.956,1,0.000,4586
5100,1024,1024,1.0000,50.144,19.943,1,0.000,4587
5101,1024,1024,1.0000,50.057,19.977,1,0.000,4588
5102,1024,1024,1.0000,50.126,19.950,1,0.000,4589
5103,1024,1024,1.0000,49.836,20.066,1,0.000,4590
5104,1024,1024,1.0000,51.110,19.566,1,0.000,4591
5105,1024,1024,1.0000,50.003,19.999,1,0.000,4592
5106,1024,1024,1.0000,53.402,18.726,1,0.000,4593
5107,1024,1024,1.0000,50.402,19.840,1,0.000,4594
5108,1024,1024,1.0000,50.308,19.878,1,0.000,4595
5109,1024,1024,1.0000,50.981,19.615,1,0.000,4596
5110,1024,1024,1.0000,50.052,19.979,1,0.000,4597
5111,1024,1024,1.0000,50.766,19.698,1,0.000,4598
5112,1024,1024,1.0000,50.406,19.839,1,0.000,4599
5113,1024,1024,1.0000,50.986,19.613,1,0.000,4600
5114,1024,1024,1.0000,49.996,20.002,1,0.000,4601
5115,1024,1024,1.0000,51.441,19.440,1,0.000,4602
5116,1024,1024,1.0000,50.853,19.665,1,0.000,4603
5117,1024,1024,1.0000,50.498,19.803,1,0.000,4604
5118,1024,1024,1.0000,50.829,19.674,1,0.000,4605
5119,1024,1024,1.0000,50.827,19.675,1,0.000,4606
5120,1024,1024,1.0000,50.440,19.826,1,0.000,4607
5121,1024,1024,1.0000,50.657,19.741,1,0.000,4608
5122,1024,1024,1.0000,54.497,18.350,1,0.000,4609
5123,1024,1024,1.0000,52.272,19.131,1,0.000,4610
5124,1024,1024,1.0000,51.461,19.432,1,0.000,4611
5125,1024,1024,1.0000,51.463,19.431,1,0.000,4612
5126,1024,1024,1.0000,52.365,19.097,1,0.000,4613
5127,1024,1024,1.0000,51.980,19.238,1,0.000,4614
5128,1024,1024,1.0000,52.262,19.134,1,0.000,4615
5129,1024,1024,1.0000,51.834,19.292,1,0.000,4616
5130,1024,1024,1.0000,51.480,19.425,1,0.000,4617
5131,1024,1024,1.0000,52.323,19.112,1,0.000,4618
5132,1024,1024,1.0000,51.951,19.249,1,0.000,4619
5133,1024,1024,1.0000,51.467,19.430,1,0.000,4620
5134,1024,1024,1.0000,52.443,19.068,1,0.000,4621
5135,1024,1024,1.0000,52.085,19.199,1,0.000,4622
5136,1024,1024,1.0000,61.341,16.302,1,0.000,4623
5137,1024,1024,1.0000,59.282,16.869,1,0.000,4624
5138,1024,1024,1.0000,52.158,19.173,1,0.000,4625
5139,1024,1024,1.0000,52.396,19.085,1,0.000,4626
5140,1024,1024,1.0000,52.603,19.010,1,0.000,4627
5141,1024,1024,1.0000,51.716,19.336,1,0.000,4628
5142,1024,1024,1.0000,51.745,19.326,1,0.000,4629
5143,1024,1024,1.0000,51.714,19.337,1,0.000,4630
5144,1024,1024,1.0000,52.009,19.227,1,0.000,4631
5145,1024,1024,1.0000,52.617,19.005,1,0.000,4632
5146,1024,1024,1.0000,52.050,19.212,1,0.000,4633
5147,1024,1024,1.0000,55.842,17.908,1,0.000,4634
5148,1024,1024,1.0000,52.802,18.939,1,0.000,4635
5149,1024,1024,1.0000,52.017,19.224,1,0.000,4636
5150,1024,1024,1.0000,51.845,19.288,1,0.000,4637
5151,1024,1024,1.0000,53.023,18.860,1,0.000,4638
5152,1024,1024,1.0000,51.695,19.344,1,0.000,4639
5153,1024,1024,1.0000,52.080,19.201,1,0.000,4640
5154,1024,1024,1.0000,52.328,19.110,1,0.000,4641
5155,1024,1024,1.0000,51.155,19.548,1,0.000,4642
5156,1024,1024,1.0000,52.201,19.157,1,0.000,4643
5157,1024,1024,1.0000,52.361,19.098,1,0.000,4644
5158,1024,1024,1.0000,52.133,19.182,1,0.000,4645
5159,1024,1024,1.0000,52.146,19.177,1,0.000,4646
5160,1024,1024,1.0000,51.996,19.232,1,0.000,4647
5161,1024,1024,1.0000,52.099,19.194,1,0.000,4648
5162,1024,1024,1.0000,51.849,19.287,1,0.000,4649
5163,1024,1024,1.0000,52.155,19.174,1,0.000,4650
5164,1024,1024,1.0000,51.581,19.387,1,0.000,4651
5165,1024,1024,1.0000,51.713,19.337,1,0.000,4652
5166,1024,1024,1.0000,52.648,18.994,1,0.000,4653
5167,1024,1024,1.0000,51.958,19.246,1,0.000,4654
5168,1024,1024,1.0000,52.005,19.229,1,0.000,4655
5169,1024,1024,1.0000,53.508,18.689,1,0.000,4656
5170,1024,1024,1.0000,52.498,19.048,1,0.000,4657
5171,1024,1024,1.0000,50.894,19.649,1,0.000,4658
5172,1024,1024,1.0000,52.336,19.107,1,0.000,4659
5173,1024,1024,1.0000,52.293,19.123,1,0.000,4660
5174,1024,1024,1.0000,52.062,19.208,1,0.000,4661
5175,1024,1024,1.0000,58.668,17.045,1,0.000,4662
5176,1024,1024,1.0000,62.108,16.101,1,0.000,4663
5177,1024,1024,1.0000,52.935,18.891,1,0.000,4664
5178,1024,1024,1.0000,52.563,19.025,1,0.000,4665
5179,1024,1024,1.0000,52.251,19.138,1,0.000,4666
5180,1024,1024,1.0000,52.175,19.166,1,0.000,4667
5181,1024,1024,1.0000,51.642,19.364,1,0.000,4668
5182,1024,1024,1.0000,52.120,19.186,1,0.000,4669
5183,1024,1024,1.0000,52.224,19.148,1,0.000,4670
5184,1024,1024,1.0000,51.938,19.254,1,0.000,4671
5185,1024,1024,1.0000,52.832,18.928,1,0.000,4672
5186,1024,1024,1.0000,52.173,19.167,1,0.000,4673
5187,1024,1024,1.0000,55.654,17.968,1,0.000,4674
5188,1024,1024,1.0000,51.614,19.375,1,0.000,4675
5189,1024,1024,1.0000,52.985,18.873,1,0.000,4676
5190,1024,1024,1.0000,51.713,19.337,1,0.000,4677
5191,1024,1024,1.0000,52.178,19.165,1,0.000,4678
5192,1024,1024,1.0000,52.009,19.227,1,0.000,4679
5193,1024,1024,1.0000,52.796,18.941,1,0.000,4680
5194,1024,1024,1.0000,51.750,19.324,1,0.000,4681
5195,1024,1024,1.0000,52.526,19.038,1,0.000,4682
5196,1024,1024,1.0000,51.624,19.371,1,0.000,4683
5197,1024,1024,1.0000,52.618,19.005,1,0.000,4684
5198,1024,1024,1.0000,52.538,19.034,1,0.000,4685
5199,1024,1024,1.0000,51.877,19.276,1,0.000,4686
5200,1024,1024,1.0000,52.171,19.168,1,0.000,4687
5201,1024,1024,1.0000,52.059,19.209,1,0.000,4688
5202,1024,1024,1.0000,55.324,18.075,1,0.000,4689
5203,1024,1024,1.0000,51.745,19.326,1,0.000,4690
5204,1024,1024,1.0000,52.722,18.967,1,0.000,4691
5205,1024,1024,1.0000,52.952,18.885,1,0.000,4692
5206,1024,1024,1.0000,51.522,19.409,1,0.000,4693
5207,1024,1024,1.0000,52.436,19.071,1,0.000,4694
5208,1024,1024,1.0000,51.459,19.433,1,0.000,4695
5209,1024,1024,1.0000,51.941,19.253,1,0.000,4696
5210,1024,1024,1.0000,52.418,19.077,1,0.000,4697
5211,1024,1024,1.0000,52.241,19.142,1,0.000,4698
5212,1024,1024,1.0000,51.437,19.441,1,0.000,4699
5213,1024,1024,1.0000,51.929,19.257,1,0.000,4700
5214,1024,1024,1.0000,58.097,17.213,1,0.000,4701
5215,1024,1024,1.0000,61.652,16.220,1,0.000,4702
5216,1024,1024,1.0000,52.186,19.162,1,0.000,4703
5217,1024,1024,1.0000,52.589,19.015,1,0.000,4704
5218,1024,1024,1.0000,51.351,19.474,1,0.000,4705
5219,1024,1024,1.0000,52.388,19.088,1,0.000,4706
5220,1024,1024,1.0000,52.267,19.133,1,0.000,4707
5221,1024,1024,1.0000,52.700,18.975,1,0.000,4708
5222,1024,1024,1.0000,52.745,18.959,1,0.000,4709
5223,1024,1024,1.0000,52.605,19.010,1,0.000,4710
5224,1024,1024,1.0000,51.970,19.242,1,0.000,4711
5225,1024,1024,1.0000,52.258,19.136,1,0.000,4712
5226,1024,1024,1.0000,52.309,19.117,1,0.000,4713
5227,1024,1024,1.0000,55.754,17.936,1,0.000,4714
5228,1024,1024,1.0000,53.345,18.746,1,0.000,4715
5229,1024,1024,1.0000,51.872,19.278,1,0.000,4716
5230,1024,1024,1.0000,52.630,19.001,1,0.000,4717
5231,1024,1024,1.0000,52.783,18.945,1,0.000,4718
5232,1024,1024,1.0000,51.608,19.377,1,0.000,4719
5233,1024,1024,1.0000,52.382,19.091,1,0.000,4720
5234,1024,1024,1.0000,52.847,18.923,1,0.000,4721
5235,1024,1024,1.0000,52.563,19.025,1,0.000,4722
5236,1024,1024,1.0000,52.134,19.181,1,0.000,4723
5237,1024,1024,1.0000,52.060,19.209,1,0.000,4724
5238,1024,1024,1.0000,51.952,19.249,1,0.000,4725
5239,1024,1024,1.0000,52.397,19.085,1,0.000,4726
5240,1024,1024,1.0000,52.758,18.954,1,0.000,4727
5241,1024,1024,1.0000,52.539,19.033,1,0.000,4728
5242,1024,1024,1.0000,51.886,19.273,1,0.000,4729
5243,1024,1024,1.0000,52.183,19.163,1,0.000,4730
5244,1024,1024,1.0000,52.581,19.018,1,0.000,4731
5245,1024,1024,1.0000,52.558,19.027,1,0.000,4732
5246,1024,1024,1.0000,52.386,19.089,1,0.000,4733
5247,1024,1024,1.0000,52.398,19.085,1,0.000,4734
5248,1024,1024,1.0000,52.773,18.949,1,0.000,4735
5249,1024,1024,1.0000,52.056,19.210,1,0.000,4736
5250,1024,1024,1.0000,51.982,19.237,1,0.000,4737
5251,1024,1024,1.0000,52.341,19.105,1,0.000,4738
5252,1024,1024,1.0000,54.538,18.336,1,0.000,4739
5253,1024,1024,1.0000,56.758,17.619,1,0.000,4740
5254,1024,1024,1.0000,61.171,16.348,1,0.000,4741
5255,1024,1024,1.0000,52.274,19.130,1,0.000,4742
5256,1024,1024,1.0000,52.323,19.112,1,0.000,4743
5257,1024,1024,1.0000,52.563,19.025,1,0.000,4744
5258,1024,1024,1.0000,52.000,19.231,1,0.000,4745
5259,1024,1024,1.0000,52.127,19.184,1,0.000,4746
5260,1024,1024,1.0000,52.494,19.050,1,0.000,4747
5261,1024,1024,1.0000,52.911,18.900,1,0.000,4748
5262,1024,1024,1.0000,52.393,19.087,1,0.000,4749
5263,1024,1024,1.0000,52.619,19.005,1,0.000,4750
5264,1024,1024,1.0000,52.415,19.079,1,0.000,4751
5265,1024,1024,1.0000,51.528,19.407,1,0.000,4752
5266,1024,1024,1.0000,52.161,19.171,1,0.000,4753
5267,1024,1024,1.0000,54.135,18.472,1,0.000,4754
5268,1024,1024,1.0000,54.270,18.426,1,0.000,4755
5269,1024,1024,1.0000,52.231,19.146,1,0.000,4756
5270,1024,1024,1.0000,52.314,19.115,1,0.000,4757
5271,1024,1024,1.0000,51.789,19.309,1,0.000,4758
5272,1024,1024,1.0000,51.816,19.299,1,0.000,4759
5273,1024,1024,1.0000,52.186,19.162,1,0.000,4760
5274,1024,1024,1.0000,51.825,19.296,1,0.000,4761
5275,1024,1024,1.0000,52.726,18.966,1,0.000,4762
5276,1024,1024,1.0000,51.899,19.268,1,0.000,4763
5277,1024,1024,1.0000,52.873,18.913,1,0.000,4764
5278,1024,1024,1.0000,52.606,19.009,1,0.000,4765
5279,1024,1024,1.0000,51.498,19.418,1,0.000,4766
5280,1024,1024,1.0000,52.826,18.930,1,0.000,4767
5281,1024,1024,1.0000,52.318,19.114,1,0.000,4768
5282,1024,1024,1.0000,51.806,19.303,1,0.000,4769
5283,1024,1024,1.0000,52.443,19.068,1,0.000,4770
5284,1024,1024,1.0000,52.012,19.226,1,0.000,4771
5285,1024,1024,1.0000,52.015,19.225,1,0.000,4772
5286,1024,1024,1.0000,53.121,18.825,1,0.000,4773
5287,1024,1024,1.0000,52.071,19.205,1,0.000,4774
5288,1024,1024,1.0000,52.251,19.138,1,0.000,4775
5289,1024,1024,1.0000,52.154,19.174,1,0.000,4776
5290,1024,1024,1.0000,55.188,18.120,1,0.000,4777
5291,1024,1024,1.0000,53.076,18.841,1,0.000,4778
5292,1024,1024,1.0000,54.829,18.239,1,0.000,4779
5293,1024,1024,1.0000,63.444,15.762,1,0.000,4780
5294,1024,1024,1.0000,52.274,19.130,1,0.000,4781
5295,1024,1024,1.0000,52.092,19.197,1,0.000,4782
5296,1024,1024,1.0000,52.239,19.143,1,0.000,4783
5297,1024,1024,1.0000,52.258,19.136,1,0.000,4784
5298,1024,1024,1.0000,52.640,18.997,1,0.000,4785
5299,1024,1024,1.0000,52.016,19.225,1,0.000,4786
5300,1024,1024,1.0000,52.121,19.186,1,0.000,4787
5301,1024,1024,1.0000,52.046,19.214,1,0.000,4788
5302,1024,1024,1.0000,52.172,19.167,1,0.000,4789
5303,1024,1024,1.0000,52.018,19.224,1,0.000,4790
5304,1024,1024,1.0000,52.542,19.032,1,0.000,4791
5305,1024,1024,1.0000,53.014,18.863,1,0.000,4792
5306,1024,1024,1.0000,52.394,19.086,1,0.000,4793
5307,1024,1024,1.0000,52.698,18.976,1,0.000,4794
5308,1024,1024,1.0000,54.777,18.256,1,0.000,4795
5309,1024,1024,1.0000,51.961,19.245,1,0.000,4796
5310,1024,1024,1.0000,52.542,19.032,1,0.000,4797
5311,1024,1024,1.0000,52.771,18.950,1,0.000,4798
5312,1024,1024,1.0000,52.794,18.942,1,0.000,4799
5313,1024,1024,1.0000,52.577,19.020,1,0.000,4800
5314,1024,1024,1.0000,52.425,19.075,1,0.000,4801
5315,1024,1024,1.0000,52.649,18.994,1,0.000,4802
5316,1024,1024,1.0000,52.678,18.983,1,0.000,4803
5317,1024,1024,1.0000,52.586,19.016,1,0.000,4804
5318,1024,1024,1.0000,52.214,19.152,1,0.000,4805
5319,1024,1024,1.0000,52.380,19.091,1,0.000,4806
5320,1024,1024,1.0000,52.260,19.135,1,0.000,4807
5321,1024,1024,1.0000,51.902,19.267,1,0.000,4808
5322,1024,1024,1.0000,52.730,18.965,1,0.000,4809
5323,1024,1024,1.0000,51.752,19.323,1,0.000,4810
5324,1024,1024,1.0000,54.619,18.309,1,0.000,4811
5325,1024,1024,1.0000,52.640,18.997,1,0.000,4812
5326,1024,1024,1.0000,52.514,19.043,1,0.000,4813
5327,1024,1024,1.0000,51.712,19.338,1,0.000,4814
5328,1024,1024,1.0000,52.317,19.114,1,0.000,4815
5329,1024,1024,1.0000,52.254,19.137,1,0.000,4816
5330,1024,1024,1.0000,52.188,19.161,1,0.000,4817
5331,1024,1024,1.0000,54.524,18.341,1,0.000,4818
5332,1024,1024,1.0000,62.361,16.036,1,0.000,4819
5333,1024,1024,1.0000,54.654,18.297,1,0.000,4820
5334,1024,1024,1.0000,52.296,19.122,1,0.000,4821
5335,1024,1024,1.0000,52.149,19.176,1,0.000,4822
5336,1024,1024,1.0000,53.132,18.821,1,0.000,4823
5337,1024,1024,1.0000,52.328,19.110,1,0.000,4824
5338,1024,1024,1.0000,52.090,19.198,1,0.000,4825
5339,1024,1024,1.0000,52.810,18.936,1,0.000,4826
5340,1024,1024,1.0000,52.579,19.019,1,0.000,4827
5341,1024,1024,1.0000,52.448,19.067,1,0.000,4828
5342,1024,1024,1.0000,51.878,19.276,1,0.000,4829
5343,1024,1024,1.0000,52.614,19.006,1,0.000,4830
5344,1024,1024,1.0000,51.957,19.247,1,0.000,4831
5345,1024,1024,1.0000,52.224,19.148,1,0.000,4832
5346,1024,1024,1.0000,52.416,19.078,1,0.000,4833
5347,1024,1024,1.0000,52.133,19.182,1,0.000,4834
5348,1024,1024,1.0000,55.451,18.034,1,0.000,4835
5349,1024,1024,1.0000,52.221,19.149,1,0.000,4836
5350,1024,1024,1.0000,52.014,19.226,1,0.000,4837
5351,1024,1024,1.0000,52.740,18.961,1,0.000,4838
5352,1024,1024,1.0000,53.072,18.842,1,0.000,4839
5353,1024,1024,1.0000,52.814,18.934,1,0.000,4840
5354,1024,1024,1.0000,52.568,19.023,1,0.000,4841
5355,1024,1024,1.0000,52.634,18.999,1,0.000,4842
5356,1024,1024,1.0000,52.093,19.196,1,0.000,4843
5357,1024,1024,1.0000,52.860,18.918,1,0.000,4844
5358,1024,1024,1.0000,52.412,19.080,1,0.000,4845
5359,1024,1024,1.0000,51.544,19.401,1,0.000,4846
5360,1024,1024,1.0000,51.865,19.281,1,0.000,4847
5361,1024,1024,1.0000,52.347,19.103,1,0.000,4848
5362,1024,1024,1.0000,52.558,19.027,1,0.000,4849
5363,1024,1024,1.0000,52.998,18.869,1,0.000,4850
5364,1024,1024,1.0000,52.274,19.130,1,0.000,4851
5365,1024,1024,1.0000,52.174,19.167,1,0.000,4852
5366,1024,1024,1.0000,54.639,18.302,1,0.000,4853
5367,1024,1024,1.0000,53.262,18.775,1,0.000,4854
5368,1024,1024,1.0000,52.510,19.044,1,0.000,4855
5369,1024,1024,1.0000,52.648,18.994,1,0.000,4856
5370,1024,1024,1.0000,53.945,18.537,1,0.000,4857
5371,1024,1024,1.0000,63.750,15.686,1,0.000,4858
5372,1024,1024,1.0000,55.205,18.114,1,0.000,4859
5373,1024,1024,1.0000,52.561,19.026,1,0.000,4860
5374,1024,1024,1.0000,52.549,19.030,1,0.000,4861
5375,1024,1024,1.0000,51.978,19.239,1,0.000,4862
5376,1024,1024,1.0000,52.903,18.903,1,0.000,4863
5377,1024,1024,1.0000,52.391,19.087,1,0.000,4864
5378,1024,1024,1.0000,54.225,18.442,1,0.000,4865
5379,1024,1024,1.0000,53.603,18.656,1,0.000,4866
5380,1024,1024,1.0000,53.228,18.787,1,0.000,4867
5381,1024,1024,1.0000,54.084,18.490,1,0.000,4868
5382,1024,1024,1.0000,52.995,18.870,1,0.000,4869
5383,1024,1024,1.0000,52.819,18.933,1,0.000,4870
5384,1024,1024,1.0000,53.028,18.858,1,0.000,4871
5385,1024,1024,1.0000,52.769,18.951,1,0.000,4872
5386,1024,1024,1.0000,53.796,18.589,1,0.000,4873
5387,1024,1024,1.0000,54.598,18.316,1,0.000,4874
5388,1024,1024,1.0000,54.288,18.420,1,0.000,4875
5389,1024,1024,1.0000,52.917,18.898,1,0.000,4876
5390,1024,1024,1.0000,53.848,18.571,1,0.000,4877
5391,1024,1024,1.0000,53.452,18.708,1,0.000,4878
5392,1024,1024,1.0000,52.922,18.896,1,0.000,4879
5393,1024,1024,1.0000,52.776,18.948,1,0.000,4880
5394,1024,1024,1.0000,53.774,18.596,1,0.000,4881
5395,1024,1024,1.0000,53.252,18.779,1,0.000,4882
5396,1024,1024,1.0000,52.624,19.003,1,0.000,4883
5397,1024,1024,1.0000,52.971,18.878,1,0.000,4884
5398,1024,1024,1.0000,52.955,18.884,1,0.000,4885
5399,1024,1024,1.0000,53.325,18.753,1,0.000,4886
5400,1024,1024,1.0000,52.665,18.988,1,0.000,4887
5401,1024,1024,1.0000,53.233,18.785,1,0.000,4888
5402,1024,1024,1.0000,52.981,18.875,1,0.000,4889
5403,1024,1024,1.0000,55.960,17.870,1,0.000,4890
5404,1024,1024,1.0000,52.678,18.983,1,0.000,4891
5405,1024,1024,1.0000,52.951,18.885,1,0.000,4892
5406,1024,1024,1.0000,53.351,18.744,1,0.000,4893
5407,1024,1024,1.0000,53.250,18.779,1,0.000,4894
5408,1024,1024,1.0000,52.726,18.966,1,0.000,4895
5409,1024,1024,1.0000,61.515,16.256,1,0.000,4896
5410,1024,1024,1.0000,61.208,16.338,1,0.000,4897
5411,1024,1024,1.0000,53.436,18.714,1,0.000,4898
5412,1024,1024,1.0000,53.043,18.853,1,0.000,4899
5413,1024,1024,1.0000,52.707,18.973,1,0.000,4900
5414,1024,1024,1.0000,53.572,18.666,1,0.000,4901
5415,1024,1024,1.0000,52.991,18.871,1,0.000,4902
5416,1024,1024,1.0000,52.989,18.872,1,0.000,4903
5417,1024,1024,1.0000,53.158,18.812,1,0.000,4904
5418,1024,1024,1.0000,53.533,18.680,1,0.000,4905
5419,1024,1024,1.0000,52.799,18.940,1,0.000,4906
5420,1024,1024,1.0000,52.483,19.054,1,0.000,4907
5421,1024,1024,1.0000,53.138,18.819,1,0.000,4908
5422,1024,1024,1.0000,52.673,18.985,1,0.000,4909
5423,1024,1024,1.0000,52.708,18.972,1,0.000,4910
5424,1024,1024,1.0000,52.698,18.976,1,0.000,4911
5425,1024,1024,1.0000,52.882,18.910,1,0.000,4912
5426,1024,1024,1.0000,53.138,18.819,1,0.000,4913
5427,1024,1024,1.0000,56.939,17.563,1,0.000,4914
5428,1024,1024,1.0000,52.164,19.170,1,0.000,4915
5429,1024,1024,1.0000,53.796,18.589,1,0.000,4916
5430,1024,1024,1.0000,53.263,18.775,1,0.000,4917
5431,1024,1024,1.0000,53.378,18.734,1,0.000,4918
5432,1024,1024,1.0000,53.986,18.523,1,0.000,4919
5433,1024,1024,1.0000,53.039,18.854,1,0.000,4920
5434,1024,1024,1.0000,53.354,18.743,1,0.000,4921
5435,1024,1024,1.0000,53.341,18.747,1,0.000,4922
5436,1024,1024,1.0000,52.850,18.921,1,0.000,4923
5437,1024,1024,1.0000,54.048,18.502,1,0.000,4924
5438,1024,1024,1.0000,53.288,18.766,1,0.000,4925
5439,1024,1024,1.0000,52.988,18.872,1,0.000,4926
5440,1024,1024,1.0000,52.817,18.933,1,0.000,4927
5441,1024,1024,1.0000,53.245,18.781,1,0.000,4928
5442,1024,1024,1.0000,52.621,19.004,1,0.000,4929
5443,1024,1024,1.0000,53.157,18.812,1,0.000,4930
5444,1024,1024,1.0000,53.646,18.641,1,0.000,4931
5445,1024,1024,1.0000,53.317,18.756,1,0.000,4932
5446,1024,1024,1.0000,53.063,18.846,1,0.000,4933
5447,1024,1024,1.0000,54.253,18.432,1,0.000,4934
5448,1024,1024,1.0000,65.499,15.267,1,0.000,4935
5449,1024,1024,1.0000,55.356,18.065,1,0.000,4936
5450,1024,1024,1.0000,53.533,18.680,1,0.000,4937
5451,1024,1024,1.0000,53.726,18.613,1,0.000,4938
5452,1024,1024,1.0000,52.684,18.981,1,0.000,4939
5453,1024,1024,1.0000,53.153,18.814,1,0.000,4940
5454,1024,1024,1.0000,53.357,18.742,1,0.000,4941
5455,1024,1024,1.0000,54.263,18.429,1,0.000,4942
5456,1024,1024,1.0000,53.761,18.601,1,0.000,4943
5457,1024,1024,1.0000,53.569,18.668,1,0.000,4944
5458,1024,1024,1.0000,52.673,18.985,1,0.000,4945
5459,1024,1024,1.0000,53.353,18.743,1,0.000,4946
5460,1024,1024,1.0000,52.385,19.089,1,0.000,4947
5461,1024,1024,1.0000,53.950,18.536,1,0.000,4948
5462,1024,1024,1.0000,52.651,18.993,1,0.000,4949
5463,1024,1024,1.0000,53.721,18.615,1,0.000,4950
5464,1024,1024,1.0000,53.454,18.708,1,0.000,4951
5465,1024,1024,1.0000,52.800,18.939,1,0.000,4952
5466,1024,1024,1.0000,56.122,17.818,1,0.000,4953
5467,1024,1024,1.0000,54.198,18.451,1,0.000,4954
5468,1024,1024,1.0000,53.746,18.606,1,0.000,4955
5469,1024,1024,1.0000,53.246,18.781,1,0.000,4956
5470,1024,1024,1.0000,52.403,19.083,1,0.000,4957
5471,1024,1024,1.0000,53.369,18.737,1,0.000,4958
5472,1024,1024,1.0000,53.349,18.744,1,0.000,4959
5473,1024,1024,1.0000,53.285,18.767,1,0.000,4960
5474,1024,1024,1.0000,53.365,18.739,1,0.000,4961
5475,1024,1024,1.0000,52.983,18.874,1,0.000,4962
5476,1024,1024,1.0000,53.056,18.848,1,0.000,4963
5477,1024,1024,1.0000,55.327,18.074,1,0.000,4964
5478,1024,1024,1.0000,52.745,18.959,1,0.000,4965
5479,1024,1024,1.0000,53.796,18.589,1,0.000,4966
5480,1024,1024,1.0000,52.972,18.878,1,0.000,4967
5481,1024,1024,1.0000,53.171,18.807,1,0.000,4968
5482,1024,1024,1.0000,52.966,18.880,1,0.000,4969
5483,1024,1024,1.0000,52.879,18.911,1,0.000,4970
5484,1024,1024,1.0000,53.799,18.588,1,0.000,4971
5485,1024,1024,1.0000,52.789,18.943,1,0.000,4972
5486,1024,1024,1.0000,62.176,16.083,1,0.000,4973
5487,1024,1024,1.0000,60.747,16.462,1,0.000,4974
5488,1024,1024,1.0000,54.105,18.483,1,0.000,4975
5489,1024,1024,1.0000,53.087,18.837,1,0.000,4976
5490,1024,1024,1.0000,53.834,18.576,1,0.000,4977
5491,1024,1024,1.0000,52.917,18.898,1,0.000,4978
5492,1024,1024,1.0000,53.651,18.639,1,0.000,4979
5493,1024,1024,1.0000,53.542,18.677,1,0.000,4980
5494,1024,1024,1.0000,53.120,18.825,1,0.000,4981
5495,1024,1024,1.0000,53.848,18.571,1,0.000,4982
5496,1024,1024,1.0000,53.143,18.817,1,0.000,4983
5497,1024,1024,1.0000,53.705,18.620,1,0.000,4984
5498,1024,1024,1.0000,52.985,18.873,1,0.000,4985
5499,1024,1024,1.0000,52.610,19.008,1,0.000,4986
5500,1024,1024,1.0000,53.634,18.645,1,0.000,4987
5501,1024,1024,1.0000,52.955,18.884,1,0.000,4988
5502,1024,1024,1.0000,53.407,18.724,1,0.000,4989
5503,1024,1024,1.0000,52.987,18.873,1,0.000,4990
5504,1024,1024,1.0000,53.061,18.846,1,0.000,4991
5505,1024,1024,1.0000,53.297,18.763,1,0.000,4992
5506,1024,1024,1.0000,61.112,16.363,1,0.000,4993
5507,1024,1024,1.0000,53.918,18.547,1,0.000,4994
5508,1024,1024,1.0000,53.802,18.587,1,0.000,4995
5509,1024,1024,1.0000,53.235,18.785,1,0.000,4996
5510,1024,1024,1.0000,52.942,18.889,1,0.000,4997
5511,1024,1024,1.0000,53.726,18.613,1,0.000,4998
5512,1024,1024,1.0000,53.327,18.752,1,0.000,4999
5513,1024,1024,1.0000,53.977,18.526,1,0.000,5000
5514,1024,1024,1.0000,58.017,17.236,1,0.000,5001
5515,1024,1024,1.0000,53.547,18.675,1,0.000,5002
5516,1024,1024,1.0000,52.898,18.904,1,0.000,5003
5517,1024,1024,1.0000,53.317,18.756,1,0.000,5004
5518,1024,1024,1.0000,53.145,18.816,1,0.000,5005
5519,1024,1024,1.0000,53.990,18.522,1,0.000,5006
5520,1024,1024,1.0000,53.921,18.546,1,0.000,5007
5521,1024,1024,1.0000,53.509,18.688,1,0.000,5008
5522,1024,1024,1.0000,53.439,18.713,1,0.000,5009
5523,1024,1024,1.0000,54.405,18.381,1,0.000,5010
5524,1024,1024,1.0000,60.715,16.470,1,0.000,5011
5525,1024,1024,1.0000,61.112,16.363,1,0.000,5012
5526,1024,1024,1.0000,53.515,18.686,1,0.000,5013
5527,1024,1024,1.0000,53.045,18.852,1,0.000,5014
5528,1024,1024,1.0000,53.602,18.656,1,0.000,5015
5529,1024,1024,1.0000,53.221,18.790,1,0.000,5016
5530,1024,1024,1.0000,54.100,18.484,1,0.000,5017
5531,1024,1024,1.0000,52.910,18.900,1,0.000,5018
5532,1024,1024,1.0000,53.311,18.758,1,0.000,5019
5533,1024,1024,1.0000,53.197,18.798,1,0.000,5020
5534,1024,1024,1.0000,52.504,19.046,1,0.000,5021
5535,1024,1024,1.0000,53.985,18.524,1,0.000,5022
5536,1024,1024,1.0000,53.333,18.750,1,0.000,5023
5537,1024,1024,1.0000,52.975,18.877,1,0.000,5024
5538,1024,1024,1.0000,54.159,18.464,1,0.000,5025
5539,1024,1024,1.0000,53.766,18.599,1,0.000,5026
5540,1024,1024,1.0000,53.835,18.575,1,0.000,5027
5541,1024,1024,1.0000,53.549,18.674,1,0.000,5028
5542,1024,1024,1.0000,53.635,18.645,1,0.000,5029
5543,1024,1024,1.0000,53.624,18.648,1,0.000,5030
5544,1024,1024,1.0000,62.317,16.047,1,0.000,5031
5545,1024,1024,1.0000,55.730,17.944,1,0.000,5032
5546,1024,1024,1.0000,53.662,18.635,1,0.000,5033
5547,1024,1024,1.0000,54.455,18.364,1,0.000,5034
5548,1024,1024,1.0000,53.301,18.761,1,0.000,5035
5549,1024,1024,1.0000,53.462,18.705,1,0.000,5036
5550,1024,1024,1.0000,53.600,18.657,1,0.000,5037
5551,1024,1024,1.0000,56.116,17.820,1,0.000,5038
5552,1024,1024,1.0000,53.051,18.850,1,0.000,5039
5553,1024,1024,1.0000,53.046,18.852,1,0.000,5040
5554,1024,1024,1.0000,53.548,18.675,1,0.000,5041
5555,1024,1024,1.0000,53.375,18.735,1,0.000,5042
5556,1024,1024,1.0000,52.838,18.926,1,0.000,5043
5557,1024,1024,1.0000,53.619,18.650,1,0.000,5044
5558,1024,1024,1.0000,53.077,18.841,1,0.000,5045
5559,1024,1024,1.0000,53.310,18.758,1,0.000,5046
5560,1024,1024,1.0000,54.288,18.420,1,0.000,5047
5561,1024,1024,1.0000,52.976,18.876,1,0.000,5048
5562,1024,1024,1.0000,59.393,16.837,1,0.000,5049
5563,1024,1024,1.0000,62.560,15.985,1,0.000,5050
5564,1024,1024,1.0000,54.338,18.403,1,0.000,5051
5565,1024,1024,1.0000,53.710,18.619,1,0.000,5052
5566,1024,1024,1.0000,54.681,18.288,1,0.000,5053
5567,1024,1024,1.0000,53.275,18.771,1,0.000,5054
5568,1024,1024,1.0000,53.529,18.681,1,0.000,5055
5569,1024,1024,1.0000,53.107,18.830,1,0.000,5056
5570,1024,1024,1.0000,53.579,18.664,1,0.000,5057
5571,1024,1024,1.0000,53.504,18.690,1,0.000,5058
5572,1024,1024,1.0000,53.253,18.778,1,0.000,5059
5573,1024,1024,1.0000,53.620,18.650,1,0.000,5060
5574,1024,1024,1.0000,53.948,18.536,1,0.000,5061
5575,1024,1024,1.0000,53.169,18.808,1,0.000,5062
5576,1024,1024,1.0000,53.990,18.522,1,0.000,5063
5577,1024,1024,1.0000,52.986,18.873,1,0.000,5064
5578,1024,1024,1.0000,54.127,18.475,1,0.000,5065
5579,1024,1024,1.0000,53.237,18.784,1,0.000,5066
5580,1024,1024,1.0000,52.994,18.870,1,0.000,5067
5581,1024,1024,1.0000,53.308,18.759,1,0.000,5068
5582,1024,1024,1.0000,54.262,18.429,1,0.000,5069
5583,1024,1024,1.0000,53.891,18.556,1,0.000,5070
5584,1024,1024,1.0000,58.103,17.211,1,0.000,5071
5585,1024,1024,1.0000,53.178,18.805,1,0.000,5072
5586,1024,1024,1.0000,53.751,18.604,1,0.000,5073
5587,1024,1024,1.0000,53.704,18.621,1,0.000,5074
5588,1024,1024,1.0000,56.379,17.737,1,0.000,5075
5589,1024,1024,1.0000,53.489,18.695,1,0.000,5076
5590,1024,1024,1.0000,54.199,18.451,1,0.000,5077
5591,1024,1024,1.0000,53.372,18.736,1,0.000,5078
5592,1024,1024,1.0000,53.788,18.592,1,0.000,5079
5593,1024,1024,1.0000,53.157,18.812,1,0.000,5080
5594,1024,1024,1.0000,53.083,18.838,1,0.000,5081
5595,1024,1024,1.0000,53.632,18.646,1,0.000,5082
5596,1024,1024,1.0000,54.139,18.471,1,0.000,5083
5597,1024,1024,1.0000,53.863,18.566,1,0.000,5084
5598,1024,1024,1.0000,53.003,18.867,1,0.000,5085
5599,1024,1024,1.0000,53.153,18.814,1,0.000,5086
5600,1024,1024,1.0000,56.389,17.734,1,0.000,5087
5601,1024,1024,1.0000,64.663,15.465,1,0.000,5088
5602,1024,1024,1.0000,54.772,18.258,1,0.000,5089
5603,1024,1024,1.0000,53.254,18.778,1,0.000,5090
5604,1024,1024,1.0000,53.661,18.636,1,0.000,5091
5605,1024,1024,1.0000,53.347,18.745,1,0.000,5092
5606,1024,1024,1.0000,53.396,18.728,1,0.000,5093
5607,1024,1024,1.0000,53.445,18.711,1,0.000,5094
5608,1024,1024,1.0000,53.934,18.541,1,0.000,5095
5609,1024,1024,1.0000,54.008,18.516,1,0.000,5096
5610,1024,1024,1.0000,53.688,18.626,1,0.000,5097
5611,1024,1024,1.0000,53.168,18.808,1,0.000,5098
5612,1024,1024,1.0000,54.257,18.431,1,0.000,5099
5613,1024,1024,1.0000,54.343,18.402,1,0.000,5100
5614,1024,1024,1.0000,53.279,18.769,1,0.000,5101
5615,1024,1024,1.0000,53.825,18.579,1,0.000,5102
5616,1024,1024,1.0000,53.647,18.640,1,0.000,5103
5617,1024,1024,1.0000,53.666,18.634,1,0.000,5104
5618,1024,1024,1.0000,53.432,18.715,1,0.000,5105
5619,1024,1024,1.0000,53.567,18.668,1,0.000,5106
5620,1024,1024,1.0000,53.554,18.673,1,0.000,5107
5621,1024,1024,1.0000,54.098,18.485,1,0.000,5108
5622,1024,1024,1.0000,54.348,18.400,1,0.000,5109
5623,1024,1024,1.0000,57.347,17.438,1,0.000,5110
5624,1024,1024,1.0000,53.358,18.741,1,0.000,5111
5625,1024,1024,1.0000,56.933,17.565,1,0.000,5112
5626,1024,1024,1.0000,53.464,18.704,1,0.000,5113
5627,1024,1024,1.0000,53.972,18.528,1,0.000,5114
5628,1024,1024,1.0000,53.457,18.707,1,0.000,5115
5629,1024,1024,1.0000,53.897,18.554,1,0.000,5116
5630,1024,1024,1.0000,53.705,18.620,1,0.000,5117
5631,1024,1024,1.0000,53.709,18.619,1,0.000,5118
5632,1024,1024,1.0000,53.124,18.824,1,0.000,5119
5633,1024,1024,1.0000,54.536,18.337,1,0.000,5120
5634,1024,1024,1.0000,56.670,17.646,1,0.000,5121
5635,1024,1024,1.0000,54.508,18.346,1,0.000,5122
5636,1024,1024,1.0000,56.085,17.830,1,0.000,5123
5637,1024,1024,1.0000,55.344,18.069,1,0.000,5124
5638,1024,1024,1.0000,59.925,16.688,1,0.000,5125
5639,1024,1024,1.0000,64.370,15.535,1,0.000,5126
5640,1024,1024,1.0000,55.291,18.086,1,0.000,5127
5641,1024,1024,1.0000,55.455,18.033,1,0.000,5128
5642,1024,1024,1.0000,54.652,18.298,1,0.000,5129
5643,1024,1024,1.0000,55.266,18.094,1,0.000,5130
5644,1024,1024,1.0000,54.784,18.254,1,0.000,5131
5645,1024,1024,1.0000,54.908,18.212,1,0.000,5132
5646,1024,1024,1.0000,55.015,18.177,1,0.000,5133
5647,1024,1024,1.0000,55.125,18.141,1,0.000,5134
5648,1024,1024,1.0000,55.242,18.102,1,0.000,5135
5649,1024,1024,1.0000,55.303,18.082,1,0.000,5136
5650,1024,1024,1.0000,55.093,18.151,1,0.000,5137
5651,1024,1024,1.0000,55.961,17.870,1,0.000,5138
5652,1024,1024,1.0000,55.362,18.063,1,0.000,5139
5653,1024,1024,1.0000,54.922,18.208,1,0.000,5140
5654,1024,1024,1.0000,54.813,18.244,1,0.000,5141
5655,1024,1024,1.0000,54.956,18.196,1,0.000,5142
5656,1024,1024,1.0000,54.764,18.260,1,0.000,5143
5657,1024,1024,1.0000,59.380,16.841,1,0.000,5144
5658,1024,1024,1.0000,56.006,17.855,1,0.000,5145
5659,1024,1024,1.0000,55.399,18.051,1,0.000,5146
5660,1024,1024,1.0000,54.099,18.485,1,0.000,5147
5661,1024,1024,1.0000,60.852,16.433,1,0.000,5148
5662,1024,1024,1.0000,55.186,18.121,1,0.000,5149
5663,1024,1024,1.0000,54.748,18.266,1,0.000,5150
5664,1024,1024,1.0000,55.814,17.917,1,0.000,5151
5665,1024,1024,1.0000,55.115,18.144,1,0.000,5152
5666,1024,1024,1.0000,55.156,18.130,1,0.000,5153
5667,1024,1024,1.0000,54.779,18.255,1,0.000,5154
5668,1024,1024,1.0000,55.419,18.044,1,0.000,5155
5669,1024,1024,1.0000,56.017,17.852,1,0.000,5156
5670,1024,1024,1.0000,54.369,18.393,1,0.000,5157
5671,1024,1024,1.0000,54.975,18.190,1,0.000,5158
5672,1024,1024,1.0000,54.813,18.244,1,0.000,5159
5673,1024,1024,1.0000,55.043,18.168,1,0.000,5160
5674,1024,1024,1.0000,55.172,18.125,1,0.000,5161
5675,1024,1024,1.0000,60.794,16.449,1,0.000,5162
5676,1024,1024,1.0000,67.075,14.909,1,0.000,5163
5677,1024,1024,1.0000,54.719,18.275,1,0.000,5164
5678,1024,1024,1.0000,55.612,17.982,1,0.000,5165
5679,1024,1024,1.0000,55.024,18.174,1,0.000,5166
5680,1024,1024,1.0000,55.420,18.044,1,0.000,5167
5681,1024,1024,1.0000,55.109,18.146,1,0.000,5168
5682,1024,1024,1.0000,54.645,18.300,1,0.000,5169
5683,1024,1024,1.0000,55.184,18.121,1,0.000,5170
5684,1024,1024,1.0000,55.354,18.066,1,0.000,5171
5685,1024,1024,1.0000,54.711,18.278,1,0.000,5172
5686,1024,1024,1.0000,55.303,18.082,1,0.000,5173
5687,1024,1024,1.0000,55.068,18.159,1,0.000,5174
5688,1024,1024,1.0000,55.819,17.915,1,0.000,5175
5689,1024,1024,1.0000,54.641,18.301,1,0.000,5176
5690,1024,1024,1.0000,54.838,18.236,1,0.000,5177
5691,1024,1024,1.0000,55.906,17.887,1,0.000,5178
5692,1024,1024,1.0000,55.393,18.053,1,0.000,5179
5693,1024,1024,1.0000,55.326,18.075,1,0.000,5180
5694,1024,1024,1.0000,55.778,17.928,1,0.000,5181
5695,1024,1024,1.0000,55.155,18.131,1,0.000,5182
5696,1024,1024,1.0000,55.447,18.035,1,0.000,5183
5697,1024,1024,1.0000,57.585,17.366,1,0.000,5184
5698,1024,1024,1.0000,55.194,18.118,1,0.000,5185
5699,1024,1024,1.0000,58.124,17.205,1,0.000,5186
5700,1024,1024,1.0000,55.021,18.175,1,0.000,5187
5701,1024,1024,1.0000,55.149,18.133,1,0.000,5188
5702,1024,1024,1.0000,55.698,17.954,1,0.000,5189
5703,1024,1024,1.0000,55.622,17.978,1,0.000,5190
5704,1024,1024,1.0000,55.342,18.069,1,0.000,5191
5705,1024,1024,1.0000,55.553,18.001,1,0.000,5192
5706,1024,1024,1.0000,55.257,18.097,1,0.000,5193
5707,1024,1024,1.0000,54.249,18.434,1,0.000,5194
5708,1024,1024,1.0000,55.394,18.052,1,0.000,5195
5709,1024,1024,1.0000,55.376,18.058,1,0.000,5196
5710,1024,1024,1.0000,55.435,18.039,1,0.000,5197
5711,1024,1024,1.0000,55.607,17.983,1,0.000,5198
5712,1024,1024,1.0000,58.656,17.049,1,0.000,5199
5713,1024,1024,1.0000,64.588,15.483,1,0.000,5200
5714,1024,1024,1.0000,56.483,17.704,1,0.000,5201
5715,1024,1024,1.0000,56.232,17.783,1,0.000,5202
5716,1024,1024,1.0000,54.661,18.295,1,0.000,5203
5717,1024,1024,1.0000,54.726,18.273,1,0.000,5204
5718,1024,1024,1.0000,55.235,18.104,1,0.000,5205
5719,1024,1024,1.0000,55.218,18.110,1,0.000,5206
5720,1024,1024,1.0000,54.740,18.268,1,0.000,5207
5721,1024,1024,1.0000,54.676,18.290,1,0.000,5208
5722,1024,1024,1.0000,55.326,18.075,1,0.000,5209
5723,1024,1024,1.0000,55.195,18.118,1,0.000,5210
5724,1024,1024,1.0000,54.772,18.258,1,0.000,5211
5725,1024,1024,1.0000,55.523,18.011,1,0.000,5212
5726,1024,1024,1.0000,54.855,18.230,1,0.000,5213
5727,1024,1024,1.0000,55.240,18.103,1,0.000,5214
5728,1024,1024,1.0000,55.238,18.103,1,0.000,5215
5729,1024,1024,1.0000,55.780,17.928,1,0.000,5216
5730,1024,1024,1.0000,54.944,18.200,1,0.000,5217
5731,1024,1024,1.0000,55.411,18.047,1,0.000,5218
5732,1024,1024,1.0000,55.584,17.991,1,0.000,5219
5733,1024,1024,1.0000,55.359,18.064,1,0.000,5220
5734,1024,1024,1.0000,55.525,18.010,1,0.000,5221
5735,1024,1024,1.0000,56.914,17.570,1,0.000,5222
5736,1024,1024,1.0000,55.788,17.925,1,0.000,5223
5737,1024,1024,1.0000,59.654,16.763,1,0.000,5224
5738,1024,1024,1.0000,55.730,17.944,1,0.000,5225
5739,1024,1024,1.0000,55.327,18.074,1,0.000,5226
5740,1024,1024,1.0000,55.040,18.169,1,0.000,5227
5741,1024,1024,1.0000,55.406,18.049,1,0.000,5228
5742,1024,1024,1.0000,55.210,18.113,1,0.000,5229
5743,1024,1024,1.0000,55.003,18.181,1,0.000,5230
5744,1024,1024,1.0000,54.705,18.280,1,0.000,5231
5745,1024,1024,1.0000,56.401,17.730,1,0.000,5232
5746,1024,1024,1.0000,55.461,18.031,1,0.000,5233
5747,1024,1024,1.0000,56.230,17.784,1,0.000,5234
5748,1024,1024,1.0000,55.334,18.072,1,0.000,5235
5749,1024,1024,1.0000,58.850,16.992,1,0.000,5236
5750,1024,1024,1.0000,64.691,15.458,1,0.000,5237
5751,1024,1024,1.0000,57.628,17.353,1,0.000,5238
5752,1024,1024,1.0000,55.165,18.127,1,0.000,5239
5753,1024,1024,1.0000,55.213,18.112,1,0.000,5240
5754,1024,1024,1.0000,55.547,18.003,1,0.000,5241
5755,1024,1024,1.0000,55.079,18.156,1,0.000,5242
5756,1024,1024,1.0000,55.182,18.122,1,0.000,5243
5757,1024,1024,1.0000,56.042,17.844,1,0.000,5244
5758,1024,1024,1.0000,55.726,17.945,1,0.000,5245
5759,1024,1024,1.0000,54.976,18.190,1,0.000,5246
5760,1024,1024,1.0000,56.065,17.836,1,0.000,5247
5761,1024,1024,1.0000,56.716,17.632,1,0.000,5248
5762,1024,1024,1.0000,54.854,18.230,1,0.000,5249
5763,1024,1024,1.0000,55.598,17.986,1,0.000,5250
5764,1024,1024,1.0000,55.065,18.160,1,0.000,5251
5765,1024,1024,1.0000,55.520,18.012,1,0.000,5252
5766,1024,1024,1.0000,55.265,18.095,1,0.000,5253
5767,1024,1024,1.0000,55.722,17.946,1,0.000,5254
5768,1024,1024,1.0000,55.008,18.179,1,0.000,5255
5769,1024,1024,1.0000,55.715,17.948,1,0.000,5256
5770,1024,1024,1.0000,54.598,18.316,1,0.000,5257
5771,1024,1024,1.0000,55.628,17.977,1,0.000,5258
5772,1024,1024,1.0000,55.651,17.969,1,0.000,5259
5773,1024,1024,1.0000,55.441,18.037,1,0.000,5260
5774,1024,1024,1.0000,55.181,18.122,1,0.000,5261
5775,1024,1024,1.0000,59.076,16.927,1,0.000,5262
5776,1024,1024,1.0000,54.920,18.208,1,0.000,5263
5777,1024,1024,1.0000,55.380,18.057,1,0.000,5264
5778,1024,1024,1.0000,56.037,17.845,1,0.000,5265
5779,1024,1024,1.0000,55.629,17.976,1,0.000,5266
5780,1024,1024,1.0000,55.564,17.997,1,0.000,5267
5781,1024,1024,1.0000,55.700,17.953,1,0.000,5268
5782,1024,1024,1.0000,61.715,16.204,1,0.000,5269
5783,1024,1024,1.0000,56.914,17.570,1,0.000,5270
5784,1024,1024,1.0000,55.061,18.162,1,0.000,5271
5785,1024,1024,1.0000,55.259,18.097,1,0.000,5272
5786,1024,1024,1.0000,65.977,15.157,1,0.000,5273
5787,1024,1024,1.0000,64.641,15.470,1,0.000,5274
5788,1024,1024,1.0000,55.966,17.868,1,0.000,5275
5789,1024,1024,1.0000,55.314,18.079,1,0.000,5276
5790,1024,1024,1.0000,55.578,17.993,1,0.000,5277
5791,1024,1024,1.0000,56.104,17.824,1,0.000,5278
5792,1024,1024,1.0000,55.673,17.962,1,0.000,5279
5793,1024,1024,1.0000,55.220,18.109,1,0.000,5280
5794,1024,1024,1.0000,55.672,17.962,1,0.000,5281
5795,1024,1024,1.0000,55.730,17.944,1,0.000,5282
5796,1024,1024,1.0000,55.400,18.051,1,0.000,5283
5797,1024,1024,1.0000,55.798,17.922,1,0.000,5284
5798,1024,1024,1.0000,56.324,17.754,1,0.000,5285
5799,1024,1024,1.0000,55.565,17.997,1,0.000,5286
5800,1024,1024,1.0000,55.224,18.108,1,0.000,5287
5801,1024,1024,1.0000,55.611,17.982,1,0.000,5288
5802,1024,1024,1.0000,55.597,17.987,1,0.000,5289
5803,1024,1024,1.0000,55.025,18.174,1,0.000,5290
5804,1024,1024,1.0000,55.962,17.869,1,0.000,5291
5805,1024,1024,1.0000,55.343,18.069,1,0.000,5292
5806,1024,1024,1.0000,55.246,18.101,1,0.000,5293
5807,1024,1024,1.0000,56.130,17.816,1,0.000,5294
5808,1024,1024,1.0000,55.566,17.997,1,0.000,5295
5809,1024,1024,1.0000,55.812,17.917,1,0.000,5296
5810,1024,1024,1.0000,55.251,18.099,1,0.000,5297
5811,1024,1024,1.0000,55.225,18.108,1,0.000,5298
5812,1024,1024,1.0000,55.668,17.964,1,0.000,5299
5813,1024,1024,1.0000,57.750,17.316,1,0.000,5300
5814,1024,1024,1.0000,56.302,17.761,1,0.000,5301
5815,1024,1024,1.0000,55.465,18.029,1,0.000,5302
5816,1024,1024,1.0000,55.278,18.090,1,0.000,5303
5817,1024,1024,1.0000,56.225,17.786,1,0.000,5304
5818,1024,1024,1.0000,57.402,17.421,1,0.000,5305
5819,1024,1024,1.0000,56.349,17.747,1,0.000,5306
5820,1024,1024,1.0000,55.275,18.091,1,0.000,5307
5821,1024,1024,1.0000,58.659,17.048,1,0.000,5308
5822,1024,1024,1.0000,55.278,18.090,1,0.000,5309
5823,1024,1024,1.0000,65.684,15.224,1,0.000,5310
5824,1024,1024,1.0000,58.957,16.962,1,0.000,5311
5825,1024,1024,1.0000,55.292,18.086,1,0.000,5312
5826,1024,1024,1.0000,56.208,17.791,1,0.000,5313
5827,1024,1024,1.0000,55.978,17.864,1,0.000,5314
5828,1024,1024,1.0000,56.164,17.805,1,0.000,5315
5829,1024,1024,1.0000,55.449,18.035,1,0.000,5316
5830,1024,1024,1.0000,55.891,17.892,1,0.000,5317
5831,1024,1024,1.0000,55.971,17.866,1,0.000,5318
5832,1024,1024,1.0000,54.999,18.182,1,0.000,5319
5833,1024,1024,1.0000,57.230,17.473,1,0.000,5320
5834,1024,1024,1.0000,55.799,17.921,1,0.000,5321
5835,1024,1024,1.0000,55.993,17.859,1,0.000,5322
5836,1024,1024,1.0000,55.128,18.140,1,0.000,5323
5837,1024,1024,1.0000,56.399,17.731,1,0.000,5324
5838,1024,1024,1.0000,55.029,18.172,1,0.000,5325
5839,1024,1024,1.0000,55.367,18.061,1,0.000,5326
5840,1024,1024,1.0000,55.361,18.063,1,0.000,5327
5841,1024,1024,1.0000,56.690,17.640,1,0.000,5328
5842,1024,1024,1.0000,54.862,18.228,1,0.000,5329
5843,1024,1024,1.0000,55.365,18.062,1,0.000,5330
5844,1024,1024,1.0000,55.848,17.906,1,0.000,5331
5845,1024,1024,1.0000,55.611,17.982,1,0.000,5332
5846,1024,1024,1.0000,55.860,17.902,1,0.000,5333
5847,1024,1024,1.0000,55.884,17.894,1,0.000,5334
5848,1024,1024,1.0000,54.984,18.187,1,0.000,5335
5849,1024,1024,1.0000,54.959,18.195,1,0.000,5336
5850,1024,1024,1.0000,59.721,16.745,1,0.000,5337
5851,1024,1024,1.0000,55.009,18.179,1,0.000,5338
5852,1024,1024,1.0000,56.485,17.704,1,0.000,5339
5853,1024,1024,1.0000,55.383,18.056,1,0.000,5340
5854,1024,1024,1.0000,56.154,17.808,1,0.000,5341
5855,1024,1024,1.0000,55.781,17.927,1,0.000,5342
5856,1024,1024,1.0000,55.779,17.928,1,0.000,5343
5857,1024,1024,1.0000,55.964,17.869,1,0.000,5344
5858,1024,1024,1.0000,55.427,18.042,1,0.000,5345
5859,1024,1024,1.0000,55.701,17.953,1,0.000,5346
5860,1024,1024,1.0000,68.456,14.608,1,0.000,5347
5861,1024,1024,1.0000,59.469,16.815,1,0.000,5348
5862,1024,1024,1.0000,56.285,17.767,1,0.000,5349
5863,1024,1024,1.0000,56.178,17.801,1,0.000,5350
5864,1024,1024,1.0000,56.109,17.822,1,0.000,5351
5865,1024,1024,1.0000,55.958,17.871,1,0.000,5352
5866,1024,1024,1.0000,55.351,18.067,1,0.000,5353
5867,1024,1024,1.0000,55.424,18.043,1,0.000,5354
5868,1024,1024,1.0000,56.323,17.755,1,0.000,5355
5869,1024,1024,1.0000,55.918,17.883,1,0.000,5356
5870,1024,1024,1.0000,56.566,17.678,1,0.000,5357
5871,1024,1024,1.0000,56.545,17.685,1,0.000,5358
5872,1024,1024,1.0000,55.397,18.052,1,0.000,5359
5873,1024,1024,1.0000,56.400,17.730,1,0.000,5360
5874,1024,1024,1.0000,55.957,17.871,1,0.000,5361
5875,1024,1024,1.0000,55.090,18.152,1,0.000,5362
5876,1024,1024,1.0000,63.880,15.654,1,0.000,5363
5877,1024,1024,1.0000,57.272,17.461,1,0.000,5364
5878,1024,1024,1.0000,55.183,18.122,1,0.000,5365
5879,1024,1024,1.0000,56.151,17.809,1,0.000,5366
5880,1024,1024,1.0000,56.042,17.844,1,0.000,5367
5881,1024,1024,1.0000,55.552,18.001,1,0.000,5368
5882,1024,1024,1.0000,54.965,18.193,1,0.000,5369
5883,1024,1024,1.0000,56.132,17.815,1,0.000,5370
5884,1024,1024,1.0000,55.669,17.963,1,0.000,5371
5885,1024,1024,1.0000,55.391,18.053,1,0.000,5372
5886,1024,1024,1.0000,55.961,17.870,1,0.000,5373
5887,1024,1024,1.0000,55.710,17.950,1,0.000,5374
5888,1024,1024,1.0000,58.934,16.968,1,0.000,5375
5889,1024,1024,1.0000,56.037,17.845,1,0.000,5376
5890,1024,1024,1.0000,58.922,16.972,1,0.000,5377
5891,1024,1024,1.0000,56.807,17.603,1,0.000,5378
5892,1024,1024,1.0000,59.026,16.942,1,0.000,5379
5893,1024,1024,1.0000,57.280,17.458,1,0.000,5380
5894,1024,1024,1.0000,56.525,17.691,1,0.000,5381
5895,1024,1024,1.0000,56.730,17.627,1,0.000,5382
5896,1024,1024,1.0000,65.410,15.288,1,0.000,5383
5897,1024,1024,1.0000,64.155,15.587,1,0.000,5384
5898,1024,1024,1.0000,56.833,17.595,1,0.000,5385
5899,1024,1024,1.0000,56.395,17.732,1,0.000,5386
5900,1024,1024,1.0000,56.480,17.705,1,0.000,5387
5901,1024,1024,1.0000,56.601,17.668,1,0.000,5388
5902,1024,1024,1.0000,56.620,17.662,1,0.000,5389
5903,1024,1024,1.0000,55.943,17.875,1,0.000,5390
5904,1024,1024,1.0000,57.026,17.536,1,0.000,5391
5905,1024,1024,1.0000,56.654,17.651,1,0.000,5392
5906,1024,1024,1.0000,57.899,17.271,1,0.000,5393
5907,1024,1024,1.0000,56.729,17.628,1,0.000,5394
5908,1024,1024,1.0000,56.448,17.715,1,0.000,5395
5909,1024,1024,1.0000,56.447,17.716,1,0.000,5396
5910,1024,1024,1.0000,56.220,17.787,1,0.000,5397
5911,1024,1024,1.0000,56.633,17.658,1,0.000,5398
5912,1024,1024,1.0000,56.585,17.673,1,0.000,5399
5913,1024,1024,1.0000,57.054,17.527,1,0.000,5400
5914,1024,1024,1.0000,56.692,17.639,1,0.000,5401
5915,1024,1024,1.0000,58.467,17.104,1,0.000,5402
5916,1024,1024,1.0000,56.847,17.591,1,0.000,5403
5917,1024,1024,1.0000,56.496,17.700,1,0.000,5404
5918,1024,1024,1.0000,57.563,17.372,1,0.000,5405
5919,1024,1024,1.0000,56.169,17.803,1,0.000,5406
5920,1024,1024,1.0000,56.904,17.573,1,0.000,5407
5921,1024,1024,1.0000,56.580,17.674,1,0.000,5408
5922,1024,1024,1.0000,57.052,17.528,1,0.000,5409
5923,1024,1024,1.0000,57.759,17.313,1,0.000,5410
5924,1024,1024,1.0000,57.156,17.496,1,0.000,5411
5925,1024,1024,1.0000,58.924,16.971,1,0.000,5412
5926,1024,1024,1.0000,56.979,17.550,1,0.000,5413
5927,1024,1024,1.0000,59.631,16.770,1,0.000,5414
5928,1024,1024,1.0000,56.344,17.748,1,0.000,5415
5929,1024,1024,1.0000,56.939,17.563,1,0.000,5416
5930,1024,1024,1.0000,56.878,17.581,1,0.000,5417
5931,1024,1024,1.0000,57.697,17.332,1,0.000,5418
5932,1024,1024,1.0000,63.570,15.731,1,0.000,5419
5933,1024,1024,1.0000,64.558,15.490,1,0.000,5420
5934,1024,1024,1.0000,57.017,17.539,1,0.000,5421
5935,1024,1024,1.0000,57.361,17.433,1,0.000,5422
5936,1024,1024,1.0000,57.390,17.425,1,0.000,5423
5937,1024,1024,1.0000,56.431,17.721,1,0.000,5424
5938,1024,1024,1.0000,56.164,17.805,1,0.000,5425
5939,1024,1024,1.0000,58.290,17.156,1,0.000,5426
5940,1024,1024,1.0000,56.849,17.590,1,0.000,5427
5941,1024,1024,1.0000,57.287,17.456,1,0.000,5428
5942,1024,1024,1.0000,56.512,17.695,1,0.000,5429
5943,1024,1024,1.0000,56.658,17.650,1,0.000,5430
5944,1024,1024,1.0000,57.119,17.507,1,0.000,5431
5945,1024,1024,1.0000,56.787,17.610,1,0.000,5432
5946,1024,1024,1.0000,56.879,17.581,1,0.000,5433
5947,1024,1024,1.0000,56.077,17.833,1,0.000,5434
5948,1024,1024,1.0000,56.908,17.572,1,0.000,5435
5949,1024,1024,1.0000,56.852,17.590,1,0.000,5436
5950,1024,1024,1.0000,56.439,17.718,1,0.000,5437
5951,1024,1024,1.0000,57.664,17.342,1,0.000,5438
5952,1024,1024,1.0000,57.094,17.515,1,0.000,5439
5953,1024,1024,1.0000,56.094,17.827,1,0.000,5440
5954,1024,1024,1.0000,56.322,17.755,1,0.000,5441
5955,1024,1024,1.0000,57.323,17.445,1,0.000,5442
5956,1024,1024,1.0000,57.244,17.469,1,0.000,5443
5957,1024,1024,1.0000,57.158,17.495,1,0.000,5444
5958,1024,1024,1.0000,56.341,17.749,1,0.000,5445
5959,1024,1024,1.0000,57.304,17.451,1,0.000,5446
5960,1024,1024,1.0000,55.964,17.869,1,0.000,5447
5961,1024,1024,1.0000,58.339,17.141,1,0.000,5448
5962,1024,1024,1.0000,60.975,16.400,1,0.000,5449
5963,1024,1024,1.0000,56.645,17.654,1,0.000,5450
5964,1024,1024,1.0000,57.291,17.455,1,0.000,5451
5965,1024,1024,1.0000,56.328,17.753,1,0.000,5452
5966,1024,1024,1.0000,57.376,17.429,1,0.000,5453
5967,1024,1024,1.0000,57.108,17.511,1,0.000,5454
5968,1024,1024,1.0000,62.217,16.073,1,0.000,5455
5969,1024,1024,1.0000,65.866,15.182,1,0.000,5456
5970,1024,1024,1.0000,57.955,17.255,1,0.000,5457
5971,1024,1024,1.0000,57.683,17.336,1,0.000,5458
5972,1024,1024,1.0000,57.770,17.310,1,0.000,5459
5973,1024,1024,1.0000,55.840,17.908,1,0.000,5460
5974,1024,1024,1.0000,56.789,17.609,1,0.000,5461
5975,1024,1024,1.0000,57.301,17.452,1,0.000,5462
5976,1024,1024,1.0000,57.924,17.264,1,0.000,5463
5977,1024,1024,1.0000,57.025,17.536,1,0.000,5464
5978,1024,1024,1.0000,57.215,17.478,1,0.000,5465
5979,1024,1024,1.0000,56.865,17.586,1,0.000,5466
5980,1024,1024,1.0000,55.711,17.950,1,0.000,5467
5981,1024,1024,1.0000,57.064,17.524,1,0.000,5468
5982,1024,1024,1.0000,56.743,17.623,1,0.000,5469
5983,1024,1024,1.0000,56.640,17.655,1,0.000,5470
5984,1024,1024,1.0000,57.541,17.379,1,0.000,5471
5985,1024,1024,1.0000,56.986,17.548,1,0.000,5472
5986,1024,1024,1.0000,57.087,17.517,1,0.000,5473
5987,1024,1024,1.0000,57.199,17.483,1,0.000,5474
5988,1024,1024,1.0000,56.854,17.589,1,0.000,5475
5989,1024,1024,1.0000,56.581,17.674,1,0.000,5476
5990,1024,1024,1.0000,56.183,17.799,1,0.000,5477
5991,1024,1024,1.0000,56.780,17.612,1,0.000,5478
5992,1024,1024,1.0000,57.418,17.416,1,0.000,5479
5993,1024,1024,1.0000,57.962,17.253,1,0.000,5480
5994,1024,1024,1.0000,57.178,17.489,1,0.000,5481
5995,1024,1024,1.0000,55.918,17.883,1,0.000,5482
5996,1024,1024,1.0000,57.659,17.343,1,0.000,5483
5997,1024,1024,1.0000,56.637,17.656,1,0.000,5484
5998,1024,1024,1.0000,59.638,16.768,1,0.000,5485
5999,1024,1024,1.0000,58.359,17.135,1,0.000,5486
6000,1024,1024,1.0000,58.375,17.131,1,0.000,5487
6001,1024,1024,1.0000,59.285,16.868,1,0.000,5488
6002,1024,1024,1.0000,55.791,17.924,1,0.000,5489
6003,1024,1024,1.0000,57.608,17.359,1,0.000,5490
6004,1024,1024,1.0000,64.032,15.617,1,0.000,5491
6005,1024,1024,1.0000,64.849,15.420,1,0.000,5492
6006,1024,1024,1.0000,57.502,17.391,1,0.000,5493
6007,1024,1024,1.0000,56.265,17.773,1,0.000,5494
6008,1024,1024,1.0000,57.387,17.426,1,0.000,5495
6009,1024,1024,1.0000,56.958,17.557,1,0.000,5496
6010,1024,1024,1.0000,57.766,17.311,1,0.000,5497
6011,1024,1024,1.0000,57.196,17.484,1,0.000,5498
6012,1024,1024,1.0000,56.605,17.666,1,0.000,5499
6013,1024,1024,1.0000,56.420,17.724,1,0.000,5500
6014,1024,1024,1.0000,57.555,17.375,1,0.000,5501
6015,1024,1024,1.0000,56.447,17.716,1,0.000,5502
6016,1024,1024,1.0000,56.880,17.581,1,0.000,5503
6017,1024,1024,1.0000,57.317,17.447,1,0.000,5504
6018,1024,1024,1.0000,57.170,17.492,1,0.000,5505
6019,1024,1024,1.0000,57.186,17.487,1,0.000,5506
6020,1024,1024,1.0000,57.039,17.532,1,0.000,5507
6021,1024,1024,1.0000,56.234,17.783,1,0.000,5508
6022,1024,1024,1.0000,56.907,17.573,1,0.000,5509
6023,1024,1024,1.0000,57.342,17.439,1,0.000,5510
6024,1024,1024,1.0000,57.900,17.271,1,0.000,5511
6025,1024,1024,1.0000,57.015,17.539,1,0.000,5512
6026,1024,1024,1.0000,56.645,17.654,1,0.000,5513
6027,1024,1024,1.0000,57.396,17.423,1,0.000,5514
6028,1024,1024,1.0000,57.482,17.397,1,0.000,5515
6029,1024,1024,1.0000,56.745,17.623,1,0.000,5516
6030,1024,1024,1.0000,57.121,17.507,1,0.000,5517
6031,1024,1024,1.0000,59.605,16.777,1,0.000,5518
6032,1024,1024,1.0000,56.763,17.617,1,0.000,5519
6033,1024,1024,1.0000,56.689,17.640,1,0.000,5520
6034,1024,1024,1.0000,57.358,17.434,1,0.000,5521
6035,1024,1024,1.0000,59.777,16.729,1,0.000,5522
6036,1024,1024,1.0000,57.648,17.347,1,0.000,5523
6037,1024,1024,1.0000,57.466,17.402,1,0.000,5524
6038,1024,1024,1.0000,57.362,17.433,1,0.000,5525
6039,1024,1024,1.0000,57.854,17.285,1,0.000,5526
6040,1024,1024,1.0000,64.038,15.616,1,0.000,5527
6041,1024,1024,1.0000,66.375,15.066,1,0.000,5528
6042,1024,1024,1.0000,57.723,17.324,1,0.000,5529
6043,1024,1024,1.0000,57.238,17.471,1,0.000,5530
6044,1024,1024,1.0000,57.460,17.403,1,0.000,5531
6045,1024,1024,1.0000,59.100,16.920,1,0.000,5532
6046,1024,1024,1.0000,57.665,17.342,1,0.000,5533
6047,1024,1024,1.0000,56.472,17.708,1,0.000,5534
6048,1024,1024,1.0000,57.414,17.417,1,0.000,5535
6049,1024,1024,1.0000,57.523,17.384,1,0.000,5536
6050,1024,1024,1.0000,57.631,17.352,1,0.000,5537
6051,1024,1024,1.0000,56.442,17.717,1,0.000,5538
6052,1024,1024,1.0000,57.408,17.419,1,0.000,5539
6053,1024,1024,1.0000,57.665,17.342,1,0.000,5540
6054,1024,1024,1.0000,56.503,17.698,1,0.000,5541
6055,1024,1024,1.0000,56.758,17.619,1,0.000,5542
6056,1024,1024,1.0000,57.449,17.407,1,0.000,5543
6057,1024,1024,1.0000,57.575,17.369,1,0.000,5544
6058,1024,1024,1.0000,56.799,17.606,1,0.000,5545
6059,1024,1024,1.0000,56.848,17.591,1,0.000,5546
6060,1024,1024,1.0000,56.919,17.569,1,0.000,5547
6061,1024,1024,1.0000,56.932,17.565,1,0.000,5548
6062,1024,1024,1.0000,57.906,17.269,1,0.000,5549
6063,1024,1024,1.0000,57.311,17.449,1,0.000,5550
6064,1024,1024,1.0000,57.076,17.520,1,0.000,5551
6065,1024,1024,1.0000,56.732,17.627,1,0.000,5552
6066,1024,1024,1.0000,60.115,16.635,1,0.000,5553
6067,1024,1024,1.0000,56.535,17.688,1,0.000,5554
6068,1024,1024,1.0000,56.653,17.651,1,0.000,5555
6069,1024,1024,1.0000,57.336,17.441,1,0.000,5556
6070,1024,1024,1.0000,56.867,17.585,1,0.000,5557
6071,1024,1024,1.0000,57.050,17.528,1,0.000,5558
6072,1024,1024,1.0000,60.397,16.557,1,0.000,5559
6073,1024,1024,1.0000,56.899,17.575,1,0.000,5560
6074,1024,1024,1.0000,57.874,17.279,1,0.000,5561
6075,1024,1024,1.0000,57.629,17.352,1,0.000,5562
6076,1024,1024,1.0000,68.111,14.682,1,0.000,5563
6077,1024,1024,1.0000,60.252,16.597,1,0.000,5564
6078,1024,1024,1.0000,56.319,17.756,1,0.000,5565
6079,1024,1024,1.0000,57.681,17.337,1,0.000,5566
6080,1024,1024,1.0000,57.744,17.318,1,0.000,5567
6081,1024,1024,1.0000,57.445,17.408,1,0.000,5568
6082,1024,1024,1.0000,57.544,17.378,1,0.000,5569
6083,1024,1024,1.0000,57.247,17.468,1,0.000,5570
6084,1024,1024,1.0000,57.968,17.251,1,0.000,5571
6085,1024,1024,1.0000,56.514,17.695,1,0.000,5572
6086,1024,1024,1.0000,57.067,17.523,1,0.000,5573
6087,1024,1024,1.0000,57.475,17.399,1,0.000,5574
6088,1024,1024,1.0000,56.632,17.658,1,0.000,5575
6089,1024,1024,1.0000,56.953,17.558,1,0.000,5576
6090,1024,1024,1.0000,58.022,17.235,1,0.000,5577
6091,1024,1024,1.0000,58.148,17.197,1,0.000,5578
6092,1024,1024,1.0000,57.138,17.501,1,0.000,5579
6093,1024,1024,1.0000,57.555,17.375,1,0.000,5580
6094,1024,1024,1.0000,56.709,17.634,1,0.000,5581
6095,1024,1024,1.0000,57.148,17.498,1,0.000,5582
6096,1024,1024,1.0000,57.353,17.436,1,0.000,5583
6097,1024,1024,1.0000,57.580,17.367,1,0.000,5584
6098,1024,1024,1.0000,56.596,17.669,1,0.000,5585
6099,1024,1024,1.0000,56.801,17.605,1,0.000,5586
6100,1024,1024,1.0000,56.768,17.616,1,0.000,5587
6101,1024,1024,1.0000,57.457,17.404,1,0.000,5588
6102,1024,1024,1.0000,56.985,17.548,1,0.000,5589
6103,1024,1024,1.0000,56.640,17.655,1,0.000,5590
6104,1024,1024,1.0000,56.854,17.589,1,0.000,5591
6105,1024,1024,1.0000,57.472,17.400,1,0.000,5592
6106,1024,1024,1.0000,57.136,17.502,1,0.000,5593
6107,1024,1024,1.0000,57.314,17.448,1,0.000,5594
6108,1024,1024,1.0000,59.795,16.724,1,0.000,5595
6109,1024,1024,1.0000,57.348,17.437,1,0.000,5596
6110,1024,1024,1.0000,57.076,17.520,1,0.000,5597
6111,1024,1024,1.0000,57.694,17.333,1,0.000,5598
6112,1024,1024,1.0000,69.134,14.465,1,0.000,5599
6113,1024,1024,1.0000,58.824,17.000,1,0.000,5600
6114,1024,1024,1.0000,58.478,17.100,1,0.000,5601
6115,1024,1024,1.0000,58.245,17.169,1,0.000,5602
6116,1024,1024,1.0000,57.704,17.330,1,0.000,5603
6117,1024,1024,1.0000,57.996,17.243,1,0.000,5604
6118,1024,1024,1.0000,57.559,17.373,1,0.000,5605
6119,1024,1024,1.0000,57.599,17.361,1,0.000,5606
6120,1024,1024,1.0000,58.186,17.186,1,0.000,5607
6121,1024,1024,1.0000,56.547,17.684,1,0.000,5608
6122,1024,1024,1.0000,57.867,17.281,1,0.000,5609
6123,1024,1024,1.0000,57.943,17.258,1,0.000,5610
6124,1024,1024,1.0000,58.131,17.203,1,0.000,5611
6125,1024,1024,1.0000,57.036,17.533,1,0.000,5612
6126,1024,1024,1.0000,57.900,17.271,1,0.000,5613
6127,1024,1024,1.0000,58.454,17.107,1,0.000,5614
6128,1024,1024,1.0000,57.670,17.340,1,0.000,5615
6129,1024,1024,1.0000,57.948,17.257,1,0.000,5616
6130,1024,1024,1.0000,57.855,17.285,1,0.000,5617
6131,1024,1024,1.0000,57.923,17.264,1,0.000,5618
6132,1024,1024,1.0000,57.339,17.440,1,0.000,5619
6133,1024,1024,1.0000,58.058,17.224,1,0.000,5620
6134,1024,1024,1.0000,57.158,17.495,1,0.000,5621
6135,1024,1024,1.0000,57.939,17.260,1,0.000,5622
6136,1024,1024,1.0000,56.491,17.702,1,0.000,5623
6137,1024,1024,1.0000,59.372,16.843,1,0.000,5624
6138,1024,1024,1.0000,56.711,17.633,1,0.000,5625
6139,1024,1024,1.0000,59.049,16.935,1,0.000,5626
6140,1024,1024,1.0000,57.980,17.247,1,0.000,5627
6141,1024,1024,1.0000,56.953,17.558,1,0.000,5628
6142,1024,1024,1.0000,57.639,17.349,1,0.000,5629
6143,1024,1024,1.0000,58.239,17.171,1,0.000,5630
6144,1024,1024,1.0000,58.675,17.043,1,0.000,5631
6145,1024,1024,1.0000,61.076,16.373,1,0.000,5632
6146,1024,1024,1.0000,58.579,17.071,1,0.000,5633
6147,1024,1024,1.0000,67.252,14.869,1,0.000,5634
6148,1024,1024,1.0000,64.900,15.408,1,0.000,5635
6149,1024,1024,1.0000,59.638,16.768,1,0.000,5636
6150,1024,1024,1.0000,58.724,17.029,1,0.000,5637
6151,1024,1024,1.0000,58.401,17.123,1,0.000,5638
6152,1024,1024,1.0000,57.503,17.390,1,0.000,5639
6153,1024,1024,1.0000,58.253,17.166,1,0.000,5640
6154,1024,1024,1.0000,58.616,17.060,1,0.000,5641
6155,1024,1024,1.0000,58.480,17.100,1,0.000,5642
6156,1024,1024,1.0000,57.821,17.295,1,0.000,5643
6157,1024,1024,1.0000,57.501,17.391,1,0.000,5644
6158,1024,1024,1.0000,58.957,16.962,1,0.000,5645
6159,1024,1024,1.0000,58.755,17.020,1,0.000,5646
6160,1024,1024,1.0000,58.431,17.114,1,0.000,5647
6161,1024,1024,1.0000,58.506,17.092,1,0.000,5648
6162,1024,1024,1.0000,57.532,17.382,1,0.000,5649
6163,1024,1024,1.0000,58.745,17.023,1,0.000,5650
6164,1024,1024,1.0000,58.876,16.985,1,0.000,5651
6165,1024,1024,1.0000,58.556,17.078,1,0.000,5652
6166,1024,1024,1.0000,59.060,16.932,1,0.000,5653
6167,1024,1024,1.0000,57.998,17.242,1,0.000,5654
6168,1024,1024,1.0000,58.458,17.106,1,0.000,5655
6169,1024,1024,1.0000,60.880,16.426,1,0.000,5656
6170,1024,1024,1.0000,58.821,17.001,1,0.000,5657
6171,1024,1024,1.0000,58.147,17.198,1,0.000,5658
6172,1024,1024,1.0000,58.408,17.121,1,0.000,5659
6173,1024,1024,1.0000,64.694,15.457,1,0.000,5660
6174,1024,1024,1.0000,58.595,17.066,1,0.000,5661
6175,1024,1024,1.0000,59.539,16.796,1,0.000,5662
6176,1024,1024,1.0000,58.640,17.053,1,0.000,5663
6177,1024,1024,1.0000,57.633,17.351,1,0.000,5664
6178,1024,1024,1.0000,58.452,17.108,1,0.000,5665
6179,1024,1024,1.0000,58.587,17.069,1,0.000,5666
6180,1024,1024,1.0000,59.412,16.832,1,0.000,5667
6181,1024,1024,1.0000,60.525,16.522,1,0.000,5668
6182,1024,1024,1.0000,69.664,14.355,1,0.000,5669
6183,1024,1024,1.0000,64.743,15.446,1,0.000,5670
6184,1024,1024,1.0000,58.472,17.102,1,0.000,5671
6185,1024,1024,1.0000,59.114,16.916,1,0.000,5672
6186,1024,1024,1.0000,58.532,17.085,1,0.000,5673
6187,1024,1024,1.0000,58.582,17.070,1,0.000,5674
6188,1024,1024,1.0000,58.537,17.083,1,0.000,5675
6189,1024,1024,1.0000,59.222,16.886,1,0.000,5676
6190,1024,1024,1.0000,59.401,16.835,1,0.000,5677
6191,1024,1024,1.0000,57.424,17.414,1,0.000,5678
6192,1024,1024,1.0000,59.374,16.842,1,0.000,5679
6193,1024,1024,1.0000,58.163,17.193,1,0.000,5680
6194,1024,1024,1.0000,58.233,17.172,1,0.000,5681
6195,1024,1024,1.0000,57.725,17.324,1,0.000,5682
6196,1024,1024,1.0000,58.433,17.114,1,0.000,5683
6197,1024,1024,1.0000,58.072,17.220,1,0.000,5684
6198,1024,1024,1.0000,58.565,17.075,1,0.000,5685
6199,1024,1024,1.0000,58.780,17.013,1,0.000,5686
6200,1024,1024,1.0000,57.743,17.318,1,0.000,5687
6201,1024,1024,1.0000,58.905,16.976,1,0.000,5688
6202,1024,1024,1.0000,58.356,17.136,1,0.000,5689
6203,1024,1024,1.0000,58.614,17.061,1,0.000,5690
6204,1024,1024,1.0000,58.759,17.019,1,0.000,5691
6205,1024,1024,1.0000,58.951,16.963,1,0.000,5692
6206,1024,1024,1.0000,58.635,17.055,1,0.000,5693
6207,1024,1024,1.0000,58.113,17.208,1,0.000,5694
6208,1024,1024,1.0000,58.266,17.163,1,0.000,5695
6209,1024,1024,1.0000,57.891,17.274,1,0.000,5696
6210,1024,1024,1.0000,58.501,17.094,1,0.000,5697
6211,1024,1024,1.0000,57.998,17.242,1,0.000,5698
6212,1024,1024,1.0000,59.253,16.877,1,0.000,5699
6213,1024,1024,1.0000,57.607,17.359,1,0.000,5700
6214,1024,1024,1.0000,59.072,16.928,1,0.000,5701
6215,1024,1024,1.0000,58.750,17.021,1,0.000,5702
6216,1024,1024,1.0000,60.992,16.396,1,0.000,5703
6217,1024,1024,1.0000,69.168,14.458,1,0.000,5704
6218,1024,1024,1.0000,64.810,15.430,1,0.000,5705
6219,1024,1024,1.0000,58.684,17.040,1,0.000,5706
6220,1024,1024,1.0000,58.909,16.975,1,0.000,5707
6221,1024,1024,1.0000,58.773,17.015,1,0.000,5708
6222,1024,1024,1.0000,59.398,16.836,1,0.000,5709
6223,1024,1024,1.0000,59.331,16.855,1,0.000,5710
6224,1024,1024,1.0000,58.557,17.077,1,0.000,5711
6225,1024,1024,1.0000,58.874,16.985,1,0.000,5712
6226,1024,1024,1.0000,58.534,17.084,1,0.000,5713
6227,1024,1024,1.0000,58.524,17.087,1,0.000,5714
6228,1024,1024,1.0000,58.643,17.052,1,0.000,5715
6229,1024,1024,1.0000,58.391,17.126,1,0.000,5716
6230,1024,1024,1.0000,57.945,17.258,1,0.000,5717
6231,1024,1024,1.0000,59.489,16.810,1,0.000,5718
6232,1024,1024,1.0000,58.189,17.185,1,0.000,5719
6233,1024,1024,1.0000,58.734,17.026,1,0.000,5720
6234,1024,1024,1.0000,59.030,16.941,1,0.000,5721
6235,1024,1024,1.0000,58.565,17.075,1,0.000,5722
6236,1024,1024,1.0000,61.825,16.175,1,0.000,5723
6237,1024,1024,1.0000,58.971,16.957,1,0.000,5724
6238,1024,1024,1.0000,59.127,16.913,1,0.000,5725
6239,1024,1024,1.0000,57.971,17.250,1,0.000,5726
6240,1024,1024,1.0000,58.264,17.163,1,0.000,5727
6241,1024,1024,1.0000,57.966,17.251,1,0.000,5728
6242,1024,1024,1.0000,57.957,17.254,1,0.000,5729
6243,1024,1024,1.0000,59.712,16.747,1,0.000,5730
6244,1024,1024,1.0000,57.861,17.283,1,0.000,5731
6245,1024,1024,1.0000,57.906,17.269,1,0.000,5732
6246,1024,1024,1.0000,58.925,16.971,1,0.000,5733
6247,1024,1024,1.0000,58.965,16.959,1,0.000,5734
6248,1024,1024,1.0000,59.026,16.942,1,0.000,5735
6249,1024,1024,1.0000,57.945,17.258,1,0.000,5736
6250,1024,1024,1.0000,58.767,17.016,1,0.000,5737
6251,1024,1024,1.0000,58.561,17.076,1,0.000,5738
6252,1024,1024,1.0000,69.367,14.416,1,0.000,5739
6253,1024,1024,1.0000,66.409,15.058,1,0.000,5740
6254,1024,1024,1.0000,58.879,16.984,1,0.000,5741
6255,1024,1024,1.0000,58.911,16.975,1,0.000,5742
6256,1024,1024,1.0000,58.964,16.960,1,0.000,5743
6257,1024,1024,1.0000,59.536,16.797,1,0.000,5744
6258,1024,1024,1.0000,59.588,16.782,1,0.000,5745
6259,1024,1024,1.0000,59.421,16.829,1,0.000,5746
6260,1024,1024,1.0000,57.996,17.243,1,0.000,5747
6261,1024,1024,1.0000,58.603,17.064,1,0.000,5748
6262,1024,1024,1.0000,59.024,16.942,1,0.000,5749
6263,1024,1024,1.0000,58.193,17.184,1,0.000,5750
6264,1024,1024,1.0000,57.896,17.272,1,0.000,5751
6265,1024,1024,1.0000,60.284,16.588,1,0.000,5752
6266,1024,1024,1.0000,59.620,16.773,1,0.000,5753
6267,1024,1024,1.0000,59.359,16.847,1,0.000,5754
6268,1024,1024,1.0000,59.070,16.929,1,0.000,5755
6269,1024,1024,1.0000,59.083,16.925,1,0.000,5756
6270,1024,1024,1.0000,59.031,16.940,1,0.000,5757
6271,1024,1024,1.0000,58.177,17.189,1,0.000,5758
6272,1024,1024,1.0000,58.269,17.162,1,0.000,5759
6273,1024,1024,1.0000,58.653,17.049,1,0.000,5760
6274,1024,1024,1.0000,59.214,16.888,1,0.000,5761
6275,1024,1024,1.0000,64.268,15.560,1,0.000,5762
6276,1024,1024,1.0000,58.845,16.994,1,0.000,5763
6277,1024,1024,1.0000,58.243,17.169,1,0.000,5764
6278,1024,1024,1.0000,58.334,17.143,1,0.000,5765
6279,1024,1024,1.0000,60.149,16.625,1,0.000,5766
6280,1024,1024,1.0000,60.066,16.648,1,0.000,5767
6281,1024,1024,1.0000,58.734,17.026,1,0.000,5768
6282,1024,1024,1.0000,58.041,17.229,1,0.000,5769
6283,1024,1024,1.0000,58.658,17.048,1,0.000,5770
6284,1024,1024,1.0000,59.480,16.812,1,0.000,5771
6285,1024,1024,1.0000,58.180,17.188,1,0.000,5772
6286,1024,1024,1.0000,58.050,17.227,1,0.000,5773
6287,1024,1024,1.0000,71.868,13.914,1,0.000,5774
6288,1024,1024,1.0000,63.945,15.638,1,0.000,5775
6289,1024,1024,1.0000,59.391,16.838,1,0.000,5776
6290,1024,1024,1.0000,59.505,16.805,1,0.000,5777
6291,1024,1024,1.0000,59.424,16.828,1,0.000,5778
6292,1024,1024,1.0000,58.244,17.169,1,0.000,5779
6293,1024,1024,1.0000,58.172,17.190,1,0.000,5780
6294,1024,1024,1.0000,59.424,16.828,1,0.000,5781
6295,1024,1024,1.0000,58.493,17.096,1,0.000,5782
6296,1024,1024,1.0000,59.276,16.870,1,0.000,5783
6297,1024,1024,1.0000,58.854,16.991,1,0.000,5784
6298,1024,1024,1.0000,59.103,16.920,1,0.000,5785
6299,1024,1024,1.0000,60.920,16.415,1,0.000,5786
6300,1024,1024,1.0000,59.110,16.918,1,0.000,5787
6301,1024,1024,1.0000,59.334,16.854,1,0.000,5788
6302,1024,1024,1.0000,58.802,17.006,1,0.000,5789
6303,1024,1024,1.0000,59.059,16.932,1,0.000,5790
6304,1024,1024,1.0000,59.482,16.812,1,0.000,5791
6305,1024,1024,1.0000,59.027,16.941,1,0.000,5792
6306,1024,1024,1.0000,67.953,14.716,1,0.000,5793
6307,1024,1024,1.0000,59.040,16.938,1,0.000,5794
6308,1024,1024,1.0000,58.616,17.060,1,0.000,5795
6309,1024,1024,1.0000,59.633,16.769,1,0.000,5796
6310,1024,1024,1.0000,59.105,16.919,1,0.000,5797
6311,1024,1024,1.0000,58.586,17.069,1,0.000,5798
6312,1024,1024,1.0000,59.042,16.937,1,0.000,5799
6313,1024,1024,1.0000,58.433,17.114,1,0.000,5800
6314,1024,1024,1.0000,58.540,17.082,1,0.000,5801
6315,1024,1024,1.0000,59.259,16.875,1,0.000,5802
6316,1024,1024,1.0000,59.408,16.833,1,0.000,5803
6317,1024,1024,1.0000,60.208,16.609,1,0.000,5804
6318,1024,1024,1.0000,57.721,17.325,1,0.000,5805
6319,1024,1024,1.0000,67.565,14.801,1,0.000,5806
6320,1024,1024,1.0000,61.893,16.157,1,0.000,5807
6321,1024,1024,1.0000,65.048,15.373,1,0.000,5808
6322,1024,1024,1.0000,67.841,14.740,1,0.000,5809
6323,1024,1024,1.0000,61.849,16.168,1,0.000,5810
6324,1024,1024,1.0000,59.852,16.708,1,0.000,5811
6325,1024,1024,1.0000,59.016,16.945,1,0.000,5812
6326,1024,1024,1.0000,59.469,16.815,1,0.000,5813
6327,1024,1024,1.0000,59.002,16.949,1,0.000,5814
6328,1024,1024,1.0000,58.294,17.154,1,0.000,5815
6329,1024,1024,1.0000,58.939,16.967,1,0.000,5816
6330,1024,1024,1.0000,59.636,16.768,1,0.000,5817
6331,1024,1024,1.0000,59.080,16.926,1,0.000,5818
6332,1024,1024,1.0000,58.922,16.972,1,0.000,5819
6333,1024,1024,1.0000,59.163,16.902,1,0.000,5820
6334,1024,1024,1.0000,58.574,17.072,1,0.000,5821
6335,1024,1024,1.0000,58.367,17.133,1,0.000,5822
6336,1024,1024,1.0000,58.353,17.137,1,0.000,5823
6337,1024,1024,1.0000,59.457,16.819,1,0.000,5824
6338,1024,1024,1.0000,59.067,16.930,1,0.000,5825
6339,1024,1024,1.0000,59.651,16.764,1,0.000,5826
6340,1024,1024,1.0000,60.053,16.652,1,0.000,5827
6341,1024,1024,1.0000,58.649,17.051,1,0.000,5828
6342,1024,1024,1.0000,59.144,16.908,1,0.000,5829
6343,1024,1024,1.0000,60.105,16.638,1,0.000,5830
6344,1024,1024,1.0000,58.355,17.136,1,0.000,5831
6345,1024,1024,1.0000,59.138,16.910,1,0.000,5832
6346,1024,1024,1.0000,58.919,16.972,1,0.000,5833
6347,1024,1024,1.0000,58.656,17.049,1,0.000,5834
6348,1024,1024,1.0000,59.200,16.892,1,0.000,5835
6349,1024,1024,1.0000,59.116,16.916,1,0.000,5836
6350,1024,1024,1.0000,58.853,16.991,1,0.000,5837
6351,1024,1024,1.0000,58.800,17.007,1,0.000,5838
6352,1024,1024,1.0000,59.543,16.795,1,0.000,5839
6353,1024,1024,1.0000,59.615,16.774,1,0.000,5840
6354,1024,1024,1.0000,60.445,16.544,1,0.000,5841
6355,1024,1024,1.0000,59.160,16.903,1,0.000,5842
6356,1024,1024,1.0000,69.751,14.337,1,0.000,5843
6357,1024,1024,1.0000,65.854,15.185,1,0.000,5844
6358,1024,1024,1.0000,62.407,16.024,1,0.000,5845
6359,1024,1024,1.0000,59.805,16.721,1,0.000,5846
6360,1024,1024,1.0000,59.849,16.709,1,0.000,5847
6361,1024,1024,1.0000,59.473,16.814,1,0.000,5848
6362,1024,1024,1.0000,59.164,16.902,1,0.000,5849
6363,1024,1024,1.0000,59.469,16.815,1,0.000,5850
6364,1024,1024,1.0000,58.077,17.219,1,0.000,5851
6365,1024,1024,1.0000,59.022,16.943,1,0.000,5852
6366,1024,1024,1.0000,58.490,17.097,1,0.000,5853
6367,1024,1024,1.0000,59.504,16.806,1,0.000,5854
6368,1024,1024,1.0000,59.745,16.738,1,0.000,5855
6369,1024,1024,1.0000,58.563,17.076,1,0.000,5856
6370,1024,1024,1.0000,59.807,16.720,1,0.000,5857
6371,1024,1024,1.0000,58.919,16.972,1,0.000,5858
6372,1024,1024,1.0000,59.242,16.880,1,0.000,5859
6373,1024,1024,1.0000,58.638,17.054,1,0.000,5860
6374,1024,1024,1.0000,60.791,16.450,1,0.000,5861
6375,1024,1024,1.0000,59.284,16.868,1,0.000,5862
6376,1024,1024,1.0000,59.517,16.802,1,0.000,5863
6377,1024,1024,1.0000,60.174,16.618,1,0.000,5864
6378,1024,1024,1.0000,59.470,16.815,1,0.000,5865
6379,1024,1024,1.0000,57.954,17.255,1,0.000,5866
6380,1024,1024,1.0000,59.347,16.850,1,0.000,5867
6381,1024,1024,1.0000,59.571,16.787,1,0.000,5868
6382,1024,1024,1.0000,59.363,16.846,1,0.000,5869
6383,1024,1024,1.0000,59.033,16.940,1,0.000,5870
6384,1024,1024,1.0000,59.635,16.769,1,0.000,5871
6385,1024,1024,1.0000,59.438,16.824,1,0.000,5872
6386,1024,1024,1.0000,58.711,17.033,1,0.000,5873
6387,1024,1024,1.0000,62.910,15.896,1,0.000,5874
6388,1024,1024,1.0000,58.682,17.041,1,0.000,5875
6389,1024,1024,1.0000,59.614,16.775,1,0.000,5876
6390,1024,1024,1.0000,60.031,16.658,1,0.000,5877
6391,1024,1024,1.0000,70.113,14.263,1,0.000,5878
6392,1024,1024,1.0000,62.065,16.112,1,0.000,5879
6393,1024,1024,1.0000,58.893,16.980,1,0.000,5880
6394,1024,1024,1.0000,62.482,16.005,1,0.000,5881
6395,1024,1024,1.0000,59.752,16.736,1,0.000,5882
6396,1024,1024,1.0000,58.894,16.980,1,0.000,5883
6397,1024,1024,1.0000,59.779,16.728,1,0.000,5884
6398,1024,1024,1.0000,59.871,16.703,1,0.000,5885
6399,1024,1024,1.0000,59.707,16.748,1,0.000,5886
6400,1024,1024,1.0000,59.400,16.835,1,0.000,5887
6401,1024,1024,1.0000,60.023,16.660,1,0.000,5888
6402,1024,1024,1.0000,62.036,16.120,1,0.000,5889
6403,1024,1024,1.0000,59.793,16.724,1,0.000,5890
6404,1024,1024,1.0000,60.793,16.449,1,0.000,5891
6405,1024,1024,1.0000,60.218,16.606,1,0.000,5892
6406,1024,1024,1.0000,60.370,16.565,1,0.000,5893
6407,1024,1024,1.0000,60.512,16.526,1,0.000,5894
6408,1024,1024,1.0000,60.186,16.615,1,0.000,5895
6409,1024,1024,1.0000,60.931,16.412,1,0.000,5896
6410,1024,1024,1.0000,60.919,16.415,1,0.000,5897
6411,1024,1024,1.0000,61.140,16.356,1,0.000,5898
6412,1024,1024,1.0000,60.121,16.633,1,0.000,5899
6413,1024,1024,1.0000,59.882,16.700,1,0.000,5900
6414,1024,1024,1.0000,60.737,16.464,1,0.000,5901
6415,1024,1024,1.0000,60.722,16.468,1,0.000,5902
6416,1024,1024,1.0000,61.249,16.327,1,0.000,5903
6417,1024,1024,1.0000,59.609,16.776,1,0.000,5904
6418,1024,1024,1.0000,59.934,16.685,1,0.000,5905
6419,1024,1024,1.0000,61.160,16.351,1,0.000,5906
6420,1024,1024,1.0000,64.221,15.571,1,0.000,5907
6421,1024,1024,1.0000,60.424,16.550,1,0.000,5908
6422,1024,1024,1.0000,60.203,16.610,1,0.000,5909
6423,1024,1024,1.0000,60.755,16.460,1,0.000,5910
6424,1024,1024,1.0000,61.387,16.290,1,0.000,5911
6425,1024,1024,1.0000,72.230,13.845,1,0.000,5912
6426,1024,1024,1.0000,62.598,15.975,1,0.000,5913
6427,1024,1024,1.0000,59.983,16.671,1,0.000,5914
6428,1024,1024,1.0000,61.850,16.168,1,0.000,5915
6429,1024,1024,1.0000,61.453,16.273,1,0.000,5916
6430,1024,1024,1.0000,61.945,16.143,1,0.000,5917
6431,1024,1024,1.0000,61.485,16.264,1,0.000,5918
6432,1024,1024,1.0000,60.150,16.625,1,0.000,5919
6433,1024,1024,1.0000,60.740,16.464,1,0.000,5920
6434,1024,1024,1.0000,60.788,16.451,1,0.000,5921
6435,1024,1024,1.0000,60.048,16.653,1,0.000,5922
6436,1024,1024,1.0000,60.018,16.662,1,0.000,5923
6437,1024,1024,1.0000,59.866,16.704,1,0.000,5924
6438,1024,1024,1.0000,60.710,16.472,1,0.000,5925
6439,1024,1024,1.0000,59.990,16.669,1,0.000,5926
6440,1024,1024,1.0000,60.159,16.623,1,0.000,5927
6441,1024,1024,1.0000,60.675,16.481,1,0.000,5928
6442,1024,1024,1.0000,59.967,16.676,1,0.000,5929
6443,1024,1024,1.0000,60.859,16.431,1,0.000,5930
6444,1024,1024,1.0000,60.150,16.625,1,0.000,5931
6445,1024,1024,1.0000,60.360,16.567,1,0.000,5932
6446,1024,1024,1.0000,61.690,16.210,1,0.000,5933
6447,1024,1024,1.0000,59.753,16.736,1,0.000,5934
6448,1024,1024,1.0000,61.054,16.379,1,0.000,5935
6449,1024,1024,1.0000,62.232,16.069,1,0.000,5936
6450,1024,1024,1.0000,60.567,16.511,1,0.000,5937
6451,1024,1024,1.0000,59.912,16.691,1,0.000,5938
6452,1024,1024,1.0000,60.651,16.488,1,0.000,5939
6453,1024,1024,1.0000,60.242,16.600,1,0.000,5940
6454,1024,1024,1.0000,61.054,16.379,1,0.000,5941
6455,1024,1024,1.0000,60.610,16.499,1,0.000,5942
6456,1024,1024,1.0000,60.467,16.538,1,0.000,5943
6457,1024,1024,1.0000,60.533,16.520,1,0.000,5944
6458,1024,1024,1.0000,63.357,15.784,1,0.000,5945
6459,1024,1024,1.0000,71.249,14.035,1,0.000,5946
6460,1024,1024,1.0000,63.285,15.802,1,0.000,5947
6461,1024,1024,1.0000,61.385,16.291,1,0.000,5948
6462,1024,1024,1.0000,60.566,16.511,1,0.000,5949
6463,1024,1024,1.0000,63.929,15.642,1,0.000,5950
6464,1024,1024,1.0000,61.636,16.224,1,0.000,5951
6465,1024,1024,1.0000,60.525,16.522,1,0.000,5952
6466,1024,1024,1.0000,60.521,16.523,1,0.000,5953
6467,1024,1024,1.0000,61.447,16.274,1,0.000,5954
6468,1024,1024,1.0000,61.467,16.269,1,0.000,5955
6469,1024,1024,1.0000,59.873,16.702,1,0.000,5956
6470,1024,1024,1.0000,60.267,16.593,1,0.000,5957
6471,1024,1024,1.0000,59.875,16.701,1,0.000,5958
6472,1024,1024,1.0000,61.845,16.169,1,0.000,5959
6473,1024,1024,1.0000,61.476,16.267,1,0.000,5960
6474,1024,1024,1.0000,61.091,16.369,1,0.000,5961
6475,1024,1024,1.0000,61.660,16.218,1,0.000,5962
6476,1024,1024,1.0000,62.333,16.043,1,0.000,5963
6477,1024,1024,1.0000,60.309,16.581,1,0.000,5964
6478,1024,1024,1.0000,60.758,16.459,1,0.000,5965
6479,1024,1024,1.0000,64.498,15.504,1,0.000,5966
6480,1024,1024,1.0000,62.960,15.883,1,0.000,5967
6481,1024,1024,1.0000,61.566,16.243,1,0.000,5968
6482,1024,1024,1.0000,60.682,16.479,1,0.000,5969
6483,1024,1024,1.0000,61.789,16.184,1,0.000,5970
6484,1024,1024,1.0000,60.546,16.516,1,0.000,5971
6485,1024,1024,1.0000,60.938,16.410,1,0.000,5972
6486,1024,1024,1.0000,60.871,16.428,1,0.000,5973
6487,1024,1024,1.0000,60.069,16.648,1,0.000,5974
6488,1024,1024,1.0000,61.105,16.365,1,0.000,5975
6489,1024,1024,1.0000,61.169,16.348,1,0.000,5976
6490,1024,1024,1.0000,61.269,16.321,1,0.000,5977
6491,1024,1024,1.0000,60.061,16.650,1,0.000,5978
6492,1024,1024,1.0000,68.120,14.680,1,0.000,5979
6493,1024,1024,1.0000,68.348,14.631,1,0.000,5980
6494,1024,1024,1.0000,61.108,16.364,1,0.000,5981
6495,1024,1024,1.0000,61.684,16.212,1,0.000,5982
6496,1024,1024,1.0000,61.278,16.319,1,0.000,5983
6497,1024,1024,1.0000,62.148,16.091,1,0.000,5984
6498,1024,1024,1.0000,62.916,15.894,1,0.000,5985
6499,1024,1024,1.0000,62.371,16.033,1,0.000,5986
6500,1024,1024,1.0000,60.330,16.576,1,0.000,5987
6501,1024,1024,1.0000,60.935,16.411,1,0.000,5988
6502,1024,1024,1.0000,61.316,16.309,1,0.000,5989
6503,1024,1024,1.0000,61.329,16.305,1,0.000,5990
6504,1024,1024,1.0000,61.468,16.269,1,0.000,5991
6505,1024,1024,1.0000,61.274,16.320,1,0.000,5992
6506,1024,1024,1.0000,61.053,16.379,1,0.000,5993
6507,1024,1024,1.0000,60.503,16.528,1,0.000,5994
6508,1024,1024,1.0000,62.214,16.074,1,0.000,5995
6509,1024,1024,1.0000,60.182,16.616,1,0.000,5996
6510,1024,1024,1.0000,61.378,16.292,1,0.000,5997
6511,1024,1024,1.0000,62.068,16.111,1,0.000,5998
6512,1024,1024,1.0000,60.568,16.510,1,0.000,5999
6513,1024,1024,1.0000,61.065,16.376,1,0.000,6000
6514,1024,1024,1.0000,61.690,16.210,1,0.000,6001
6515,1024,1024,1.0000,62.417,16.021,1,0.000,6002
6516,1024,1024,1.0000,61.207,16.338,1,0.000,6003
6517,1024,1024,1.0000,63.721,15.693,1,0.000,6004
6518,1024,1024,1.0000,61.050,16.380,1,0.000,6005
6519,1024,1024,1.0000,60.360,16.567,1,0.000,6006
6520,1024,1024,1.0000,61.013,16.390,1,0.000,6007
6521,1024,1024,1.0000,61.512,16.257,1,0.000,6008
6522,1024,1024,1.0000,60.492,16.531,1,0.000,6009
6523,1024,1024,1.0000,60.395,16.558,1,0.000,6010
6524,1024,1024,1.0000,61.188,16.343,1,0.000,6011
6525,1024,1024,1.0000,60.708,16.472,1,0.000,6012
6526,1024,1024,1.0000,73.976,13.518,1,0.000,6013
6527,1024,1024,1.0000,64.085,15.604,1,0.000,6014
6528,1024,1024,1.0000,61.676,16.214,1,0.000,6015
6529,1024,1024,1.0000,60.802,16.447,1,0.000,6016
6530,1024,1024,1.0000,61.349,16.300,1,0.000,6017
6531,1024,1024,1.0000,60.948,16.407,1,0.000,6018
6532,1024,1024,1.0000,62.887,15.902,1,0.000,6019
6533,1024,1024,1.0000,61.624,16.227,1,0.000,6020
6534,1024,1024,1.0000,60.668,16.483,1,0.000,6021
6535,1024,1024,1.0000,60.892,16.423,1,0.000,6022
6536,1024,1024,1.0000,61.740,16.197,1,0.000,6023
6537,1024,1024,1.0000,62.625,15.968,1,0.000,6024
6538,1024,1024,1.0000,62.088,16.106,1,0.000,6025
6539,1024,1024,1.0000,60.947,16.408,1,0.000,6026
6540,1024,1024,1.0000,60.845,16.435,1,0.000,6027
6541,1024,1024,1.0000,61.930,16.147,1,0.000,6028
6542,1024,1024,1.0000,60.142,16.627,1,0.000,6029
6543,1024,1024,1.0000,62.492,16.002,1,0.000,6030
6544,1024,1024,1.0000,61.472,16.268,1,0.000,6031
6545,1024,1024,1.0000,61.939,16.145,1,0.000,6032
6546,1024,1024,1.0000,61.292,16.315,1,0.000,6033
6547,1024,1024,1.0000,62.223,16.071,1,0.000,6034
6548,1024,1024,1.0000,62.750,15.936,1,0.000,6035
6549,1024,1024,1.0000,60.782,16.452,1,0.000,6036
6550,1024,1024,1.0000,62.510,15.997,1,0.000,6037
6551,1024,1024,1.0000,62.627,15.968,1,0.000,6038
6552,1024,1024,1.0000,60.359,16.568,1,0.000,6039
6553,1024,1024,1.0000,61.955,16.141,1,0.000,6040
6554,1024,1024,1.0000,61.017,16.389,1,0.000,6041
6555,1024,1024,1.0000,61.492,16.262,1,0.000,6042
6556,1024,1024,1.0000,61.384,16.291,1,0.000,6043
6557,1024,1024,1.0000,61.252,16.326,1,0.000,6044
6558,1024,1024,1.0000,61.697,16.208,1,0.000,6045
6559,1024,1024,1.0000,68.956,14.502,1,0.000,6046
6560,1024,1024,1.0000,70.037,14.278,1,0.000,6047
6561,1024,1024,1.0000,61.381,16.292,1,0.000,6048
6562,1024,1024,1.0000,62.083,16.107,1,0.000,6049
6563,1024,1024,1.0000,61.246,16.328,1,0.000,6050
6564,1024,1024,1.0000,67.735,14.763,1,0.000,6051
6565,1024,1024,1.0000,61.992,16.131,1,0.000,6052
6566,1024,1024,1.0000,64.814,15.429,1,0.000,6053
6567,1024,1024,1.0000,60.892,16.423,1,0.000,6054
6568,1024,1024,1.0000,61.968,16.137,1,0.000,6055
6569,1024,1024,1.0000,60.753,16.460,1,0.000,6056
6570,1024,1024,1.0000,60.335,16.574,1,0.000,6057
6571,1024,1024,1.0000,61.779,16.187,1,0.000,6058
6572,1024,1024,1.0000,69.990,14.288,1,0.000,6059
6573,1024,1024,1.0000,61.335,16.304,1,0.000,6060
6574,1024,1024,1.0000,60.991,16.396,1,0.000,6061
6575,1024,1024,1.0000,61.497,16.261,1,0.000,6062
6576,1024,1024,1.0000,61.210,16.337,1,0.000,6063
6577,1024,1024,1.0000,60.864,16.430,1,0.000,6064
6578,1024,1024,1.0000,62.060,16.113,1,0.000,6065
6579,1024,1024,1.0000,62.092,16.105,1,0.000,6066
6580,1024,1024,1.0000,61.292,16.315,1,0.000,6067
6581,1024,1024,1.0000,64.393,15.530,1,0.000,6068
6582,1024,1024,1.0000,60.407,16.554,1,0.000,6069
6583,1024,1024,1.0000,60.521,16.523,1,0.000,6070
6584,1024,1024,1.0000,61.818,16.177,1,0.000,6071
6585,1024,1024,1.0000,61.226,16.333,1,0.000,6072
6586,1024,1024,1.0000,60.714,16.471,1,0.000,6073
6587,1024,1024,1.0000,60.950,16.407,1,0.000,6074
6588,1024,1024,1.0000,61.274,16.320,1,0.000,6075
6589,1024,1024,1.0000,60.945,16.408,1,0.000,6076
6590,1024,1024,1.0000,61.336,16.304,1,0.000,6077
6591,1024,1024,1.0000,60.388,16.560,1,0.000,6078
6592,1024,1024,1.0000,65.364,15.299,1,0.000,6079
6593,1024,1024,1.0000,73.810,13.548,1,0.000,6080
6594,1024,1024,1.0000,62.078,16.109,1,0.000,6081
6595,1024,1024,1.0000,62.647,15.962,1,0.000,6082
6596,1024,1024,1.0000,61.877,16.161,1,0.000,6083
6597,1024,1024,1.0000,61.017,16.389,1,0.000,6084
6598,1024,1024,1.0000,62.284,16.055,1,0.000,6085
6599,1024,1024,1.0000,60.972,16.401,1,0.000,6086
6600,1024,1024,1.0000,65.105,15.360,1,0.000,6087
6601,1024,1024,1.0000,61.822,16.175,1,0.000,6088
6602,1024,1024,1.0000,61.384,16.291,1,0.000,6089
6603,1024,1024,1.0000,61.581,16.239,1,0.000,6090
6604,1024,1024,1.0000,61.151,16.353,1,0.000,6091
6605,1024,1024,1.0000,61.451,16.273,1,0.000,6092
6606,1024,1024,1.0000,60.765,16.457,1,0.000,6093
6607,1024,1024,1.0000,60.570,16.510,1,0.000,6094
6608,1024,1024,1.0000,62.410,16.023,1,0.000,6095
6609,1024,1024,1.0000,62.250,16.064,1,0.000,6096
6610,1024,1024,1.0000,61.473,16.267,1,0.000,6097
6611,1024,1024,1.0000,61.561,16.244,1,0.000,6098
6612,1024,1024,1.0000,62.097,16.104,1,0.000,6099
6613,1024,1024,1.0000,61.718,16.203,1,0.000,6100
6614,1024,1024,1.0000,63.635,15.715,1,0.000,6101
6615,1024,1024,1.0000,60.852,16.433,1,0.000,6102
6616,1024,1024,1.0000,61.788,16.184,1,0.000,6103
6617,1024,1024,1.0000,63.105,15.847,1,0.000,6104
6618,1024,1024,1.0000,62.141,16.092,1,0.000,6105
6619,1024,1024,1.0000,61.734,16.199,1,0.000,6106
6620,1024,1024,1.0000,60.182,16.616,1,0.000,6107
6621,1024,1024,1.0000,60.597,16.502,1,0.000,6108
6622,1024,1024,1.0000,61.082,16.371,1,0.000,6109
6623,1024,1024,1.0000,61.714,16.204,1,0.000,6110
6624,1024,1024,1.0000,62.152,16.090,1,0.000,6111
6625,1024,1024,1.0000,62.503,15.999,1,0.000,6112
6626,1024,1024,1.0000,74.124,13.491,1,0.000,6113
6627,1024,1024,1.0000,64.922,15.403,1,0.000,6114
6628,1024,1024,1.0000,62.591,15.977,1,0.000,6115
6629,1024,1024,1.0000,61.211,16.337,1,0.000,6116
6630,1024,1024,1.0000,61.630,16.226,1,0.000,6117
6631,1024,1024,1.0000,61.409,16.284,1,0.000,6118
6632,1024,1024,1.0000,61.247,16.327,1,0.000,6119
6633,1024,1024,1.0000,61.816,16.177,1,0.000,6120
6634,1024,1024,1.0000,64.984,15.388,1,0.000,6121
6635,1024,1024,1.0000,62.058,16.114,1,0.000,6122
6636,1024,1024,1.0000,62.147,16.091,1,0.000,6123
6637,1024,1024,1.0000,61.235,16.331,1,0.000,6124
6638,1024,1024,1.0000,61.900,16.155,1,0.000,6125
6639,1024,1024,1.0000,60.808,16.445,1,0.000,6126
6640,1024,1024,1.0000,62.894,15.900,1,0.000,6127
6641,1024,1024,1.0000,61.260,16.324,1,0.000,6128
6642,1024,1024,1.0000,62.449,16.013,1,0.000,6129
6643,1024,1024,1.0000,62.782,15.928,1,0.000,6130
6644,1024,1024,1.0000,61.206,16.338,1,0.000,6131
6645,1024,1024,1.0000,61.110,16.364,1,0.000,6132
6646,1024,1024,1.0000,61.379,16.292,1,0.000,6133
6647,1024,1024,1.0000,62.435,16.017,1,0.000,6134
6648,1024,1024,1.0000,62.417,16.021,1,0.000,6135
6649,1024,1024,1.0000,61.972,16.136,1,0.000,6136
6650,1024,1024,1.0000,62.251,16.064,1,0.000,6137
6651,1024,1024,1.0000,61.999,16.129,1,0.000,6138
6652,1024,1024,1.0000,60.486,16.533,1,0.000,6139
6653,1024,1024,1.0000,61.806,16.180,1,0.000,6140
6654,1024,1024,1.0000,61.817,16.177,1,0.000,6141
6655,1024,1024,1.0000,65.136,15.352,1,0.000,6142
6656,1024,1024,1.0000,61.160,16.351,1,0.000,6143
6657,1024,1024,1.0000,60.640,16.491,1,0.000,6144
6658,1024,1024,1.0000,66.178,15.111,1,0.000,6145
6659,1024,1024,1.0000,74.748,13.378,1,0.000,6146
6660,1024,1024,1.0000,67.021,14.921,1,0.000,6147
6661,1024,1024,1.0000,63.133,15.840,1,0.000,6148
6662,1024,1024,1.0000,63.668,15.706,1,0.000,6149
6663,1024,1024,1.0000,62.447,16.014,1,0.000,6150
6664,1024,1024,1.0000,62.689,15.952,1,0.000,6151
6665,1024,1024,1.0000,61.969,16.137,1,0.000,6152
6666,1024,1024,1.0000,62.531,15.992,1,0.000,6153
6667,1024,1024,1.0000,61.822,16.175,1,0.000,6154
6668,1024,1024,1.0000,68.074,14.690,1,0.000,6155
6669,1024,1024,1.0000,63.371,15.780,1,0.000,6156
6670,1024,1024,1.0000,62.404,16.025,1,0.000,6157
6671,1024,1024,1.0000,62.868,15.906,1,0.000,6158
6672,1024,1024,1.0000,63.115,15.844,1,0.000,6159
6673,1024,1024,1.0000,63.082,15.852,1,0.000,6160
6674,1024,1024,1.0000,61.603,16.233,1,0.000,6161
6675,1024,1024,1.0000,62.786,15.927,1,0.000,6162
6676,1024,1024,1.0000,62.106,16.102,1,0.000,6163
6677,1024,1024,1.0000,65.719,15.216,1,0.000,6164
6678,1024,1024,1.0000,61.949,16.142,1,0.000,6165
6679,1024,1024,1.0000,62.593,15.976,1,0.000,6166
6680,1024,1024,1.0000,62.750,15.936,1,0.000,6167
6681,1024,1024,1.0000,63.231,15.815,1,0.000,6168
6682,1024,1024,1.0000,62.520,15.995,1,0.000,6169
6683,1024,1024,1.0000,61.934,16.146,1,0.000,6170
6684,1024,1024,1.0000,62.651,15.961,1,0.000,6171
6685,1024,1024,1.0000,63.421,15.768,1,0.000,6172
6686,1024,1024,1.0000,61.952,16.142,1,0.000,6173
6687,1024,1024,1.0000,63.575,15.729,1,0.000,6174
6688,1024,1024,1.0000,62.749,15.937,1,0.000,6175
6689,1024,1024,1.0000,63.101,15.848,1,0.000,6176
6690,1024,1024,1.0000,65.165,15.346,1,0.000,6177
6691,1024,1024,1.0000,65.644,15.234,1,0.000,6178
6692,1024,1024,1.0000,75.672,13.215,1,0.000,6179
6693,1024,1024,1.0000,63.703,15.698,1,0.000,6180
6694,1024,1024,1.0000,62.447,16.014,1,0.000,6181
6695,1024,1024,1.0000,62.944,15.887,1,0.000,6182
6696,1024,1024,1.0000,69.386,14.412,1,0.000,6183
6697,1024,1024,1.0000,62.924,15.892,1,0.000,6184
6698,1024,1024,1.0000,61.963,16.139,1,0.000,6185
6699,1024,1024,1.0000,62.154,16.089,1,0.000,6186
6700,1024,1024,1.0000,62.383,16.030,1,0.000,6187
6701,1024,1024,1.0000,67.083,14.907,1,0.000,6188
6702,1024,1024,1.0000,61.754,16.193,1,0.000,6189
6703,1024,1024,1.0000,62.666,15.958,1,0.000,6190
6704,1024,1024,1.0000,62.621,15.969,1,0.000,6191
6705,1024,1024,1.0000,62.725,15.943,1,0.000,6192
6706,1024,1024,1.0000,63.014,15.869,1,0.000,6193
6707,1024,1024,1.0000,61.812,16.178,1,0.000,6194
6708,1024,1024,1.0000,62.782,15.928,1,0.000,6195
6709,1024,1024,1.0000,64.086,15.604,1,0.000,6196
6710,1024,1024,1.0000,61.696,16.209,1,0.000,6197
6711,1024,1024,1.0000,63.417,15.769,1,0.000,6198
6712,1024,1024,1.0000,63.345,15.787,1,0.000,6199
6713,1024,1024,1.0000,62.540,15.990,1,0.000,6200
6714,1024,1024,1.0000,62.735,15.940,1,0.000,6201
6715,1024,1024,1.0000,62.386,16.029,1,0.000,6202
6716,1024,1024,1.0000,62.913,15.895,1,0.000,6203
6717,1024,1024,1.0000,62.144,16.092,1,0.000,6204
6718,1024,1024,1.0000,61.531,16.252,1,0.000,6205
6719,1024,1024,1.0000,62.841,15.913,1,0.000,6206
6720,1024,1024,1.0000,63.021,15.868,1,0.000,6207
6721,1024,1024,1.0000,68.801,14.535,1,0.000,6208
6722,1024,1024,1.0000,61.540,16.250,1,0.000,6209
6723,1024,1024,1.0000,61.745,16.196,1,0.000,6210
6724,1024,1024,1.0000,74.464,13.429,1,0.000,6211
6725,1024,1024,1.0000,69.565,14.375,1,0.000,6212
6726,1024,1024,1.0000,62.665,15.958,1,0.000,6213
6727,1024,1024,1.0000,64.426,15.522,1,0.000,6214
6728,1024,1024,1.0000,62.597,15.975,1,0.000,6215
6729,1024,1024,1.0000,62.365,16.035,1,0.000,6216
6730,1024,1024,1.0000,61.967,16.138,1,0.000,6217
6731,1024,1024,1.0000,64.044,15.614,1,0.000,6218
6732,1024,1024,1.0000,62.070,16.111,1,0.000,6219
6733,1024,1024,1.0000,62.992,15.875,1,0.000,6220
6734,1024,1024,1.0000,65.675,15.226,1,0.000,6221
6735,1024,1024,1.0000,63.280,15.803,1,0.000,6222
6736,1024,1024,1.0000,62.764,15.933,1,0.000,6223
6737,1024,1024,1.0000,62.422,16.020,1,0.000,6224
6738,1024,1024,1.0000,62.970,15.881,1,0.000,6225
6739,1024,1024,1.0000,61.622,16.228,1,0.000,6226
6740,1024,1024,1.0000,62.570,15.982,1,0.000,6227
6741,1024,1024,1.0000,67.395,14.838,1,0.000,6228
6742,1024,1024,1.0000,62.927,15.891,1,0.000,6229
6743,1024,1024,1.0000,62.553,15.986,1,0.000,6230
6744,1024,1024,1.0000,66.734,14.985,1,0.000,6231
6745,1024,1024,1.0000,62.789,15.926,1,0.000,6232
6746,1024,1024,1.0000,62.900,15.898,1,0.000,6233
6747,1024,1024,1.0000,62.347,16.039,1,0.000,6234
6748,1024,1024,1.0000,62.178,16.083,1,0.000,6235
6749,1024,1024,1.0000,62.834,15.915,1,0.000,6236
6750,1024,1024,1.0000,63.742,15.688,1,0.000,6237
6751,1024,1024,1.0000,69.413,14.407,1,0.000,6238
6752,1024,1024,1.0000,62.676,15.955,1,0.000,6239
6753,1024,1024,1.0000,62.630,15.967,1,0.000,6240
6754,1024,1024,1.0000,62.297,16.052,1,0.000,6241
6755,1024,1024,1.0000,61.724,16.201,1,0.000,6242
6756,1024,1024,1.0000,67.886,14.731,1,0.000,6243
6757,1024,1024,1.0000,75.850,13.184,1,0.000,6244
6758,1024,1024,1.0000,64.831,15.425,1,0.000,6245
6759,1024,1024,1.0000,63.043,15.862,1,0.000,6246
6760,1024,1024,1.0000,62.536,15.991,1,0.000,6247
6761,1024,1024,1.0000,63.315,15.794,1,0.000,6248
6762,1024,1024,1.0000,62.661,15.959,1,0.000,6249
6763,1024,1024,1.0000,62.740,15.939,1,0.000,6250
6764,1024,1024,1.0000,62.856,15.909,1,0.000,6251
6765,1024,1024,1.0000,63.943,15.639,1,0.000,6252
6766,1024,1024,1.0000,62.158,16.088,1,0.000,6253
6767,1024,1024,1.0000,63.736,15.690,1,0.000,6254
6768,1024,1024,1.0000,65.097,15.362,1,0.000,6255
6769,1024,1024,1.0000,61.386,16.290,1,0.000,6256
6770,1024,1024,1.0000,62.975,15.879,1,0.000,6257
6771,1024,1024,1.0000,64.160,15.586,1,0.000,6258
6772,1024,1024,1.0000,62.574,15.981,1,0.000,6259
6773,1024,1024,1.0000,63.326,15.791,1,0.000,6260
6774,1024,1024,1.0000,63.859,15.659,1,0.000,6261
6775,1024,1024,1.0000,65.472,15.274,1,0.000,6262
6776,1024,1024,1.0000,62.639,15.964,1,0.000,6263
6777,1024,1024,1.0000,62.991,15.875,1,0.000,6264
6778,1024,1024,1.0000,61.910,16.152,1,0.000,6265
6779,1024,1024,1.0000,63.243,15.812,1,0.000,6266
6780,1024,1024,1.0000,61.919,16.150,1,0.000,6267
6781,1024,1024,1.0000,62.768,15.932,1,0.000,6268
6782,1024,1024,1.0000,72.646,13.765,1,0.000,6269
6783,1024,1024,1.0000,62.299,16.052,1,0.000,6270
6784,1024,1024,1.0000,63.246,15.811,1,0.000,6271
6785,1024,1024,1.0000,62.974,15.880,1,0.000,6272
6786,1024,1024,1.0000,62.486,16.004,1,0.000,6273
6787,1024,1024,1.0000,66.488,15.040,1,0.000,6274
6788,1024,1024,1.0000,63.115,15.844,1,0.000,6275
6789,1024,1024,1.0000,73.004,13.698,1,0.000,6276
6790,1024,1024,1.0000,68.029,14.700,1,0.000,6277
6791,1024,1024,1.0000,62.916,15.894,1,0.000,6278
6792,1024,1024,1.0000,62.044,16.118,1,0.000,6279
6793,1024,1024,1.0000,62.837,15.914,1,0.000,6280
6794,1024,1024,1.0000,63.667,15.707,1,0.000,6281
6795,1024,1024,1.0000,63.559,15.733,1,0.000,6282
6796,1024,1024,1.0000,62.589,15.977,1,0.000,6283
6797,1024,1024,1.0000,62.530,15.992,1,0.000,6284
6798,1024,1024,1.0000,62.346,16.040,1,0.000,6285
6799,1024,1024,1.0000,62.513,15.997,1,0.000,6286
6800,1024,1024,1.0000,63.141,15.838,1,0.000,6287
6801,1024,1024,1.0000,67.213,14.878,1,0.000,6288
6802,1024,1024,1.0000,62.784,15.928,1,0.000,6289
6803,1024,1024,1.0000,63.185,15.827,1,0.000,6290
6804,1024,1024,1.0000,62.706,15.947,1,0.000,6291
6805,1024,1024,1.0000,63.286,15.801,1,0.000,6292
6806,1024,1024,1.0000,63.080,15.853,1,0.000,6293
6807,1024,1024,1.0000,63.678,15.704,1,0.000,6294
6808,1024,1024,1.0000,62.950,15.886,1,0.000,6295
6809,1024,1024,1.0000,62.761,15.933,1,0.000,6296
6810,1024,1024,1.0000,62.560,15.985,1,0.000,6297
6811,1024,1024,1.0000,62.306,16.050,1,0.000,6298
6812,1024,1024,1.0000,63.090,15.850,1,0.000,6299
6813,1024,1024,1.0000,63.074,15.854,1,0.000,6300
6814,1024,1024,1.0000,64.161,15.586,1,0.000,6301
6815,1024,1024,1.0000,63.248,15.811,1,0.000,6302
6816,1024,1024,1.0000,62.823,15.918,1,0.000,6303
6817,1024,1024,1.0000,62.431,16.018,1,0.000,6304
6818,1024,1024,1.0000,63.318,15.793,1,0.000,6305
6819,1024,1024,1.0000,62.395,16.027,1,0.000,6306
6820,1024,1024,1.0000,62.912,15.895,1,0.000,6307
6821,1024,1024,1.0000,62.652,15.961,1,0.000,6308
6822,1024,1024,1.0000,76.177,13.127,1,0.000,6309
6823,1024,1024,1.0000,64.393,15.530,1,0.000,6310
6824,1024,1024,1.0000,63.335,15.789,1,0.000,6311
6825,1024,1024,1.0000,62.628,15.967,1,0.000,6312
6826,1024,1024,1.0000,62.777,15.929,1,0.000,6313
6827,1024,1024,1.0000,63.507,15.746,1,0.000,6314
6828,1024,1024,1.0000,81.774,12.229,1,0.000,6315
6829,1024,1024,1.0000,63.192,15.825,1,0.000,6316
6830,1024,1024,1.0000,63.396,15.774,1,0.000,6317
6831,1024,1024,1.0000,64.654,15.467,1,0.000,6318
6832,1024,1024,1.0000,61.568,16.242,1,0.000,6319
6833,1024,1024,1.0000,63.753,15.686,1,0.000,6320
6834,1024,1024,1.0000,65.708,15.219,1,0.000,6321
6835,1024,1024,1.0000,62.639,15.964,1,0.000,6322
6836,1024,1024,1.0000,63.328,15.791,1,0.000,6323
6837,1024,1024,1.0000,63.389,15.776,1,0.000,6324
6838,1024,1024,1.0000,63.106,15.846,1,0.000,6325
6839,1024,1024,1.0000,62.445,16.014,1,0.000,6326
6840,1024,1024,1.0000,63.279,15.803,1,0.000,6327
6841,1024,1024,1.0000,63.162,15.832,1,0.000,6328
6842,1024,1024,1.0000,62.609,15.972,1,0.000,6329
6843,1024,1024,1.0000,64.115,15.597,1,0.000,6330
6844,1024,1024,1.0000,62.640,15.964,1,0.000,6331
6845,1024,1024,1.0000,68.400,14.620,1,0.000,6332
6846,1024,1024,1.0000,62.815,15.920,1,0.000,6333
6847,1024,1024,1.0000,63.077,15.854,1,0.000,6334
6848,1024,1024,1.0000,62.635,15.966,1,0.000,6335
6849,1024,1024,1.0000,62.603,15.974,1,0.000,6336
6850,1024,1024,1.0000,64.246,15.565,1,0.000,6337
6851,1024,1024,1.0000,63.975,15.631,1,0.000,6338
6852,1024,1024,1.0000,62.421,16.020,1,0.000,6339
6853,1024,1024,1.0000,63.313,15.795,1,0.000,6340
6854,1024,1024,1.0000,72.719,13.752,1,0.000,6341
6855,1024,1024,1.0000,67.004,14.924,1,0.000,6342
6856,1024,1024,1.0000,62.384,16.030,1,0.000,6343
6857,1024,1024,1.0000,64.339,15.543,1,0.000,6344
6858,1024,1024,1.0000,63.767,15.682,1,0.000,6345
6859,1024,1024,1.0000,62.585,15.978,1,0.000,6346
6860,1024,1024,1.0000,62.841,15.913,1,0.000,6347
6861,1024,1024,1.0000,62.710,15.946,1,0.000,6348
6862,1024,1024,1.0000,63.492,15.750,1,0.000,6349
6863,1024,1024,1.0000,61.658,16.218,1,0.000,6350
6864,1024,1024,1.0000,62.733,15.941,1,0.000,6351
6865,1024,1024,1.0000,63.011,15.870,1,0.000,6352
6866,1024,1024,1.0000,63.476,15.754,1,0.000,6353
6867,1024,1024,1.0000,66.538,15.029,1,0.000,6354
6868,1024,1024,1.0000,62.971,15.880,1,0.000,6355
6869,1024,1024,1.0000,64.199,15.577,1,0.000,6356
6870,1024,1024,1.0000,62.187,16.081,1,0.000,6357
6871,1024,1024,1.0000,62.529,15.993,1,0.000,6358
6872,1024,1024,1.0000,63.022,15.867,1,0.000,6359
6873,1024,1024,1.0000,62.831,15.916,1,0.000,6360
6874,1024,1024,1.0000,63.592,15.725,1,0.000,6361
6875,1024,1024,1.0000,64.032,15.617,1,0.000,6362
6876,1024,1024,1.0000,64.119,15.596,1,0.000,6363
6877,1024,1024,1.0000,63.936,15.641,1,0.000,6364
6878,1024,1024,1.0000,62.948,15.886,1,0.000,6365
6879,1024,1024,1.0000,62.704,15.948,1,0.000,6366
6880,1024,1024,1.0000,62.524,15.994,1,0.000,6367
6881,1024,1024,1.0000,65.397,15.291,1,0.000,6368
6882,1024,1024,1.0000,62.831,15.916,1,0.000,6369
6883,1024,1024,1.0000,62.366,16.034,1,0.000,6370
6884,1024,1024,1.0000,64.006,15.624,1,0.000,6371
6885,1024,1024,1.0000,63.953,15.636,1,0.000,6372
6886,1024,1024,1.0000,69.106,14.471,1,0.000,6373
6887,1024,1024,1.0000,78.079,12.808,1,0.000,6374
6888,1024,1024,1.0000,65.266,15.322,1,0.000,6375
6889,1024,1024,1.0000,64.365,15.536,1,0.000,6376
6890,1024,1024,1.0000,63.279,15.803,1,0.000,6377
6891,1024,1024,1.0000,64.676,15.462,1,0.000,6378
6892,1024,1024,1.0000,68.318,14.637,1,0.000,6379
6893,1024,1024,1.0000,64.348,15.540,1,0.000,6380
6894,1024,1024,1.0000,64.211,15.574,1,0.000,6381
6895,1024,1024,1.0000,62.899,15.899,1,0.000,6382
6896,1024,1024,1.0000,65.021,15.380,1,0.000,6383
6897,1024,1024,1.0000,67.358,14.846,1,0.000,6384
6898,1024,1024,1.0000,63.120,15.843,1,0.000,6385
6899,1024,1024,1.0000,64.297,15.553,1,0.000,6386
6900,1024,1024,1.0000,80.201,12.469,1,0.000,6387
6901,1024,1024,1.0000,63.378,15.778,1,0.000,6388
6902,1024,1024,1.0000,65.027,15.378,1,0.000,6389
6903,1024,1024,1.0000,63.375,15.779,1,0.000,6390
6904,1024,1024,1.0000,62.717,15.945,1,0.000,6391
6905,1024,1024,1.0000,62.948,15.886,1,0.000,6392
6906,1024,1024,1.0000,62.526,15.993,1,0.000,6393
6907,1024,1024,1.0000,62.590,15.977,1,0.000,6394
6908,1024,1024,1.0000,63.533,15.740,1,0.000,6395
6909,1024,1024,1.0000,66.513,15.035,1,0.000,6396
6910,1024,1024,1.0000,64.184,15.580,1,0.000,6397
6911,1024,1024,1.0000,63.382,15.777,1,0.000,6398
6912,1024,1024,1.0000,62.487,16.003,1,0.000,6399
6913,1024,1024,1.0000,62.564,15.984,1,0.000,6400
6914,1024,1024,1.0000,65.703,15.220,1,0.000,6401
6915,1024,1024,1.0000,63.756,15.685,1,0.000,6402
6916,1024,1024,1.0000,66.903,14.947,1,0.000,6403
6917,1024,1024,1.0000,72.155,13.859,1,0.000,6404
6918,1024,1024,1.0000,76.032,13.152,1,0.000,6405
6919,1024,1024,1.0000,71.046,14.075,1,0.000,6406
6920,1024,1024,1.0000,65.048,15.373,1,0.000,6407
6921,1024,1024,1.0000,67.276,14.864,1,0.000,6408
6922,1024,1024,1.0000,65.422,15.285,1,0.000,6409
6923,1024,1024,1.0000,64.810,15.430,1,0.000,6410
6924,1024,1024,1.0000,65.272,15.321,1,0.000,6411
6925,1024,1024,1.0000,72.207,13.849,1,0.000,6412
6926,1024,1024,1.0000,65.243,15.327,1,0.000,6413
6927,1024,1024,1.0000,65.348,15.303,1,0.000,6414
6928,1024,1024,1.0000,68.399,14.620,1,0.000,6415
6929,1024,1024,1.0000,64.808,15.430,1,0.000,6416
6930,1024,1024,1.0000,65.094,15.362,1,0.000,6417
6931,1024,1024,1.0000,65.641,15.234,1,0.000,6418
6932,1024,1024,1.0000,69.630,14.362,1,0.000,6419
6933,1024,1024,1.0000,66.880,14.952,1,0.000,6420
6934,1024,1024,1.0000,67.283,14.863,1,0.000,6421
6935,1024,1024,1.0000,64.855,15.419,1,0.000,6422
6936,1024,1024,1.0000,64.753,15.443,1,0.000,6423
6937,1024,1024,1.0000,65.574,15.250,1,0.000,6424
6938,1024,1024,1.0000,65.408,15.289,1,0.000,6425
6939,1024,1024,1.0000,67.765,14.757,1,0.000,6426
6940,1024,1024,1.0000,65.323,15.309,1,0.000,6427
6941,1024,1024,1.0000,64.784,15.436,1,0.000,6428
6942,1024,1024,1.0000,65.462,15.276,1,0.000,6429
6943,1024,1024,1.0000,68.837,14.527,1,0.000,6430
6944,1024,1024,1.0000,64.427,15.521,1,0.000,6431
6945,1024,1024,1.0000,64.575,15.486,1,0.000,6432
6946,1024,1024,1.0000,79.319,12.607,1,0.000,6433
6947,1024,1024,1.0000,82.613,12.105,1,0.000,6434
6948,1024,1024,1.0000,90.467,11.054,1,0.000,6435
6949,1024,1024,1.0000,81.785,12.227,1,0.000,6436
6950,1024,1024,1.0000,73.069,13.686,1,0.000,6437
6951,1024,1024,1.0000,63.778,15.679,1,0.000,6438
6952,1024,1024,1.0000,64.616,15.476,1,0.000,6439
6953,1024,1024,1.0000,64.936,15.400,1,0.000,6440
6954,1024,1024,1.0000,64.393,15.530,1,0.000,6441
6955,1024,1024,1.0000,63.177,15.829,1,0.000,6442
6956,1024,1024,1.0000,64.304,15.551,1,0.000,6443
6957,1024,1024,1.0000,64.245,15.565,1,0.000,6444
6958,1024,1024,1.0000,65.337,15.305,1,0.000,6445
6959,1024,1024,1.0000,65.049,15.373,1,0.000,6446
6960,1024,1024,1.0000,64.752,15.444,1,0.000,6447
6961,1024,1024,1.0000,64.013,15.622,1,0.000,6448
6962,1024,1024,1.0000,63.803,15.673,1,0.000,6449
6963,1024,1024,1.0000,66.587,15.018,1,0.000,6450
6964,1024,1024,1.0000,64.081,15.605,1,0.000,6451
6965,1024,1024,1.0000,64.206,15.575,1,0.000,6452
6966,1024,1024,1.0000,64.886,15.412,1,0.000,6453
6967,1024,1024,1.0000,64.498,15.504,1,0.000,6454
6968,1024,1024,1.0000,65.256,15.324,1,0.000,6455
6969,1024,1024,1.0000,74.910,13.349,1,0.000,6456
6970,1024,1024,1.0000,65.071,15.368,1,0.000,6457
6971,1024,1024,1.0000,65.049,15.373,1,0.000,6458
6972,1024,1024,1.0000,63.486,15.752,1,0.000,6459
6973,1024,1024,1.0000,63.813,15.671,1,0.000,6460
6974,1024,1024,1.0000,64.399,15.528,1,0.000,6461
6975,1024,1024,1.0000,63.915,15.646,1,0.000,6462
6976,1024,1024,1.0000,63.288,15.801,1,0.000,6463
6977,1024,1024,1.0000,64.729,15.449,1,0.000,6464
6978,1024,1024,1.0000,63.032,15.865,1,0.000,6465
6979,1024,1024,1.0000,64.065,15.609,1,0.000,6466
6980,1024,1024,1.0000,70.071,14.271,1,0.000,6467
6981,1024,1024,1.0000,73.408,13.622,1,0.000,6468
6982,1024,1024,1.0000,64.430,15.521,1,0.000,6469
6983,1024,1024,1.0000,64.803,15.431,1,0.000,6470
6984,1024,1024,1.0000,63.835,15.665,1,0.000,6471
6985,1024,1024,1.0000,63.885,15.653,1,0.000,6472
6986,1024,1024,1.0000,63.352,15.785,1,0.000,6473
6987,1024,1024,1.0000,63.975,15.631,1,0.000,6474
6988,1024,1024,1.0000,64.069,15.608,1,0.000,6475
6989,1024,1024,1.0000,65.289,15.317,1,0.000,6476
6990,1024,1024,1.0000,64.768,15.440,1,0.000,6477
6991,1024,1024,1.0000,63.757,15.685,1,0.000,6478
6992,1024,1024,1.0000,63.207,15.821,1,0.000,6479
6993,1024,1024,1.0000,64.125,15.595,1,0.000,6480
6994,1024,1024,1.0000,64.354,15.539,1,0.000,6481
6995,1024,1024,1.0000,63.932,15.642,1,0.000,6482
6996,1024,1024,1.0000,67.714,14.768,1,0.000,6483
6997,1024,1024,1.0000,63.922,15.644,1,0.000,6484
6998,1024,1024,1.0000,63.927,15.643,1,0.000,6485
6999,1024,1024,1.0000,63.592,15.725,1,0.000,6486
7000,1024,1024,1.0000,63.204,15.822,1,0.000,6487
7001,1024,1024,1.0000,63.808,15.672,1,0.000,6488
7002,1024,1024,1.0000,67.064,14.911,1,0.000,6489
7003,1024,1024,1.0000,72.503,13.793,1,0.000,6490
7004,1024,1024,1.0000,63.079,15.853,1,0.000,6491
7005,1024,1024,1.0000,64.106,15.599,1,0.000,6492
7006,1024,1024,1.0000,63.115,15.844,1,0.000,6493
7007,1024,1024,1.0000,64.598,15.480,1,0.000,6494
7008,1024,1024,1.0000,64.555,15.491,1,0.000,6495
7009,1024,1024,1.0000,64.397,15.529,1,0.000,6496
7010,1024,1024,1.0000,64.643,15.470,1,0.000,6497
7011,1024,1024,1.0000,64.072,15.607,1,0.000,6498
7012,1024,1024,1.0000,70.423,14.200,1,0.000,6499
7013,1024,1024,1.0000,74.263,13.466,1,0.000,6500
7014,1024,1024,1.0000,65.371,15.297,1,0.000,6501
7015,1024,1024,1.0000,64.335,15.544,1,0.000,6502
7016,1024,1024,1.0000,64.037,15.616,1,0.000,6503
7017,1024,1024,1.0000,63.630,15.716,1,0.000,6504
7018,1024,1024,1.0000,65.015,15.381,1,0.000,6505
7019,1024,1024,1.0000,62.893,15.900,1,0.000,6506
7020,1024,1024,1.0000,63.815,15.670,1,0.000,6507
7021,1024,1024,1.0000,64.536,15.495,1,0.000,6508
7022,1024,1024,1.0000,63.607,15.722,1,0.000,6509
7023,1024,1024,1.0000,64.322,15.547,1,0.000,6510
7024,1024,1024,1.0000,63.576,15.729,1,0.000,6511
7025,1024,1024,1.0000,63.241,15.813,1,0.000,6512
7026,1024,1024,1.0000,63.969,15.633,1,0.000,6513
7027,1024,1024,1.0000,64.964,15.393,1,0.000,6514
7028,1024,1024,1.0000,69.017,14.489,1,0.000,6515
7029,1024,1024,1.0000,64.397,15.529,1,0.000,6516
7030,1024,1024,1.0000,65.109,15.359,1,0.000,6517
7031,1024,1024,1.0000,64.263,15.561,1,0.000,6518
7032,1024,1024,1.0000,67.783,14.753,1,0.000,6519
7033,1024,1024,1.0000,64.506,15.502,1,0.000,6520
7034,1024,1024,1.0000,63.510,15.746,1,0.000,6521
7035,1024,1024,1.0000,64.745,15.445,1,0.000,6522
7036,1024,1024,1.0000,63.976,15.631,1,0.000,6523
7037,1024,1024,1.0000,64.748,15.444,1,0.000,6524
7038,1024,1024,1.0000,63.626,15.717,1,0.000,6525
7039,1024,1024,1.0000,63.412,15.770,1,0.000,6526
7040,1024,1024,1.0000,64.788,15.435,1,0.000,6527
7041,1024,1024,1.0000,63.069,15.856,1,0.000,6528
7042,1024,1024,1.0000,65.993,15.153,1,0.000,6529
7043,1024,1024,1.0000,63.897,15.650,1,0.000,6530
7044,1024,1024,1.0000,75.218,13.295,1,0.000,6531
7045,1024,1024,1.0000,71.735,13.940,1,0.000,6532
7046,1024,1024,1.0000,64.645,15.469,1,0.000,6533
7047,1024,1024,1.0000,65.274,15.320,1,0.000,6534
7048,1024,1024,1.0000,63.963,15.634,1,0.000,6535
7049,1024,1024,1.0000,62.675,15.955,1,0.000,6536
7050,1024,1024,1.0000,63.367,15.781,1,0.000,6537
7051,1024,1024,1.0000,63.892,15.651,1,0.000,6538
7052,1024,1024,1.0000,63.072,15.855,1,0.000,6539
7053,1024,1024,1.0000,63.496,15.749,1,0.000,6540
7054,1024,1024,1.0000,64.331,15.545,1,0.000,6541
7055,1024,1024,1.0000,64.418,15.524,1,0.000,6542
7056,1024,1024,1.0000,63.884,15.653,1,0.000,6543
7057,1024,1024,1.0000,64.165,15.585,1,0.000,6544
7058,1024,1024,1.0000,63.777,15.680,1,0.000,6545
7059,1024,1024,1.0000,63.053,15.860,1,0.000,6546
7060,1024,1024,1.0000,63.845,15.663,1,0.000,6547
7061,1024,1024,1.0000,67.104,14.902,1,0.000,6548
7062,1024,1024,1.0000,63.933,15.641,1,0.000,6549
7063,1024,1024,1.0000,64.078,15.606,1,0.000,6550
7064,1024,1024,1.0000,73.746,13.560,1,0.000,6551
7065,1024,1024,1.0000,63.907,15.648,1,0.000,6552
7066,1024,1024,1.0000,62.357,16.037,1,0.000,6553
7067,1024,1024,1.0000,64.269,15.560,1,0.000,6554
7068,1024,1024,1.0000,63.919,15.645,1,0.000,6555
7069,1024,1024,1.0000,63.364,15.782,1,0.000,6556
7070,1024,1024,1.0000,65.369,15.298,1,0.000,6557
7071,1024,1024,1.0000,63.446,15.761,1,0.000,6558
7072,1024,1024,1.0000,62.543,15.989,1,0.000,6559
7073,1024,1024,1.0000,63.510,15.746,1,0.000,6560
7074,1024,1024,1.0000,63.031,15.865,1,0.000,6561
7075,1024,1024,1.0000,65.497,15.268,1,0.000,6562
7076,1024,1024,1.0000,72.391,13.814,1,0.000,6563
7077,1024,1024,1.0000,72.460,13.801,1,0.000,6564
7078,1024,1024,1.0000,64.848,15.421,1,0.000,6565
7079,1024,1024,1.0000,65.052,15.372,1,0.000,6566
7080,1024,1024,1.0000,64.480,15.509,1,0.000,6567
7081,1024,1024,1.0000,63.758,15.684,1,0.000,6568
7082,1024,1024,1.0000,64.440,15.518,1,0.000,6569
7083,1024,1024,1.0000,64.605,15.479,1,0.000,6570
7084,1024,1024,1.0000,63.219,15.818,1,0.000,6571
7085,1024,1024,1.0000,64.123,15.595,1,0.000,6572
7086,1024,1024,1.0000,64.244,15.566,1,0.000,6573
7087,1024,1024,1.0000,64.054,15.612,1,0.000,6574
7088,1024,1024,1.0000,64.226,15.570,1,0.000,6575
7089,1024,1024,1.0000,64.474,15.510,1,0.000,6576
7090,1024,1024,1.0000,65.129,15.354,1,0.000,6577
7091,1024,1024,1.0000,63.879,15.655,1,0.000,6578
7092,1024,1024,1.0000,63.954,15.636,1,0.000,6579
7093,1024,1024,1.0000,64.599,15.480,1,0.000,6580
7094,1024,1024,1.0000,69.606,14.367,1,0.000,6581
7095,1024,1024,1.0000,62.992,15.875,1,0.000,6582
7096,1024,1024,1.0000,64.523,15.498,1,0.000,6583
7097,1024,1024,1.0000,64.399,15.528,1,0.000,6584
7098,1024,1024,1.0000,64.426,15.522,1,0.000,6585
7099,1024,1024,1.0000,63.833,15.666,1,0.000,6586
7100,1024,1024,1.0000,63.833,15.666,1,0.000,6587
7101,1024,1024,1.0000,65.084,15.365,1,0.000,6588
7102,1024,1024,1.0000,64.946,15.397,1,0.000,6589
7103,1024,1024,1.0000,64.021,15.620,1,0.000,6590
7104,1024,1024,1.0000,74.182,13.480,1,0.000,6591
7105,1024,1024,1.0000,64.287,15.555,1,0.000,6592
7106,1024,1024,1.0000,64.348,15.540,1,0.000,6593
7107,1024,1024,1.0000,64.084,15.605,1,0.000,6594
7108,1024,1024,1.0000,74.976,13.338,1,0.000,6595
7109,1024,1024,1.0000,68.776,14.540,1,0.000,6596
7110,1024,1024,1.0000,64.494,15.505,1,0.000,6597
7111,1024,1024,1.0000,64.613,15.477,1,0.000,6598
7112,1024,1024,1.0000,64.417,15.524,1,0.000,6599
7113,1024,1024,1.0000,63.269,15.806,1,0.000,6600
7114,1024,1024,1.0000,63.708,15.697,1,0.000,6601
7115,1024,1024,1.0000,64.055,15.612,1,0.000,6602
7116,1024,1024,1.0000,63.825,15.668,1,0.000,6603
7117,1024,1024,1.0000,63.442,15.762,1,0.000,6604
7118,1024,1024,1.0000,63.692,15.701,1,0.000,6605
7119,1024,1024,1.0000,63.222,15.817,1,0.000,6606
7120,1024,1024,1.0000,63.185,15.827,1,0.000,6607
7121,1024,1024,1.0000,64.642,15.470,1,0.000,6608
7122,1024,1024,1.0000,64.215,15.573,1,0.000,6609
7123,1024,1024,1.0000,63.944,15.639,1,0.000,6610
7124,1024,1024,1.0000,63.888,15.652,1,0.000,6611
7125,1024,1024,1.0000,64.911,15.406,1,0.000,6612
7126,1024,1024,1.0000,68.073,14.690,1,0.000,6613
7127,1024,1024,1.0000,65.017,15.381,1,0.000,6614
7128,1024,1024,1.0000,65.543,15.257,1,0.000,6615
7129,1024,1024,1.0000,63.331,15.790,1,0.000,6616
7130,1024,1024,1.0000,64.597,15.481,1,0.000,6617
7131,1024,1024,1.0000,64.236,15.568,1,0.000,6618
7132,1024,1024,1.0000,64.969,15.392,1,0.000,6619
7133,1024,1024,1.0000,81.739,12.234,1,0.000,6620
7134,1024,1024,1.0000,64.166,15.585,1,0.000,6621
7135,1024,1024,1.0000,63.904,15.648,1,0.000,6622
7136,1024,1024,1.0000,63.299,15.798,1,0.000,6623
7137,1024,1024,1.0000,64.605,15.479,1,0.000,6624
7138,1024,1024,1.0000,65.296,15.315,1,0.000,6625
7139,1024,1024,1.0000,63.691,15.701,1,0.000,6626
7140,1024,1024,1.0000,79.380,12.598,1,0.000,6627
7141,1024,1024,1.0000,67.810,14.747,1,0.000,6628
7142,1024,1024,1.0000,65.215,15.334,1,0.000,6629
7143,1024,1024,1.0000,64.557,15.490,1,0.000,6630
7144,1024,1024,1.0000,65.114,15.358,1,0.000,6631
7145,1024,1024,1.0000,63.616,15.719,1,0.000,6632
7146,1024,1024,1.0000,64.324,15.546,1,0.000,6633
7147,1024,1024,1.0000,65.139,15.352,1,0.000,6634
7148,1024,1024,1.0000,89.341,11.193,1,0.000,6635
7149,1024,1024,1.0000,63.023,15.867,1,0.000,6636
7150,1024,1024,1.0000,64.624,15.474,1,0.000,6637
7151,1024,1024,1.0000,64.876,15.414,1,0.000,6638
7152,1024,1024,1.0000,63.184,15.827,1,0.000,6639
7153,1024,1024,1.0000,63.648,15.711,1,0.000,6640
7154,1024,1024,1.0000,64.779,15.437,1,0.000,6641
7155,1024,1024,1.0000,64.251,15.564,1,0.000,6642
7156,1024,1024,1.0000,64.719,15.451,1,0.000,6643
7157,1024,1024,1.0000,63.196,15.824,1,0.000,6644
7158,1024,1024,1.0000,67.048,14.915,1,0.000,6645
7159,1024,1024,1.0000,64.167,15.584,1,0.000,6646
7160,1024,1024,1.0000,64.644,15.469,1,0.000,6647
7161,1024,1024,1.0000,64.337,15.543,1,0.000,6648
7162,1024,1024,1.0000,65.026,15.378,1,0.000,6649
7163,1024,1024,1.0000,64.702,15.455,1,0.000,6650
7164,1024,1024,1.0000,63.392,15.775,1,0.000,6651
7165,1024,1024,1.0000,64.069,15.608,1,0.000,6652
7166,1024,1024,1.0000,63.886,15.653,1,0.000,6653
7167,1024,1024,1.0000,64.431,15.520,1,0.000,6654
7168,1024,1024,1.0000,64.027,15.618,1,0.000,6655
7169,1024,1024,1.0000,63.939,15.640,1,0.000,6656
7170,1024,1024,1.0000,70.944,14.096,1,0.000,6657
7171,1024,1024,1.0000,72.337,13.824,1,0.000,6658
7172,1024,1024,1.0000,74.226,13.472,1,0.000,6659
7173,1024,1024,1.0000,64.782,15.436,1,0.000,6660
7174,1024,1024,1.0000,66.071,15.135,1,0.000,6661
7175,1024,1024,1.0000,64.182,15.581,1,0.000,6662
7176,1024,1024,1.0000,64.518,15.500,1,0.000,6663
7177,1024,1024,1.0000,65.657,15.231,1,0.000,6664
7178,1024,1024,1.0000,64.901,15.408,1,0.000,6665
7179,1024,1024,1.0000,64.549,15.492,1,0.000,6666
7180,1024,1024,1.0000,65.952,15.163,1,0.000,6667
7181,1024,1024,1.0000,65.026,15.378,1,0.000,6668
7182,1024,1024,1.0000,64.700,15.456,1,0.000,6669
7183,1024,1024,1.0000,64.117,15.596,1,0.000,6670
7184,1024,1024,1.0000,65.492,15.269,1,0.000,6671
7185,1024,1024,1.0000,75.595,13.228,1,0.000,6672
7186,1024,1024,1.0000,64.962,15.394,1,0.000,6673
7187,1024,1024,1.0000,69.241,14.442,1,0.000,6674
7188,1024,1024,1.0000,69.393,14.411,1,0.000,6675
7189,1024,1024,1.0000,65.149,15.349,1,0.000,6676
7190,1024,1024,1.0000,70.104,14.265,1,0.000,6677
7191,1024,1024,1.0000,65.634,15.236,1,0.000,6678
7192,1024,1024,1.0000,65.554,15.255,1,0.000,6679
7193,1024,1024,1.0000,66.325,15.077,1,0.000,6680
7194,1024,1024,1.0000,66.205,15.105,1,0.000,6681
7195,1024,1024,1.0000,66.386,15.063,1,0.000,6682
7196,1024,1024,1.0000,66.623,15.010,1,0.000,6683
7197,1024,1024,1.0000,66.601,15.015,1,0.000,6684
7198,1024,1024,1.0000,65.583,15.248,1,0.000,6685
7199,1024,1024,1.0000,66.164,15.114,1,0.000,6686
7200,1024,1024,1.0000,67.891,14.729,1,0.000,6687
7201,1024,1024,1.0000,65.193,15.339,1,0.000,6688
7202,1024,1024,1.0000,73.648,13.578,1,0.000,6689
7203,1024,1024,1.0000,77.074,12.975,1,0.000,6690
7204,1024,1024,1.0000,66.435,15.052,1,0.000,6691
7205,1024,1024,1.0000,64.943,15.398,1,0.000,6692
7206,1024,1024,1.0000,65.760,15.207,1,0.000,6693
7207,1024,1024,1.0000,63.786,15.677,1,0.000,6694
7208,1024,1024,1.0000,65.838,15.189,1,0.000,6695
7209,1024,1024,1.0000,64.515,15.500,1,0.000,6696
7210,1024,1024,1.0000,64.079,15.606,1,0.000,6697
7211,1024,1024,1.0000,63.993,15.627,1,0.000,6698
7212,1024,1024,1.0000,65.026,15.378,1,0.000,6699
7213,1024,1024,1.0000,64.539,15.495,1,0.000,6700
7214,1024,1024,1.0000,64.423,15.522,1,0.000,6701
7215,1024,1024,1.0000,66.817,14.966,1,0.000,6702
7216,1024,1024,1.0000,64.679,15.461,1,0.000,6703
7217,1024,1024,1.0000,64.518,15.500,1,0.000,6704
7218,1024,1024,1.0000,66.156,15.116,1,0.000,6705
7219,1024,1024,1.0000,65.221,15.332,1,0.000,6706
7220,1024,1024,1.0000,64.318,15.548,1,0.000,6707
7221,1024,1024,1.0000,66.461,15.046,1,0.000,6708
7222,1024,1024,1.0000,68.171,14.669,1,0.000,6709
7223,1024,1024,1.0000,66.833,14.963,1,0.000,6710
7224,1024,1024,1.0000,65.648,15.233,1,0.000,6711
7225,1024,1024,1.0000,64.328,15.545,1,0.000,6712
7226,1024,1024,1.0000,65.515,15.264,1,0.000,6713
7227,1024,1024,1.0000,64.598,15.480,1,0.000,6714
7228,1024,1024,1.0000,64.670,15.463,1,0.000,6715
7229,1024,1024,1.0000,67.383,14.841,1,0.000,6716
7230,1024,1024,1.0000,68.936,14.506,1,0.000,6717
7231,1024,1024,1.0000,67.342,14.850,1,0.000,6718
7232,1024,1024,1.0000,67.051,14.914,1,0.000,6719
7233,1024,1024,1.0000,65.407,15.289,1,0.000,6720
7234,1024,1024,1.0000,83.282,12.007,1,0.000,6721
7235,1024,1024,1.0000,69.029,14.487,1,0.000,6722
7236,1024,1024,1.0000,65.859,15.184,1,0.000,6723
7237,1024,1024,1.0000,66.495,15.039,1,0.000,6724
7238,1024,1024,1.0000,66.163,15.114,1,0.000,6725
7239,1024,1024,1.0000,76.132,13.135,1,0.000,6726
7240,1024,1024,1.0000,66.568,15.022,1,0.000,6727
7241,1024,1024,1.0000,66.178,15.111,1,0.000,6728
7242,1024,1024,1.0000,65.683,15.225,1,0.000,6729
7243,1024,1024,1.0000,64.853,15.419,1,0.000,6730
7244,1024,1024,1.0000,64.970,15.392,1,0.000,6731
7245,1024,1024,1.0000,75.583,13.230,1,0.000,6732
7246,1024,1024,1.0000,65.274,15.320,1,0.000,6733
7247,1024,1024,1.0000,65.876,15.180,1,0.000,6734
7248,1024,1024,1.0000,66.042,15.142,1,0.000,6735
7249,1024,1024,1.0000,66.456,15.048,1,0.000,6736
7250,1024,1024,1.0000,65.854,15.185,1,0.000,6737
7251,1024,1024,1.0000,65.991,15.154,1,0.000,6738
7252,1024,1024,1.0000,66.321,15.078,1,0.000,6739
7253,1024,1024,1.0000,65.318,15.310,1,0.000,6740
7254,1024,1024,1.0000,71.561,13.974,1,0.000,6741
7255,1024,1024,1.0000,65.803,15.197,1,0.000,6742
7256,1024,1024,1.0000,64.129,15.594,1,0.000,6743
7257,1024,1024,1.0000,66.719,14.988,1,0.000,6744
7258,1024,1024,1.0000,65.834,15.190,1,0.000,6745
7259,1024,1024,1.0000,65.790,15.200,1,0.000,6746
7260,1024,1024,1.0000,66.735,14.985,1,0.000,6747
7261,1024,1024,1.0000,66.487,15.041,1,0.000,6748
7262,1024,1024,1.0000,64.534,15.496,1,0.000,6749
7263,1024,1024,1.0000,64.880,15.413,1,0.000,6750
7264,1024,1024,1.0000,67.099,14.903,1,0.000,6751
7265,1024,1024,1.0000,80.024,12.496,1,0.000,6752
7266,1024,1024,1.0000,67.236,14.873,1,0.000,6753
7267,1024,1024,1.0000,65.894,15.176,1,0.000,6754
7268,1024,1024,1.0000,64.973,15.391,1,0.000,6755
7269,1024,1024,1.0000,65.374,15.297,1,0.000,6756
7270,1024,1024,1.0000,66.214,15.103,1,0.000,6757
7271,1024,1024,1.0000,65.190,15.340,1,0.000,6758
7272,1024,1024,1.0000,68.471,14.605,1,0.000,6759
7273,1024,1024,1.0000,66.959,14.935,1,0.000,6760
7274,1024,1024,1.0000,67.830,14.743,1,0.000,6761
7275,1024,1024,1.0000,66.010,15.149,1,0.000,6762
7276,1024,1024,1.0000,66.287,15.086,1,0.000,6763
7277,1024,1024,1.0000,65.557,15.254,1,0.000,6764
7278,1024,1024,1.0000,66.450,15.049,1,0.000,6765
7279,1024,1024,1.0000,66.518,15.034,1,0.000,6766
7280,1024,1024,1.0000,66.240,15.097,1,0.000,6767
7281,1024,1024,1.0000,65.865,15.183,1,0.000,6768
7282,1024,1024,1.0000,67.145,14.893,1,0.000,6769
7283,1024,1024,1.0000,66.352,15.071,1,0.000,6770
7284,1024,1024,1.0000,66.602,15.015,1,0.000,6771
7285,1024,1024,1.0000,66.102,15.128,1,0.000,6772
7286,1024,1024,1.0000,70.104,14.265,1,0.000,6773
7287,1024,1024,1.0000,67.796,14.750,1,0.000,6774
7288,1024,1024,1.0000,66.375,15.066,1,0.000,6775
7289,1024,1024,1.0000,65.973,15.158,1,0.000,6776
7290,1024,1024,1.0000,66.663,15.001,1,0.000,6777
7291,1024,1024,1.0000,66.861,14.956,1,0.000,6778
7292,1024,1024,1.0000,66.592,15.017,1,0.000,6779
7293,1024,1024,1.0000,69.118,14.468,1,0.000,6780
7294,1024,1024,1.0000,66.013,15.149,1,0.000,6781
7295,1024,1024,1.0000,71.302,14.025,1,0.000,6782
7296,1024,1024,1.0000,80.872,12.365,1,0.000,6783
7297,1024,1024,1.0000,66.964,14.933,1,0.000,6784
7298,1024,1024,1.0000,66.852,14.958,1,0.000,6785
7299,1024,1024,1.0000,67.470,14.821,1,0.000,6786
7300,1024,1024,1.0000,67.561,14.801,1,0.000,6787
7301,1024,1024,1.0000,65.757,15.208,1,0.000,6788
7302,1024,1024,1.0000,66.247,15.095,1,0.000,6789
7303,1024,1024,1.0000,66.162,15.114,1,0.000,6790
7304,1024,1024,1.0000,66.267,15.090,1,0.000,6791
7305,1024,1024,1.0000,65.221,15.332,1,0.000,6792
7306,1024,1024,1.0000,66.417,15.056,1,0.000,6793
7307,1024,1024,1.0000,65.755,15.208,1,0.000,6794
7308,1024,1024,1.0000,66.697,14.993,1,0.000,6795
7309,1024,1024,1.0000,65.170,15.344,1,0.000,6796
7310,1024,1024,1.0000,65.700,15.221,1,0.000,6797
7311,1024,1024,1.0000,65.895,15.176,1,0.000,6798
7312,1024,1024,1.0000,66.688,14.995,1,0.000,6799
7313,1024,1024,1.0000,65.337,15.305,1,0.000,6800
7314,1024,1024,1.0000,65.663,15.229,1,0.000,6801
7315,1024,1024,1.0000,65.466,15.275,1,0.000,6802
7316,1024,1024,1.0000,66.676,14.998,1,0.000,6803
7317,1024,1024,1.0000,68.018,14.702,1,0.000,6804
7318,1024,1024,1.0000,65.913,15.172,1,0.000,6805
7319,1024,1024,1.0000,65.728,15.214,1,0.000,6806
7320,1024,1024,1.0000,65.952,15.163,1,0.000,6807
7321,1024,1024,1.0000,65.600,15.244,1,0.000,6808
7322,1024,1024,1.0000,66.276,15.088,1,0.000,6809
7323,1024,1024,1.0000,65.715,15.217,1,0.000,6810
7324,1024,1024,1.0000,66.719,14.988,1,0.000,6811
7325,1024,1024,1.0000,66.647,15.004,1,0.000,6812
7326,1024,1024,1.0000,67.651,14.782,1,0.000,6813
7327,1024,1024,1.0000,81.937,12.204,1,0.000,6814
7328,1024,1024,1.0000,67.582,14.797,1,0.000,6815
7329,1024,1024,1.0000,66.245,15.095,1,0.000,6816
7330,1024,1024,1.0000,65.724,15.215,1,0.000,6817
7331,1024,1024,1.0000,64.721,15.451,1,0.000,6818
7332,1024,1024,1.0000,66.443,15.050,1,0.000,6819
7333,1024,1024,1.0000,65.679,15.226,1,0.000,6820
7334,1024,1024,1.0000,65.287,15.317,1,0.000,6821
7335,1024,1024,1.0000,65.552,15.255,1,0.000,6822
7336,1024,1024,1.0000,65.425,15.285,1,0.000,6823
7337,1024,1024,1.0000,67.246,14.871,1,0.000,6824
7338,1024,1024,1.0000,65.408,15.289,1,0.000,6825
7339,1024,1024,1.0000,65.996,15.152,1,0.000,6826
7340,1024,1024,1.0000,66.611,15.013,1,0.000,6827
7341,1024,1024,1.0000,65.667,15.228,1,0.000,6828
7342,1024,1024,1.0000,65.168,15.345,1,0.000,6829
7343,1024,1024,1.0000,66.531,15.031,1,0.000,6830
7344,1024,1024,1.0000,67.593,14.794,1,0.000,6831
7345,1024,1024,1.0000,66.478,15.043,1,0.000,6832
7346,1024,1024,1.0000,67.053,14.914,1,0.000,6833
7347,1024,1024,1.0000,75.830,13.187,1,0.000,6834
7348,1024,1024,1.0000,66.930,14.941,1,0.000,6835
7349,1024,1024,1.0000,68.047,14.696,1,0.000,6836
7350,1024,1024,1.0000,65.153,15.348,1,0.000,6837
7351,1024,1024,1.0000,65.878,15.180,1,0.000,6838
7352,1024,1024,1.0000,67.203,14.880,1,0.000,6839
7353,1024,1024,1.0000,66.038,15.143,1,0.000,6840
7354,1024,1024,1.0000,67.076,14.908,1,0.000,6841
7355,1024,1024,1.0000,64.997,15.385,1,0.000,6842
7356,1024,1024,1.0000,65.913,15.172,1,0.000,6843
7357,1024,1024,1.0000,70.337,14.217,1,0.000,6844
7358,1024,1024,1.0000,80.059,12.491,1,0.000,6845
7359,1024,1024,1.0000,66.753,14.981,1,0.000,6846
7360,1024,1024,1.0000,66.209,15.104,1,0.000,6847
7361,1024,1024,1.0000,65.608,15.242,1,0.000,6848
7362,1024,1024,1.0000,65.867,15.182,1,0.000,6849
7363,1024,1024,1.0000,66.126,15.123,1,0.000,6850
7364,1024,1024,1.0000,66.134,15.121,1,0.000,6851
7365,1024,1024,1.0000,66.976,14.931,1,0.000,6852
7366,1024,1024,1.0000,64.584,15.484,1,0.000,6853
7367,1024,1024,1.0000,66.838,14.962,1,0.000,6854
7368,1024,1024,1.0000,65.651,15.232,1,0.000,6855
7369,1024,1024,1.0000,65.200,15.337,1,0.000,6856
7370,1024,1024,1.0000,66.047,15.141,1,0.000,6857
7371,1024,1024,1.0000,66.565,15.023,1,0.000,6858
7372,1024,1024,1.0000,65.638,15.235,1,0.000,6859
7373,1024,1024,1.0000,65.460,15.277,1,0.000,6860
7374,1024,1024,1.0000,65.459,15.277,1,0.000,6861
7375,1024,1024,1.0000,65.804,15.197,1,0.000,6862
7376,1024,1024,1.0000,66.774,14.976,1,0.000,6863
7377,1024,1024,1.0000,66.781,14.974,1,0.000,6864
7378,1024,1024,1.0000,66.421,15.055,1,0.000,6865
7379,1024,1024,1.0000,65.762,15.206,1,0.000,6866
7380,1024,1024,1.0000,66.012,15.149,1,0.000,6867
7381,1024,1024,1.0000,69.899,14.306,1,0.000,6868
7382,1024,1024,1.0000,67.174,14.887,1,0.000,6869
7383,1024,1024,1.0000,65.237,15.329,1,0.000,6870
7384,1024,1024,1.0000,67.182,14.885,1,0.000,6871
7385,1024,1024,1.0000,65.683,15.225,1,0.000,6872
7386,1024,1024,1.0000,65.338,15.305,1,0.000,6873
7387,1024,1024,1.0000,65.488,15.270,1,0.000,6874
7388,1024,1024,1.0000,66.612,15.012,1,0.000,6875
7389,1024,1024,1.0000,80.253,12.461,1,0.000,6876
7390,1024,1024,1.0000,70.469,14.191,1,0.000,6877
7391,1024,1024,1.0000,66.971,14.932,1,0.000,6878
7392,1024,1024,1.0000,66.420,15.056,1,0.000,6879
7393,1024,1024,1.0000,66.267,15.090,1,0.000,6880
7394,1024,1024,1.0000,66.331,15.076,1,0.000,6881
7395,1024,1024,1.0000,66.744,14.983,1,0.000,6882
7396,1024,1024,1.0000,66.073,15.135,1,0.000,6883
7397,1024,1024,1.0000,66.522,15.033,1,0.000,6884
7398,1024,1024,1.0000,65.669,15.228,1,0.000,6885
7399,1024,1024,1.0000,66.328,15.077,1,0.000,6886
7400,1024,1024,1.0000,68.055,14.694,1,0.000,6887
7401,1024,1024,1.0000,65.361,15.300,1,0.000,6888
7402,1024,1024,1.0000,66.843,14.960,1,0.000,6889
7403,1024,1024,1.0000,65.939,15.166,1,0.000,6890
7404,1024,1024,1.0000,67.193,14.883,1,0.000,6891
7405,1024,1024,1.0000,69.273,14.436,1,0.000,6892
7406,1024,1024,1.0000,69.547,14.379,1,0.000,6893
7407,1024,1024,1.0000,68.502,14.598,1,0.000,6894
7408,1024,1024,1.0000,70.254,14.234,1,0.000,6895
7409,1024,1024,1.0000,65.929,15.168,1,0.000,6896
7410,1024,1024,1.0000,66.479,15.042,1,0.000,6897
7411,1024,1024,1.0000,66.246,15.095,1,0.000,6898
7412,1024,1024,1.0000,68.668,14.563,1,0.000,6899
7413,1024,1024,1.0000,65.573,15.250,1,0.000,6900
7414,1024,1024,1.0000,65.587,15.247,1,0.000,6901
7415,1024,1024,1.0000,66.565,15.023,1,0.000,6902
7416,1024,1024,1.0000,65.552,15.255,1,0.000,6903
7417,1024,1024,1.0000,66.542,15.028,1,0.000,6904
7418,1024,1024,1.0000,65.767,15.205,1,0.000,6905
7419,1024,1024,1.0000,109.109,9.165,1,0.000,6906
7420,1024,1024,1.0000,94.533,10.578,1,0.000,6907
7421,1024,1024,1.0000,64.244,15.566,1,0.000,6908
7422,1024,1024,1.0000,63.644,15.712,1,0.000,6909
7423,1024,1024,1.0000,65.592,15.246,1,0.000,6910
7424,1024,1024,1.0000,66.390,15.063,1,0.000,6911
7425,1024,1024,1.0000,65.266,15.322,1,0.000,6912
7426,1024,1024,1.0000,68.223,14.658,1,0.000,6913
7427,1024,1024,1.0000,66.307,15.081,1,0.000,6914
7428,1024,1024,1.0000,86.242,11.595,1,0.000,6915
7429,1024,1024,1.0000,65.134,15.353,1,0.000,6916
7430,1024,1024,1.0000,66.218,15.102,1,0.000,6917
7431,1024,1024,1.0000,65.297,15.315,1,0.000,6918
7432,1024,1024,1.0000,65.414,15.287,1,0.000,6919
7433,1024,1024,1.0000,66.499,15.038,1,0.000,6920
7434,1024,1024,1.0000,65.725,15.215,1,0.000,6921
7435,1024,1024,1.0000,66.443,15.050,1,0.000,6922
7436,1024,1024,1.0000,69.362,14.417,1,0.000,6923
7437,1024,1024,1.0000,66.528,15.031,1,0.000,6924
7438,1024,1024,1.0000,66.649,15.004,1,0.000,6925
7439,1024,1024,1.0000,67.626,14.787,1,0.000,6926
7440,1024,1024,1.0000,66.168,15.113,1,0.000,6927
7441,1024,1024,1.0000,67.412,14.834,1,0.000,6928
7442,1024,1024,1.0000,66.343,15.073,1,0.000,6929
7443,1024,1024,1.0000,71.428,14.000,1,0.000,6930
7444,1024,1024,1.0000,65.927,15.168,1,0.000,6931
7445,1024,1024,1.0000,68.193,14.664,1,0.000,6932
7446,1024,1024,1.0000,67.194,14.882,1,0.000,6933
7447,1024,1024,1.0000,67.313,14.856,1,0.000,6934
7448,1024,1024,1.0000,66.882,14.952,1,0.000,6935
7449,1024,1024,1.0000,68.513,14.596,1,0.000,6936
7450,1024,1024,1.0000,83.004,12.048,1,0.000,6937
7451,1024,1024,1.0000,68.203,14.662,1,0.000,6938
7452,1024,1024,1.0000,66.578,15.020,1,0.000,6939
7453,1024,1024,1.0000,67.297,14.860,1,0.000,6940
7454,1024,1024,1.0000,67.387,14.840,1,0.000,6941
7455,1024,1024,1.0000,66.932,14.941,1,0.000,6942
7456,1024,1024,1.0000,66.651,15.004,1,0.000,6943
7457,1024,1024,1.0000,67.328,14.853,1,0.000,6944
7458,1024,1024,1.0000,67.134,14.896,1,0.000,6945
7459,1024,1024,1.0000,69.083,14.475,1,0.000,6946
7460,1024,1024,1.0000,67.486,14.818,1,0.000,6947
7461,1024,1024,1.0000,68.139,14.676,1,0.000,6948
7462,1024,1024,1.0000,65.786,15.201,1,0.000,6949
7463,1024,1024,1.0000,66.016,15.148,1,0.000,6950
7464,1024,1024,1.0000,70.731,14.138,1,0.000,6951
7465,1024,1024,1.0000,69.408,14.408,1,0.000,6952
7466,1024,1024,1.0000,66.989,14.928,1,0.000,6953
7467,1024,1024,1.0000,66.660,15.002,1,0.000,6954
7468,1024,1024,1.0000,65.950,15.163,1,0.000,6955
7469,1024,1024,1.0000,67.769,14.756,1,0.000,6956
7470,1024,1024,1.0000,66.012,15.149,1,0.000,6957
7471,1024,1024,1.0000,66.695,14.994,1,0.000,6958
7472,1024,1024,1.0000,69.280,14.434,1,0.000,6959
7473,1024,1024,1.0000,66.253,15.094,1,0.000,6960
7474,1024,1024,1.0000,71.034,14.078,1,0.000,6961
7475,1024,1024,1.0000,67.975,14.711,1,0.000,6962
7476,1024,1024,1.0000,65.740,15.211,1,0.000,6963
7477,1024,1024,1.0000,66.012,15.149,1,0.000,6964
7478,1024,1024,1.0000,67.054,14.913,1,0.000,6965
7479,1024,1024,1.0000,66.734,14.985,1,0.000,6966
7480,1024,1024,1.0000,75.802,13.192,1,0.000,6967
7481,1024,1024,1.0000,75.016,13.330,1,0.000,6968
7482,1024,1024,1.0000,67.359,14.846,1,0.000,6969
7483,1024,1024,1.0000,66.777,14.975,1,0.000,6970
7484,1024,1024,1.0000,66.351,15.071,1,0.000,6971
7485,1024,1024,1.0000,67.883,14.731,1,0.000,6972
7486,1024,1024,1.0000,66.701,14.992,1,0.000,6973
7487,1024,1024,1.0000,66.935,14.940,1,0.000,6974
7488,1024,1024,1.0000,74.260,13.466,1,0.000,6975
7489,1024,1024,1.0000,67.016,14.922,1,0.000,6976
7490,1024,1024,1.0000,65.537,15.259,1,0.000,6977
7491,1024,1024,1.0000,73.328,13.637,1,0.000,6978
7492,1024,1024,1.0000,68.669,14.563,1,0.000,6979
7493,1024,1024,1.0000,65.705,15.220,1,0.000,6980
7494,1024,1024,1.0000,68.272,14.647,1,0.000,6981
7495,1024,1024,1.0000,67.114,14.900,1,0.000,6982
7496,1024,1024,1.0000,67.532,14.808,1,0.000,6983
7497,1024,1024,1.0000,70.965,14.091,1,0.000,6984
7498,1024,1024,1.0000,67.942,14.718,1,0.000,6985
7499,1024,1024,1.0000,67.089,14.906,1,0.000,6986
7500,1024,1024,1.0000,67.430,14.830,1,0.000,6987
7501,1024,1024,1.0000,65.698,15.221,1,0.000,6988
7502,1024,1024,1.0000,65.954,15.162,1,0.000,6989
7503,1024,1024,1.0000,68.160,14.671,1,0.000,6990
7504,1024,1024,1.0000,67.792,14.751,1,0.000,6991
7505,1024,1024,1.0000,72.974,13.704,1,0.000,6992
7506,1024,1024,1.0000,66.723,14.987,1,0.000,6993
7507,1024,1024,1.0000,67.238,14.873,1,0.000,6994
7508,1024,1024,1.0000,66.559,15.024,1,0.000,6995
7509,1024,1024,1.0000,67.440,14.828,1,0.000,6996
7510,1024,1024,1.0000,70.516,14.181,1,0.000,6997
7511,1024,1024,1.0000,83.630,11.957,1,0.000,6998
7512,1024,1024,1.0000,66.795,14.971,1,0.000,6999
7513,1024,1024,1.0000,67.643,14.783,1,0.000,7000
7514,1024,1024,1.0000,68.904,14.513,1,0.000,7001
7515,1024,1024,1.0000,66.279,15.088,1,0.000,7002
7516,1024,1024,1.0000,67.950,14.717,1,0.000,7003
7517,1024,1024,1.0000,66.760,14.979,1,0.000,7004
7518,1024,1024,1.0000,69.143,14.463,1,0.000,7005
7519,1024,1024,1.0000,66.702,14.992,1,0.000,7006
7520,1024,1024,1.0000,67.285,14.862,1,0.000,7007
7521,1024,1024,1.0000,66.513,15.035,1,0.000,7008
7522,1024,1024,1.0000,67.029,14.919,1,0.000,7009
7523,1024,1024,1.0000,69.071,14.478,1,0.000,7010
7524,1024,1024,1.0000,67.170,14.888,1,0.000,7011
7525,1024,1024,1.0000,66.963,14.934,1,0.000,7012
7526,1024,1024,1.0000,66.475,15.043,1,0.000,7013
7527,1024,1024,1.0000,66.369,15.067,1,0.000,7014
7528,1024,1024,1.0000,67.759,14.758,1,0.000,7015
7529,1024,1024,1.0000,65.835,15.189,1,0.000,7016
7530,1024,1024,1.0000,67.223,14.876,1,0.000,7017
7531,1024,1024,1.0000,66.050,15.140,1,0.000,7018
7532,1024,1024,1.0000,67.939,14.719,1,0.000,7019
7533,1024,1024,1.0000,65.865,15.183,1,0.000,7020
7534,1024,1024,1.0000,66.565,15.023,1,0.000,7021
7535,1024,1024,1.0000,68.047,14.696,1,0.000,7022
7536,1024,1024,1.0000,70.983,14.088,1,0.000,7023
7537,1024,1024,1.0000,66.781,14.974,1,0.000,7024
7538,1024,1024,1.0000,66.753,14.981,1,0.000,7025
7539,1024,1024,1.0000,68.563,14.585,1,0.000,7026
7540,1024,1024,1.0000,67.062,14.912,1,0.000,7027
7541,1024,1024,1.0000,79.102,12.642,1,0.000,7028
7542,1024,1024,1.0000,75.725,13.206,1,0.000,7029
7543,1024,1024,1.0000,67.809,14.747,1,0.000,7030
7544,1024,1024,1.0000,67.975,14.711,1,0.000,7031
7545,1024,1024,1.0000,66.691,14.995,1,0.000,7032
7546,1024,1024,1.0000,66.634,15.007,1,0.000,7033
7547,1024,1024,1.0000,67.156,14.891,1,0.000,7034
7548,1024,1024,1.0000,66.629,15.008,1,0.000,7035
7549,1024,1024,1.0000,66.711,14.990,1,0.000,7036
7550,1024,1024,1.0000,68.398,14.620,1,0.000,7037
7551,1024,1024,1.0000,66.525,15.032,1,0.000,7038
7552,1024,1024,1.0000,67.519,14.811,1,0.000,7039
7553,1024,1024,1.0000,67.897,14.728,1,0.000,7040
7554,1024,1024,1.0000,66.490,15.040,1,0.000,7041
7555,1024,1024,1.0000,67.798,14.750,1,0.000,7042
7556,1024,1024,1.0000,66.891,14.950,1,0.000,7043
7557,1024,1024,1.0000,68.938,14.506,1,0.000,7044
7558,1024,1024,1.0000,68.145,14.675,1,0.000,7045
7559,1024,1024,1.0000,67.747,14.761,1,0.000,7046
7560,1024,1024,1.0000,67.355,14.847,1,0.000,7047
7561,1024,1024,1.0000,67.935,14.720,1,0.000,7048
7562,1024,1024,1.0000,67.473,14.821,1,0.000,7049
7563,1024,1024,1.0000,66.904,14.947,1,0.000,7050
7564,1024,1024,1.0000,66.885,14.951,1,0.000,7051
7565,1024,1024,1.0000,68.020,14.702,1,0.000,7052
7566,1024,1024,1.0000,66.466,15.045,1,0.000,7053
7567,1024,1024,1.0000,70.059,14.274,1,0.000,7054
7568,1024,1024,1.0000,68.307,14.640,1,0.000,7055
7569,1024,1024,1.0000,68.175,14.668,1,0.000,7056
7570,1024,1024,1.0000,68.357,14.629,1,0.000,7057
7571,1024,1024,1.0000,70.579,14.169,1,0.000,7058
7572,1024,1024,1.0000,80.229,12.464,1,0.000,7059
7573,1024,1024,1.0000,68.527,14.593,1,0.000,7060
7574,1024,1024,1.0000,66.734,14.985,1,0.000,7061
7575,1024,1024,1.0000,66.934,14.940,1,0.000,7062
7576,1024,1024,1.0000,66.172,15.112,1,0.000,7063
7577,1024,1024,1.0000,67.124,14.898,1,0.000,7064
7578,1024,1024,1.0000,67.156,14.891,1,0.000,7065
7579,1024,1024,1.0000,67.693,14.773,1,0.000,7066
7580,1024,1024,1.0000,66.261,15.092,1,0.000,7067
7581,1024,1024,1.0000,66.883,14.951,1,0.000,7068
7582,1024,1024,1.0000,68.536,14.591,1,0.000,7069
7583,1024,1024,1.0000,68.927,14.508,1,0.000,7070
7584,1024,1024,1.0000,65.546,15.256,1,0.000,7071
7585,1024,1024,1.0000,67.896,14.728,1,0.000,7072
7586,1024,1024,1.0000,67.061,14.912,1,0.000,7073
7587,1024,1024,1.0000,67.704,14.770,1,0.000,7074
7588,1024,1024,1.0000,67.403,14.836,1,0.000,7075
7589,1024,1024,1.0000,67.536,14.807,1,0.000,7076
7590,1024,1024,1.0000,67.155,14.891,1,0.000,7077
7591,1024,1024,1.0000,66.934,14.940,1,0.000,7078
7592,1024,1024,1.0000,66.613,15.012,1,0.000,7079
7593,1024,1024,1.0000,68.002,14.705,1,0.000,7080
7594,1024,1024,1.0000,66.762,14.979,1,0.000,7081
7595,1024,1024,1.0000,66.938,14.939,1,0.000,7082
7596,1024,1024,1.0000,67.189,14.883,1,0.000,7083
7597,1024,1024,1.0000,67.598,14.793,1,0.000,7084
7598,1024,1024,1.0000,68.208,14.661,1,0.000,7085
7599,1024,1024,1.0000,70.780,14.128,1,0.000,7086
7600,1024,1024,1.0000,78.734,12.701,1,0.000,7087
7601,1024,1024,1.0000,66.545,15.027,1,0.000,7088
7602,1024,1024,1.0000,78.488,12.741,1,0.000,7089
7603,1024,1024,1.0000,73.514,13.603,1,0.000,7090
7604,1024,1024,1.0000,69.929,14.300,1,0.000,7091
7605,1024,1024,1.0000,67.436,14.829,1,0.000,7092
7606,1024,1024,1.0000,67.345,14.849,1,0.000,7093
7607,1024,1024,1.0000,67.152,14.892,1,0.000,7094
7608,1024,1024,1.0000,67.012,14.923,1,0.000,7095
7609,1024,1024,1.0000,67.093,14.905,1,0.000,7096
7610,1024,1024,1.0000,67.091,14.905,1,0.000,7097
7611,1024,1024,1.0000,66.883,14.951,1,0.000,7098
7612,1024,1024,1.0000,67.713,14.768,1,0.000,7099
7613,1024,1024,1.0000,67.343,14.849,1,0.000,7100
7614,1024,1024,1.0000,70.506,14.183,1,0.000,7101
7615,1024,1024,1.0000,67.684,14.775,1,0.000,7102
7616,1024,1024,1.0000,66.099,15.129,1,0.000,7103
7617,1024,1024,1.0000,66.607,15.013,1,0.000,7104
7618,1024,1024,1.0000,68.187,14.666,1,0.000,7105
7619,1024,1024,1.0000,67.260,14.868,1,0.000,7106
7620,1024,1024,1.0000,65.679,15.226,1,0.000,7107
7621,1024,1024,1.0000,67.639,14.784,1,0.000,7108
7622,1024,1024,1.0000,65.943,15.165,1,0.000,7109
7623,1024,1024,1.0000,67.268,14.866,1,0.000,7110
7624,1024,1024,1.0000,65.762,15.206,1,0.000,7111
7625,1024,1024,1.0000,68.398,14.620,1,0.000,7112
7626,1024,1024,1.0000,66.325,15.077,1,0.000,7113
7627,1024,1024,1.0000,67.185,14.884,1,0.000,7114
7628,1024,1024,1.0000,66.010,15.149,1,0.000,7115
7629,1024,1024,1.0000,66.768,14.977,1,0.000,7116
7630,1024,1024,1.0000,70.996,14.085,1,0.000,7117
7631,1024,1024,1.0000,66.425,15.055,1,0.000,7118
7632,1024,1024,1.0000,69.790,14.329,1,0.000,7119
7633,1024,1024,1.0000,80.962,12.351,1,0.000,7120
7634,1024,1024,1.0000,68.734,14.549,1,0.000,7121
7635,1024,1024,1.0000,66.747,14.982,1,0.000,7122
7636,1024,1024,1.0000,66.858,14.957,1,0.000,7123
7637,1024,1024,1.0000,66.591,15.017,1,0.000,7124
7638,1024,1024,1.0000,67.769,14.756,1,0.000,7125
7639,1024,1024,1.0000,66.691,14.995,1,0.000,7126
7640,1024,1024,1.0000,66.427,15.054,1,0.000,7127
7641,1024,1024,1.0000,67.428,14.831,1,0.000,7128
7642,1024,1024,1.0000,66.293,15.085,1,0.000,7129
7643,1024,1024,1.0000,70.139,14.257,1,0.000,7130
7644,1024,1024,1.0000,66.433,15.053,1,0.000,7131
7645,1024,1024,1.0000,68.339,14.633,1,0.000,7132
7646,1024,1024,1.0000,67.319,14.855,1,0.000,7133
7647,1024,1024,1.0000,66.745,14.982,1,0.000,7134
7648,1024,1024,1.0000,67.944,14.718,1,0.000,7135
7649,1024,1024,1.0000,66.703,14.992,1,0.000,7136
7650,1024,1024,1.0000,67.165,14.889,1,0.000,7137
7651,1024,1024,1.0000,67.100,14.903,1,0.000,7138
7652,1024,1024,1.0000,66.614,15.012,1,0.000,7139
7653,1024,1024,1.0000,67.069,14.910,1,0.000,7140
7654,1024,1024,1.0000,66.148,15.118,1,0.000,7141
7655,1024,1024,1.0000,66.315,15.080,1,0.000,7142
7656,1024,1024,1.0000,68.335,14.634,1,0.000,7143
7657,1024,1024,1.0000,67.198,14.881,1,0.000,7144
7658,1024,1024,1.0000,66.680,14.997,1,0.000,7145
7659,1024,1024,1.0000,66.913,14.945,1,0.000,7146
7660,1024,1024,1.0000,66.877,14.953,1,0.000,7147
7661,1024,1024,1.0000,70.769,14.130,1,0.000,7148
7662,1024,1024,1.0000,67.723,14.766,1,0.000,7149
7663,1024,1024,1.0000,76.940,12.997,1,0.000,7150
7664,1024,1024,1.0000,76.381,13.092,1,0.000,7151
7665,1024,1024,1.0000,67.216,14.877,1,0.000,7152
7666,1024,1024,1.0000,66.079,15.133,1,0.000,7153
7667,1024,1024,1.0000,68.307,14.640,1,0.000,7154
7668,1024,1024,1.0000,68.296,14.642,1,0.000,7155
7669,1024,1024,1.0000,67.462,14.823,1,0.000,7156
7670,1024,1024,1.0000,68.101,14.684,1,0.000,7157
7671,1024,1024,1.0000,68.117,14.681,1,0.000,7158
7672,1024,1024,1.0000,67.058,14.912,1,0.000,7159
7673,1024,1024,1.0000,67.762,14.758,1,0.000,7160
7674,1024,1024,1.0000,66.398,15.061,1,0.000,7161
7675,1024,1024,1.0000,67.871,14.734,1,0.000,7162
7676,1024,1024,1.0000,67.134,14.896,1,0.000,7163
7677,1024,1024,1.0000,66.734,14.985,1,0.000,7164
7678,1024,1024,1.0000,66.951,14.936,1,0.000,7165
7679,1024,1024,1.0000,68.080,14.689,1,0.000,7166
7680,1024,1024,1.0000,66.673,14.999,1,0.000,7167
7681,1024,1024,1.0000,68.378,14.625,1,0.000,7168
7682,1024,1024,1.0000,69.675,14.352,1,0.000,7169
7683,1024,1024,1.0000,69.075,14.477,1,0.000,7170
7684,1024,1024,1.0000,67.879,14.732,1,0.000,7171
7685,1024,1024,1.0000,70.086,14.268,1,0.000,7172
7686,1024,1024,1.0000,67.393,14.838,1,0.000,7173
7687,1024,1024,1.0000,68.880,14.518,1,0.000,7174
7688,1024,1024,1.0000,68.923,14.509,1,0.000,7175
7689,1024,1024,1.0000,71.084,14.068,1,0.000,7176
7690,1024,1024,1.0000,67.699,14.771,1,0.000,7177
7691,1024,1024,1.0000,70.763,14.132,1,0.000,7178
7692,1024,1024,1.0000,74.287,13.461,1,0.000,7179
7693,1024,1024,1.0000,76.908,13.003,1,0.000,7180
7694,1024,1024,1.0000,79.756,12.538,1,0.000,7181
7695,1024,1024,1.0000,69.964,14.293,1,0.000,7182
7696,1024,1024,1.0000,69.293,14.431,1,0.000,7183
7697,1024,1024,1.0000,69.644,14.359,1,0.000,7184
7698,1024,1024,1.0000,67.193,14.883,1,0.000,7185
7699,1024,1024,1.0000,68.589,14.580,1,0.000,7186
7700,1024,1024,1.0000,67.479,14.819,1,0.000,7187
7701,1024,1024,1.0000,67.971,14.712,1,0.000,7188
7702,1024,1024,1.0000,67.947,14.717,1,0.000,7189
7703,1024,1024,1.0000,68.439,14.612,1,0.000,7190
7704,1024,1024,1.0000,68.055,14.694,1,0.000,7191
7705,1024,1024,1.0000,67.777,14.754,1,0.000,7192
7706,1024,1024,1.0000,67.045,14.915,1,0.000,7193
7707,1024,1024,1.0000,69.736,14.340,1,0.000,7194
7708,1024,1024,1.0000,67.509,14.813,1,0.000,7195
7709,1024,1024,1.0000,68.377,14.625,1,0.000,7196
7710,1024,1024,1.0000,70.220,14.241,1,0.000,7197
7711,1024,1024,1.0000,69.323,14.425,1,0.000,7198
7712,1024,1024,1.0000,68.293,14.643,1,0.000,7199
7713,1024,1024,1.0000,69.754,14.336,1,0.000,7200
7714,1024,1024,1.0000,68.658,14.565,1,0.000,7201
7715,1024,1024,1.0000,70.750,14.134,1,0.000,7202
7716,1024,1024,1.0000,73.609,13.585,1,0.000,7203
7717,1024,1024,1.0000,67.430,14.830,1,0.000,7204
7718,1024,1024,1.0000,69.639,14.360,1,0.000,7205
7719,1024,1024,1.0000,67.530,14.808,1,0.000,7206
7720,1024,1024,1.0000,69.073,14.477,1,0.000,7207
7721,1024,1024,1.0000,69.227,14.445,1,0.000,7208
7722,1024,1024,1.0000,71.312,14.023,1,0.000,7209
7723,1024,1024,1.0000,77.945,12.830,1,0.000,7210
7724,1024,1024,1.0000,79.239,12.620,1,0.000,7211
7725,1024,1024,1.0000,69.401,14.409,1,0.000,7212
7726,1024,1024,1.0000,68.226,14.657,1,0.000,7213
7727,1024,1024,1.0000,67.493,14.816,1,0.000,7214
7728,1024,1024,1.0000,68.369,14.627,1,0.000,7215
7729,1024,1024,1.0000,68.999,14.493,1,0.000,7216
7730,1024,1024,1.0000,68.184,14.666,1,0.000,7217
7731,1024,1024,1.0000,69.174,14.456,1,0.000,7218
7732,1024,1024,1.0000,67.626,14.787,1,0.000,7219
7733,1024,1024,1.0000,68.831,14.528,1,0.000,7220
7734,1024,1024,1.0000,69.265,14.437,1,0.000,7221
7735,1024,1024,1.0000,67.690,14.773,1,0.000,7222
7736,1024,1024,1.0000,68.553,14.587,1,0.000,7223
7737,1024,1024,1.0000,69.194,14.452,1,0.000,7224
7738,1024,1024,1.0000,70.466,14.191,1,0.000,7225
7739,1024,1024,1.0000,70.675,14.149,1,0.000,7226
7740,1024,1024,1.0000,69.700,14.347,1,0.000,7227
7741,1024,1024,1.0000,68.144,14.675,1,0.000,7228
7742,1024,1024,1.0000,68.363,14.628,1,0.000,7229
7743,1024,1024,1.0000,69.992,14.287,1,0.000,7230
7744,1024,1024,1.0000,67.060,14.912,1,0.000,7231
7745,1024,1024,1.0000,69.735,14.340,1,0.000,7232
7746,1024,1024,1.0000,68.154,14.673,1,0.000,7233
7747,1024,1024,1.0000,71.029,14.079,1,0.000,7234
7748,1024,1024,1.0000,67.881,14.732,1,0.000,7235
7749,1024,1024,1.0000,68.236,14.655,1,0.000,7236
7750,1024,1024,1.0000,67.058,14.912,1,0.000,7237
7751,1024,1024,1.0000,68.511,14.596,1,0.000,7238
7752,1024,1024,1.0000,69.831,14.320,1,0.000,7239
7753,1024,1024,1.0000,83.124,12.030,1,0.000,7240
7754,1024,1024,1.0000,76.409,13.087,1,0.000,7241
7755,1024,1024,1.0000,71.068,14.071,1,0.000,7242
7756,1024,1024,1.0000,68.583,14.581,1,0.000,7243
7757,1024,1024,1.0000,69.576,14.373,1,0.000,7244
7758,1024,1024,1.0000,67.329,14.852,1,0.000,7245
7759,1024,1024,1.0000,68.117,14.681,1,0.000,7246
7760,1024,1024,1.0000,69.169,14.457,1,0.000,7247
7761,1024,1024,1.0000,68.652,14.566,1,0.000,7248
7762,1024,1024,1.0000,69.056,14.481,1,0.000,7249
7763,1024,1024,1.0000,69.017,14.489,1,0.000,7250
7764,1024,1024,1.0000,68.300,14.641,1,0.000,7251
7765,1024,1024,1.0000,68.371,14.626,1,0.000,7252
7766,1024,1024,1.0000,68.972,14.499,1,0.000,7253
7767,1024,1024,1.0000,68.230,14.656,1,0.000,7254
7768,1024,1024,1.0000,69.773,14.332,1,0.000,7255
7769,1024,1024,1.0000,67.454,14.825,1,0.000,7256
7770,1024,1024,1.0000,69.180,14.455,1,0.000,7257
7771,1024,1024,1.0000,70.091,14.267,1,0.000,7258
7772,1024,1024,1.0000,69.487,14.391,1,0.000,7259
7773,1024,1024,1.0000,68.375,14.625,1,0.000,7260
7774,1024,1024,1.0000,72.626,13.769,1,0.000,7261
7775,1024,1024,1.0000,67.946,14.718,1,0.000,7262
7776,1024,1024,1.0000,68.079,14.689,1,0.000,7263
7777,1024,1024,1.0000,69.943,14.297,1,0.000,7264
7778,1024,1024,1.0000,66.679,14.997,1,0.000,7265
7779,1024,1024,1.0000,69.352,14.419,1,0.000,7266
7780,1024,1024,1.0000,70.463,14.192,1,0.000,7267
7781,1024,1024,1.0000,69.014,14.490,1,0.000,7268
7782,1024,1024,1.0000,67.186,14.884,1,0.000,7269
7783,1024,1024,1.0000,81.928,12.206,1,0.000,7270
7784,1024,1024,1.0000,74.113,13.493,1,0.000,7271
7785,1024,1024,1.0000,70.861,14.112,1,0.000,7272
7786,1024,1024,1.0000,69.068,14.478,1,0.000,7273
7787,1024,1024,1.0000,69.391,14.411,1,0.000,7274
7788,1024,1024,1.0000,71.172,14.050,1,0.000,7275
7789,1024,1024,1.0000,70.152,14.255,1,0.000,7276
7790,1024,1024,1.0000,70.168,14.252,1,0.000,7277
7791,1024,1024,1.0000,69.929,14.300,1,0.000,7278
7792,1024,1024,1.0000,67.814,14.746,1,0.000,7279
7793,1024,1024,1.0000,70.647,14.155,1,0.000,7280
7794,1024,1024,1.0000,68.296,14.642,1,0.000,7281
7795,1024,1024,1.0000,70.350,14.215,1,0.000,7282
7796,1024,1024,1.0000,68.782,14.539,1,0.000,7283
7797,1024,1024,1.0000,68.702,14.556,1,0.000,7284
7798,1024,1024,1.0000,70.717,14.141,1,0.000,7285
7799,1024,1024,1.0000,68.429,14.614,1,0.000,7286
7800,1024,1024,1.0000,68.128,14.678,1,0.000,7287
7801,1024,1024,1.0000,67.481,14.819,1,0.000,7288
7802,1024,1024,1.0000,72.942,13.710,1,0.000,7289
7803,1024,1024,1.0000,69.095,14.473,1,0.000,7290
7804,1024,1024,1.0000,70.317,14.221,1,0.000,7291
7805,1024,1024,1.0000,67.844,14.740,1,0.000,7292
7806,1024,1024,1.0000,69.666,14.354,1,0.000,7293
7807,1024,1024,1.0000,70.252,14.234,1,0.000,7294
7808,1024,1024,1.0000,67.867,14.735,1,0.000,7295
7809,1024,1024,1.0000,70.148,14.256,1,0.000,7296
7810,1024,1024,1.0000,69.484,14.392,1,0.000,7297
7811,1024,1024,1.0000,69.810,14.325,1,0.000,7298
7812,1024,1024,1.0000,67.155,14.891,1,0.000,7299
7813,1024,1024,1.0000,83.772,11.937,1,0.000,7300
7814,1024,1024,1.0000,71.695,13.948,1,0.000,7301
7815,1024,1024,1.0000,68.370,14.626,1,0.000,7302
7816,1024,1024,1.0000,69.950,14.296,1,0.000,7303
7817,1024,1024,1.0000,68.501,14.598,1,0.000,7304
7818,1024,1024,1.0000,70.462,14.192,1,0.000,7305
7819,1024,1024,1.0000,70.093,14.267,1,0.000,7306
7820,1024,1024,1.0000,69.806,14.325,1,0.000,7307
7821,1024,1024,1.0000,68.082,14.688,1,0.000,7308
7822,1024,1024,1.0000,68.732,14.549,1,0.000,7309
7823,1024,1024,1.0000,67.479,14.819,1,0.000,7310
7824,1024,1024,1.0000,68.792,14.537,1,0.000,7311
7825,1024,1024,1.0000,69.064,14.479,1,0.000,7312
7826,1024,1024,1.0000,68.761,14.543,1,0.000,7313
7827,1024,1024,1.0000,69.335,14.423,1,0.000,7314
7828,1024,1024,1.0000,69.788,14.329,1,0.000,7315
7829,1024,1024,1.0000,70.249,14.235,1,0.000,7316
7830,1024,1024,1.0000,69.553,14.378,1,0.000,7317
7831,1024,1024,1.0000,72.320,13.827,1,0.000,7318
7832,1024,1024,1.0000,69.190,14.453,1,0.000,7319
7833,1024,1024,1.0000,68.820,14.531,1,0.000,7320
7834,1024,1024,1.0000,69.787,14.329,1,0.000,7321
7835,1024,1024,1.0000,71.436,13.999,1,0.000,7322
7836,1024,1024,1.0000,70.028,14.280,1,0.000,7323
7837,1024,1024,1.0000,68.949,14.503,1,0.000,7324
7838,1024,1024,1.0000,66.785,14.973,1,0.000,7325
7839,1024,1024,1.0000,71.179,14.049,1,0.000,7326
7840,1024,1024,1.0000,68.905,14.513,1,0.000,7327
7841,1024,1024,1.0000,68.726,14.551,1,0.000,7328
7842,1024,1024,1.0000,73.045,13.690,1,0.000,7329
7843,1024,1024,1.0000,81.945,12.203,1,0.000,7330
7844,1024,1024,1.0000,72.894,13.719,1,0.000,7331
7845,1024,1024,1.0000,69.543,14.380,1,0.000,7332
7846,1024,1024,1.0000,69.567,14.375,1,0.000,7333
7847,1024,1024,1.0000,68.966,14.500,1,0.000,7334
7848,1024,1024,1.0000,68.133,14.677,1,0.000,7335
7849,1024,1024,1.0000,71.132,14.058,1,0.000,7336
7850,1024,1024,1.0000,67.871,14.734,1,0.000,7337
7851,1024,1024,1.0000,68.293,14.643,1,0.000,7338
7852,1024,1024,1.0000,70.204,14.244,1,0.000,7339
7853,1024,1024,1.0000,73.527,13.600,1,0.000,7340
7854,1024,1024,1.0000,69.223,14.446,1,0.000,7341
7855,1024,1024,1.0000,67.888,14.730,1,0.000,7342
7856,1024,1024,1.0000,69.057,14.481,1,0.000,7343
7857,1024,1024,1.0000,69.128,14.466,1,0.000,7344
7858,1024,1024,1.0000,68.216,14.659,1,0.000,7345
7859,1024,1024,1.0000,69.626,14.362,1,0.000,7346
7860,1024,1024,1.0000,70.490,14.186,1,0.000,7347
7861,1024,1024,1.0000,68.732,14.549,1,0.000,7348
7862,1024,1024,1.0000,68.236,14.655,1,0.000,7349
7863,1024,1024,1.0000,71.785,13.930,1,0.000,7350
7864,1024,1024,1.0000,69.714,14.344,1,0.000,7351
7865,1024,1024,1.0000,70.216,14.242,1,0.000,7352
7866,1024,1024,1.0000,68.803,14.534,1,0.000,7353
7867,1024,1024,1.0000,76.791,13.022,1,0.000,7354
7868,1024,1024,1.0000,68.719,14.552,1,0.000,7355
7869,1024,1024,1.0000,69.786,14.330,1,0.000,7356
7870,1024,1024,1.0000,69.014,14.490,1,0.000,7357
7871,1024,1024,1.0000,70.688,14.147,1,0.000,7358
7872,1024,1024,1.0000,80.297,12.454,1,0.000,7359
7873,1024,1024,1.0000,74.293,13.460,1,0.000,7360
7874,1024,1024,1.0000,72.658,13.763,1,0.000,7361
7875,1024,1024,1.0000,70.983,14.088,1,0.000,7362
7876,1024,1024,1.0000,68.189,14.665,1,0.000,7363
7877,1024,1024,1.0000,78.815,12.688,1,0.000,7364
7878,1024,1024,1.0000,67.302,14.858,1,0.000,7365
7879,1024,1024,1.0000,68.731,14.549,1,0.000,7366
7880,1024,1024,1.0000,69.973,14.291,1,0.000,7367
7881,1024,1024,1.0000,68.692,14.558,1,0.000,7368
7882,1024,1024,1.0000,68.182,14.667,1,0.000,7369
7883,1024,1024,1.0000,69.880,14.310,1,0.000,7370
7884,1024,1024,1.0000,68.920,14.510,1,0.000,7371
7885,1024,1024,1.0000,69.111,14.469,1,0.000,7372
7886,1024,1024,1.0000,69.251,14.440,1,0.000,7373
7887,1024,1024,1.0000,70.066,14.272,1,0.000,7374
7888,1024,1024,1.0000,68.424,14.615,1,0.000,7375
7889,1024,1024,1.0000,68.435,14.612,1,0.000,7376
7890,1024,1024,1.0000,69.721,14.343,1,0.000,7377
7891,1024,1024,1.0000,68.888,14.516,1,0.000,7378
7892,1024,1024,1.0000,68.129,14.678,1,0.000,7379
7893,1024,1024,1.0000,70.492,14.186,1,0.000,7380
7894,1024,1024,1.0000,69.874,14.311,1,0.000,7381
7895,1024,1024,1.0000,68.887,14.517,1,0.000,7382
7896,1024,1024,1.0000,74.248,13.468,1,0.000,7383
7897,1024,1024,1.0000,70.438,14.197,1,0.000,7384
7898,1024,1024,1.0000,70.360,14.213,1,0.000,7385
7899,1024,1024,1.0000,70.615,14.161,1,0.000,7386
7900,1024,1024,1.0000,69.558,14.376,1,0.000,7387
7901,1024,1024,1.0000,71.038,14.077,1,0.000,7388
7902,1024,1024,1.0000,83.409,11.989,1,0.000,7389
7903,1024,1024,1.0000,70.646,14.155,1,0.000,7390
7904,1024,1024,1.0000,72.703,13.755,1,0.000,7391
7905,1024,1024,1.0000,67.898,14.728,1,0.000,7392
7906,1024,1024,1.0000,67.942,14.718,1,0.000,7393
7907,1024,1024,1.0000,70.117,14.262,1,0.000,7394
7908,1024,1024,1.0000,68.874,14.519,1,0.000,7395
7909,1024,1024,1.0000,68.139,14.676,1,0.000,7396
7910,1024,1024,1.0000,69.514,14.386,1,0.000,7397
7911,1024,1024,1.0000,69.386,14.412,1,0.000,7398
7912,1024,1024,1.0000,70.418,14.201,1,0.000,7399
7913,1024,1024,1.0000,68.734,14.549,1,0.000,7400
7914,1024,1024,1.0000,68.863,14.522,1,0.000,7401
7915,1024,1024,1.0000,67.624,14.788,1,0.000,7402
7916,1024,1024,1.0000,69.618,14.364,1,0.000,7403
7917,1024,1024,1.0000,68.996,14.494,1,0.000,7404
7918,1024,1024,1.0000,68.797,14.536,1,0.000,7405
7919,1024,1024,1.0000,69.750,14.337,1,0.000,7406
7920,1024,1024,1.0000,68.376,14.625,1,0.000,7407
7921,1024,1024,1.0000,69.262,14.438,1,0.000,7408
7922,1024,1024,1.0000,67.616,14.789,1,0.000,7409
7923,1024,1024,1.0000,69.429,14.403,1,0.000,7410
7924,1024,1024,1.0000,69.737,14.340,1,0.000,7411
7925,1024,1024,1.0000,69.599,14.368,1,0.000,7412
7926,1024,1024,1.0000,71.624,13.962,1,0.000,7413
7927,1024,1024,1.0000,67.339,14.850,1,0.000,7414
7928,1024,1024,1.0000,69.848,14.317,1,0.000,7415
7929,1024,1024,1.0000,70.101,14.265,1,0.000,7416
7930,1024,1024,1.0000,73.725,13.564,1,0.000,7417
7931,1024,1024,1.0000,76.102,13.140,1,0.000,7418
7932,1024,1024,1.0000,77.736,12.864,1,0.000,7419
7933,1024,1024,1.0000,69.659,14.356,1,0.000,7420
7934,1024,1024,1.0000,74.354,13.449,1,0.000,7421
7935,1024,1024,1.0000,68.666,14.563,1,0.000,7422
7936,1024,1024,1.0000,68.770,14.541,1,0.000,7423
7937,1024,1024,1.0000,67.892,14.729,1,0.000,7424
7938,1024,1024,1.0000,80.593,12.408,1,0.000,7425
7939,1024,1024,1.0000,74.052,13.504,1,0.000,7426
7940,1024,1024,1.0000,70.596,14.165,1,0.000,7427
7941,1024,1024,1.0000,72.511,13.791,1,0.000,7428
7942,1024,1024,1.0000,73.575,13.592,1,0.000,7429
7943,1024,1024,1.0000,68.732,14.549,1,0.000,7430
7944,1024,1024,1.0000,73.069,13.686,1,0.000,7431
7945,1024,1024,1.0000,73.167,13.667,1,0.000,7432
7946,1024,1024,1.0000,72.457,13.801,1,0.000,7433
7947,1024,1024,1.0000,71.326,14.020,1,0.000,7434
7948,1024,1024,1.0000,72.026,13.884,1,0.000,7435
7949,1024,1024,1.0000,72.154,13.859,1,0.000,7436
7950,1024,1024,1.0000,72.479,13.797,1,0.000,7437
7951,1024,1024,1.0000,73.413,13.622,1,0.000,7438
7952,1024,1024,1.0000,70.550,14.174,1,0.000,7439
7953,1024,1024,1.0000,70.269,14.231,1,0.000,7440
7954,1024,1024,1.0000,69.442,14.401,1,0.000,7441
7955,1024,1024,1.0000,70.538,14.177,1,0.000,7442
7956,1024,1024,1.0000,72.093,13.871,1,0.000,7443
7957,1024,1024,1.0000,71.434,13.999,1,0.000,7444
7958,1024,1024,1.0000,72.003,13.888,1,0.000,7445
7959,1024,1024,1.0000,73.556,13.595,1,0.000,7446
7960,1024,1024,1.0000,82.480,12.124,1,0.000,7447
7961,1024,1024,1.0000,77.177,12.957,1,0.000,7448
7962,1024,1024,1.0000,71.345,14.016,1,0.000,7449
7963,1024,1024,1.0000,71.722,13.943,1,0.000,7450
7964,1024,1024,1.0000,72.783,13.739,1,0.000,7451
7965,1024,1024,1.0000,72.740,13.748,1,0.000,7452
7966,1024,1024,1.0000,69.379,14.414,1,0.000,7453
7967,1024,1024,1.0000,73.601,13.587,1,0.000,7454
7968,1024,1024,1.0000,69.337,14.422,1,0.000,7455
7969,1024,1024,1.0000,71.479,13.990,1,0.000,7456
7970,1024,1024,1.0000,71.592,13.968,1,0.000,7457
7971,1024,1024,1.0000,72.043,13.881,1,0.000,7458
7972,1024,1024,1.0000,69.668,14.354,1,0.000,7459
7973,1024,1024,1.0000,70.807,14.123,1,0.000,7460
7974,1024,1024,1.0000,72.353,13.821,1,0.000,7461
7975,1024,1024,1.0000,72.543,13.785,1,0.000,7462
7976,1024,1024,1.0000,71.236,14.038,1,0.000,7463
7977,1024,1024,1.0000,71.373,14.011,1,0.000,7464
7978,1024,1024,1.0000,71.499,13.986,1,0.000,7465
7979,1024,1024,1.0000,71.960,13.897,1,0.000,7466
7980,1024,1024,1.0000,72.492,13.795,1,0.000,7467
7981,1024,1024,1.0000,73.166,13.668,1,0.000,7468
7982,1024,1024,1.0000,70.133,14.259,1,0.000,7469
7983,1024,1024,1.0000,71.818,13.924,1,0.000,7470
7984,1024,1024,1.0000,69.428,14.403,1,0.000,7471
7985,1024,1024,1.0000,71.164,14.052,1,0.000,7472
7986,1024,1024,1.0000,74.596,13.406,1,0.000,7473
7987,1024,1024,1.0000,72.472,13.798,1,0.000,7474
7988,1024,1024,1.0000,70.133,14.259,1,0.000,7475
7989,1024,1024,1.0000,88.872,11.252,1,0.000,7476
7990,1024,1024,1.0000,74.447,13.432,1,0.000,7477
7991,1024,1024,1.0000,74.078,13.499,1,0.000,7478
7992,1024,1024,1.0000,71.710,13.945,1,0.000,7479
7993,1024,1024,1.0000,77.067,12.976,1,0.000,7480
7994,1024,1024,1.0000,70.096,14.266,1,0.000,7481
7995,1024,1024,1.0000,73.066,13.686,1,0.000,7482
7996,1024,1024,1.0000,69.626,14.362,1,0.000,7483
7997,1024,1024,1.0000,72.155,13.859,1,0.000,7484
7998,1024,1024,1.0000,69.917,14.303,1,0.000,7485
7999,1024,1024,1.0000,72.039,13.881,1,0.000,7486
8000,1024,1024,1.0000,71.430,14.000,1,0.000,7487
8001,1024,1024,1.0000,71.123,14.060,1,0.000,7488
8002,1024,1024,1.0000,71.294,14.026,1,0.000,7489
8003,1024,1024,1.0000,72.929,13.712,1,0.000,7490
8004,1024,1024,1.0000,70.543,14.176,1,0.000,7491
8005,1024,1024,1.0000,69.887,14.309,1,0.000,7492
8006,1024,1024,1.0000,70.174,14.250,1,0.000,7493
8007,1024,1024,1.0000,72.490,13.795,1,0.000,7494
8008,1024,1024,1.0000,71.470,13.992,1,0.000,7495
8009,1024,1024,1.0000,72.117,13.866,1,0.000,7496
8010,1024,1024,1.0000,71.129,14.059,1,0.000,7497
8011,1024,1024,1.0000,71.190,14.047,1,0.000,7498
8012,1024,1024,1.0000,71.580,13.970,1,0.000,7499
8013,1024,1024,1.0000,71.343,14.017,1,0.000,7500
8014,1024,1024,1.0000,72.586,13.777,1,0.000,7501
8015,1024,1024,1.0000,70.157,14.254,1,0.000,7502
8016,1024,1024,1.0000,71.946,13.899,1,0.000,7503
8017,1024,1024,1.0000,77.005,12.986,1,0.000,7504
8018,1024,1024,1.0000,80.413,12.436,1,0.000,7505
8019,1024,1024,1.0000,72.385,13.815,1,0.000,7506
8020,1024,1024,1.0000,73.178,13.665,1,0.000,7507
8021,1024,1024,1.0000,71.172,14.050,1,0.000,7508
8022,1024,1024,1.0000,73.995,13.514,1,0.000,7509
8023,1024,1024,1.0000,69.436,14.402,1,0.000,7510
8024,1024,1024,1.0000,71.595,13.967,1,0.000,7511
8025,1024,1024,1.0000,71.353,14.015,1,0.000,7512
8026,1024,1024,1.0000,70.437,14.197,1,0.000,7513
8027,1024,1024,1.0000,70.600,14.164,1,0.000,7514
8028,1024,1024,1.0000,73.104,13.679,1,0.000,7515
8029,1024,1024,1.0000,72.268,13.837,1,0.000,7516
8030,1024,1024,1.0000,70.432,14.198,1,0.000,7517
8031,1024,1024,1.0000,72.190,13.852,1,0.000,7518
8032,1024,1024,1.0000,68.706,14.555,1,0.000,7519
8033,1024,1024,1.0000,70.916,14.101,1,0.000,7520
8034,1024,1024,1.0000,71.994,13.890,1,0.000,7521
8035,1024,1024,1.0000,69.785,14.330,1,0.000,7522
8036,1024,1024,1.0000,69.895,14.307,1,0.000,7523
8037,1024,1024,1.0000,69.673,14.353,1,0.000,7524
8038,1024,1024,1.0000,70.212,14.243,1,0.000,7525
8039,1024,1024,1.0000,73.673,13.573,1,0.000,7526
8040,1024,1024,1.0000,70.479,14.189,1,0.000,7527
8041,1024,1024,1.0000,70.319,14.221,1,0.000,7528
8042,1024,1024,1.0000,71.420,14.002,1,0.000,7529
8043,1024,1024,1.0000,71.723,13.943,1,0.000,7530
8044,1024,1024,1.0000,68.818,14.531,1,0.000,7531
8045,1024,1024,1.0000,70.364,14.212,1,0.000,7532
8046,1024,1024,1.0000,77.679,12.873,1,0.000,7533
8047,1024,1024,1.0000,83.874,11.923,1,0.000,7534
8048,1024,1024,1.0000,73.656,13.577,1,0.000,7535
8049,1024,1024,1.0000,70.331,14.218,1,0.000,7536
8050,1024,1024,1.0000,70.386,14.207,1,0.000,7537
8051,1024,1024,1.0000,71.981,13.893,1,0.000,7538
8052,1024,1024,1.0000,73.600,13.587,1,0.000,7539
8053,1024,1024,1.0000,72.648,13.765,1,0.000,7540
8054,1024,1024,1.0000,69.014,14.490,1,0.000,7541
8055,1024,1024,1.0000,71.979,13.893,1,0.000,7542
8056,1024,1024,1.0000,69.786,14.330,1,0.000,7543
8057,1024,1024,1.0000,72.549,13.784,1,0.000,7544
8058,1024,1024,1.0000,70.095,14.266,1,0.000,7545
8059,1024,1024,1.0000,70.790,14.126,1,0.000,7546
8060,1024,1024,1.0000,70.352,14.214,1,0.000,7547
8061,1024,1024,1.0000,70.974,14.090,1,0.000,7548
8062,1024,1024,1.0000,72.511,13.791,1,0.000,7549
8063,1024,1024,1.0000,71.350,14.015,1,0.000,7550
8064,1024,1024,1.0000,73.853,13.540,1,0.000,7551
8065,1024,1024,1.0000,71.703,13.946,1,0.000,7552
8066,1024,1024,1.0000,70.904,14.104,1,0.000,7553
8067,1024,1024,1.0000,72.705,13.754,1,0.000,7554
8068,1024,1024,1.0000,71.263,14.033,1,0.000,7555
8069,1024,1024,1.0000,72.468,13.799,1,0.000,7556
8070,1024,1024,1.0000,72.136,13.863,1,0.000,7557
8071,1024,1024,1.0000,70.646,14.155,1,0.000,7558
8072,1024,1024,1.0000,70.976,14.089,1,0.000,7559
8073,1024,1024,1.0000,71.545,13.977,1,0.000,7560
8074,1024,1024,1.0000,71.550,13.976,1,0.000,7561
8075,1024,1024,1.0000,77.826,12.849,1,0.000,7562
8076,1024,1024,1.0000,80.958,12.352,1,0.000,7563
8077,1024,1024,1.0000,72.254,13.840,1,0.000,7564
8078,1024,1024,1.0000,71.801,13.927,1,0.000,7565
8079,1024,1024,1.0000,71.318,14.022,1,0.000,7566
8080,1024,1024,1.0000,72.883,13.721,1,0.000,7567
8081,1024,1024,1.0000,73.969,13.519,1,0.000,7568
8082,1024,1024,1.0000,73.219,13.658,1,0.000,7569
8083,1024,1024,1.0000,72.345,13.823,1,0.000,7570
8084,1024,1024,1.0000,71.342,14.017,1,0.000,7571
8085,1024,1024,1.0000,71.875,13.913,1,0.000,7572
8086,1024,1024,1.0000,71.724,13.942,1,0.000,7573
8087,1024,1024,1.0000,71.635,13.960,1,0.000,7574
8088,1024,1024,1.0000,73.320,13.639,1,0.000,7575
8089,1024,1024,1.0000,69.981,14.290,1,0.000,7576
8090,1024,1024,1.0000,72.928,13.712,1,0.000,7577
8091,1024,1024,1.0000,71.103,14.064,1,0.000,7578
8092,1024,1024,1.0000,70.154,14.254,1,0.000,7579
8093,1024,1024,1.0000,70.508,14.183,1,0.000,7580
8094,1024,1024,1.0000,72.300,13.831,1,0.000,7581
8095,1024,1024,1.0000,71.761,13.935,1,0.000,7582
8096,1024,1024,1.0000,70.481,14.188,1,0.000,7583
8097,1024,1024,1.0000,73.668,13.574,1,0.000,7584
8098,1024,1024,1.0000,74.450,13.432,1,0.000,7585
8099,1024,1024,1.0000,69.265,14.437,1,0.000,7586
8100,1024,1024,1.0000,71.208,14.043,1,0.000,7587
8101,1024,1024,1.0000,72.238,13.843,1,0.000,7588
8102,1024,1024,1.0000,69.794,14.328,1,0.000,7589
8103,1024,1024,1.0000,71.304,14.024,1,0.000,7590
8104,1024,1024,1.0000,83.173,12.023,1,0.000,7591
8105,1024,1024,1.0000,77.730,12.865,1,0.000,7592
8106,1024,1024,1.0000,70.632,14.158,1,0.000,7593
8107,1024,1024,1.0000,71.674,13.952,1,0.000,7594
8108,1024,1024,1.0000,72.941,13.710,1,0.000,7595
8109,1024,1024,1.0000,71.743,13.939,1,0.000,7596
8110,1024,1024,1.0000,75.896,13.176,1,0.000,7597
8111,1024,1024,1.0000,81.219,12.312,1,0.000,7598
8112,1024,1024,1.0000,72.755,13.745,1,0.000,7599
8113,1024,1024,1.0000,73.495,13.606,1,0.000,7600
8114,1024,1024,1.0000,70.696,14.145,1,0.000,7601
8115,1024,1024,1.0000,77.157,12.961,1,0.000,7602
8116,1024,1024,1.0000,85.693,11.670,1,0.000,7603
8117,1024,1024,1.0000,86.517,11.558,1,0.000,7604
8118,1024,1024,1.0000,86.633,11.543,1,0.000,7605
8119,1024,1024,1.0000,87.024,11.491,1,0.000,7606
8120,1024,1024,1.0000,96.939,10.316,1,0.000,7607
8121,1024,1024,1.0000,85.525,11.692,1,0.000,7608
8122,1024,1024,1.0000,79.757,12.538,1,0.000,7609
8123,1024,1024,1.0000,72.297,13.832,1,0.000,7610
8124,1024,1024,1.0000,69.897,14.307,1,0.000,7611
8125,1024,1024,1.0000,69.622,14.363,1,0.000,7612
8126,1024,1024,1.0000,70.200,14.245,1,0.000,7613
8127,1024,1024,1.0000,70.141,14.257,1,0.000,7614
8128,1024,1024,1.0000,67.875,14.733,1,0.000,7615
8129,1024,1024,1.0000,68.767,14.542,1,0.000,7616
8130,1024,1024,1.0000,69.608,14.366,1,0.000,7617
8131,1024,1024,1.0000,77.961,12.827,1,0.000,7618
8132,1024,1024,1.0000,76.111,13.139,1,0.000,7619
8133,1024,1024,1.0000,70.305,14.224,1,0.000,7620
8134,1024,1024,1.0000,68.427,14.614,1,0.000,7621
8135,1024,1024,1.0000,70.249,14.235,1,0.000,7622
8136,1024,1024,1.0000,69.718,14.343,1,0.000,7623
8137,1024,1024,1.0000,72.850,13.727,1,0.000,7624
8138,1024,1024,1.0000,69.135,14.464,1,0.000,7625
8139,1024,1024,1.0000,142.646,7.010,1,0.000,7626
8140,1024,1024,1.0000,69.066,14.479,1,0.000,7627
8141,1024,1024,1.0000,69.265,14.437,1,0.000,7628
8142,1024,1024,1.0000,69.677,14.352,1,0.000,7629
8143,1024,1024,1.0000,68.429,14.614,1,0.000,7630
8144,1024,1024,1.0000,72.017,13.886,1,0.000,7631
8145,1024,1024,1.0000,68.120,14.680,1,0.000,7632
8146,1024,1024,1.0000,68.901,14.514,1,0.000,7633
8147,1024,1024,1.0000,68.784,14.538,1,0.000,7634
8148,1024,1024,1.0000,69.305,14.429,1,0.000,7635
8149,1024,1024,1.0000,69.148,14.462,1,0.000,7636
8150,1024,1024,1.0000,71.461,13.994,1,0.000,7637
8151,1024,1024,1.0000,69.080,14.476,1,0.000,7638
8152,1024,1024,1.0000,72.228,13.845,1,0.000,7639
8153,1024,1024,1.0000,69.825,14.322,1,0.000,7640
8154,1024,1024,1.0000,69.413,14.407,1,0.000,7641
8155,1024,1024,1.0000,74.369,13.446,1,0.000,7642
8156,1024,1024,1.0000,69.747,14.338,1,0.000,7643
8157,1024,1024,1.0000,68.500,14.599,1,0.000,7644
8158,1024,1024,1.0000,70.678,14.149,1,0.000,7645
8159,1024,1024,1.0000,73.123,13.676,1,0.000,7646
8160,1024,1024,1.0000,83.915,11.917,1,0.000,7647
8161,1024,1024,1.0000,71.004,14.084,1,0.000,7648
8162,1024,1024,1.0000,70.216,14.242,1,0.000,7649
8163,1024,1024,1.0000,71.975,13.894,1,0.000,7650
8164,1024,1024,1.0000,70.996,14.085,1,0.000,7651
8165,1024,1024,1.0000,69.029,14.487,1,0.000,7652
8166,1024,1024,1.0000,70.439,14.197,1,0.000,7653
8167,1024,1024,1.0000,74.923,13.347,1,0.000,7654
8168,1024,1024,1.0000,73.790,13.552,1,0.000,7655
8169,1024,1024,1.0000,70.262,14.232,1,0.000,7656
8170,1024,1024,1.0000,71.768,13.934,1,0.000,7657
8171,1024,1024,1.0000,68.723,14.551,1,0.000,7658
8172,1024,1024,1.0000,72.523,13.789,1,0.000,7659
8173,1024,1024,1.0000,69.660,14.355,1,0.000,7660
8174,1024,1024,1.0000,69.584,14.371,1,0.000,7661
8175,1024,1024,1.0000,70.308,14.223,1,0.000,7662
8176,1024,1024,1.0000,70.222,14.241,1,0.000,7663
8177,1024,1024,1.0000,69.774,14.332,1,0.000,7664
8178,1024,1024,1.0000,70.722,14.140,1,0.000,7665
8179,1024,1024,1.0000,68.936,14.506,1,0.000,7666
8180,1024,1024,1.0000,73.793,13.551,1,0.000,7667
8181,1024,1024,1.0000,67.686,14.774,1,0.000,7668
8182,1024,1024,1.0000,71.797,13.928,1,0.000,7669
8183,1024,1024,1.0000,68.018,14.702,1,0.000,7670
8184,1024,1024,1.0000,69.532,14.382,1,0.000,7671
8185,1024,1024,1.0000,71.700,13.947,1,0.000,7672
8186,1024,1024,1.0000,70.462,14.192,1,0.000,7673
8187,1024,1024,1.0000,69.102,14.471,1,0.000,7674
8188,1024,1024,1.0000,67.918,14.724,1,0.000,7675
8189,1024,1024,1.0000,87.212,11.466,1,0.000,7676
8190,1024,1024,1.0000,71.500,13.986,1,0.000,7677
8191,1024,1024,1.0000,71.766,13.934,1,0.000,7678
8192,1024,1024,1.0000,68.960,14.501,1,0.000,7679
8193,1024,1024,1.0000,70.838,14.117,1,0.000,7680
8194,1024,1024,1.0000,70.957,14.093,1,0.000,7681
8195,1024,1024,1.0000,70.929,14.099,1,0.000,7682
8196,1024,1024,1.0000,68.817,14.531,1,0.000,7683
8197,1024,1024,1.0000,71.256,14.034,1,0.000,7684
8198,1024,1024,1.0000,75.251,13.289,1,0.000,7685
8199,1024,1024,1.0000,70.754,14.133,1,0.000,7686
8200,1024,1024,1.0000,69.468,14.395,1,0.000,7687
8201,1024,1024,1.0000,70.342,14.216,1,0.000,7688
8202,1024,1024,1.0000,70.351,14.214,1,0.000,7689
8203,1024,1024,1.0000,72.772,13.742,1,0.000,7690
8204,1024,1024,1.0000,69.310,14.428,1,0.000,7691
8205,1024,1024,1.0000,72.553,13.783,1,0.000,7692
8206,1024,1024,1.0000,73.316,13.640,1,0.000,7693
8207,1024,1024,1.0000,70.979,14.089,1,0.000,7694
8208,1024,1024,1.0000,70.457,14.193,1,0.000,7695
8209,1024,1024,1.0000,69.794,14.328,1,0.000,7696
8210,1024,1024,1.0000,71.042,14.076,1,0.000,7697
8211,1024,1024,1.0000,70.539,14.177,1,0.000,7698
8212,1024,1024,1.0000,69.394,14.410,1,0.000,7699
8213,1024,1024,1.0000,72.431,13.806,1,0.000,7700
8214,1024,1024,1.0000,70.325,14.220,1,0.000,7701
8215,1024,1024,1.0000,69.652,14.357,1,0.000,7702
8216,1024,1024,1.0000,72.897,13.718,1,0.000,7703
8217,1024,1024,1.0000,69.895,14.307,1,0.000,7704
8218,1024,1024,1.0000,85.656,11.675,1,0.000,7705
8219,1024,1024,1.0000,76.706,13.037,1,0.000,7706
8220,1024,1024,1.0000,70.436,14.197,1,0.000,7707
8221,1024,1024,1.0000,70.069,14.272,1,0.000,7708
8222,1024,1024,1.0000,69.042,14.484,1,0.000,7709
8223,1024,1024,1.0000,70.458,14.193,1,0.000,7710
8224,1024,1024,1.0000,71.174,14.050,1,0.000,7711
8225,1024,1024,1.0000,70.767,14.131,1,0.000,7712
8226,1024,1024,1.0000,69.643,14.359,1,0.000,7713
8227,1024,1024,1.0000,75.333,13.274,1,0.000,7714
8228,1024,1024,1.0000,72.399,13.812,1,0.000,7715
8229,1024,1024,1.0000,71.349,14.016,1,0.000,7716
8230,1024,1024,1.0000,68.674,14.562,1,0.000,7717
8231,1024,1024,1.0000,71.414,14.003,1,0.000,7718
8232,1024,1024,1.0000,72.775,13.741,1,0.000,7719
8233,1024,1024,1.0000,73.247,13.652,1,0.000,7720
8234,1024,1024,1.0000,72.945,13.709,1,0.000,7721
8235,1024,1024,1.0000,71.177,14.049,1,0.000,7722
8236,1024,1024,1.0000,68.424,14.615,1,0.000,7723
8237,1024,1024,1.0000,72.716,13.752,1,0.000,7724
8238,1024,1024,1.0000,70.231,14.239,1,0.000,7725
8239,1024,1024,1.0000,69.669,14.354,1,0.000,7726
8240,1024,1024,1.0000,71.766,13.934,1,0.000,7727
8241,1024,1024,1.0000,70.577,14.169,1,0.000,7728
8242,1024,1024,1.0000,72.041,13.881,1,0.000,7729
8243,1024,1024,1.0000,71.755,13.936,1,0.000,7730
8244,1024,1024,1.0000,70.028,14.280,1,0.000,7731
8245,1024,1024,1.0000,70.206,14.244,1,0.000,7732
8246,1024,1024,1.0000,70.218,14.241,1,0.000,7733
8247,1024,1024,1.0000,85.649,11.676,1,0.000,7734
8248,1024,1024,1.0000,72.649,13.765,1,0.000,7735
8249,1024,1024,1.0000,72.157,13.859,1,0.000,7736
8250,1024,1024,1.0000,69.778,14.331,1,0.000,7737
8251,1024,1024,1.0000,72.230,13.845,1,0.000,7738
8252,1024,1024,1.0000,72.073,13.875,1,0.000,7739
8253,1024,1024,1.0000,70.915,14.101,1,0.000,7740
8254,1024,1024,1.0000,72.702,13.755,1,0.000,7741
8255,1024,1024,1.0000,73.762,13.557,1,0.000,7742
8256,1024,1024,1.0000,76.695,13.039,1,0.000,7743
8257,1024,1024,1.0000,71.886,13.911,1,0.000,7744
8258,1024,1024,1.0000,70.317,14.221,1,0.000,7745
8259,1024,1024,1.0000,72.420,13.808,1,0.000,7746
8260,1024,1024,1.0000,70.852,14.114,1,0.000,7747
8261,1024,1024,1.0000,71.997,13.889,1,0.000,7748
8262,1024,1024,1.0000,73.409,13.622,1,0.000,7749
8263,1024,1024,1.0000,71.080,14.069,1,0.000,7750
8264,1024,1024,1.0000,72.384,13.815,1,0.000,7751
8265,1024,1024,1.0000,70.852,14.114,1,0.000,7752
8266,1024,1024,1.0000,72.361,13.820,1,0.000,7753
8267,1024,1024,1.0000,79.314,12.608,1,0.000,7754
8268,1024,1024,1.0000,71.381,14.009,1,0.000,7755
8269,1024,1024,1.0000,70.884,14.108,1,0.000,7756
8270,1024,1024,1.0000,72.631,13.768,1,0.000,7757
8271,1024,1024,1.0000,72.462,13.800,1,0.000,7758
8272,1024,1024,1.0000,70.395,14.206,1,0.000,7759
8273,1024,1024,1.0000,73.397,13.625,1,0.000,7760
8274,1024,1024,1.0000,88.424,11.309,1,0.000,7761
8275,1024,1024,1.0000,80.503,12.422,1,0.000,7762
8276,1024,1024,1.0000,77.367,12.925,1,0.000,7763
8277,1024,1024,1.0000,72.787,13.739,1,0.000,7764
8278,1024,1024,1.0000,72.565,13.781,1,0.000,7765
8279,1024,1024,1.0000,70.640,14.156,1,0.000,7766
8280,1024,1024,1.0000,69.737,14.340,1,0.000,7767
8281,1024,1024,1.0000,71.567,13.973,1,0.000,7768
8282,1024,1024,1.0000,72.524,13.789,1,0.000,7769
8283,1024,1024,1.0000,71.898,13.909,1,0.000,7770
8284,1024,1024,1.0000,72.419,13.809,1,0.000,7771
8285,1024,1024,1.0000,72.224,13.846,1,0.000,7772
8286,1024,1024,1.0000,74.706,13.386,1,0.000,7773
8287,1024,1024,1.0000,74.171,13.482,1,0.000,7774
8288,1024,1024,1.0000,70.371,14.210,1,0.000,7775
8289,1024,1024,1.0000,72.066,13.876,1,0.000,7776
8290,1024,1024,1.0000,72.647,13.765,1,0.000,7777
8291,1024,1024,1.0000,72.501,13.793,1,0.000,7778
8292,1024,1024,1.0000,70.077,14.270,1,0.000,7779
8293,1024,1024,1.0000,72.739,13.748,1,0.000,7780
8294,1024,1024,1.0000,71.621,13.962,1,0.000,7781
8295,1024,1024,1.0000,71.847,13.918,1,0.000,7782
8296,1024,1024,1.0000,71.409,14.004,1,0.000,7783
8297,1024,1024,1.0000,73.787,13.553,1,0.000,7784
8298,1024,1024,1.0000,72.247,13.841,1,0.000,7785
8299,1024,1024,1.0000,70.642,14.156,1,0.000,7786
8300,1024,1024,1.0000,73.788,13.552,1,0.000,7787
8301,1024,1024,1.0000,71.174,14.050,1,0.000,7788
8302,1024,1024,1.0000,72.935,13.711,1,0.000,7789
8303,1024,1024,1.0000,77.177,12.957,1,0.000,7790
8304,1024,1024,1.0000,85.478,11.699,1,0.000,7791
8305,1024,1024,1.0000,72.027,13.884,1,0.000,7792
8306,1024,1024,1.0000,70.943,14.096,1,0.000,7793
8307,1024,1024,1.0000,74.935,13.345,1,0.000,7794
8308,1024,1024,1.0000,72.864,13.724,1,0.000,7795
8309,1024,1024,1.0000,73.176,13.666,1,0.000,7796
8310,1024,1024,1.0000,71.391,14.007,1,0.000,7797
8311,1024,1024,1.0000,71.463,13.993,1,0.000,7798
8312,1024,1024,1.0000,72.332,13.825,1,0.000,7799
8313,1024,1024,1.0000,70.958,14.093,1,0.000,7800
8314,1024,1024,1.0000,74.744,13.379,1,0.000,7801
8315,1024,1024,1.0000,76.782,13.024,1,0.000,7802
8316,1024,1024,1.0000,73.444,13.616,1,0.000,7803
8317,1024,1024,1.0000,71.828,13.922,1,0.000,7804
8318,1024,1024,1.0000,75.473,13.250,1,0.000,7805
8319,1024,1024,1.0000,71.091,14.066,1,0.000,7806
8320,1024,1024,1.0000,70.803,14.124,1,0.000,7807
8321,1024,1024,1.0000,71.576,13.971,1,0.000,7808
8322,1024,1024,1.0000,74.851,13.360,1,0.000,7809
8323,1024,1024,1.0000,73.813,13.548,1,0.000,7810
8324,1024,1024,1.0000,73.696,13.569,1,0.000,7811
8325,1024,1024,1.0000,72.127,13.864,1,0.000,7812
8326,1024,1024,1.0000,76.616,13.052,1,0.000,7813
8327,1024,1024,1.0000,73.007,13.697,1,0.000,7814
8328,1024,1024,1.0000,72.605,13.773,1,0.000,7815
8329,1024,1024,1.0000,70.448,14.195,1,0.000,7816
8330,1024,1024,1.0000,77.094,12.971,1,0.000,7817
8331,1024,1024,1.0000,72.972,13.704,1,0.000,7818
8332,1024,1024,1.0000,88.875,11.252,1,0.000,7819
8333,1024,1024,1.0000,74.320,13.455,1,0.000,7820
8334,1024,1024,1.0000,73.156,13.669,1,0.000,7821
8335,1024,1024,1.0000,72.918,13.714,1,0.000,7822
8336,1024,1024,1.0000,73.493,13.607,1,0.000,7823
8337,1024,1024,1.0000,71.075,14.070,1,0.000,7824
8338,1024,1024,1.0000,71.691,13.949,1,0.000,7825
8339,1024,1024,1.0000,72.508,13.792,1,0.000,7826
8340,1024,1024,1.0000,71.518,13.982,1,0.000,7827
8341,1024,1024,1.0000,73.141,13.672,1,0.000,7828
8342,1024,1024,1.0000,73.510,13.604,1,0.000,7829
8343,1024,1024,1.0000,73.181,13.665,1,0.000,7830
8344,1024,1024,1.0000,75.060,13.323,1,0.000,7831
8345,1024,1024,1.0000,75.901,13.175,1,0.000,7832
8346,1024,1024,1.0000,72.048,13.880,1,0.000,7833
8347,1024,1024,1.0000,72.725,13.750,1,0.000,7834
8348,1024,1024,1.0000,74.556,13.413,1,0.000,7835
8349,1024,1024,1.0000,73.679,13.572,1,0.000,7836
8350,1024,1024,1.0000,75.529,13.240,1,0.000,7837
8351,1024,1024,1.0000,75.004,13.333,1,0.000,7838
8352,1024,1024,1.0000,72.789,13.738,1,0.000,7839
8353,1024,1024,1.0000,72.829,13.731,1,0.000,7840
8354,1024,1024,1.0000,73.777,13.554,1,0.000,7841
8355,1024,1024,1.0000,73.274,13.647,1,0.000,7842
8356,1024,1024,1.0000,72.065,13.876,1,0.000,7843
8357,1024,1024,1.0000,72.266,13.838,1,0.000,7844
8358,1024,1024,1.0000,72.837,13.729,1,0.000,7845
8359,1024,1024,1.0000,74.196,13.478,1,0.000,7846
8360,1024,1024,1.0000,84.390,11.850,1,0.000,7847
8361,1024,1024,1.0000,74.845,13.361,1,0.000,7848
8362,1024,1024,1.0000,75.363,13.269,1,0.000,7849
8363,1024,1024,1.0000,72.705,13.754,1,0.000,7850
8364,1024,1024,1.0000,73.316,13.640,1,0.000,7851
8365,1024,1024,1.0000,73.747,13.560,1,0.000,7852
8366,1024,1024,1.0000,73.009,13.697,1,0.000,7853
8367,1024,1024,1.0000,73.367,13.630,1,0.000,7854
8368,1024,1024,1.0000,74.074,13.500,1,0.000,7855
8369,1024,1024,1.0000,72.398,13.813,1,0.000,7856
8370,1024,1024,1.0000,74.554,13.413,1,0.000,7857
8371,1024,1024,1.0000,71.319,14.022,1,0.000,7858
8372,1024,1024,1.0000,75.344,13.272,1,0.000,7859
8373,1024,1024,1.0000,71.354,14.015,1,0.000,7860
8374,1024,1024,1.0000,71.827,13.922,1,0.000,7861
8375,1024,1024,1.0000,72.935,13.711,1,0.000,7862
8376,1024,1024,1.0000,72.784,13.739,1,0.000,7863
8377,1024,1024,1.0000,74.162,13.484,1,0.000,7864
8378,1024,1024,1.0000,74.600,13.405,1,0.000,7865
8379,1024,1024,1.0000,73.205,13.660,1,0.000,7866
8380,1024,1024,1.0000,72.081,13.873,1,0.000,7867
8381,1024,1024,1.0000,71.297,14.026,1,0.000,7868
8382,1024,1024,1.0000,74.318,13.456,1,0.000,7869
8383,1024,1024,1.0000,73.665,13.575,1,0.000,7870
8384,1024,1024,1.0000,77.345,12.929,1,0.000,7871
8385,1024,1024,1.0000,73.238,13.654,1,0.000,7872
8386,1024,1024,1.0000,75.089,13.318,1,0.000,7873
8387,1024,1024,1.0000,71.970,13.895,1,0.000,7874
8388,1024,1024,1.0000,82.892,12.064,1,0.000,7875
8389,1024,1024,1.0000,80.671,12.396,1,0.000,7876
8390,1024,1024,1.0000,74.302,13.459,1,0.000,7877
8391,1024,1024,1.0000,71.250,14.035,1,0.000,7878
8392,1024,1024,1.0000,73.946,13.523,1,0.000,7879
8393,1024,1024,1.0000,73.232,13.655,1,0.000,7880
8394,1024,1024,1.0000,73.891,13.533,1,0.000,7881
8395,1024,1024,1.0000,72.303,13.831,1,0.000,7882
8396,1024,1024,1.0000,71.697,13.948,1,0.000,7883
8397,1024,1024,1.0000,76.318,13.103,1,0.000,7884
8398,1024,1024,1.0000,75.897,13.176,1,0.000,7885
8399,1024,1024,1.0000,74.147,13.487,1,0.000,7886
8400,1024,1024,1.0000,71.940,13.900,1,0.000,7887
8401,1024,1024,1.0000,76.853,13.012,1,0.000,7888
8402,1024,1024,1.0000,72.812,13.734,1,0.000,7889
8403,1024,1024,1.0000,73.718,13.565,1,0.000,7890
8404,1024,1024,1.0000,72.699,13.755,1,0.000,7891
8405,1024,1024,1.0000,72.420,13.808,1,0.000,7892
8406,1024,1024,1.0000,72.557,13.782,1,0.000,7893
8407,1024,1024,1.0000,73.328,13.637,1,0.000,7894
8408,1024,1024,1.0000,76.561,13.061,1,0.000,7895
8409,1024,1024,1.0000,70.974,14.090,1,0.000,7896
8410,1024,1024,1.0000,71.904,13.907,1,0.000,7897
8411,1024,1024,1.0000,71.341,14.017,1,0.000,7898
8412,1024,1024,1.0000,71.343,14.017,1,0.000,7899
8413,1024,1024,1.0000,72.257,13.839,1,0.000,7900
8414,1024,1024,1.0000,73.061,13.687,1,0.000,7901
8415,1024,1024,1.0000,71.799,13.928,1,0.000,7902
8416,1024,1024,1.0000,83.347,11.998,1,0.000,7903
8417,1024,1024,1.0000,82.110,12.179,1,0.000,7904
8418,1024,1024,1.0000,75.263,13.287,1,0.000,7905
8419,1024,1024,1.0000,73.701,13.568,1,0.000,7906
8420,1024,1024,1.0000,72.103,13.869,1,0.000,7907
8421,1024,1024,1.0000,73.156,13.669,1,0.000,7908
8422,1024,1024,1.0000,72.193,13.852,1,0.000,7909
8423,1024,1024,1.0000,72.441,13.804,1,0.000,7910
8424,1024,1024,1.0000,71.615,13.964,1,0.000,7911
8425,1024,1024,1.0000,72.109,13.868,1,0.000,7912
8426,1024,1024,1.0000,70.400,14.205,1,0.000,7913
8427,1024,1024,1.0000,73.200,13.661,1,0.000,7914
8428,1024,1024,1.0000,74.899,13.351,1,0.000,7915
8429,1024,1024,1.0000,73.101,13.680,1,0.000,7916
8430,1024,1024,1.0000,76.292,13.108,1,0.000,7917
8431,1024,1024,1.0000,75.269,13.286,1,0.000,7918
8432,1024,1024,1.0000,72.221,13.846,1,0.000,7919
8433,1024,1024,1.0000,71.701,13.947,1,0.000,7920
8434,1024,1024,1.0000,74.535,13.417,1,0.000,7921
8435,1024,1024,1.0000,71.897,13.909,1,0.000,7922
8436,1024,1024,1.0000,75.054,13.324,1,0.000,7923
8437,1024,1024,1.0000,71.282,14.029,1,0.000,7924
8438,1024,1024,1.0000,71.890,13.910,1,0.000,7925
8439,1024,1024,1.0000,73.083,13.683,1,0.000,7926
8440,1024,1024,1.0000,72.746,13.746,1,0.000,7927
8441,1024,1024,1.0000,71.504,13.985,1,0.000,7928
8442,1024,1024,1.0000,72.046,13.880,1,0.000,7929
8443,1024,1024,1.0000,72.597,13.775,1,0.000,7930
8444,1024,1024,1.0000,77.247,12.945,1,0.000,7931
8445,1024,1024,1.0000,87.159,11.473,1,0.000,7932
8446,1024,1024,1.0000,72.275,13.836,1,0.000,7933
8447,1024,1024,1.0000,73.584,13.590,1,0.000,7934
8448,1024,1024,1.0000,73.297,13.643,1,0.000,7935
8449,1024,1024,1.0000,76.714,13.035,1,0.000,7936
8450,1024,1024,1.0000,74.385,13.444,1,0.000,7937
8451,1024,1024,1.0000,76.415,13.086,1,0.000,7938
8452,1024,1024,1.0000,72.890,13.719,1,0.000,7939
8453,1024,1024,1.0000,74.673,13.392,1,0.000,7940
8454,1024,1024,1.0000,72.845,13.728,1,0.000,7941
8455,1024,1024,1.0000,71.118,14.061,1,0.000,7942
8456,1024,1024,1.0000,72.215,13.848,1,0.000,7943
8457,1024,1024,1.0000,73.586,13.590,1,0.000,7944
8458,1024,1024,1.0000,78.080,12.807,1,0.000,7945
8459,1024,1024,1.0000,75.015,13.331,1,0.000,7946
8460,1024,1024,1.0000,73.030,13.693,1,0.000,7947
8461,1024,1024,1.0000,76.332,13.101,1,0.000,7948
8462,1024,1024,1.0000,72.972,13.704,1,0.000,7949
8463,1024,1024,1.0000,73.366,13.630,1,0.000,7950
8464,1024,1024,1.0000,72.750,13.746,1,0.000,7951
8465,1024,1024,1.0000,76.307,13.105,1,0.000,7952
8466,1024,1024,1.0000,72.574,13.779,1,0.000,7953
8467,1024,1024,1.0000,72.496,13.794,1,0.000,7954
8468,1024,1024,1.0000,74.353,13.449,1,0.000,7955
8469,1024,1024,1.0000,74.460,13.430,1,0.000,7956
8470,1024,1024,1.0000,73.741,13.561,1,0.000,7957
8471,1024,1024,1.0000,72.347,13.822,1,0.000,7958
8472,1024,1024,1.0000,79.503,12.578,1,0.000,7959
8473,1024,1024,1.0000,85.251,11.730,1,0.000,7960
8474,1024,1024,1.0000,75.008,13.332,1,0.000,7961
8475,1024,1024,1.0000,74.878,13.355,1,0.000,7962
8476,1024,1024,1.0000,72.985,13.701,1,0.000,7963
8477,1024,1024,1.0000,78.256,12.779,1,0.000,7964
8478,1024,1024,1.0000,72.700,13.755,1,0.000,7965
8479,1024,1024,1.0000,73.708,13.567,1,0.000,7966
8480,1024,1024,1.0000,74.217,13.474,1,0.000,7967
8481,1024,1024,1.0000,72.970,13.704,1,0.000,7968
8482,1024,1024,1.0000,74.285,13.462,1,0.000,7969
8483,1024,1024,1.0000,73.969,13.519,1,0.000,7970
8484,1024,1024,1.0000,75.864,13.181,1,0.000,7971
8485,1024,1024,1.0000,73.230,13.656,1,0.000,7972
8486,1024,1024,1.0000,72.142,13.862,1,0.000,7973
8487,1024,1024,1.0000,79.466,12.584,1,0.000,7974
8488,1024,1024,1.0000,75.178,13.302,1,0.000,7975
8489,1024,1024,1.0000,75.013,13.331,1,0.000,7976
8490,1024,1024,1.0000,73.074,13.685,1,0.000,7977
8491,1024,1024,1.0000,73.381,13.628,1,0.000,7978
8492,1024,1024,1.0000,72.926,13.713,1,0.000,7979
8493,1024,1024,1.0000,73.715,13.566,1,0.000,7980
8494,1024,1024,1.0000,73.445,13.616,1,0.000,7981
8495,1024,1024,1.0000,74.558,13.412,1,0.000,7982
8496,1024,1024,1.0000,72.159,13.858,1,0.000,7983
8497,1024,1024,1.0000,75.430,13.257,1,0.000,7984
8498,1024,1024,1.0000,73.001,13.698,1,0.000,7985
8499,1024,1024,1.0000,73.031,13.693,1,0.000,7986
8500,1024,1024,1.0000,80.568,12.412,1,0.000,7987
8501,1024,1024,1.0000,84.211,11.875,1,0.000,7988
8502,1024,1024,1.0000,75.986,13.160,1,0.000,7989
8503,1024,1024,1.0000,75.223,13.294,1,0.000,7990
8504,1024,1024,1.0000,74.997,13.334,1,0.000,7991
8505,1024,1024,1.0000,76.212,13.121,1,0.000,7992
8506,1024,1024,1.0000,73.807,13.549,1,0.000,7993
8507,1024,1024,1.0000,74.250,13.468,1,0.000,7994
8508,1024,1024,1.0000,72.832,13.730,1,0.000,7995
8509,1024,1024,1.0000,73.788,13.552,1,0.000,7996
8510,1024,1024,1.0000,73.502,13.605,1,0.000,7997
8511,1024,1024,1.0000,75.801,13.192,1,0.000,7998
8512,1024,1024,1.0000,73.046,13.690,1,0.000,7999
8513,1024,1024,1.0000,74.117,13.492,1,0.000,8000
8514,1024,1024,1.0000,72.814,13.734,1,0.000,8001
8515,1024,1024,1.0000,78.891,12.676,1,0.000,8002
8516,1024,1024,1.0000,74.492,13.424,1,0.000,8003
8517,1024,1024,1.0000,77.015,12.984,1,0.000,8004
8518,1024,1024,1.0000,81.651,12.247,1,0.000,8005
8519,1024,1024,1.0000,73.349,13.633,1,0.000,8006
8520,1024,1024,1.0000,75.242,13.290,1,0.000,8007
8521,1024,1024,1.0000,75.812,13.191,1,0.000,8008
8522,1024,1024,1.0000,74.556,13.413,1,0.000,8009
8523,1024,1024,1.0000,73.779,13.554,1,0.000,8010
8524,1024,1024,1.0000,73.120,13.676,1,0.000,8011
8525,1024,1024,1.0000,73.925,13.527,1,0.000,8012
8526,1024,1024,1.0000,72.621,13.770,1,0.000,8013
8527,1024,1024,1.0000,74.606,13.404,1,0.000,8014
8528,1024,1024,1.0000,87.046,11.488,1,0.000,8015
8529,1024,1024,1.0000,77.686,12.872,1,0.000,8016
8530,1024,1024,1.0000,73.832,13.544,1,0.000,8017
8531,1024,1024,1.0000,74.049,13.505,1,0.000,8018
8532,1024,1024,1.0000,73.810,13.548,1,0.000,8019
8533,1024,1024,1.0000,74.927,13.346,1,0.000,8020
8534,1024,1024,1.0000,72.000,13.889,1,0.000,8021
8535,1024,1024,1.0000,76.833,13.015,1,0.000,8022
8536,1024,1024,1.0000,74.546,13.415,1,0.000,8023
8537,1024,1024,1.0000,75.015,13.331,1,0.000,8024
8538,1024,1024,1.0000,75.232,13.292,1,0.000,8025
8539,1024,1024,1.0000,75.783,13.196,1,0.000,8026
8540,1024,1024,1.0000,76.440,13.082,1,0.000,8027
8541,1024,1024,1.0000,73.740,13.561,1,0.000,8028
8542,1024,1024,1.0000,73.041,13.691,1,0.000,8029
8543,1024,1024,1.0000,79.702,12.547,1,0.000,8030
8544,1024,1024,1.0000,72.020,13.885,1,0.000,8031
8545,1024,1024,1.0000,74.007,13.512,1,0.000,8032
8546,1024,1024,1.0000,75.168,13.304,1,0.000,8033
8547,1024,1024,1.0000,76.828,13.016,1,0.000,8034
8548,1024,1024,1.0000,72.741,13.747,1,0.000,8035
8549,1024,1024,1.0000,73.972,13.519,1,0.000,8036
8550,1024,1024,1.0000,72.888,13.720,1,0.000,8037
8551,1024,1024,1.0000,73.832,13.544,1,0.000,8038
8552,1024,1024,1.0000,74.584,13.408,1,0.000,8039
8553,1024,1024,1.0000,74.236,13.471,1,0.000,8040
8554,1024,1024,1.0000,73.250,13.652,1,0.000,8041
8555,1024,1024,1.0000,77.200,12.953,1,0.000,8042
8556,1024,1024,1.0000,87.268,11.459,1,0.000,8043
8557,1024,1024,1.0000,74.746,13.379,1,0.000,8044
8558,1024,1024,1.0000,75.192,13.299,1,0.000,8045
8559,1024,1024,1.0000,75.279,13.284,1,0.000,8046
8560,1024,1024,1.0000,72.587,13.777,1,0.000,8047
8561,1024,1024,1.0000,73.048,13.690,1,0.000,8048
8562,1024,1024,1.0000,77.199,12.954,1,0.000,8049
8563,1024,1024,1.0000,72.204,13.850,1,0.000,8050
8564,1024,1024,1.0000,74.801,13.369,1,0.000,8051
8565,1024,1024,1.0000,74.582,13.408,1,0.000,8052
8566,1024,1024,1.0000,76.602,13.054,1,0.000,8053
8567,1024,1024,1.0000,73.234,13.655,1,0.000,8054
8568,1024,1024,1.0000,71.875,13.913,1,0.000,8055
8569,1024,1024,1.0000,72.863,13.724,1,0.000,8056
8570,1024,1024,1.0000,72.588,13.776,1,0.000,8057
8571,1024,1024,1.0000,77.169,12.959,1,0.000,8058
8572,1024,1024,1.0000,77.115,12.968,1,0.000,8059
8573,1024,1024,1.0000,75.481,13.248,1,0.000,8060
8574,1024,1024,1.0000,74.103,13.495,1,0.000,8061
8575,1024,1024,1.0000,72.053,13.879,1,0.000,8062
8576,1024,1024,1.0000,74.965,13.340,1,0.000,8063
8577,1024,1024,1.0000,72.695,13.756,1,0.000,8064
8578,1024,1024,1.0000,73.310,13.641,1,0.000,8065
8579,1024,1024,1.0000,76.467,13.078,1,0.000,8066
8580,1024,1024,1.0000,73.526,13.601,1,0.000,8067
8581,1024,1024,1.0000,73.253,13.651,1,0.000,8068
8582,1024,1024,1.0000,74.490,13.425,1,0.000,8069
8583,1024,1024,1.0000,81.559,12.261,1,0.000,8070
8584,1024,1024,1.0000,83.087,12.036,1,0.000,8071
8585,1024,1024,1.0000,72.072,13.875,1,0.000,8072
8586,1024,1024,1.0000,73.429,13.619,1,0.000,8073
8587,1024,1024,1.0000,72.452,13.802,1,0.000,8074
8588,1024,1024,1.0000,73.559,13.595,1,0.000,8075
8589,1024,1024,1.0000,73.410,13.622,1,0.000,8076
8590,1024,1024,1.0000,73.221,13.657,1,0.000,8077
8591,1024,1024,1.0000,75.454,13.253,1,0.000,8078
8592,1024,1024,1.0000,72.872,13.723,1,0.000,8079
8593,1024,1024,1.0000,73.503,13.605,1,0.000,8080
8594,1024,1024,1.0000,76.119,13.137,1,0.000,8081
8595,1024,1024,1.0000,72.306,13.830,1,0.000,8082
8596,1024,1024,1.0000,72.633,13.768,1,0.000,8083
8597,1024,1024,1.0000,75.044,13.326,1,0.000,8084
8598,1024,1024,1.0000,74.253,13.467,1,0.000,8085
8599,1024,1024,1.0000,72.894,13.719,1,0.000,8086
8600,1024,1024,1.0000,78.657,12.713,1,0.000,8087
8601,1024,1024,1.0000,72.916,13.714,1,0.000,8088
8602,1024,1024,1.0000,75.405,13.262,1,0.000,8089
8603,1024,1024,1.0000,71.985,13.892,1,0.000,8090
8604,1024,1024,1.0000,73.024,13.694,1,0.000,8091
8605,1024,1024,1.0000,74.337,13.452,1,0.000,8092
8606,1024,1024,1.0000,75.314,13.278,1,0.000,8093
8607,1024,1024,1.0000,72.997,13.699,1,0.000,8094
8608,1024,1024,1.0000,72.868,13.723,1,0.000,8095
8609,1024,1024,1.0000,73.702,13.568,1,0.000,8096
8610,1024,1024,1.0000,71.778,13.932,1,0.000,8097
8611,1024,1024,1.0000,81.846,12.218,1,0.000,8098
8612,1024,1024,1.0000,81.943,12.204,1,0.000,8099
8613,1024,1024,1.0000,73.469,13.611,1,0.000,8100
8614,1024,1024,1.0000,73.388,13.626,1,0.000,8101
8615,1024,1024,1.0000,74.668,13.393,1,0.000,8102
8616,1024,1024,1.0000,73.647,13.578,1,0.000,8103
8617,1024,1024,1.0000,73.242,13.653,1,0.000,8104
8618,1024,1024,1.0000,74.372,13.446,1,0.000,8105
8619,1024,1024,1.0000,75.471,13.250,1,0.000,8106
8620,1024,1024,1.0000,72.244,13.842,1,0.000,8107
8621,1024,1024,1.0000,71.711,13.945,1,0.000,8108
8622,1024,1024,1.0000,73.050,13.689,1,0.000,8109
8623,1024,1024,1.0000,73.194,13.662,1,0.000,8110
8624,1024,1024,1.0000,73.871,13.537,1,0.000,8111
8625,1024,1024,1.0000,73.912,13.530,1,0.000,8112
8626,1024,1024,1.0000,73.584,13.590,1,0.000,8113
8627,1024,1024,1.0000,72.313,13.829,1,0.000,8114
8628,1024,1024,1.0000,76.294,13.107,1,0.000,8115
8629,1024,1024,1.0000,74.876,13.355,1,0.000,8116
8630,1024,1024,1.0000,76.312,13.104,1,0.000,8117
8631,1024,1024,1.0000,72.622,13.770,1,0.000,8118
8632,1024,1024,1.0000,76.997,12.988,1,0.000,8119
8633,1024,1024,1.0000,71.734,13.940,1,0.000,8120
8634,1024,1024,1.0000,73.788,13.552,1,0.000,8121
8635,1024,1024,1.0000,73.666,13.575,1,0.000,8122
8636,1024,1024,1.0000,73.327,13.638,1,0.000,8123
8637,1024,1024,1.0000,74.181,13.481,1,0.000,8124
8638,1024,1024,1.0000,75.104,13.315,1,0.000,8125
8639,1024,1024,1.0000,83.611,11.960,1,0.000,8126
8640,1024,1024,1.0000,82.797,12.078,1,0.000,8127
8641,1024,1024,1.0000,70.771,14.130,1,0.000,8128
8642,1024,1024,1.0000,75.137,13.309,1,0.000,8129
8643,1024,1024,1.0000,72.676,13.760,1,0.000,8130
8644,1024,1024,1.0000,75.049,13.325,1,0.000,8131
8645,1024,1024,1.0000,71.948,13.899,1,0.000,8132
8646,1024,1024,1.0000,74.071,13.501,1,0.000,8133
8647,1024,1024,1.0000,73.477,13.610,1,0.000,8134
8648,1024,1024,1.0000,75.441,13.255,1,0.000,8135
8649,1024,1024,1.0000,72.500,13.793,1,0.000,8136
8650,1024,1024,1.0000,77.336,12.931,1,0.000,8137
8651,1024,1024,1.0000,73.282,13.646,1,0.000,8138
8652,1024,1024,1.0000,74.223,13.473,1,0.000,8139
8653,1024,1024,1.0000,73.525,13.601,1,0.000,8140
8654,1024,1024,1.0000,75.702,13.210,1,0.000,8141
8655,1024,1024,1.0000,73.931,13.526,1,0.000,8142
8656,1024,1024,1.0000,76.439,13.082,1,0.000,8143
8657,1024,1024,1.0000,77.079,12.974,1,0.000,8144
8658,1024,1024,1.0000,77.436,12.914,1,0.000,8145
8659,1024,1024,1.0000,72.719,13.752,1,0.000,8146
8660,1024,1024,1.0000,73.110,13.678,1,0.000,8147
8661,1024,1024,1.0000,74.755,13.377,1,0.000,8148
8662,1024,1024,1.0000,72.359,13.820,1,0.000,8149
8663,1024,1024,1.0000,73.734,13.562,1,0.000,8150
8664,1024,1024,1.0000,72.561,13.782,1,0.000,8151
8665,1024,1024,1.0000,74.635,13.399,1,0.000,8152
8666,1024,1024,1.0000,77.835,12.848,1,0.000,8153
8667,1024,1024,1.0000,85.866,11.646,1,0.000,8154
8668,1024,1024,1.0000,77.394,12.921,1,0.000,8155
8669,1024,1024,1.0000,74.957,13.341,1,0.000,8156
8670,1024,1024,1.0000,74.199,13.477,1,0.000,8157
8671,1024,1024,1.0000,73.527,13.600,1,0.000,8158
8672,1024,1024,1.0000,74.602,13.404,1,0.000,8159
8673,1024,1024,1.0000,78.610,12.721,1,0.000,8160
8674,1024,1024,1.0000,76.037,13.151,1,0.000,8161
8675,1024,1024,1.0000,72.518,13.790,1,0.000,8162
8676,1024,1024,1.0000,74.574,13.409,1,0.000,8163
8677,1024,1024,1.0000,74.047,13.505,1,0.000,8164
8678,1024,1024,1.0000,72.975,13.703,1,0.000,8165
8679,1024,1024,1.0000,77.199,12.954,1,0.000,8166
8680,1024,1024,1.0000,72.812,13.734,1,0.000,8167
8681,1024,1024,1.0000,74.158,13.485,1,0.000,8168
8682,1024,1024,1.0000,76.692,13.039,1,0.000,8169
8683,1024,1024,1.0000,73.142,13.672,1,0.000,8170
8684,1024,1024,1.0000,74.668,13.393,1,0.000,8171
8685,1024,1024,1.0000,78.823,12.687,1,0.000,8172
8686,1024,1024,1.0000,72.845,13.728,1,0.000,8173
8687,1024,1024,1.0000,74.877,13.355,1,0.000,8174
8688,1024,1024,1.0000,74.813,13.367,1,0.000,8175
8689,1024,1024,1.0000,74.388,13.443,1,0.000,8176
8690,1024,1024,1.0000,76.484,13.075,1,0.000,8177
8691,1024,1024,1.0000,74.442,13.433,1,0.000,8178
8692,1024,1024,1.0000,78.222,12.784,1,0.000,8179
8693,1024,1024,1.0000,73.615,13.584,1,0.000,8180
8694,1024,1024,1.0000,78.476,12.743,1,0.000,8181
8695,1024,1024,1.0000,86.893,11.508,1,0.000,8182
8696,1024,1024,1.0000,72.527,13.788,1,0.000,8183
8697,1024,1024,1.0000,76.309,13.105,1,0.000,8184
8698,1024,1024,1.0000,75.258,13.288,1,0.000,8185
8699,1024,1024,1.0000,72.926,13.713,1,0.000,8186
8700,1024,1024,1.0000,73.736,13.562,1,0.000,8187
8701,1024,1024,1.0000,74.842,13.361,1,0.000,8188
8702,1024,1024,1.0000,74.548,13.414,1,0.000,8189
8703,1024,1024,1.0000,74.871,13.356,1,0.000,8190
8704,1024,1024,1.0000,80.195,12.470,1,0.000,8191
8705,1024,1024,1.0000,76.147,13.132,1,0.000,8192
8706,1024,1024,1.0000,86.985,11.496,1,0.000,8193
8707,1024,1024,1.0000,72.829,13.731,1,0.000,8194
8708,1024,1024,1.0000,71.738,13.940,1,0.000,8195
8709,1024,1024,1.0000,76.730,13.033,1,0.000,8196
8710,1024,1024,1.0000,78.120,12.801,1,0.000,8197
8711,1024,1024,1.0000,77.281,12.940,1,0.000,8198
8712,1024,1024,1.0000,76.915,13.001,1,0.000,8199
8713,1024,1024,1.0000,80.309,12.452,1,0.000,8200
8714,1024,1024,1.0000,74.500,13.423,1,0.000,8201
8715,1024,1024,1.0000,76.509,13.070,1,0.000,8202
8716,1024,1024,1.0000,75.696,13.211,1,0.000,8203
8717,1024,1024,1.0000,78.294,12.772,1,0.000,8204
8718,1024,1024,1.0000,78.584,12.725,1,0.000,8205
8719,1024,1024,1.0000,75.476,13.249,1,0.000,8206
8720,1024,1024,1.0000,81.175,12.319,1,0.000,8207
8721,1024,1024,1.0000,80.069,12.489,1,0.000,8208
8722,1024,1024,1.0000,87.338,11.450,1,0.000,8209
8723,1024,1024,1.0000,75.800,13.193,1,0.000,8210
8724,1024,1024,1.0000,75.403,13.262,1,0.000,8211
8725,1024,1024,1.0000,76.051,13.149,1,0.000,8212
8726,1024,1024,1.0000,75.807,13.191,1,0.000,8213
8727,1024,1024,1.0000,75.937,13.169,1,0.000,8214
8728,1024,1024,1.0000,74.050,13.504,1,0.000,8215
8729,1024,1024,1.0000,74.679,13.391,1,0.000,8216
8730,1024,1024,1.0000,77.614,12.884,1,0.000,8217
8731,1024,1024,1.0000,74.814,13.366,1,0.000,8218
8732,1024,1024,1.0000,76.559,13.062,1,0.000,8219
8733,1024,1024,1.0000,76.339,13.099,1,0.000,8220
8734,1024,1024,1.0000,75.586,13.230,1,0.000,8221
8735,1024,1024,1.0000,74.044,13.505,1,0.000,8222
8736,1024,1024,1.0000,75.935,13.169,1,0.000,8223
8737,1024,1024,1.0000,76.839,13.014,1,0.000,8224
8738,1024,1024,1.0000,74.715,13.384,1,0.000,8225
8739,1024,1024,1.0000,78.170,12.793,1,0.000,8226
8740,1024,1024,1.0000,75.751,13.201,1,0.000,8227
8741,1024,1024,1.0000,76.974,12.991,1,0.000,8228
8742,1024,1024,1.0000,76.328,13.101,1,0.000,8229
8743,1024,1024,1.0000,76.804,13.020,1,0.000,8230
8744,1024,1024,1.0000,79.474,12.583,1,0.000,8231
8745,1024,1024,1.0000,73.097,13.680,1,0.000,8232
8746,1024,1024,1.0000,76.913,13.002,1,0.000,8233
8747,1024,1024,1.0000,76.837,13.015,1,0.000,8234
8748,1024,1024,1.0000,74.161,13.484,1,0.000,8235
8749,1024,1024,1.0000,90.243,11.081,1,0.000,8236
8750,1024,1024,1.0000,78.430,12.750,1,0.000,8237
8751,1024,1024,1.0000,76.400,13.089,1,0.000,8238
8752,1024,1024,1.0000,74.862,13.358,1,0.000,8239
8753,1024,1024,1.0000,74.716,13.384,1,0.000,8240
8754,1024,1024,1.0000,77.703,12.870,1,0.000,8241
8755,1024,1024,1.0000,77.238,12.947,1,0.000,8242
8756,1024,1024,1.0000,76.105,13.140,1,0.000,8243
8757,1024,1024,1.0000,76.783,13.024,1,0.000,8244
8758,1024,1024,1.0000,76.438,13.082,1,0.000,8245
8759,1024,1024,1.0000,75.295,13.281,1,0.000,8246
8760,1024,1024,1.0000,74.982,13.337,1,0.000,8247
8761,1024,1024,1.0000,76.442,13.082,1,0.000,8248
8762,1024,1024,1.0000,75.695,13.211,1,0.000,8249
8763,1024,1024,1.0000,74.793,13.370,1,0.000,8250
8764,1024,1024,1.0000,75.719,13.207,1,0.000,8251
8765,1024,1024,1.0000,76.546,13.064,1,0.000,8252
8766,1024,1024,1.0000,75.033,13.327,1,0.000,8253
8767,1024,1024,1.0000,78.351,12.763,1,0.000,8254
8768,1024,1024,1.0000,79.894,12.517,1,0.000,8255
8769,1024,1024,1.0000,78.777,12.694,1,0.000,8256
8770,1024,1024,1.0000,78.540,12.732,1,0.000,8257
8771,1024,1024,1.0000,76.619,13.052,1,0.000,8258
8772,1024,1024,1.0000,75.169,13.303,1,0.000,8259
8773,1024,1024,1.0000,74.977,13.337,1,0.000,8260
8774,1024,1024,1.0000,75.250,13.289,1,0.000,8261
8775,1024,1024,1.0000,75.123,13.312,1,0.000,8262
8776,1024,1024,1.0000,90.146,11.093,1,0.000,8263
8777,1024,1024,1.0000,76.382,13.092,1,0.000,8264
8778,1024,1024,1.0000,75.667,13.216,1,0.000,8265
8779,1024,1024,1.0000,73.138,13.673,1,0.000,8266
8780,1024,1024,1.0000,75.022,13.329,1,0.000,8267
8781,1024,1024,1.0000,76.614,13.052,1,0.000,8268
8782,1024,1024,1.0000,78.178,12.791,1,0.000,8269
8783,1024,1024,1.0000,75.080,13.319,1,0.000,8270
8784,1024,1024,1.0000,78.023,12.817,1,0.000,8271
8785,1024,1024,1.0000,76.755,13.028,1,0.000,8272
8786,1024,1024,1.0000,72.837,13.729,1,0.000,8273
8787,1024,1024,1.0000,77.816,12.851,1,0.000,8274
8788,1024,1024,1.0000,75.560,13.235,1,0.000,8275
8789,1024,1024,1.0000,77.276,12.941,1,0.000,8276
8790,1024,1024,1.0000,75.948,13.167,1,0.000,8277
8791,1024,1024,1.0000,75.730,13.205,1,0.000,8278
8792,1024,1024,1.0000,75.051,13.324,1,0.000,8279
8793,1024,1024,1.0000,76.269,13.111,1,0.000,8280
8794,1024,1024,1.0000,73.477,13.610,1,0.000,8281
8795,1024,1024,1.0000,76.063,13.147,1,0.000,8282
8796,1024,1024,1.0000,79.898,12.516,1,0.000,8283
8797,1024,1024,1.0000,74.198,13.477,1,0.000,8284
8798,1024,1024,1.0000,78.030,12.816,1,0.000,8285
8799,1024,1024,1.0000,75.027,13.329,1,0.000,8286
8800,1024,1024,1.0000,76.249,13.115,1,0.000,8287
8801,1024,1024,1.0000,73.648,13.578,1,0.000,8288
8802,1024,1024,1.0000,77.685,12.872,1,0.000,8289
8803,1024,1024,1.0000,88.478,11.302,1,0.000,8290
8804,1024,1024,1.0000,78.769,12.695,1,0.000,8291
8805,1024,1024,1.0000,75.791,13.194,1,0.000,8292
8806,1024,1024,1.0000,76.809,13.019,1,0.000,8293
8807,1024,1024,1.0000,79.987,12.502,1,0.000,8294
8808,1024,1024,1.0000,75.698,13.210,1,0.000,8295
8809,1024,1024,1.0000,76.133,13.135,1,0.000,8296
8810,1024,1024,1.0000,77.054,12.978,1,0.000,8297
8811,1024,1024,1.0000,75.368,13.268,1,0.000,8298
8812,1024,1024,1.0000,74.575,13.409,1,0.000,8299
8813,1024,1024,1.0000,73.979,13.517,1,0.000,8300
8814,1024,1024,1.0000,77.537,12.897,1,0.000,8301
8815,1024,1024,1.0000,77.766,12.859,1,0.000,8302
8816,1024,1024,1.0000,74.256,13.467,1,0.000,8303
8817,1024,1024,1.0000,76.477,13.076,1,0.000,8304
8818,1024,1024,1.0000,73.937,13.525,1,0.000,8305
8819,1024,1024,1.0000,77.042,12.980,1,0.000,8306
8820,1024,1024,1.0000,75.193,13.299,1,0.000,8307
8821,1024,1024,1.0000,74.579,13.409,1,0.000,8308
8822,1024,1024,1.0000,78.967,12.664,1,0.000,8309
8823,1024,1024,1.0000,79.256,12.617,1,0.000,8310
8824,1024,1024,1.0000,76.467,13.078,1,0.000,8311
8825,1024,1024,1.0000,74.089,13.497,1,0.000,8312
8826,1024,1024,1.0000,75.322,13.276,1,0.000,8313
8827,1024,1024,1.0000,75.251,13.289,1,0.000,8314
8828,1024,1024,1.0000,77.892,12.838,1,0.000,8315
8829,1024,1024,1.0000,75.061,13.322,1,0.000,8316
8830,1024,1024,1.0000,88.216,11.336,1,0.000,8317
8831,1024,1024,1.0000,79.490,12.580,1,0.000,8318
8832,1024,1024,1.0000,77.423,12.916,1,0.000,8319
8833,1024,1024,1.0000,76.503,13.071,1,0.000,8320
8834,1024,1024,1.0000,76.312,13.104,1,0.000,8321
8835,1024,1024,1.0000,78.579,12.726,1,0.000,8322
8836,1024,1024,1.0000,74.063,13.502,1,0.000,8323
8837,1024,1024,1.0000,73.977,13.518,1,0.000,8324
8838,1024,1024,1.0000,74.385,13.444,1,0.000,8325
8839,1024,1024,1.0000,74.025,13.509,1,0.000,8326
8840,1024,1024,1.0000,73.402,13.624,1,0.000,8327
8841,1024,1024,1.0000,78.605,12.722,1,0.000,8328
8842,1024,1024,1.0000,77.380,12.923,1,0.000,8329
8843,1024,1024,1.0000,73.984,13.516,1,0.000,8330
8844,1024,1024,1.0000,75.832,13.187,1,0.000,8331
8845,1024,1024,1.0000,78.563,12.729,1,0.000,8332
8846,1024,1024,1.0000,74.823,13.365,1,0.000,8333
8847,1024,1024,1.0000,76.220,13.120,1,0.000,8334
8848,1024,1024,1.0000,79.844,12.524,1,0.000,8335
8849,1024,1024,1.0000,76.238,13.117,1,0.000,8336
8850,1024,1024,1.0000,74.729,13.382,1,0.000,8337
8851,1024,1024,1.0000,79.667,12.552,1,0.000,8338
8852,1024,1024,1.0000,76.291,13.108,1,0.000,8339
8853,1024,1024,1.0000,73.858,13.539,1,0.000,8340
8854,1024,1024,1.0000,75.437,13.256,1,0.000,8341
8855,1024,1024,1.0000,75.389,13.265,1,0.000,8342
8856,1024,1024,1.0000,76.560,13.062,1,0.000,8343
8857,1024,1024,1.0000,84.297,11.863,1,0.000,8344
8858,1024,1024,1.0000,83.448,11.984,1,0.000,8345
8859,1024,1024,1.0000,79.596,12.563,1,0.000,8346
8860,1024,1024,1.0000,74.785,13.372,1,0.000,8347
8861,1024,1024,1.0000,76.759,13.028,1,0.000,8348
8862,1024,1024,1.0000,75.718,13.207,1,0.000,8349
8863,1024,1024,1.0000,74.441,13.433,1,0.000,8350
8864,1024,1024,1.0000,79.234,12.621,1,0.000,8351
8865,1024,1024,1.0000,74.665,13.393,1,0.000,8352
8866,1024,1024,1.0000,77.743,12.863,1,0.000,8353
8867,1024,1024,1.0000,75.042,13.326,1,0.000,8354
8868,1024,1024,1.0000,75.856,13.183,1,0.000,8355
8869,1024,1024,1.0000,77.866,12.843,1,0.000,8356
8870,1024,1024,1.0000,75.081,13.319,1,0.000,8357
8871,1024,1024,1.0000,76.974,12.991,1,0.000,8358
8872,1024,1024,1.0000,77.397,12.920,1,0.000,8359
8873,1024,1024,1.0000,77.416,12.917,1,0.000,8360
8874,1024,1024,1.0000,79.312,12.608,1,0.000,8361
8875,1024,1024,1.0000,75.592,13.229,1,0.000,8362
8876,1024,1024,1.0000,76.150,13.132,1,0.000,8363
8877,1024,1024,1.0000,75.067,13.321,1,0.000,8364
8878,1024,1024,1.0000,73.318,13.639,1,0.000,8365
8879,1024,1024,1.0000,79.537,12.573,1,0.000,8366
8880,1024,1024,1.0000,77.748,12.862,1,0.000,8367
8881,1024,1024,1.0000,74.235,13.471,1,0.000,8368
8882,1024,1024,1.0000,75.006,13.332,1,0.000,8369
8883,1024,1024,1.0000,78.309,12.770,1,0.000,8370
8884,1024,1024,1.0000,83.584,11.964,1,0.000,8371
8885,1024,1024,1.0000,84.802,11.792,1,0.000,8372
8886,1024,1024,1.0000,77.356,12.927,1,0.000,8373
8887,1024,1024,1.0000,75.681,13.213,1,0.000,8374
8888,1024,1024,1.0000,76.137,13.134,1,0.000,8375
8889,1024,1024,1.0000,76.608,13.053,1,0.000,8376
8890,1024,1024,1.0000,76.519,13.069,1,0.000,8377
8891,1024,1024,1.0000,76.607,13.054,1,0.000,8378
8892,1024,1024,1.0000,76.513,13.070,1,0.000,8379
8893,1024,1024,1.0000,77.270,12.942,1,0.000,8380
8894,1024,1024,1.0000,75.482,13.248,1,0.000,8381
8895,1024,1024,1.0000,73.692,13.570,1,0.000,8382
8896,1024,1024,1.0000,74.169,13.483,1,0.000,8383
8897,1024,1024,1.0000,74.510,13.421,1,0.000,8384
8898,1024,1024,1.0000,76.969,12.992,1,0.000,8385
8899,1024,1024,1.0000,76.608,13.053,1,0.000,8386
8900,1024,1024,1.0000,82.139,12.174,1,0.000,8387
8901,1024,1024,1.0000,77.290,12.938,1,0.000,8388
8902,1024,1024,1.0000,76.372,13.094,1,0.000,8389
8903,1024,1024,1.0000,75.177,13.302,1,0.000,8390
8904,1024,1024,1.0000,75.283,13.283,1,0.000,8391
8905,1024,1024,1.0000,78.382,12.758,1,0.000,8392
8906,1024,1024,1.0000,77.140,12.963,1,0.000,8393
8907,1024,1024,1.0000,76.723,13.034,1,0.000,8394
8908,1024,1024,1.0000,76.743,13.031,1,0.000,8395
8909,1024,1024,1.0000,75.531,13.240,1,0.000,8396
8910,1024,1024,1.0000,76.568,13.060,1,0.000,8397
8911,1024,1024,1.0000,84.481,11.837,1,0.000,8398
8912,1024,1024,1.0000,83.423,11.987,1,0.000,8399
8913,1024,1024,1.0000,77.594,12.888,1,0.000,8400
8914,1024,1024,1.0000,75.292,13.282,1,0.000,8401
8915,1024,1024,1.0000,75.246,13.290,1,0.000,8402
8916,1024,1024,1.0000,76.048,13.150,1,0.000,8403
8917,1024,1024,1.0000,77.012,12.985,1,0.000,8404
8918,1024,1024,1.0000,77.491,12.905,1,0.000,8405
8919,1024,1024,1.0000,77.289,12.938,1,0.000,8406
8920,1024,1024,1.0000,77.949,12.829,1,0.000,8407
8921,1024,1024,1.0000,74.864,13.358,1,0.000,8408
8922,1024,1024,1.0000,75.605,13.227,1,0.000,8409
8923,1024,1024,1.0000,74.089,13.497,1,0.000,8410
8924,1024,1024,1.0000,78.266,12.777,1,0.000,8411
8925,1024,1024,1.0000,77.339,12.930,1,0.000,8412
8926,1024,1024,1.0000,80.195,12.470,1,0.000,8413
8927,1024,1024,1.0000,74.895,13.352,1,0.000,8414
8928,1024,1024,1.0000,76.072,13.145,1,0.000,8415
8929,1024,1024,1.0000,76.200,13.123,1,0.000,8416
8930,1024,1024,1.0000,74.628,13.400,1,0.000,8417
8931,1024,1024,1.0000,80.137,12.479,1,0.000,8418
8932,1024,1024,1.0000,76.815,13.018,1,0.000,8419
8933,1024,1024,1.0000,74.069,13.501,1,0.000,8420
8934,1024,1024,1.0000,79.857,12.522,1,0.000,8421
8935,1024,1024,1.0000,76.908,13.003,1,0.000,8422
8936,1024,1024,1.0000,77.096,12.971,1,0.000,8423
8937,1024,1024,1.0000,76.266,13.112,1,0.000,8424
8938,1024,1024,1.0000,85.348,11.717,1,0.000,8425
8939,1024,1024,1.0000,82.124,12.177,1,0.000,8426
8940,1024,1024,1.0000,76.159,13.130,1,0.000,8427
8941,1024,1024,1.0000,74.930,13.346,1,0.000,8428
8942,1024,1024,1.0000,74.021,13.510,1,0.000,8429
8943,1024,1024,1.0000,76.184,13.126,1,0.000,8430
8944,1024,1024,1.0000,75.912,13.173,1,0.000,8431
8945,1024,1024,1.0000,74.077,13.499,1,0.000,8432
8946,1024,1024,1.0000,74.686,13.389,1,0.000,8433
8947,1024,1024,1.0000,74.826,13.364,1,0.000,8434
8948,1024,1024,1.0000,76.245,13.116,1,0.000,8435
8949,1024,1024,1.0000,75.236,13.292,1,0.000,8436
8950,1024,1024,1.0000,77.213,12.951,1,0.000,8437
8951,1024,1024,1.0000,78.517,12.736,1,0.000,8438
8952,1024,1024,1.0000,77.929,12.832,1,0.000,8439
8953,1024,1024,1.0000,73.297,13.643,1,0.000,8440
8954,1024,1024,1.0000,79.739,12.541,1,0.000,8441
8955,1024,1024,1.0000,75.850,13.184,1,0.000,8442
8956,1024,1024,1.0000,76.389,13.091,1,0.000,8443
8957,1024,1024,1.0000,76.616,13.052,1,0.000,8444
8958,1024,1024,1.0000,74.883,13.354,1,0.000,8445
8959,1024,1024,1.0000,78.818,12.687,1,0.000,8446
8960,1024,1024,1.0000,74.561,13.412,1,0.000,8447
8961,1024,1024,1.0000,78.380,12.758,1,0.000,8448
8962,1024,1024,1.0000,79.139,12.636,1,0.000,8449
8963,1024,1024,1.0000,79.047,12.651,1,0.000,8450
8964,1024,1024,1.0000,78.915,12.672,1,0.000,8451
8965,1024,1024,1.0000,91.556,10.922,1,0.000,8452
8966,1024,1024,1.0000,80.480,12.425,1,0.000,8453
8967,1024,1024,1.0000,83.857,11.925,1,0.000,8454
8968,1024,1024,1.0000,77.170,12.958,1,0.000,8455
8969,1024,1024,1.0000,76.090,13.142,1,0.000,8456
8970,1024,1024,1.0000,78.458,12.746,1,0.000,8457
8971,1024,1024,1.0000,76.842,13.014,1,0.000,8458
8972,1024,1024,1.0000,75.540,13.238,1,0.000,8459
8973,1024,1024,1.0000,76.067,13.146,1,0.000,8460
8974,1024,1024,1.0000,78.286,12.774,1,0.000,8461
8975,1024,1024,1.0000,75.139,13.309,1,0.000,8462
8976,1024,1024,1.0000,77.363,12.926,1,0.000,8463
8977,1024,1024,1.0000,77.201,12.953,1,0.000,8464
8978,1024,1024,1.0000,75.791,13.194,1,0.000,8465
8979,1024,1024,1.0000,76.527,13.067,1,0.000,8466
8980,1024,1024,1.0000,78.499,12.739,1,0.000,8467
8981,1024,1024,1.0000,78.415,12.753,1,0.000,8468
8982,1024,1024,1.0000,75.442,13.255,1,0.000,8469
8983,1024,1024,1.0000,77.698,12.870,1,0.000,8470
8984,1024,1024,1.0000,76.945,12.996,1,0.000,8471
8985,1024,1024,1.0000,76.013,13.156,1,0.000,8472
8986,1024,1024,1.0000,79.499,12.579,1,0.000,8473
8987,1024,1024,1.0000,76.201,13.123,1,0.000,8474
8988,1024,1024,1.0000,74.968,13.339,1,0.000,8475
8989,1024,1024,1.0000,79.638,12.557,1,0.000,8476
8990,1024,1024,1.0000,78.186,12.790,1,0.000,8477
8991,1024,1024,1.0000,82.465,12.126,1,0.000,8478
8992,1024,1024,1.0000,89.255,11.204,1,0.000,8479
8993,1024,1024,1.0000,79.558,12.569,1,0.000,8480
8994,1024,1024,1.0000,74.775,13.373,1,0.000,8481
8995,1024,1024,1.0000,76.614,13.052,1,0.000,8482
8996,1024,1024,1.0000,75.581,13.231,1,0.000,8483
8997,1024,1024,1.0000,76.595,13.056,1,0.000,8484
8998,1024,1024,1.0000,77.276,12.941,1,0.000,8485
8999,1024,1024,1.0000,77.875,12.841,1,0.000,8486
9000,1024,1024,1.0000,76.827,13.016,1,0.000,8487
9001,1024,1024,1.0000,77.141,12.963,1,0.000,8488
9002,1024,1024,1.0000,77.065,12.976,1,0.000,8489
9003,1024,1024,1.0000,78.184,12.790,1,0.000,8490
9004,1024,1024,1.0000,74.819,13.366,1,0.000,8491
9005,1024,1024,1.0000,77.069,12.975,1,0.000,8492
9006,1024,1024,1.0000,77.729,12.865,1,0.000,8493
9007,1024,1024,1.0000,74.937,13.345,1,0.000,8494
9008,1024,1024,1.0000,75.756,13.200,1,0.000,8495
9009,1024,1024,1.0000,78.943,12.667,1,0.000,8496
9010,1024,1024,1.0000,74.894,13.352,1,0.000,8497
9011,1024,1024,1.0000,76.564,13.061,1,0.000,8498
9012,1024,1024,1.0000,74.682,13.390,1,0.000,8499
9013,1024,1024,1.0000,77.596,12.887,1,0.000,8500
9014,1024,1024,1.0000,78.328,12.767,1,0.000,8501
9015,1024,1024,1.0000,75.854,13.183,1,0.000,8502
9016,1024,1024,1.0000,81.700,12.240,1,0.000,8503
9017,1024,1024,1.0000,78.703,12.706,1,0.000,8504
9018,1024,1024,1.0000,82.644,12.100,1,0.000,8505
9019,1024,1024,1.0000,89.256,11.204,1,0.000,8506
9020,1024,1024,1.0000,76.463,13.078,1,0.000,8507
9021,1024,1024,1.0000,78.867,12.680,1,0.000,8508
9022,1024,1024,1.0000,78.625,12.719,1,0.000,8509
9023,1024,1024,1.0000,74.973,13.338,1,0.000,8510
9024,1024,1024,1.0000,76.130,13.135,1,0.000,8511
9025,1024,1024,1.0000,76.227,13.119,1,0.000,8512
9026,1024,1024,1.0000,83.543,11.970,1,0.000,8513
9027,1024,1024,1.0000,76.188,13.125,1,0.000,8514
9028,1024,1024,1.0000,76.377,13.093,1,0.000,8515
9029,1024,1024,1.0000,75.127,13.311,1,0.000,8516
9030,1024,1024,1.0000,74.875,13.356,1,0.000,8517
9031,1024,1024,1.0000,77.064,12.976,1,0.000,8518
9032,1024,1024,1.0000,76.410,13.087,1,0.000,8519
9033,1024,1024,1.0000,79.835,12.526,1,0.000,8520
9034,1024,1024,1.0000,75.464,13.251,1,0.000,8521
9035,1024,1024,1.0000,76.846,13.013,1,0.000,8522
9036,1024,1024,1.0000,75.217,13.295,1,0.000,8523
9037,1024,1024,1.0000,75.424,13.258,1,0.000,8524
9038,1024,1024,1.0000,79.319,12.607,1,0.000,8525
9039,1024,1024,1.0000,77.154,12.961,1,0.000,8526
9040,1024,1024,1.0000,77.116,12.967,1,0.000,8527
9041,1024,1024,1.0000,77.207,12.952,1,0.000,8528
9042,1024,1024,1.0000,80.447,12.431,1,0.000,8529
9043,1024,1024,1.0000,79.953,12.507,1,0.000,8530
9044,1024,1024,1.0000,78.260,12.778,1,0.000,8531
9045,1024,1024,1.0000,87.230,11.464,1,0.000,8532
9046,1024,1024,1.0000,82.746,12.085,1,0.000,8533
9047,1024,1024,1.0000,76.433,13.083,1,0.000,8534
9048,1024,1024,1.0000,76.012,13.156,1,0.000,8535
9049,1024,1024,1.0000,75.077,13.320,1,0.000,8536
9050,1024,1024,1.0000,76.438,13.082,1,0.000,8537
9051,1024,1024,1.0000,76.651,13.046,1,0.000,8538
9052,1024,1024,1.0000,74.479,13.427,1,0.000,8539
9053,1024,1024,1.0000,77.901,12.837,1,0.000,8540
9054,1024,1024,1.0000,77.872,12.842,1,0.000,8541
9055,1024,1024,1.0000,73.711,13.566,1,0.000,8542
9056,1024,1024,1.0000,76.062,13.147,1,0.000,8543
9057,1024,1024,1.0000,77.391,12.921,1,0.000,8544
9058,1024,1024,1.0000,79.510,12.577,1,0.000,8545
9059,1024,1024,1.0000,77.824,12.850,1,0.000,8546
9060,1024,1024,1.0000,78.302,12.771,1,0.000,8547
9061,1024,1024,1.0000,75.912,13.173,1,0.000,8548
9062,1024,1024,1.0000,76.756,13.028,1,0.000,8549
9063,1024,1024,1.0000,75.978,13.162,1,0.000,8550
9064,1024,1024,1.0000,75.864,13.181,1,0.000,8551
9065,1024,1024,1.0000,75.567,13.233,1,0.000,8552
9066,1024,1024,1.0000,76.529,13.067,1,0.000,8553
9067,1024,1024,1.0000,78.263,12.777,1,0.000,8554
9068,1024,1024,1.0000,79.893,12.517,1,0.000,8555
9069,1024,1024,1.0000,77.839,12.847,1,0.000,8556
9070,1024,1024,1.0000,79.351,12.602,1,0.000,8557
9071,1024,1024,1.0000,78.073,12.809,1,0.000,8558
9072,1024,1024,1.0000,89.856,11.129,1,0.000,8559
9073,1024,1024,1.0000,79.082,12.645,1,0.000,8560
9074,1024,1024,1.0000,74.844,13.361,1,0.000,8561
9075,1024,1024,1.0000,75.944,13.168,1,0.000,8562
9076,1024,1024,1.0000,75.069,13.321,1,0.000,8563
9077,1024,1024,1.0000,74.907,13.350,1,0.000,8564
9078,1024,1024,1.0000,77.023,12.983,1,0.000,8565
9079,1024,1024,1.0000,77.266,12.942,1,0.000,8566
9080,1024,1024,1.0000,76.209,13.122,1,0.000,8567
9081,1024,1024,1.0000,74.382,13.444,1,0.000,8568
9082,1024,1024,1.0000,75.988,13.160,1,0.000,8569
9083,1024,1024,1.0000,78.030,12.816,1,0.000,8570
9084,1024,1024,1.0000,77.311,12.935,1,0.000,8571
9085,1024,1024,1.0000,76.524,13.068,1,0.000,8572
9086,1024,1024,1.0000,76.908,13.003,1,0.000,8573
9087,1024,1024,1.0000,77.645,12.879,1,0.000,8574
9088,1024,1024,1.0000,75.728,13.205,1,0.000,8575
9089,1024,1024,1.0000,75.353,13.271,1,0.000,8576
9090,1024,1024,1.0000,77.532,12.898,1,0.000,8577
9091,1024,1024,1.0000,78.003,12.820,1,0.000,8578
9092,1024,1024,1.0000,77.080,12.974,1,0.000,8579
9093,1024,1024,1.0000,79.161,12.632,1,0.000,8580
9094,1024,1024,1.0000,75.278,13.284,1,0.000,8581
9095,1024,1024,1.0000,74.798,13.369,1,0.000,8582
9096,1024,1024,1.0000,75.974,13.162,1,0.000,8583
9097,1024,1024,1.0000,76.359,13.096,1,0.000,8584
9098,1024,1024,1.0000,79.808,12.530,1,0.000,8585
9099,1024,1024,1.0000,91.552,10.923,1,0.000,8586
9100,1024,1024,1.0000,105.724,9.459,1,0.000,8587
9101,1024,1024,1.0000,77.524,12.899,1,0.000,8588
9102,1024,1024,1.0000,76.472,13.077,1,0.000,8589
9103,1024,1024,1.0000,76.424,13.085,1,0.000,8590
9104,1024,1024,1.0000,75.220,13.294,1,0.000,8591
9105,1024,1024,1.0000,76.525,13.068,1,0.000,8592
9106,1024,1024,1.0000,75.350,13.271,1,0.000,8593
9107,1024,1024,1.0000,76.803,13.020,1,0.000,8594
9108,1024,1024,1.0000,83.451,11.983,1,0.000,8595
9109,1024,1024,1.0000,74.410,13.439,1,0.000,8596
9110,1024,1024,1.0000,75.543,13.237,1,0.000,8597
9111,1024,1024,1.0000,76.341,13.099,1,0.000,8598
9112,1024,1024,1.0000,78.028,12.816,1,0.000,8599
9113,1024,1024,1.0000,74.542,13.415,1,0.000,8600
9114,1024,1024,1.0000,77.823,12.850,1,0.000,8601
9115,1024,1024,1.0000,79.897,12.516,1,0.000,8602
9116,1024,1024,1.0000,77.974,12.825,1,0.000,8603
9117,1024,1024,1.0000,76.926,13.000,1,0.000,8604
9118,1024,1024,1.0000,77.757,12.861,1,0.000,8605
9119,1024,1024,1.0000,75.547,13.237,1,0.000,8606
9120,1024,1024,1.0000,77.053,12.978,1,0.000,8607
9121,1024,1024,1.0000,78.710,12.705,1,0.000,8608
9122,1024,1024,1.0000,77.280,12.940,1,0.000,8609
9123,1024,1024,1.0000,77.198,12.954,1,0.000,8610
9124,1024,1024,1.0000,76.338,13.100,1,0.000,8611
9125,1024,1024,1.0000,88.631,11.283,1,0.000,8612
9126,1024,1024,1.0000,86.607,11.546,1,0.000,8613
9127,1024,1024,1.0000,75.406,13.262,1,0.000,8614
9128,1024,1024,1.0000,75.188,13.300,1,0.000,8615
9129,1024,1024,1.0000,77.209,12.952,1,0.000,8616
9130,1024,1024,1.0000,77.460,12.910,1,0.000,8617
9131,1024,1024,1.0000,77.418,12.917,1,0.000,8618
9132,1024,1024,1.0000,79.363,12.600,1,0.000,8619
9133,1024,1024,1.0000,76.417,13.086,1,0.000,8620
9134,1024,1024,1.0000,74.146,13.487,1,0.000,8621
9135,1024,1024,1.0000,76.454,13.080,1,0.000,8622
9136,1024,1024,1.0000,75.652,13.218,1,0.000,8623
9137,1024,1024,1.0000,78.542,12.732,1,0.000,8624
9138,1024,1024,1.0000,77.660,12.877,1,0.000,8625
9139,1024,1024,1.0000,76.944,12.996,1,0.000,8626
9140,1024,1024,1.0000,76.343,13.099,1,0.000,8627
9141,1024,1024,1.0000,78.559,12.729,1,0.000,8628
9142,1024,1024,1.0000,78.071,12.809,1,0.000,8629
9143,1024,1024,1.0000,76.143,13.133,1,0.000,8630
9144,1024,1024,1.0000,77.296,12.937,1,0.000,8631
9145,1024,1024,1.0000,81.289,12.302,1,0.000,8632
9146,1024,1024,1.0000,74.982,13.337,1,0.000,8633
9147,1024,1024,1.0000,76.851,13.012,1,0.000,8634
9148,1024,1024,1.0000,75.535,13.239,1,0.000,8635
9149,1024,1024,1.0000,75.765,13.199,1,0.000,8636
9150,1024,1024,1.0000,79.182,12.629,1,0.000,8637
9151,1024,1024,1.0000,77.583,12.889,1,0.000,8638
9152,1024,1024,1.0000,88.977,11.239,1,0.000,8639
9153,1024,1024,1.0000,82.745,12.085,1,0.000,8640
9154,1024,1024,1.0000,77.768,12.859,1,0.000,8641
9155,1024,1024,1.0000,75.664,13.216,1,0.000,8642
9156,1024,1024,1.0000,84.443,11.842,1,0.000,8643
9157,1024,1024,1.0000,78.633,12.717,1,0.000,8644
9158,1024,1024,1.0000,76.374,13.093,1,0.000,8645
9159,1024,1024,1.0000,82.514,12.119,1,0.000,8646
9160,1024,1024,1.0000,77.894,12.838,1,0.000,8647
9161,1024,1024,1.0000,73.860,13.539,1,0.000,8648
9162,1024,1024,1.0000,74.975,13.338,1,0.000,8649
9163,1024,1024,1.0000,75.805,13.192,1,0.000,8650
9164,1024,1024,1.0000,76.909,13.002,1,0.000,8651
9165,1024,1024,1.0000,75.740,13.203,1,0.000,8652
9166,1024,1024,1.0000,76.658,13.045,1,0.000,8653
9167,1024,1024,1.0000,75.538,13.238,1,0.000,8654
9168,1024,1024,1.0000,78.010,12.819,1,0.000,8655
9169,1024,1024,1.0000,75.560,13.235,1,0.000,8656
9170,1024,1024,1.0000,76.711,13.036,1,0.000,8657
9171,1024,1024,1.0000,78.046,12.813,1,0.000,8658
9172,1024,1024,1.0000,74.357,13.449,1,0.000,8659
9173,1024,1024,1.0000,75.103,13.315,1,0.000,8660
9174,1024,1024,1.0000,76.524,13.068,1,0.000,8661
9175,1024,1024,1.0000,76.348,13.098,1,0.000,8662
9176,1024,1024,1.0000,75.899,13.175,1,0.000,8663
9177,1024,1024,1.0000,74.282,13.462,1,0.000,8664
9178,1024,1024,1.0000,77.627,12.882,1,0.000,8665
9179,1024,1024,1.0000,88.788,11.263,1,0.000,8666
9180,1024,1024,1.0000,83.238,12.014,1,0.000,8667
9181,1024,1024,1.0000,76.166,13.129,1,0.000,8668
9182,1024,1024,1.0000,76.147,13.132,1,0.000,8669
9183,1024,1024,1.0000,78.583,12.725,1,0.000,8670
9184,1024,1024,1.0000,73.771,13.555,1,0.000,8671
9185,1024,1024,1.0000,76.775,13.025,1,0.000,8672
9186,1024,1024,1.0000,77.245,12.946,1,0.000,8673
9187,1024,1024,1.0000,75.622,13.224,1,0.000,8674
9188,1024,1024,1.0000,75.921,13.172,1,0.000,8675
9189,1024,1024,1.0000,79.884,12.518,1,0.000,8676
9190,1024,1024,1.0000,75.523,13.241,1,0.000,8677
9191,1024,1024,1.0000,75.758,13.200,1,0.000,8678
9192,1024,1024,1.0000,74.916,13.348,1,0.000,8679
9193,1024,1024,1.0000,76.941,12.997,1,0.000,8680
9194,1024,1024,1.0000,75.103,13.315,1,0.000,8681
9195,1024,1024,1.0000,77.821,12.850,1,0.000,8682
9196,1024,1024,1.0000,75.404,13.262,1,0.000,8683
9197,1024,1024,1.0000,77.077,12.974,1,0.000,8684
9198,1024,1024,1.0000,74.217,13.474,1,0.000,8685
9199,1024,1024,1.0000,76.631,13.050,1,0.000,8686
9200,1024,1024,1.0000,76.488,13.074,1,0.000,8687
9201,1024,1024,1.0000,74.381,13.444,1,0.000,8688
9202,1024,1024,1.0000,77.152,12.961,1,0.000,8689
9203,1024,1024,1.0000,76.874,13.008,1,0.000,8690
9204,1024,1024,1.0000,74.495,13.424,1,0.000,8691
9205,1024,1024,1.0000,76.876,13.008,1,0.000,8692
9206,1024,1024,1.0000,86.897,11.508,1,0.000,8693
9207,1024,1024,1.0000,84.788,11.794,1,0.000,8694
9208,1024,1024,1.0000,75.130,13.310,1,0.000,8695
9209,1024,1024,1.0000,76.048,13.150,1,0.000,8696
9210,1024,1024,1.0000,77.728,12.865,1,0.000,8697
9211,1024,1024,1.0000,75.055,13.324,1,0.000,8698
9212,1024,1024,1.0000,74.820,13.365,1,0.000,8699
9213,1024,1024,1.0000,75.872,13.180,1,0.000,8700
9214,1024,1024,1.0000,74.352,13.450,1,0.000,8701
9215,1024,1024,1.0000,77.653,12.878,1,0.000,8702
9216,1024,1024,1.0000,77.168,12.959,1,0.000,8703
9217,1024,1024,1.0000,76.402,13.089,1,0.000,8704
9218,1024,1024,1.0000,86.361,11.579,1,0.000,8705
9219,1024,1024,1.0000,79.580,12.566,1,0.000,8706
9220,1024,1024,1.0000,79.126,12.638,1,0.000,8707
9221,1024,1024,1.0000,77.528,12.899,1,0.000,8708
9222,1024,1024,1.0000,83.793,11.934,1,0.000,8709
9223,1024,1024,1.0000,82.271,12.155,1,0.000,8710
9224,1024,1024,1.0000,83.491,11.977,1,0.000,8711
9225,1024,1024,1.0000,74.557,13.413,1,0.000,8712
9226,1024,1024,1.0000,81.625,12.251,1,0.000,8713
9227,1024,1024,1.0000,92.194,10.847,1,0.000,8714
9228,1024,1024,1.0000,79.920,12.513,1,0.000,8715
9229,1024,1024,1.0000,74.785,13.372,1,0.000,8716
9230,1024,1024,1.0000,78.454,12.746,1,0.000,8717
9231,1024,1024,1.0000,77.434,12.914,1,0.000,8718
9232,1024,1024,1.0000,90.133,11.095,1,0.000,8719
9233,1024,1024,1.0000,83.728,11.943,1,0.000,8720
9234,1024,1024,1.0000,83.396,11.991,1,0.000,8721
9235,1024,1024,1.0000,79.573,12.567,1,0.000,8722
9236,1024,1024,1.0000,80.426,12.434,1,0.000,8723
9237,1024,1024,1.0000,80.904,12.360,1,0.000,8724
9238,1024,1024,1.0000,78.694,12.707,1,0.000,8725
9239,1024,1024,1.0000,82.490,12.123,1,0.000,8726
9240,1024,1024,1.0000,82.401,12.136,1,0.000,8727
9241,1024,1024,1.0000,78.286,12.774,1,0.000,8728
9242,1024,1024,1.0000,82.176,12.169,1,0.000,8729
9243,1024,1024,1.0000,79.138,12.636,1,0.000,8730
9244,1024,1024,1.0000,78.601,12.722,1,0.000,8731
9245,1024,1024,1.0000,80.777,12.380,1,0.000,8732
9246,1024,1024,1.0000,80.141,12.478,1,0.000,8733
9247,1024,1024,1.0000,78.969,12.663,1,0.000,8734
9248,1024,1024,1.0000,79.160,12.633,1,0.000,8735
9249,1024,1024,1.0000,78.059,12.811,1,0.000,8736
9250,1024,1024,1.0000,76.743,13.031,1,0.000,8737
9251,1024,1024,1.0000,84.245,11.870,1,0.000,8738
9252,1024,1024,1.0000,76.370,13.094,1,0.000,8739
9253,1024,1024,1.0000,85.133,11.746,1,0.000,8740
9254,1024,1024,1.0000,74.351,13.450,1,0.000,8741
9255,1024,1024,1.0000,77.225,12.949,1,0.000,8742
9256,1024,1024,1.0000,79.513,12.577,1,0.000,8743
9257,1024,1024,1.0000,80.715,12.389,1,0.000,8744
9258,1024,1024,1.0000,85.760,11.660,1,0.000,8745
9259,1024,1024,1.0000,86.963,11.499,1,0.000,8746
9260,1024,1024,1.0000,81.125,12.327,1,0.000,8747
9261,1024,1024,1.0000,78.598,12.723,1,0.000,8748
9262,1024,1024,1.0000,78.499,12.739,1,0.000,8749
9263,1024,1024,1.0000,77.053,12.978,1,0.000,8750
9264,1024,1024,1.0000,79.639,12.557,1,0.000,8751
9265,1024,1024,1.0000,81.122,12.327,1,0.000,8752
9266,1024,1024,1.0000,74.528,13.418,1,0.000,8753
9267,1024,1024,1.0000,78.340,12.765,1,0.000,8754
9268,1024,1024,1.0000,82.509,12.120,1,0.000,8755
9269,1024,1024,1.0000,77.110,12.968,1,0.000,8756
9270,1024,1024,1.0000,81.850,12.217,1,0.000,8757
9271,1024,1024,1.0000,83.866,11.924,1,0.000,8758
9272,1024,1024,1.0000,79.417,12.592,1,0.000,8759
9273,1024,1024,1.0000,79.450,12.587,1,0.000,8760
9274,1024,1024,1.0000,78.920,12.671,1,0.000,8761
9275,1024,1024,1.0000,77.502,12.903,1,0.000,8762
9276,1024,1024,1.0000,100.741,9.926,1,0.000,8763
9277,1024,1024,1.0000,77.234,12.948,1,0.000,8764
9278,1024,1024,1.0000,77.772,12.858,1,0.000,8765
9279,1024,1024,1.0000,75.062,13.322,1,0.000,8766
9280,1024,1024,1.0000,75.738,13.203,1,0.000,8767
9281,1024,1024,1.0000,78.638,12.716,1,0.000,8768
9282,1024,1024,1.0000,78.988,12.660,1,0.000,8769
9283,1024,1024,1.0000,81.061,12.336,1,0.000,8770
9284,1024,1024,1.0000,93.130,10.738,1,0.000,8771
9285,1024,1024,1.0000,84.872,11.782,1,0.000,8772
9286,1024,1024,1.0000,80.551,12.414,1,0.000,8773
9287,1024,1024,1.0000,84.351,11.855,1,0.000,8774
9288,1024,1024,1.0000,84.251,11.869,1,0.000,8775
9289,1024,1024,1.0000,82.603,12.106,1,0.000,8776
9290,1024,1024,1.0000,80.578,12.410,1,0.000,8777
9291,1024,1024,1.0000,78.625,12.719,1,0.000,8778
9292,1024,1024,1.0000,78.516,12.736,1,0.000,8779
9293,1024,1024,1.0000,83.705,11.947,1,0.000,8780
9294,1024,1024,1.0000,75.201,13.298,1,0.000,8781
9295,1024,1024,1.0000,79.169,12.631,1,0.000,8782
9296,1024,1024,1.0000,79.601,12.563,1,0.000,8783
9297,1024,1024,1.0000,80.817,12.374,1,0.000,8784
9298,1024,1024,1.0000,76.926,13.000,1,0.000,8785
9299,1024,1024,1.0000,79.860,12.522,1,0.000,8786
9300,1024,1024,1.0000,83.127,12.030,1,0.000,8787
9301,1024,1024,1.0000,77.163,12.960,1,0.000,8788
9302,1024,1024,1.0000,77.606,12.886,1,0.000,8789
9303,1024,1024,1.0000,83.023,12.045,1,0.000,8790
9304,1024,1024,1.0000,82.736,12.087,1,0.000,8791
9305,1024,1024,1.0000,80.671,12.396,1,0.000,8792
9306,1024,1024,1.0000,80.253,12.461,1,0.000,8793
9307,1024,1024,1.0000,80.048,12.493,1,0.000,8794
9308,1024,1024,1.0000,77.659,12.877,1,0.000,8795
9309,1024,1024,1.0000,85.001,11.765,1,0.000,8796
9310,1024,1024,1.0000,92.111,10.856,1,0.000,8797
9311,1024,1024,1.0000,81.765,12.230,1,0.000,8798
9312,1024,1024,1.0000,77.145,12.963,1,0.000,8799
9313,1024,1024,1.0000,84.924,11.775,1,0.000,8800
9314,1024,1024,1.0000,84.652,11.813,1,0.000,8801
9315,1024,1024,1.0000,80.042,12.493,1,0.000,8802
9316,1024,1024,1.0000,78.341,12.765,1,0.000,8803
9317,1024,1024,1.0000,77.903,12.836,1,0.000,8804
9318,1024,1024,1.0000,76.727,13.033,1,0.000,8805
9319,1024,1024,1.0000,83.139,12.028,1,0.000,8806
9320,1024,1024,1.0000,83.063,12.039,1,0.000,8807
9321,1024,1024,1.0000,77.302,12.936,1,0.000,8808
9322,1024,1024,1.0000,79.378,12.598,1,0.000,8809
9323,1024,1024,1.0000,77.378,12.924,1,0.000,8810
9324,1024,1024,1.0000,76.486,13.074,1,0.000,8811
9325,1024,1024,1.0000,79.643,12.556,1,0.000,8812
9326,1024,1024,1.0000,84.423,11.845,1,0.000,8813
9327,1024,1024,1.0000,82.032,12.190,1,0.000,8814
9328,1024,1024,1.0000,79.280,12.614,1,0.000,8815
9329,1024,1024,1.0000,76.277,13.110,1,0.000,8816
9330,1024,1024,1.0000,79.232,12.621,1,0.000,8817
9331,1024,1024,1.0000,76.577,13.059,1,0.000,8818
9332,1024,1024,1.0000,81.344,12.293,1,0.000,8819
9333,1024,1024,1.0000,79.978,12.503,1,0.000,8820
9334,1024,1024,1.0000,76.386,13.091,1,0.000,8821
9335,1024,1024,1.0000,81.247,12.308,1,0.000,8822
9336,1024,1024,1.0000,91.296,10.953,1,0.000,8823
9337,1024,1024,1.0000,78.151,12.796,1,0.000,8824
9338,1024,1024,1.0000,82.268,12.155,1,0.000,8825
9339,1024,1024,1.0000,81.889,12.212,1,0.000,8826
9340,1024,1024,1.0000,78.385,12.758,1,0.000,8827
9341,1024,1024,1.0000,80.844,12.370,1,0.000,8828
9342,1024,1024,1.0000,81.647,12.248,1,0.000,8829
9343,1024,1024,1.0000,78.809,12.689,1,0.000,8830
9344,1024,1024,1.0000,79.804,12.531,1,0.000,8831
9345,1024,1024,1.0000,78.153,12.795,1,0.000,8832
9346,1024,1024,1.0000,83.343,11.999,1,0.000,8833
9347,1024,1024,1.0000,80.663,12.397,1,0.000,8834
9348,1024,1024,1.0000,78.604,12.722,1,0.000,8835
9349,1024,1024,1.0000,78.962,12.664,1,0.000,8836
9350,1024,1024,1.0000,78.749,12.699,1,0.000,8837
9351,1024,1024,1.0000,80.639,12.401,1,0.000,8838
9352,1024,1024,1.0000,80.529,12.418,1,0.000,8839
9353,1024,1024,1.0000,80.217,12.466,1,0.000,8840
9354,1024,1024,1.0000,79.220,12.623,1,0.000,8841
9355,1024,1024,1.0000,79.542,12.572,1,0.000,8842
9356,1024,1024,1.0000,78.724,12.703,1,0.000,8843
9357,1024,1024,1.0000,80.125,12.480,1,0.000,8844
9358,1024,1024,1.0000,80.778,12.380,1,0.000,8845
9359,1024,1024,1.0000,76.357,13.096,1,0.000,8846
9360,1024,1024,1.0000,77.168,12.959,1,0.000,8847
9361,1024,1024,1.0000,88.622,11.284,1,0.000,8848
9362,1024,1024,1.0000,87.778,11.392,1,0.000,8849
9363,1024,1024,1.0000,82.045,12.188,1,0.000,8850
9364,1024,1024,1.0000,80.039,12.494,1,0.000,8851
9365,1024,1024,1.0000,80.207,12.468,1,0.000,8852
9366,1024,1024,1.0000,80.814,12.374,1,0.000,8853
9367,1024,1024,1.0000,78.271,12.776,1,0.000,8854
9368,1024,1024,1.0000,80.708,12.390,1,0.000,8855
9369,1024,1024,1.0000,81.863,12.216,1,0.000,8856
9370,1024,1024,1.0000,78.059,12.811,1,0.000,8857
9371,1024,1024,1.0000,77.747,12.862,1,0.000,8858
9372,1024,1024,1.0000,75.331,13.275,1,0.000,8859
9373,1024,1024,1.0000,78.569,12.728,1,0.000,8860
9374,1024,1024,1.0000,80.035,12.495,1,0.000,8861
9375,1024,1024,1.0000,80.662,12.397,1,0.000,8862
9376,1024,1024,1.0000,79.907,12.515,1,0.000,8863
9377,1024,1024,1.0000,79.009,12.657,1,0.000,8864
9378,1024,1024,1.0000,80.408,12.437,1,0.000,8865
9379,1024,1024,1.0000,78.719,12.703,1,0.000,8866
9380,1024,1024,1.0000,88.977,11.239,1,0.000,8867
9381,1024,1024,1.0000,80.644,12.400,1,0.000,8868
9382,1024,1024,1.0000,81.723,12.236,1,0.000,8869
9383,1024,1024,1.0000,78.233,12.782,1,0.000,8870
9384,1024,1024,1.0000,85.824,11.652,1,0.000,8871
9385,1024,1024,1.0000,81.830,12.220,1,0.000,8872
9386,1024,1024,1.0000,79.625,12.559,1,0.000,8873
9387,1024,1024,1.0000,83.565,11.967,1,0.000,8874
9388,1024,1024,1.0000,83.832,11.929,1,0.000,8875
9389,1024,1024,1.0000,76.788,13.023,1,0.000,8876
9390,1024,1024,1.0000,82.439,12.130,1,0.000,8877
9391,1024,1024,1.0000,83.320,12.002,1,0.000,8878
9392,1024,1024,1.0000,82.706,12.091,1,0.000,8879
9393,1024,1024,1.0000,82.214,12.163,1,0.000,8880
9394,1024,1024,1.0000,87.077,11.484,1,0.000,8881
9395,1024,1024,1.0000,81.475,12.274,1,0.000,8882
9396,1024,1024,1.0000,79.418,12.592,1,0.000,8883
9397,1024,1024,1.0000,78.033,12.815,1,0.000,8884
9398,1024,1024,1.0000,75.903,13.175,1,0.000,8885
9399,1024,1024,1.0000,78.119,12.801,1,0.000,8886
9400,1024,1024,1.0000,83.427,11.987,1,0.000,8887
9401,1024,1024,1.0000,81.361,12.291,1,0.000,8888
9402,1024,1024,1.0000,80.663,12.397,1,0.000,8889
9403,1024,1024,1.0000,77.539,12.897,1,0.000,8890
9404,1024,1024,1.0000,81.035,12.340,1,0.000,8891
9405,1024,1024,1.0000,82.540,12.115,1,0.000,8892
9406,1024,1024,1.0000,78.487,12.741,1,0.000,8893
9407,1024,1024,1.0000,88.345,11.319,1,0.000,8894
9408,1024,1024,1.0000,84.059,11.896,1,0.000,8895
9409,1024,1024,1.0000,80.875,12.365,1,0.000,8896
9410,1024,1024,1.0000,79.226,12.622,1,0.000,8897
9411,1024,1024,1.0000,81.231,12.311,1,0.000,8898
9412,1024,1024,1.0000,81.610,12.253,1,0.000,8899
9413,1024,1024,1.0000,91.431,10.937,1,0.000,8900
9414,1024,1024,1.0000,83.041,12.042,1,0.000,8901
9415,1024,1024,1.0000,82.833,12.072,1,0.000,8902
9416,1024,1024,1.0000,76.887,13.006,1,0.000,8903
9417,1024,1024,1.0000,77.710,12.868,1,0.000,8904
9418,1024,1024,1.0000,81.626,12.251,1,0.000,8905
9419,1024,1024,1.0000,77.865,12.843,1,0.000,8906
9420,1024,1024,1.0000,77.264,12.943,1,0.000,8907
9421,1024,1024,1.0000,81.817,12.222,1,0.000,8908
9422,1024,1024,1.0000,81.850,12.217,1,0.000,8909
9423,1024,1024,1.0000,79.814,12.529,1,0.000,8910
9424,1024,1024,1.0000,82.964,12.053,1,0.000,8911
9425,1024,1024,1.0000,83.608,11.961,1,0.000,8912
9426,1024,1024,1.0000,78.716,12.704,1,0.000,8913
9427,1024,1024,1.0000,80.240,12.463,1,0.000,8914
9428,1024,1024,1.0000,79.618,12.560,1,0.000,8915
9429,1024,1024,1.0000,84.900,11.779,1,0.000,8916
9430,1024,1024,1.0000,79.151,12.634,1,0.000,8917
9431,1024,1024,1.0000,81.013,12.344,1,0.000,8918
9432,1024,1024,1.0000,79.517,12.576,1,0.000,8919
9433,1024,1024,1.0000,79.977,12.504,1,0.000,8920
9434,1024,1024,1.0000,86.674,11.537,1,0.000,8921
9435,1024,1024,1.0000,92.774,10.779,1,0.000,8922
9436,1024,1024,1.0000,94.145,10.622,1,0.000,8923
9437,1024,1024,1.0000,94.129,10.624,1,0.000,8924
9438,1024,1024,1.0000,94.411,10.592,1,0.000,8925
9439,1024,1024,1.0000,80.294,12.454,1,0.000,8926
9440,1024,1024,1.0000,81.250,12.308,1,0.000,8927
9441,1024,1024,1.0000,82.047,12.188,1,0.000,8928
9442,1024,1024,1.0000,77.647,12.879,1,0.000,8929
9443,1024,1024,1.0000,81.557,12.261,1,0.000,8930
9444,1024,1024,1.0000,80.603,12.406,1,0.000,8931
9445,1024,1024,1.0000,75.581,13.231,1,0.000,8932
9446,1024,1024,1.0000,78.153,12.795,1,0.000,8933
9447,1024,1024,1.0000,94.345,10.599,1,0.000,8934
9448,1024,1024,1.0000,78.727,12.702,1,0.000,8935
9449,1024,1024,1.0000,81.765,12.230,1,0.000,8936
9450,1024,1024,1.0000,78.706,12.706,1,0.000,8937
9451,1024,1024,1.0000,82.542,12.115,1,0.000,8938
9452,1024,1024,1.0000,76.451,13.080,1,0.000,8939
9453,1024,1024,1.0000,75.077,13.320,1,0.000,8940
9454,1024,1024,1.0000,77.402,12.920,1,0.000,8941
9455,1024,1024,1.0000,82.093,12.181,1,0.000,8942
9456,1024,1024,1.0000,83.395,11.991,1,0.000,8943
9457,1024,1024,1.0000,77.368,12.925,1,0.000,8944
9458,1024,1024,1.0000,79.946,12.508,1,0.000,8945
9459,1024,1024,1.0000,80.936,12.355,1,0.000,8946
9460,1024,1024,1.0000,74.852,13.360,1,0.000,8947
9461,1024,1024,1.0000,80.628,12.403,1,0.000,8948
9462,1024,1024,1.0000,77.266,12.942,1,0.000,8949
9463,1024,1024,1.0000,80.294,12.454,1,0.000,8950
9464,1024,1024,1.0000,91.501,10.929,1,0.000,8951
9465,1024,1024,1.0000,88.598,11.287,1,0.000,8952
9466,1024,1024,1.0000,76.966,12.993,1,0.000,8953
9467,1024,1024,1.0000,74.927,13.346,1,0.000,8954
9468,1024,1024,1.0000,76.962,12.993,1,0.000,8955
9469,1024,1024,1.0000,82.724,12.088,1,0.000,8956
9470,1024,1024,1.0000,81.466,12.275,1,0.000,8957
9471,1024,1024,1.0000,79.842,12.525,1,0.000,8958
9472,1024,1024,1.0000,77.359,12.927,1,0.000,8959
9473,1024,1024,1.0000,84.726,11.803,1,0.000,8960
9474,1024,1024,1.0000,82.174,12.169,1,0.000,8961
9475,1024,1024,1.0000,77.487,12.905,1,0.000,8962
9476,1024,1024,1.0000,80.396,12.438,1,0.000,8963
9477,1024,1024,1.0000,82.692,12.093,1,0.000,8964
9478,1024,1024,1.0000,76.975,12.991,1,0.000,8965
9479,1024,1024,1.0000,81.287,12.302,1,0.000,8966
9480,1024,1024,1.0000,79.720,12.544,1,0.000,8967
9481,1024,1024,1.0000,78.037,12.814,1,0.000,8968
9482,1024,1024,1.0000,77.230,12.948,1,0.000,8969
9483,1024,1024,1.0000,79.425,12.590,1,0.000,8970
9484,1024,1024,1.0000,77.489,12.905,1,0.000,8971
9485,1024,1024,1.0000,78.116,12.801,1,0.000,8972
9486,1024,1024,1.0000,77.633,12.881,1,0.000,8973
9487,1024,1024,1.0000,84.061,11.896,1,0.000,8974
9488,1024,1024,1.0000,81.585,12.257,1,0.000,8975
9489,1024,1024,1.0000,80.165,12.474,1,0.000,8976
9490,1024,1024,1.0000,90.992,10.990,1,0.000,8977
9491,1024,1024,1.0000,81.258,12.306,1,0.000,8978
9492,1024,1024,1.0000,81.946,12.203,1,0.000,8979
9493,1024,1024,1.0000,77.882,12.840,1,0.000,8980
9494,1024,1024,1.0000,79.608,12.562,1,0.000,8981
9495,1024,1024,1.0000,77.278,12.940,1,0.000,8982
9496,1024,1024,1.0000,84.950,11.772,1,0.000,8983
9497,1024,1024,1.0000,77.786,12.856,1,0.000,8984
9498,1024,1024,1.0000,80.059,12.491,1,0.000,8985
9499,1024,1024,1.0000,80.424,12.434,1,0.000,8986
9500,1024,1024,1.0000,79.392,12.596,1,0.000,8987
9501,1024,1024,1.0000,76.591,13.056,1,0.000,8988
9502,1024,1024,1.0000,77.492,12.905,1,0.000,8989
9503,1024,1024,1.0000,82.725,12.088,1,0.000,8990
9504,1024,1024,1.0000,84.294,11.863,1,0.000,8991
9505,1024,1024,1.0000,77.787,12.856,1,0.000,8992
9506,1024,1024,1.0000,82.262,12.156,1,0.000,8993
9507,1024,1024,1.0000,86.098,11.615,1,0.000,8994
9508,1024,1024,1.0000,79.038,12.652,1,0.000,8995
9509,1024,1024,1.0000,79.154,12.634,1,0.000,8996
9510,1024,1024,1.0000,78.733,12.701,1,0.000,8997
9511,1024,1024,1.0000,80.134,12.479,1,0.000,8998
9512,1024,1024,1.0000,82.098,12.181,1,0.000,8999
9513,1024,1024,1.0000,79.166,12.632,1,0.000,9000
9514,1024,1024,1.0000,79.151,12.634,1,0.000,9001
9515,1024,1024,1.0000,84.730,11.802,1,0.000,9002
9516,1024,1024,1.0000,89.225,11.208,1,0.000,9003
9517,1024,1024,1.0000,82.253,12.158,1,0.000,9004
9518,1024,1024,1.0000,79.517,12.576,1,0.000,9005
9519,1024,1024,1.0000,77.189,12.955,1,0.000,9006
9520,1024,1024,1.0000,79.156,12.633,1,0.000,9007
9521,1024,1024,1.0000,81.178,12.319,1,0.000,9008
9522,1024,1024,1.0000,83.237,12.014,1,0.000,9009
9523,1024,1024,1.0000,83.623,11.958,1,0.000,9010
9524,1024,1024,1.0000,78.502,12.739,1,0.000,9011
9525,1024,1024,1.0000,77.311,12.935,1,0.000,9012
9526,1024,1024,1.0000,76.544,13.064,1,0.000,9013
9527,1024,1024,1.0000,80.430,12.433,1,0.000,9014
9528,1024,1024,1.0000,76.941,12.997,1,0.000,9015
9529,1024,1024,1.0000,80.833,12.371,1,0.000,9016
9530,1024,1024,1.0000,82.287,12.153,1,0.000,9017
9531,1024,1024,1.0000,82.344,12.144,1,0.000,9018
9532,1024,1024,1.0000,80.451,12.430,1,0.000,9019
9533,1024,1024,1.0000,74.899,13.351,1,0.000,9020
9534,1024,1024,1.0000,77.145,12.963,1,0.000,9021
9535,1024,1024,1.0000,78.956,12.665,1,0.000,9022
9536,1024,1024,1.0000,81.140,12.324,1,0.000,9023
9537,1024,1024,1.0000,80.670,12.396,1,0.000,9024
9538,1024,1024,1.0000,77.737,12.864,1,0.000,9025
9539,1024,1024,1.0000,79.024,12.654,1,0.000,9026
9540,1024,1024,1.0000,78.286,12.774,1,0.000,9027
9541,1024,1024,1.0000,87.247,11.462,1,0.000,9028
9542,1024,1024,1.0000,88.131,11.347,1,0.000,9029
9543,1024,1024,1.0000,81.655,12.247,1,0.000,9030
9544,1024,1024,1.0000,80.000,12.500,1,0.000,9031
9545,1024,1024,1.0000,77.015,12.984,1,0.000,9032
9546,1024,1024,1.0000,83.262,12.010,1,0.000,9033
9547,1024,1024,1.0000,76.328,13.101,1,0.000,9034
9548,1024,1024,1.0000,79.153,12.634,1,0.000,9035
9549,1024,1024,1.0000,81.174,12.319,1,0.000,9036
9550,1024,1024,1.0000,82.714,12.090,1,0.000,9037
9551,1024,1024,1.0000,77.485,12.906,1,0.000,9038
9552,1024,1024,1.0000,79.760,12.538,1,0.000,9039
9553,1024,1024,1.0000,80.723,12.388,1,0.000,9040
9554,1024,1024,1.0000,79.904,12.515,1,0.000,9041
9555,1024,1024,1.0000,81.999,12.195,1,0.000,9042
9556,1024,1024,1.0000,78.122,12.800,1,0.000,9043
9557,1024,1024,1.0000,82.039,12.189,1,0.000,9044
9558,1024,1024,1.0000,74.481,13.426,1,0.000,9045
9559,1024,1024,1.0000,82.920,12.060,1,0.000,9046
9560,1024,1024,1.0000,80.896,12.362,1,0.000,9047
9561,1024,1024,1.0000,77.281,12.940,1,0.000,9048
9562,1024,1024,1.0000,80.621,12.404,1,0.000,9049
9563,1024,1024,1.0000,84.774,11.796,1,0.000,9050
9564,1024,1024,1.0000,84.193,11.877,1,0.000,9051
9565,1024,1024,1.0000,80.957,12.352,1,0.000,9052
9566,1024,1024,1.0000,79.983,12.503,1,0.000,9053
9567,1024,1024,1.0000,91.832,10.889,1,0.000,9054
9568,1024,1024,1.0000,85.118,11.748,1,0.000,9055
9569,1024,1024,1.0000,82.781,12.080,1,0.000,9056
9570,1024,1024,1.0000,79.785,12.534,1,0.000,9057
9571,1024,1024,1.0000,77.495,12.904,1,0.000,9058
9572,1024,1024,1.0000,79.071,12.647,1,0.000,9059
9573,1024,1024,1.0000,79.543,12.572,1,0.000,9060
9574,1024,1024,1.0000,77.577,12.890,1,0.000,9061
9575,1024,1024,1.0000,82.246,12.159,1,0.000,9062
9576,1024,1024,1.0000,78.312,12.769,1,0.000,9063
9577,1024,1024,1.0000,80.337,12.448,1,0.000,9064
9578,1024,1024,1.0000,79.753,12.539,1,0.000,9065
9579,1024,1024,1.0000,80.466,12.428,1,0.000,9066
9580,1024,1024,1.0000,81.433,12.280,1,0.000,9067
9581,1024,1024,1.0000,76.152,13.132,1,0.000,9068
9582,1024,1024,1.0000,79.080,12.645,1,0.000,9069
9583,1024,1024,1.0000,76.440,13.082,1,0.000,9070
9584,1024,1024,1.0000,76.549,13.064,1,0.000,9071
9585,1024,1024,1.0000,80.198,12.469,1,0.000,9072
9586,1024,1024,1.0000,81.512,12.268,1,0.000,9073
9587,1024,1024,1.0000,77.294,12.938,1,0.000,9074
9588,1024,1024,1.0000,79.671,12.552,1,0.000,9075
9589,1024,1024,1.0000,81.633,12.250,1,0.000,9076
9590,1024,1024,1.0000,83.375,11.994,1,0.000,9077
9591,1024,1024,1.0000,83.508,11.975,1,0.000,9078
9592,1024,1024,1.0000,80.573,12.411,1,0.000,9079
9593,1024,1024,1.0000,90.119,11.096,1,0.000,9080
9594,1024,1024,1.0000,83.579,11.965,1,0.000,9081
9595,1024,1024,1.0000,77.541,12.896,1,0.000,9082
9596,1024,1024,1.0000,81.521,12.267,1,0.000,9083
9597,1024,1024,1.0000,79.342,12.604,1,0.000,9084
9598,1024,1024,1.0000,77.568,12.892,1,0.000,9085
9599,1024,1024,1.0000,79.428,12.590,1,0.000,9086
9600,1024,1024,1.0000,83.088,12.035,1,0.000,9087
9601,1024,1024,1.0000,83.363,11.996,1,0.000,9088
9602,1024,1024,1.0000,84.994,11.766,1,0.000,9089
9603,1024,1024,1.0000,76.260,13.113,1,0.000,9090
9604,1024,1024,1.0000,81.283,12.303,1,0.000,9091
9605,1024,1024,1.0000,80.221,12.466,1,0.000,9092
9606,1024,1024,1.0000,80.363,12.444,1,0.000,9093
9607,1024,1024,1.0000,79.248,12.619,1,0.000,9094
9608,1024,1024,1.0000,78.543,12.732,1,0.000,9095
9609,1024,1024,1.0000,78.257,12.778,1,0.000,9096
9610,1024,1024,1.0000,76.867,13.009,1,0.000,9097
9611,1024,1024,1.0000,78.998,12.659,1,0.000,9098
9612,1024,1024,1.0000,79.755,12.538,1,0.000,9099
9613,1024,1024,1.0000,77.503,12.903,1,0.000,9100
9614,1024,1024,1.0000,75.306,13.279,1,0.000,9101
9615,1024,1024,1.0000,79.790,12.533,1,0.000,9102
9616,1024,1024,1.0000,78.487,12.741,1,0.000,9103
9617,1024,1024,1.0000,82.383,12.138,1,0.000,9104
9618,1024,1024,1.0000,77.669,12.875,1,0.000,9105
9619,1024,1024,1.0000,92.632,10.795,1,0.000,9106
9620,1024,1024,1.0000,81.478,12.273,1,0.000,9107
9621,1024,1024,1.0000,81.356,12.292,1,0.000,9108
9622,1024,1024,1.0000,78.699,12.707,1,0.000,9109
9623,1024,1024,1.0000,84.334,11.858,1,0.000,9110
9624,1024,1024,1.0000,79.144,12.635,1,0.000,9111
9625,1024,1024,1.0000,80.129,12.480,1,0.000,9112
9626,1024,1024,1.0000,77.843,12.846,1,0.000,9113
9627,1024,1024,1.0000,78.544,12.732,1,0.000,9114
9628,1024,1024,1.0000,80.759,12.383,1,0.000,9115
9629,1024,1024,1.0000,82.878,12.066,1,0.000,9116
9630,1024,1024,1.0000,77.297,12.937,1,0.000,9117
9631,1024,1024,1.0000,77.446,12.912,1,0.000,9118
9632,1024,1024,1.0000,79.991,12.501,1,0.000,9119
9633,1024,1024,1.0000,80.147,12.477,1,0.000,9120
9634,1024,1024,1.0000,78.966,12.664,1,0.000,9121
9635,1024,1024,1.0000,78.438,12.749,1,0.000,9122
9636,1024,1024,1.0000,76.409,13.087,1,0.000,9123
9637,1024,1024,1.0000,79.441,12.588,1,0.000,9124
9638,1024,1024,1.0000,79.287,12.612,1,0.000,9125
9639,1024,1024,1.0000,79.883,12.518,1,0.000,9126
9640,1024,1024,1.0000,77.276,12.941,1,0.000,9127
9641,1024,1024,1.0000,82.985,12.050,1,0.000,9128
9642,1024,1024,1.0000,82.679,12.095,1,0.000,9129
9643,1024,1024,1.0000,83.354,11.997,1,0.000,9130
9644,1024,1024,1.0000,88.061,11.356,1,0.000,9131
9645,1024,1024,1.0000,90.961,10.994,1,0.000,9132
9646,1024,1024,1.0000,79.461,12.585,1,0.000,9133
9647,1024,1024,1.0000,79.252,12.618,1,0.000,9134
9648,1024,1024,1.0000,82.720,12.089,1,0.000,9135
9649,1024,1024,1.0000,80.975,12.349,1,0.000,9136
9650,1024,1024,1.0000,81.166,12.320,1,0.000,9137
9651,1024,1024,1.0000,78.727,12.702,1,0.000,9138
9652,1024,1024,1.0000,75.999,13.158,1,0.000,9139
9653,1024,1024,1.0000,83.659,11.953,1,0.000,9140
9654,1024,1024,1.0000,81.359,12.291,1,0.000,9141
9655,1024,1024,1.0000,78.026,12.816,1,0.000,9142
9656,1024,1024,1.0000,83.546,11.969,1,0.000,9143
9657,1024,1024,1.0000,78.627,12.718,1,0.000,9144
9658,1024,1024,1.0000,81.123,12.327,1,0.000,9145
9659,1024,1024,1.0000,76.730,13.033,1,0.000,9146
9660,1024,1024,1.0000,78.822,12.687,1,0.000,9147
9661,1024,1024,1.0000,76.789,13.023,1,0.000,9148
9662,1024,1024,1.0000,77.732,12.865,1,0.000,9149
9663,1024,1024,1.0000,78.323,12.768,1,0.000,9150
9664,1024,1024,1.0000,78.973,12.663,1,0.000,9151
9665,1024,1024,1.0000,78.157,12.795,1,0.000,9152
9666,1024,1024,1.0000,81.181,12.318,1,0.000,9153
9667,1024,1024,1.0000,79.902,12.515,1,0.000,9154
9668,1024,1024,1.0000,82.331,12.146,1,0.000,9155
9669,1024,1024,1.0000,78.944,12.667,1,0.000,9156
9670,1024,1024,1.0000,85.355,11.716,1,0.000,9157
9671,1024,1024,1.0000,89.063,11.228,1,0.000,9158
9672,1024,1024,1.0000,81.779,12.228,1,0.000,9159
9673,1024,1024,1.0000,77.451,12.911,1,0.000,9160
9674,1024,1024,1.0000,76.828,13.016,1,0.000,9161
9675,1024,1024,1.0000,80.023,12.496,1,0.000,9162
9676,1024,1024,1.0000,80.980,12.349,1,0.000,9163
9677,1024,1024,1.0000,76.370,13.094,1,0.000,9164
9678,1024,1024,1.0000,92.807,10.775,1,0.000,9165
9679,1024,1024,1.0000,82.495,12.122,1,0.000,9166
9680,1024,1024,1.0000,74.107,13.494,1,0.000,9167
9681,1024,1024,1.0000,77.526,12.899,1,0.000,9168
9682,1024,1024,1.0000,83.468,11.981,1,0.000,9169
9683,1024,1024,1.0000,85.120,11.748,1,0.000,9170
9684,1024,1024,1.0000,78.383,12.758,1,0.000,9171
9685,1024,1024,1.0000,78.043,12.813,1,0.000,9172
9686,1024,1024,1.0000,79.925,12.512,1,0.000,9173
9687,1024,1024,1.0000,81.183,12.318,1,0.000,9174
9688,1024,1024,1.0000,83.794,11.934,1,0.000,9175
9689,1024,1024,1.0000,78.737,12.701,1,0.000,9176
9690,1024,1024,1.0000,79.566,12.568,1,0.000,9177
9691,1024,1024,1.0000,79.414,12.592,1,0.000,9178
9692,1024,1024,1.0000,77.540,12.897,1,0.000,9179
9693,1024,1024,1.0000,77.812,12.851,1,0.000,9180
9694,1024,1024,1.0000,79.120,12.639,1,0.000,9181
9695,1024,1024,1.0000,78.297,12.772,1,0.000,9182
9696,1024,1024,1.0000,89.598,11.161,1,0.000,9183
9697,1024,1024,1.0000,87.808,11.388,1,0.000,9184
9698,1024,1024,1.0000,83.078,12.037,1,0.000,9185
9699,1024,1024,1.0000,79.785,12.534,1,0.000,9186
9700,1024,1024,1.0000,77.208,12.952,1,0.000,9187
9701,1024,1024,1.0000,84.991,11.766,1,0.000,9188
9702,1024,1024,1.0000,76.392,13.090,1,0.000,9189
9703,1024,1024,1.0000,82.008,12.194,1,0.000,9190
9704,1024,1024,1.0000,82.472,12.125,1,0.000,9191
9705,1024,1024,1.0000,75.533,13.239,1,0.000,9192
9706,1024,1024,1.0000,77.645,12.879,1,0.000,9193
9707,1024,1024,1.0000,81.883,12.213,1,0.000,9194
9708,1024,1024,1.0000,77.697,12.871,1,0.000,9195
9709,1024,1024,1.0000,80.009,12.499,1,0.000,9196
9710,1024,1024,1.0000,78.057,12.811,1,0.000,9197
9711,1024,1024,1.0000,78.425,12.751,1,0.000,9198
9712,1024,1024,1.0000,80.457,12.429,1,0.000,9199
9713,1024,1024,1.0000,82.671,12.096,1,0.000,9200
9714,1024,1024,1.0000,76.692,13.039,1,0.000,9201
9715,1024,1024,1.0000,77.634,12.881,1,0.000,9202
9716,1024,1024,1.0000,79.736,12.541,1,0.000,9203
9717,1024,1024,1.0000,79.991,12.501,1,0.000,9204
9718,1024,1024,1.0000,83.236,12.014,1,0.000,9205
9719,1024,1024,1.0000,83.313,12.003,1,0.000,9206
9720,1024,1024,1.0000,75.271,13.285,1,0.000,9207
9721,1024,1024,1.0000,75.963,13.164,1,0.000,9208
9722,1024,1024,1.0000,83.171,12.023,1,0.000,9209
9723,1024,1024,1.0000,88.819,11.259,1,0.000,9210
9724,1024,1024,1.0000,81.962,12.201,1,0.000,9211
9725,1024,1024,1.0000,78.535,12.733,1,0.000,9212
9726,1024,1024,1.0000,79.109,12.641,1,0.000,9213
9727,1024,1024,1.0000,81.381,12.288,1,0.000,9214
9728,1024,1024,1.0000,79.738,12.541,1,0.000,9215
9729,1024,1024,1.0000,78.466,12.744,1,0.000,9216
9730,1024,1024,1.0000,84.669,11.811,1,0.000,9217
9731,1024,1024,1.0000,82.764,12.083,1,0.000,9218
9732,1024,1024,1.0000,83.965,11.910,1,0.000,9219
9733,1024,1024,1.0000,84.980,11.767,1,0.000,9220
9734,1024,1024,1.0000,83.129,12.029,1,0.000,9221
9735,1024,1024,1.0000,82.111,12.179,1,0.000,9222
9736,1024,1024,1.0000,84.070,11.895,1,0.000,9223
9737,1024,1024,1.0000,84.787,11.794,1,0.000,9224
9738,1024,1024,1.0000,83.089,12.035,1,0.000,9225
9739,1024,1024,1.0000,83.327,12.001,1,0.000,9226
9740,1024,1024,1.0000,83.438,11.985,1,0.000,9227
9741,1024,1024,1.0000,81.930,12.206,1,0.000,9228
9742,1024,1024,1.0000,84.933,11.774,1,0.000,9229
9743,1024,1024,1.0000,81.140,12.324,1,0.000,9230
9744,1024,1024,1.0000,82.099,12.180,1,0.000,9231
9745,1024,1024,1.0000,82.100,12.180,1,0.000,9232
9746,1024,1024,1.0000,82.806,12.076,1,0.000,9233
9747,1024,1024,1.0000,94.844,10.544,1,0.000,9234
9748,1024,1024,1.0000,87.567,11.420,1,0.000,9235
9749,1024,1024,1.0000,83.627,11.958,1,0.000,9236
9750,1024,1024,1.0000,80.784,12.379,1,0.000,9237
9751,1024,1024,1.0000,80.854,12.368,1,0.000,9238
9752,1024,1024,1.0000,81.906,12.209,1,0.000,9239
9753,1024,1024,1.0000,81.016,12.343,1,0.000,9240
9754,1024,1024,1.0000,81.005,12.345,1,0.000,9241
9755,1024,1024,1.0000,102.815,9.726,1,0.000,9242
9756,1024,1024,1.0000,82.797,12.078,1,0.000,9243
9757,1024,1024,1.0000,82.802,12.077,1,0.000,9244
9758,1024,1024,1.0000,82.805,12.077,1,0.000,9245
9759,1024,1024,1.0000,83.485,11.978,1,0.000,9246
9760,1024,1024,1.0000,81.889,12.212,1,0.000,9247
9761,1024,1024,1.0000,82.128,12.176,1,0.000,9248
9762,1024,1024,1.0000,82.231,12.161,1,0.000,9249
9763,1024,1024,1.0000,84.214,11.875,1,0.000,9250
9764,1024,1024,1.0000,85.694,11.669,1,0.000,9251
9765,1024,1024,1.0000,85.385,11.712,1,0.000,9252
9766,1024,1024,1.0000,82.150,12.173,1,0.000,9253
9767,1024,1024,1.0000,82.909,12.061,1,0.000,9254
9768,1024,1024,1.0000,81.830,12.220,1,0.000,9255
9769,1024,1024,1.0000,79.464,12.584,1,0.000,9256
9770,1024,1024,1.0000,80.812,12.374,1,0.000,9257
9771,1024,1024,1.0000,80.701,12.391,1,0.000,9258
9772,1024,1024,1.0000,88.367,11.316,1,0.000,9259
9773,1024,1024,1.0000,82.708,12.091,1,0.000,9260
9774,1024,1024,1.0000,80.826,12.372,1,0.000,9261
9775,1024,1024,1.0000,81.876,12.214,1,0.000,9262
9776,1024,1024,1.0000,83.718,11.945,1,0.000,9263
9777,1024,1024,1.0000,81.185,12.318,1,0.000,9264
9778,1024,1024,1.0000,82.653,12.099,1,0.000,9265
9779,1024,1024,1.0000,83.385,11.993,1,0.000,9266
9780,1024,1024,1.0000,82.941,12.057,1,0.000,9267
9781,1024,1024,1.0000,79.872,12.520,1,0.000,9268
9782,1024,1024,1.0000,83.362,11.996,1,0.000,9269
9783,1024,1024,1.0000,82.609,12.105,1,0.000,9270
9784,1024,1024,1.0000,85.817,11.653,1,0.000,9271
9785,1024,1024,1.0000,80.827,12.372,1,0.000,9272
9786,1024,1024,1.0000,81.691,12.241,1,0.000,9273
9787,1024,1024,1.0000,81.159,12.321,1,0.000,9274
9788,1024,1024,1.0000,82.488,12.123,1,0.000,9275
9789,1024,1024,1.0000,84.873,11.782,1,0.000,9276
9790,1024,1024,1.0000,81.854,12.217,1,0.000,9277
9791,1024,1024,1.0000,83.865,11.924,1,0.000,9278
9792,1024,1024,1.0000,82.343,12.144,1,0.000,9279
9793,1024,1024,1.0000,82.317,12.148,1,0.000,9280
9794,1024,1024,1.0000,85.390,11.711,1,0.000,9281
9795,1024,1024,1.0000,82.210,12.164,1,0.000,9282
9796,1024,1024,1.0000,80.258,12.460,1,0.000,9283
9797,1024,1024,1.0000,88.980,11.238,1,0.000,9284
9798,1024,1024,1.0000,86.193,11.602,1,0.000,9285
9799,1024,1024,1.0000,82.835,12.072,1,0.000,9286
9800,1024,1024,1.0000,83.747,11.941,1,0.000,9287
9801,1024,1024,1.0000,80.149,12.477,1,0.000,9288
9802,1024,1024,1.0000,83.474,11.980,1,0.000,9289
9803,1024,1024,1.0000,84.193,11.877,1,0.000,9290
9804,1024,1024,1.0000,82.784,12.080,1,0.000,9291
9805,1024,1024,1.0000,81.700,12.240,1,0.000,9292
9806,1024,1024,1.0000,83.146,12.027,1,0.000,9293
9807,1024,1024,1.0000,79.887,12.518,1,0.000,9294
9808,1024,1024,1.0000,82.900,12.063,1,0.000,9295
9809,1024,1024,1.0000,82.922,12.060,1,0.000,9296
9810,1024,1024,1.0000,85.910,11.640,1,0.000,9297
9811,1024,1024,1.0000,82.477,12.125,1,0.000,9298
9812,1024,1024,1.0000,81.091,12.332,1,0.000,9299
9813,1024,1024,1.0000,81.087,12.332,1,0.000,9300
9814,1024,1024,1.0000,82.407,12.135,1,0.000,9301
9815,1024,1024,1.0000,84.651,11.813,1,0.000,9302
9816,1024,1024,1.0000,84.232,11.872,1,0.000,9303
9817,1024,1024,1.0000,78.449,12.747,1,0.000,9304
9818,1024,1024,1.0000,82.908,12.062,1,0.000,9305
9819,1024,1024,1.0000,79.248,12.619,1,0.000,9306
9820,1024,1024,1.0000,80.134,12.479,1,0.000,9307
9821,1024,1024,1.0000,80.523,12.419,1,0.000,9308
9822,1024,1024,1.0000,84.850,11.786,1,0.000,9309
9823,1024,1024,1.0000,88.212,11.336,1,0.000,9310
9824,1024,1024,1.0000,82.739,12.086,1,0.000,9311
9825,1024,1024,1.0000,83.067,12.038,1,0.000,9312
9826,1024,1024,1.0000,79.945,12.509,1,0.000,9313
9827,1024,1024,1.0000,81.982,12.198,1,0.000,9314
9828,1024,1024,1.0000,80.475,12.426,1,0.000,9315
9829,1024,1024,1.0000,82.554,12.113,1,0.000,9316
9830,1024,1024,1.0000,81.631,12.250,1,0.000,9317
9831,1024,1024,1.0000,80.934,12.356,1,0.000,9318
9832,1024,1024,1.0000,82.002,12.195,1,0.000,9319
9833,1024,1024,1.0000,79.019,12.655,1,0.000,9320
9834,1024,1024,1.0000,81.725,12.236,1,0.000,9321
9835,1024,1024,1.0000,82.860,12.069,1,0.000,9322
9836,1024,1024,1.0000,85.158,11.743,1,0.000,9323
9837,1024,1024,1.0000,79.852,12.523,1,0.000,9324
9838,1024,1024,1.0000,79.018,12.655,1,0.000,9325
9839,1024,1024,1.0000,86.924,11.504,1,0.000,9326
9840,1024,1024,1.0000,79.069,12.647,1,0.000,9327
9841,1024,1024,1.0000,80.532,12.417,1,0.000,9328
9842,1024,1024,1.0000,81.540,12.264,1,0.000,9329
9843,1024,1024,1.0000,82.242,12.159,1,0.000,9330
9844,1024,1024,1.0000,79.971,12.505,1,0.000,9331
9845,1024,1024,1.0000,82.703,12.091,1,0.000,9332
9846,1024,1024,1.0000,83.698,11.948,1,0.000,9333
9847,1024,1024,1.0000,84.397,11.849,1,0.000,9334
9848,1024,1024,1.0000,90.342,11.069,1,0.000,9335
9849,1024,1024,1.0000,80.972,12.350,1,0.000,9336
9850,1024,1024,1.0000,81.446,12.278,1,0.000,9337
9851,1024,1024,1.0000,78.804,12.690,1,0.000,9338
9852,1024,1024,1.0000,81.139,12.325,1,0.000,9339
9853,1024,1024,1.0000,80.707,12.390,1,0.000,9340
9854,1024,1024,1.0000,81.578,12.258,1,0.000,9341
9855,1024,1024,1.0000,80.945,12.354,1,0.000,9342
9856,1024,1024,1.0000,83.455,11.983,1,0.000,9343
9857,1024,1024,1.0000,83.724,11.944,1,0.000,9344
9858,1024,1024,1.0000,83.126,12.030,1,0.000,9345
9859,1024,1024,1.0000,83.459,11.982,1,0.000,9346
9860,1024,1024,1.0000,81.989,12.197,1,0.000,9347
9861,1024,1024,1.0000,80.338,12.447,1,0.000,9348
9862,1024,1024,1.0000,82.771,12.082,1,0.000,9349
9863,1024,1024,1.0000,86.682,11.536,1,0.000,9350
9864,1024,1024,1.0000,83.815,11.931,1,0.000,9351
9865,1024,1024,1.0000,82.759,12.083,1,0.000,9352
9866,1024,1024,1.0000,83.415,11.988,1,0.000,9353
9867,1024,1024,1.0000,82.446,12.129,1,0.000,9354
9868,1024,1024,1.0000,82.843,12.071,1,0.000,9355
9869,1024,1024,1.0000,80.710,12.390,1,0.000,9356
9870,1024,1024,1.0000,80.056,12.491,1,0.000,9357
9871,1024,1024,1.0000,83.295,12.006,1,0.000,9358
9872,1024,1024,1.0000,84.035,11.900,1,0.000,9359
9873,1024,1024,1.0000,91.109,10.976,1,0.000,9360
9874,1024,1024,1.0000,83.567,11.966,1,0.000,9361
9875,1024,1024,1.0000,82.042,12.189,1,0.000,9362
9876,1024,1024,1.0000,80.632,12.402,1,0.000,9363
9877,1024,1024,1.0000,79.028,12.654,1,0.000,9364
9878,1024,1024,1.0000,82.493,12.122,1,0.000,9365
9879,1024,1024,1.0000,82.770,12.082,1,0.000,9366
9880,1024,1024,1.0000,82.724,12.088,1,0.000,9367
9881,1024,1024,1.0000,78.898,12.675,1,0.000,9368
9882,1024,1024,1.0000,80.092,12.486,1,0.000,9369
9883,1024,1024,1.0000,81.749,12.233,1,0.000,9370
9884,1024,1024,1.0000,80.845,12.369,1,0.000,9371
9885,1024,1024,1.0000,81.973,12.199,1,0.000,9372
9886,1024,1024,1.0000,82.934,12.058,1,0.000,9373
9887,1024,1024,1.0000,94.350,10.599,1,0.000,9374
9888,1024,1024,1.0000,83.211,12.018,1,0.000,9375
9889,1024,1024,1.0000,82.955,12.055,1,0.000,9376
9890,1024,1024,1.0000,80.684,12.394,1,0.000,9377
9891,1024,1024,1.0000,83.571,11.966,1,0.000,9378
9892,1024,1024,1.0000,80.266,12.459,1,0.000,9379
9893,1024,1024,1.0000,82.232,12.161,1,0.000,9380
9894,1024,1024,1.0000,82.276,12.154,1,0.000,9381
9895,1024,1024,1.0000,83.543,11.970,1,0.000,9382
9896,1024,1024,1.0000,81.845,12.218,1,0.000,9383
9897,1024,1024,1.0000,82.355,12.143,1,0.000,9384
9898,1024,1024,1.0000,90.776,11.016,1,0.000,9385
9899,1024,1024,1.0000,81.169,12.320,1,0.000,9386
9900,1024,1024,1.0000,81.937,12.204,1,0.000,9387
9901,1024,1024,1.0000,81.122,12.327,1,0.000,9388
9902,1024,1024,1.0000,83.916,11.917,1,0.000,9389
9903,1024,1024,1.0000,81.420,12.282,1,0.000,9390
9904,1024,1024,1.0000,84.621,11.817,1,0.000,9391
9905,1024,1024,1.0000,79.996,12.501,1,0.000,9392
9906,1024,1024,1.0000,82.618,12.104,1,0.000,9393
9907,1024,1024,1.0000,80.964,12.351,1,0.000,9394
9908,1024,1024,1.0000,80.819,12.373,1,0.000,9395
9909,1024,1024,1.0000,81.966,12.200,1,0.000,9396
9910,1024,1024,1.0000,85.853,11.648,1,0.000,9397
9911,1024,1024,1.0000,80.393,12.439,1,0.000,9398
9912,1024,1024,1.0000,80.275,12.457,1,0.000,9399
9913,1024,1024,1.0000,84.249,11.870,1,0.000,9400
9914,1024,1024,1.0000,98.950,10.106,1,0.000,9401
9915,1024,1024,1.0000,84.019,11.902,1,0.000,9402
9916,1024,1024,1.0000,78.065,12.810,1,0.000,9403
9917,1024,1024,1.0000,81.677,12.243,1,0.000,9404
9918,1024,1024,1.0000,82.137,12.175,1,0.000,9405
9919,1024,1024,1.0000,82.263,12.156,1,0.000,9406
9920,1024,1024,1.0000,81.913,12.208,1,0.000,9407
9921,1024,1024,1.0000,80.660,12.398,1,0.000,9408
9922,1024,1024,1.0000,79.188,12.628,1,0.000,9409
9923,1024,1024,1.0000,91.050,10.983,1,0.000,9410
9924,1024,1024,1.0000,83.378,11.994,1,0.000,9411
9925,1024,1024,1.0000,82.703,12.091,1,0.000,9412
9926,1024,1024,1.0000,83.506,11.975,1,0.000,9413
9927,1024,1024,1.0000,81.204,12.315,1,0.000,9414
9928,1024,1024,1.0000,82.243,12.159,1,0.000,9415
9929,1024,1024,1.0000,79.391,12.596,1,0.000,9416
9930,1024,1024,1.0000,80.394,12.439,1,0.000,9417
9931,1024,1024,1.0000,83.282,12.007,1,0.000,9418
9932,1024,1024,1.0000,80.375,12.442,1,0.000,9419
9933,1024,1024,1.0000,83.057,12.040,1,0.000,9420
9934,1024,1024,1.0000,83.086,12.036,1,0.000,9421
9935,1024,1024,1.0000,80.948,12.354,1,0.000,9422
9936,1024,1024,1.0000,86.332,11.583,1,0.000,9423
9937,1024,1024,1.0000,78.960,12.665,1,0.000,9424
9938,1024,1024,1.0000,83.165,12.024,1,0.000,9425
9939,1024,1024,1.0000,82.758,12.083,1,0.000,9426
9940,1024,1024,1.0000,82.845,12.071,1,0.000,9427
9941,1024,1024,1.0000,79.968,12.505,1,0.000,9428
9942,1024,1024,1.0000,82.725,12.088,1,0.000,9429
9943,1024,1024,1.0000,81.914,12.208,1,0.000,9430
9944,1024,1024,1.0000,81.079,12.334,1,0.000,9431
9945,1024,1024,1.0000,82.409,12.135,1,0.000,9432
9946,1024,1024,1.0000,80.817,12.374,1,0.000,9433
9947,1024,1024,1.0000,81.147,12.323,1,0.000,9434
9948,1024,1024,1.0000,90.845,11.008,1,0.000,9435
9949,1024,1024,1.0000,82.335,12.146,1,0.000,9436
9950,1024,1024,1.0000,82.060,12.186,1,0.000,9437
9951,1024,1024,1.0000,88.351,11.318,1,0.000,9438
9952,1024,1024,1.0000,80.668,12.396,1,0.000,9439
9953,1024,1024,1.0000,89.309,11.197,1,0.000,9440
9954,1024,1024,1.0000,80.413,12.436,1,0.000,9441
9955,1024,1024,1.0000,83.259,12.011,1,0.000,9442
9956,1024,1024,1.0000,79.990,12.502,1,0.000,9443
9957,1024,1024,1.0000,80.918,12.358,1,0.000,9444
9958,1024,1024,1.0000,81.786,12.227,1,0.000,9445
9959,1024,1024,1.0000,79.042,12.652,1,0.000,9446
9960,1024,1024,1.0000,80.999,12.346,1,0.000,9447
9961,1024,1024,1.0000,81.809,12.224,1,0.000,9448
9962,1024,1024,1.0000,77.637,12.880,1,0.000,9449
9963,1024,1024,1.0000,83.457,11.982,1,0.000,9450
9964,1024,1024,1.0000,83.312,12.003,1,0.000,9451
9965,1024,1024,1.0000,82.199,12.166,1,0.000,9452
9966,1024,1024,1.0000,79.506,12.578,1,0.000,9453
9967,1024,1024,1.0000,81.583,12.257,1,0.000,9454
9968,1024,1024,1.0000,80.816,12.374,1,0.000,9455
9969,1024,1024,1.0000,82.444,12.129,1,0.000,9456
9970,1024,1024,1.0000,83.427,11.987,1,0.000,9457
9971,1024,1024,1.0000,78.545,12.732,1,0.000,9458
9972,1024,1024,1.0000,84.307,11.861,1,0.000,9459
9973,1024,1024,1.0000,90.778,11.016,1,0.000,9460
9974,1024,1024,1.0000,84.459,11.840,1,0.000,9461
9975,1024,1024,1.0000,80.781,12.379,1,0.000,9462
9976,1024,1024,1.0000,81.246,12.308,1,0.000,9463
9977,1024,1024,1.0000,80.680,12.395,1,0.000,9464
9978,1024,1024,1.0000,83.398,11.991,1,0.000,9465
9979,1024,1024,1.0000,82.414,12.134,1,0.000,9466
9980,1024,1024,1.0000,81.131,12.326,1,0.000,9467
9981,1024,1024,1.0000,82.302,12.150,1,0.000,9468
9982,1024,1024,1.0000,78.620,12.719,1,0.000,9469
9983,1024,1024,1.0000,82.192,12.167,1,0.000,9470
9984,1024,1024,1.0000,82.943,12.056,1,0.000,9471
9985,1024,1024,1.0000,89.759,11.141,1,0.000,9472
9986,1024,1024,1.0000,83.295,12.006,1,0.000,9473
9987,1024,1024,1.0000,82.847,12.070,1,0.000,9474
9988,1024,1024,1.0000,83.345,11.998,1,0.000,9475
9989,1024,1024,1.0000,83.845,11.927,1,0.000,9476
9990,1024,1024,1.0000,87.365,11.446,1,0.000,9477
9991,1024,1024,1.0000,84.375,11.852,1,0.000,9478
9992,1024,1024,1.0000,82.104,12.180,1,0.000,9479
9993,1024,1024,1.0000,84.853,11.785,1,0.000,9480
9994,1024,1024,1.0000,82.900,12.063,1,0.000,9481
9995,1024,1024,1.0000,83.062,12.039,1,0.000,9482
9996,1024,1024,1.0000,84.849,11.786,1,0.000,9483
9997,1024,1024,1.0000,80.652,12.399,1,0.000,9484
9998,1024,1024,1.0000,93.844,10.656,1,0.000,9485
9999,1024,1024,1.0000,86.159,11.606,1,0.000,9486
10000,1024,1024,1.0000,85.232,11.733,1,0.000,9487
10001,1024,1024,1.0000,84.148,11.884,1,0.000,9488
10002,1024,1024,1.0000,83.091,12.035,1,0.000,9489
10003,1024,1024,1.0000,82.382,12.139,1,0.000,9490
10004,1024,1024,1.0000,83.140,12.028,1,0.000,9491
10005,1024,1024,1.0000,82.448,12.129,1,0.000,9492
10006,1024,1024,1.0000,81.015,12.343,1,0.000,9493
10007,1024,1024,1.0000,81.554,12.262,1,0.000,9494
10008,1024,1024,1.0000,84.641,11.815,1,0.000,9495
10009,1024,1024,1.0000,81.239,12.309,1,0.000,9496
10010,1024,1024,1.0000,82.987,12.050,1,0.000,9497
10011,1024,1024,1.0000,81.603,12.254,1,0.000,9498
10012,1024,1024,1.0000,84.376,11.852,1,0.000,9499
10013,1024,1024,1.0000,82.263,12.156,1,0.000,9500
10014,1024,1024,1.0000,84.510,11.833,1,0.000,9501
10015,1024,1024,1.0000,82.115,12.178,1,0.000,9502
10016,1024,1024,1.0000,84.097,11.891,1,0.000,9503
10017,1024,1024,1.0000,81.126,12.327,1,0.000,9504
10018,1024,1024,1.0000,84.920,11.776,1,0.000,9505
10019,1024,1024,1.0000,82.328,12.147,1,0.000,9506
10020,1024,1024,1.0000,85.697,11.669,1,0.000,9507
10021,1024,1024,1.0000,81.346,12.293,1,0.000,9508
10022,1024,1024,1.0000,81.219,12.312,1,0.000,9509
10023,1024,1024,1.0000,94.249,10.610,1,0.000,9510
10024,1024,1024,1.0000,84.150,11.884,1,0.000,9511
10025,1024,1024,1.0000,84.796,11.793,1,0.000,9512
10026,1024,1024,1.0000,80.742,12.385,1,0.000,9513
10027,1024,1024,1.0000,90.345,11.069,1,0.000,9514
10028,1024,1024,1.0000,82.948,12.056,1,0.000,9515
10029,1024,1024,1.0000,84.264,11.867,1,0.000,9516
10030,1024,1024,1.0000,84.722,11.803,1,0.000,9517
10031,1024,1024,1.0000,80.897,12.361,1,0.000,9518
10032,1024,1024,1.0000,83.464,11.981,1,0.000,9519
10033,1024,1024,1.0000,84.682,11.809,1,0.000,9520
10034,1024,1024,1.0000,82.178,12.169,1,0.000,9521
10035,1024,1024,1.0000,89.821,11.133,1,0.000,9522
10036,1024,1024,1.0000,82.927,12.059,1,0.000,9523
10037,1024,1024,1.0000,81.651,12.247,1,0.000,9524
10038,1024,1024,1.0000,83.827,11.929,1,0.000,9525
10039,1024,1024,1.0000,81.328,12.296,1,0.000,9526
10040,1024,1024,1.0000,84.986,11.767,1,0.000,9527
10041,1024,1024,1.0000,83.794,11.934,1,0.000,9528
10042,1024,1024,1.0000,83.851,11.926,1,0.000,9529
10043,1024,1024,1.0000,82.638,12.101,1,0.000,9530
10044,1024,1024,1.0000,83.104,12.033,1,0.000,9531
10045,1024,1024,1.0000,82.520,12.118,1,0.000,9532
10046,1024,1024,1.0000,83.458,11.982,1,0.000,9533
10047,1024,1024,1.0000,86.625,11.544,1,0.000,9534
10048,1024,1024,1.0000,90.972,10.992,1,0.000,9535
10049,1024,1024,1.0000,84.145,11.884,1,0.000,9536
10050,1024,1024,1.0000,80.097,12.485,1,0.000,9537
10051,1024,1024,1.0000,82.774,12.081,1,0.000,9538
10052,1024,1024,1.0000,82.110,12.179,1,0.000,9539
10053,1024,1024,1.0000,84.604,11.820,1,0.000,9540
10054,1024,1024,1.0000,82.856,12.069,1,0.000,9541
10055,1024,1024,1.0000,83.345,11.998,1,0.000,9542
10056,1024,1024,1.0000,83.212,12.017,1,0.000,9543
10057,1024,1024,1.0000,84.381,11.851,1,0.000,9544
10058,1024,1024,1.0000,82.341,12.145,1,0.000,9545
10059,1024,1024,1.0000,83.400,11.990,1,0.000,9546
10060,1024,1024,1.0000,81.289,12.302,1,0.000,9547
10061,1024,1024,1.0000,82.302,12.150,1,0.000,9548
10062,1024,1024,1.0000,82.574,12.110,1,0.000,9549
10063,1024,1024,1.0000,83.961,11.910,1,0.000,9550
10064,1024,1024,1.0000,82.038,12.189,1,0.000,9551
10065,1024,1024,1.0000,83.104,12.033,1,0.000,9552
10066,1024,1024,1.0000,85.116,11.749,1,0.000,9553
10067,1024,1024,1.0000,82.795,12.078,1,0.000,9554
10068,1024,1024,1.0000,83.340,11.999,1,0.000,9555
10069,1024,1024,1.0000,81.053,12.338,1,0.000,9556
10070,1024,1024,1.0000,84.131,11.886,1,0.000,9557
10071,1024,1024,1.0000,81.512,12.268,1,0.000,9558
10072,1024,1024,1.0000,88.656,11.280,1,0.000,9559
10073,1024,1024,1.0000,90.789,11.015,1,0.000,9560
10074,1024,1024,1.0000,84.198,11.877,1,0.000,9561
10075,1024,1024,1.0000,80.718,12.389,1,0.000,9562
10076,1024,1024,1.0000,82.646,12.100,1,0.000,9563
10077,1024,1024,1.0000,82.328,12.147,1,0.000,9564
10078,1024,1024,1.0000,83.353,11.997,1,0.000,9565
10079,1024,1024,1.0000,81.687,12.242,1,0.000,9566
10080,1024,1024,1.0000,82.937,12.057,1,0.000,9567
10081,1024,1024,1.0000,81.819,12.222,1,0.000,9568
10082,1024,1024,1.0000,81.894,12.211,1,0.000,9569
10083,1024,1024,1.0000,83.357,11.997,1,0.000,9570
10084,1024,1024,1.0000,85.077,11.754,1,0.000,9571
10085,1024,1024,1.0000,80.341,12.447,1,0.000,9572
10086,1024,1024,1.0000,83.875,11.923,1,0.000,9573
10087,1024,1024,1.0000,83.980,11.908,1,0.000,9574
10088,1024,1024,1.0000,83.274,12.009,1,0.000,9575
10089,1024,1024,1.0000,82.740,12.086,1,0.000,9576
10090,1024,1024,1.0000,81.196,12.316,1,0.000,9577
10091,1024,1024,1.0000,84.826,11.789,1,0.000,9578
10092,1024,1024,1.0000,83.014,12.046,1,0.000,9579
10093,1024,1024,1.0000,83.790,11.935,1,0.000,9580
10094,1024,1024,1.0000,84.251,11.869,1,0.000,9581
10095,1024,1024,1.0000,81.952,12.202,1,0.000,9582
10096,1024,1024,1.0000,81.819,12.222,1,0.000,9583
10097,1024,1024,1.0000,90.732,11.021,1,0.000,9584
10098,1024,1024,1.0000,86.670,11.538,1,0.000,9585
10099,1024,1024,1.0000,84.151,11.883,1,0.000,9586
10100,1024,1024,1.0000,82.178,12.169,1,0.000,9587
10101,1024,1024,1.0000,84.006,11.904,1,0.000,9588
10102,1024,1024,1.0000,82.174,12.169,1,0.000,9589
10103,1024,1024,1.0000,82.049,12.188,1,0.000,9590
10104,1024,1024,1.0000,83.166,12.024,1,0.000,9591
10105,1024,1024,1.0000,83.014,12.046,1,0.000,9592
10106,1024,1024,1.0000,81.528,12.266,1,0.000,9593
10107,1024,1024,1.0000,84.399,11.848,1,0.000,9594
10108,1024,1024,1.0000,81.557,12.261,1,0.000,9595
10109,1024,1024,1.0000,82.208,12.164,1,0.000,9596
10110,1024,1024,1.0000,80.867,12.366,1,0.000,9597
10111,1024,1024,1.0000,82.510,12.120,1,0.000,9598
10112,1024,1024,1.0000,84.045,11.898,1,0.000,9599
10113,1024,1024,1.0000,84.201,11.876,1,0.000,9600
10114,1024,1024,1.0000,81.153,12.322,1,0.000,9601
10115,1024,1024,1.0000,84.396,11.849,1,0.000,9602
10116,1024,1024,1.0000,83.548,11.969,1,0.000,9603
10117,1024,1024,1.0000,84.781,11.795,1,0.000,9604
10118,1024,1024,1.0000,83.475,11.980,1,0.000,9605
10119,1024,1024,1.0000,83.590,11.963,1,0.000,9606
10120,1024,1024,1.0000,82.996,12.049,1,0.000,9607
10121,1024,1024,1.0000,84.687,11.808,1,0.000,9608
10122,1024,1024,1.0000,90.635,11.033,1,0.000,9609
10123,1024,1024,1.0000,86.138,11.609,1,0.000,9610
10124,1024,1024,1.0000,82.807,12.076,1,0.000,9611
10125,1024,1024,1.0000,84.646,11.814,1,0.000,9612
10126,1024,1024,1.0000,82.046,12.188,1,0.000,9613
10127,1024,1024,1.0000,81.862,12.216,1,0.000,9614
10128,1024,1024,1.0000,81.875,12.214,1,0.000,9615
10129,1024,1024,1.0000,84.501,11.834,1,0.000,9616
10130,1024,1024,1.0000,83.299,12.005,1,0.000,9617
10131,1024,1024,1.0000,83.303,12.004,1,0.000,9618
10132,1024,1024,1.0000,83.133,12.029,1,0.000,9619
10133,1024,1024,1.0000,83.677,11.951,1,0.000,9620
10134,1024,1024,1.0000,79.755,12.538,1,0.000,9621
10135,1024,1024,1.0000,83.592,11.963,1,0.000,9622
10136,1024,1024,1.0000,84.524,11.831,1,0.000,9623
10137,1024,1024,1.0000,84.666,11.811,1,0.000,9624
10138,1024,1024,1.0000,81.230,12.311,1,0.000,9625
10139,1024,1024,1.0000,82.271,12.155,1,0.000,9626
10140,1024,1024,1.0000,82.695,12.093,1,0.000,9627
10141,1024,1024,1.0000,80.464,12.428,1,0.000,9628
10142,1024,1024,1.0000,84.991,11.766,1,0.000,9629
10143,1024,1024,1.0000,83.969,11.909,1,0.000,9630
10144,1024,1024,1.0000,83.759,11.939,1,0.000,9631
10145,1024,1024,1.0000,82.912,12.061,1,0.000,9632
10146,1024,1024,1.0000,82.690,12.093,1,0.000,9633
10147,1024,1024,1.0000,91.674,10.908,1,0.000,9634
10148,1024,1024,1.0000,85.976,11.631,1,0.000,9635
10149,1024,1024,1.0000,84.373,11.852,1,0.000,9636
10150,1024,1024,1.0000,84.282,11.865,1,0.000,9637
10151,1024,1024,1.0000,82.134,12.175,1,0.000,9638
10152,1024,1024,1.0000,82.225,12.162,1,0.000,9639
10153,1024,1024,1.0000,82.787,12.079,1,0.000,9640
10154,1024,1024,1.0000,82.050,12.188,1,0.000,9641
10155,1024,1024,1.0000,81.737,12.234,1,0.000,9642
10156,1024,1024,1.0000,80.774,12.380,1,0.000,9643
10157,1024,1024,1.0000,83.979,11.908,1,0.000,9644
10158,1024,1024,1.0000,81.652,12.247,1,0.000,9645
10159,1024,1024,1.0000,83.528,11.972,1,0.000,9646
10160,1024,1024,1.0000,82.070,12.185,1,0.000,9647
10161,1024,1024,1.0000,84.025,11.901,1,0.000,9648
10162,1024,1024,1.0000,82.524,12.118,1,0.000,9649
10163,1024,1024,1.0000,80.651,12.399,1,0.000,9650
10164,1024,1024,1.0000,83.517,11.974,1,0.000,9651
10165,1024,1024,1.0000,83.712,11.946,1,0.000,9652
10166,1024,1024,1.0000,83.321,12.002,1,0.000,9653
10167,1024,1024,1.0000,82.537,12.116,1,0.000,9654
10168,1024,1024,1.0000,85.277,11.726,1,0.000,9655
10169,1024,1024,1.0000,91.594,10.918,1,0.000,9656
10170,1024,1024,1.0000,81.820,12.222,1,0.000,9657
10171,1024,1024,1.0000,81.645,12.248,1,0.000,9658
10172,1024,1024,1.0000,94.477,10.585,1,0.000,9659
10173,1024,1024,1.0000,83.893,11.920,1,0.000,9660
10174,1024,1024,1.0000,83.363,11.996,1,0.000,9661
10175,1024,1024,1.0000,82.937,12.057,1,0.000,9662
10176,1024,1024,1.0000,80.604,12.406,1,0.000,9663
10177,1024,1024,1.0000,81.803,12.224,1,0.000,9664
10178,1024,1024,1.0000,81.159,12.321,1,0.000,9665
10179,1024,1024,1.0000,82.899,12.063,1,0.000,9666
10180,1024,1024,1.0000,82.651,12.099,1,0.000,9667
10181,1024,1024,1.0000,81.497,12.270,1,0.000,9668
10182,1024,1024,1.0000,85.670,11.673,1,0.000,9669
10183,1024,1024,1.0000,81.902,12.210,1,0.000,9670
10184,1024,1024,1.0000,83.757,11.939,1,0.000,9671
10185,1024,1024,1.0000,84.095,11.891,1,0.000,9672
10186,1024,1024,1.0000,82.227,12.161,1,0.000,9673
10187,1024,1024,1.0000,81.631,12.250,1,0.000,9674
10188,1024,1024,1.0000,83.448,11.984,1,0.000,9675
10189,1024,1024,1.0000,80.861,12.367,1,0.000,9676
10190,1024,1024,1.0000,83.916,11.917,1,0.000,9677
10191,1024,1024,1.0000,82.164,12.171,1,0.000,9678
10192,1024,1024,1.0000,81.204,12.315,1,0.000,9679
10193,1024,1024,1.0000,84.695,11.807,1,0.000,9680
10194,1024,1024,1.0000,82.849,12.070,1,0.000,9681
10195,1024,1024,1.0000,82.942,12.057,1,0.000,9682
10196,1024,1024,1.0000,84.543,11.828,1,0.000,9683
10197,1024,1024,1.0000,92.590,10.800,1,0.000,9684
10198,1024,1024,1.0000,83.655,11.954,1,0.000,9685
10199,1024,1024,1.0000,83.956,11.911,1,0.000,9686
10200,1024,1024,1.0000,82.622,12.103,1,0.000,9687
10201,1024,1024,1.0000,81.839,12.219,1,0.000,9688
10202,1024,1024,1.0000,83.073,12.038,1,0.000,9689
10203,1024,1024,1.0000,82.031,12.191,1,0.000,9690
10204,1024,1024,1.0000,82.580,12.109,1,0.000,9691
10205,1024,1024,1.0000,81.235,12.310,1,0.000,9692
10206,1024,1024,1.0000,80.456,12.429,1,0.000,9693
10207,1024,1024,1.0000,83.555,11.968,1,0.000,9694
10208,1024,1024,1.0000,84.671,11.810,1,0.000,9695
10209,1024,1024,1.0000,80.168,12.474,1,0.000,9696
10210,1024,1024,1.0000,83.240,12.013,1,0.000,9697
10211,1024,1024,1.0000,84.062,11.896,1,0.000,9698
10212,1024,1024,1.0000,83.942,11.913,1,0.000,9699
10213,1024,1024,1.0000,80.870,12.366,1,0.000,9700
10214,1024,1024,1.0000,82.967,12.053,1,0.000,9701
10215,1024,1024,1.0000,81.855,12.217,1,0.000,9702
10216,1024,1024,1.0000,83.630,11.957,1,0.000,9703
10217,1024,1024,1.0000,83.190,12.021,1,0.000,9704
10218,1024,1024,1.0000,85.970,11.632,1,0.000,9705
10219,1024,1024,1.0000,83.501,11.976,1,0.000,9706
10220,1024,1024,1.0000,83.732,11.943,1,0.000,9707
10221,1024,1024,1.0000,82.621,12.103,1,0.000,9708
10222,1024,1024,1.0000,91.123,10.974,1,0.000,9709
10223,1024,1024,1.0000,82.388,12.138,1,0.000,9710
10224,1024,1024,1.0000,85.390,11.711,1,0.000,9711
10225,1024,1024,1.0000,80.981,12.349,1,0.000,9712
10226,1024,1024,1.0000,82.750,12.085,1,0.000,9713
10227,1024,1024,1.0000,83.368,11.995,1,0.000,9714
10228,1024,1024,1.0000,82.045,12.188,1,0.000,9715
10229,1024,1024,1.0000,82.459,12.127,1,0.000,9716
10230,1024,1024,1.0000,83.737,11.942,1,0.000,9717
10231,1024,1024,1.0000,81.676,12.243,1,0.000,9718
10232,1024,1024,1.0000,82.597,12.107,1,0.000,9719
10233,1024,1024,1.0000,83.642,11.956,1,0.000,9720
10234,1024,1024,1.0000,82.505,12.120,1,0.000,9721
10235,1024,1024,1.0000,81.841,12.219,1,0.000,9722
10236,1024,1024,1.0000,82.018,12.192,1,0.000,9723
10237,1024,1024,1.0000,81.495,12.271,1,0.000,9724
10238,1024,1024,1.0000,83.828,11.929,1,0.000,9725
10239,1024,1024,1.0000,81.276,12.304,1,0.000,9726
10240,1024,1024,1.0000,84.419,11.846,1,0.000,9727
10241,1024,1024,1.0000,80.526,12.418,1,0.000,9728
10242,1024,1024,1.0000,81.489,12.272,1,0.000,9729
10243,1024,1024,1.0000,84.330,11.858,1,0.000,9730
10244,1024,1024,1.0000,85.453,11.702,1,0.000,9731
10245,1024,1024,1.0000,82.627,12.103,1,0.000,9732
10246,1024,1024,1.0000,88.960,11.241,1,0.000,9733
10247,1024,1024,1.0000,92.150,10.852,1,0.000,9734
10248,1024,1024,1.0000,82.956,12.055,1,0.000,9735
10249,1024,1024,1.0000,82.696,12.092,1,0.000,9736
10250,1024,1024,1.0000,82.933,12.058,1,0.000,9737
10251,1024,1024,1.0000,82.307,12.150,1,0.000,9738
10252,1024,1024,1.0000,82.480,12.124,1,0.000,9739
10253,1024,1024,1.0000,82.257,12.157,1,0.000,9740
10254,1024,1024,1.0000,84.327,11.859,1,0.000,9741
10255,1024,1024,1.0000,83.054,12.040,1,0.000,9742
10256,1024,1024,1.0000,81.878,12.213,1,0.000,9743
10257,1024,1024,1.0000,84.834,11.788,1,0.000,9744
10258,1024,1024,1.0000,83.372,11.994,1,0.000,9745
10259,1024,1024,1.0000,83.393,11.991,1,0.000,9746
10260,1024,1024,1.0000,83.684,11.950,1,0.000,9747
10261,1024,1024,1.0000,82.166,12.170,1,0.000,9748
10262,1024,1024,1.0000,83.190,12.021,1,0.000,9749
10263,1024,1024,1.0000,82.864,12.068,1,0.000,9750
10264,1024,1024,1.0000,84.255,11.869,1,0.000,9751
10265,1024,1024,1.0000,79.742,12.540,1,0.000,9752
10266,1024,1024,1.0000,84.128,11.887,1,0.000,9753
10267,1024,1024,1.0000,79.804,12.531,1,0.000,9754
10268,1024,1024,1.0000,84.042,11.899,1,0.000,9755
10269,1024,1024,1.0000,83.923,11.916,1,0.000,9756
10270,1024,1024,1.0000,82.386,12.138,1,0.000,9757
10271,1024,1024,1.0000,87.854,11.383,1,0.000,9758
10272,1024,1024,1.0000,89.409,11.185,1,0.000,9759
10273,1024,1024,1.0000,84.024,11.901,1,0.000,9760
10274,1024,1024,1.0000,82.943,12.056,1,0.000,9761
10275,1024,1024,1.0000,82.282,12.153,1,0.000,9762
10276,1024,1024,1.0000,82.066,12.185,1,0.000,9763
10277,1024,1024,1.0000,81.649,12.248,1,0.000,9764
10278,1024,1024,1.0000,83.080,12.037,1,0.000,9765
10279,1024,1024,1.0000,82.287,12.153,1,0.000,9766
10280,1024,1024,1.0000,83.190,12.021,1,0.000,9767
10281,1024,1024,1.0000,82.822,12.074,1,0.000,9768
10282,1024,1024,1.0000,81.209,12.314,1,0.000,9769
10283,1024,1024,1.0000,80.754,12.383,1,0.000,9770
10284,1024,1024,1.0000,83.472,11.980,1,0.000,9771
10285,1024,1024,1.0000,83.780,11.936,1,0.000,9772
10286,1024,1024,1.0000,82.746,12.085,1,0.000,9773
10287,1024,1024,1.0000,82.392,12.137,1,0.000,9774
10288,1024,1024,1.0000,81.798,12.225,1,0.000,9775
10289,1024,1024,1.0000,82.702,12.092,1,0.000,9776
10290,1024,1024,1.0000,82.566,12.112,1,0.000,9777
10291,1024,1024,1.0000,79.567,12.568,1,0.000,9778
10292,1024,1024,1.0000,83.790,11.935,1,0.000,9779
10293,1024,1024,1.0000,83.925,11.915,1,0.000,9780
10294,1024,1024,1.0000,81.342,12.294,1,0.000,9781
10295,1024,1024,1.0000,85.061,11.756,1,0.000,9782
10296,1024,1024,1.0000,86.957,11.500,1,0.000,9783
10297,1024,1024,1.0000,95.448,10.477,1,0.000,9784
10298,1024,1024,1.0000,81.145,12.324,1,0.000,9785
10299,1024,1024,1.0000,83.539,11.970,1,0.000,9786
10300,1024,1024,1.0000,80.236,12.463,1,0.000,9787
10301,1024,1024,1.0000,82.225,12.162,1,0.000,9788
10302,1024,1024,1.0000,83.352,11.997,1,0.000,9789
10303,1024,1024,1.0000,82.307,12.150,1,0.000,9790
10304,1024,1024,1.0000,82.257,12.157,1,0.000,9791
10305,1024,1024,1.0000,84.381,11.851,1,0.000,9792
10306,1024,1024,1.0000,81.752,12.232,1,0.000,9793
10307,1024,1024,1.0000,81.093,12.332,1,0.000,9794
10308,1024,1024,1.0000,82.655,12.098,1,0.000,9795
10309,1024,1024,1.0000,83.613,11.960,1,0.000,9796
10310,1024,1024,1.0000,83.446,11.984,1,0.000,9797
10311,1024,1024,1.0000,82.811,12.076,1,0.000,9798
10312,1024,1024,1.0000,81.987,12.197,1,0.000,9799
10313,1024,1024,1.0000,83.577,11.965,1,0.000,9800
10314,1024,1024,1.0000,82.066,12.185,1,0.000,9801
10315,1024,1024,1.0000,85.469,11.700,1,0.000,9802
10316,1024,1024,1.0000,81.223,12.312,1,0.000,9803
10317,1024,1024,1.0000,81.899,12.210,1,0.000,9804
10318,1024,1024,1.0000,84.713,11.805,1,0.000,9805
10319,1024,1024,1.0000,82.588,12.108,1,0.000,9806
10320,1024,1024,1.0000,88.294,11.326,1,0.000,9807
10321,1024,1024,1.0000,89.591,11.162,1,0.000,9808
10322,1024,1024,1.0000,87.667,11.407,1,0.000,9809
10323,1024,1024,1.0000,82.803,12.077,1,0.000,9810
10324,1024,1024,1.0000,82.157,12.172,1,0.000,9811
10325,1024,1024,1.0000,83.293,12.006,1,0.000,9812
10326,1024,1024,1.0000,81.460,12.276,1,0.000,9813
10327,1024,1024,1.0000,82.501,12.121,1,0.000,9814
10328,1024,1024,1.0000,80.502,12.422,1,0.000,9815
10329,1024,1024,1.0000,81.955,12.202,1,0.000,9816
10330,1024,1024,1.0000,79.374,12.599,1,0.000,9817
10331,1024,1024,1.0000,83.783,11.936,1,0.000,9818
10332,1024,1024,1.0000,83.070,12.038,1,0.000,9819
10333,1024,1024,1.0000,83.395,11.991,1,0.000,9820
10334,1024,1024,1.0000,81.669,12.245,1,0.000,9821
10335,1024,1024,1.0000,81.616,12.252,1,0.000,9822
10336,1024,1024,1.0000,84.016,11.902,1,0.000,9823
10337,1024,1024,1.0000,83.288,12.007,1,0.000,9824
10338,1024,1024,1.0000,80.552,12.414,1,0.000,9825
10339,1024,1024,1.0000,81.124,12.327,1,0.000,9826
10340,1024,1024,1.0000,84.275,11.866,1,0.000,9827
10341,1024,1024,1.0000,84.837,11.787,1,0.000,9828
10342,1024,1024,1.0000,82.581,12.109,1,0.000,9829
10343,1024,1024,1.0000,82.176,12.169,1,0.000,9830
10344,1024,1024,1.0000,86.213,11.599,1,0.000,9831
10345,1024,1024,1.0000,81.233,12.310,1,0.000,9832
10346,1024,1024,1.0000,92.410,10.821,1,0.000,9833
10347,1024,1024,1.0000,89.822,11.133,1,0.000,9834
10348,1024,1024,1.0000,82.353,12.143,1,0.000,9835
10349,1024,1024,1.0000,84.431,11.844,1,0.000,9836
10350,1024,1024,1.0000,81.671,12.244,1,0.000,9837
10351,1024,1024,1.0000,82.446,12.129,1,0.000,9838
10352,1024,1024,1.0000,81.331,12.295,1,0.000,9839
10353,1024,1024,1.0000,83.111,12.032,1,0.000,9840
10354,1024,1024,1.0000,82.429,12.132,1,0.000,9841
10355,1024,1024,1.0000,83.118,12.031,1,0.000,9842
10356,1024,1024,1.0000,83.250,12.012,1,0.000,9843
10357,1024,1024,1.0000,83.492,11.977,1,0.000,9844
10358,1024,1024,1.0000,80.470,12.427,1,0.000,9845
10359,1024,1024,1.0000,83.139,12.028,1,0.000,9846
10360,1024,1024,1.0000,81.788,12.227,1,0.000,9847
10361,1024,1024,1.0000,83.708,11.946,1,0.000,9848
10362,1024,1024,1.0000,83.632,11.957,1,0.000,9849
10363,1024,1024,1.0000,82.693,12.093,1,0.000,9850
10364,1024,1024,1.0000,83.820,11.930,1,0.000,9851
10365,1024,1024,1.0000,80.472,12.427,1,0.000,9852
10366,1024,1024,1.0000,83.376,11.994,1,0.000,9853
10367,1024,1024,1.0000,82.618,12.104,1,0.000,9854
10368,1024,1024,1.0000,85.604,11.682,1,0.000,9855
10369,1024,1024,1.0000,82.736,12.087,1,0.000,9856
10370,1024,1024,1.0000,84.089,11.892,1,0.000,9857
10371,1024,1024,1.0000,90.744,11.020,1,0.000,9858
10372,1024,1024,1.0000,86.711,11.533,1,0.000,9859
10373,1024,1024,1.0000,83.722,11.944,1,0.000,9860
10374,1024,1024,1.0000,83.198,12.020,1,0.000,9861
10375,1024,1024,1.0000,82.751,12.084,1,0.000,9862
10376,1024,1024,1.0000,82.850,12.070,1,0.000,9863
10377,1024,1024,1.0000,83.795,11.934,1,0.000,9864
10378,1024,1024,1.0000,82.067,12.185,1,0.000,9865
10379,1024,1024,1.0000,81.513,12.268,1,0.000,9866
10380,1024,1024,1.0000,83.152,12.026,1,0.000,9867
10381,1024,1024,1.0000,82.642,12.100,1,0.000,9868
10382,1024,1024,1.0000,85.135,11.746,1,0.000,9869
10383,1024,1024,1.0000,82.912,12.061,1,0.000,9870
10384,1024,1024,1.0000,81.678,12.243,1,0.000,9871
10385,1024,1024,1.0000,85.467,11.700,1,0.000,9872
10386,1024,1024,1.0000,90.432,11.058,1,0.000,9873
10387,1024,1024,1.0000,87.278,11.458,1,0.000,9874
10388,1024,1024,1.0000,84.735,11.801,1,0.000,9875
10389,1024,1024,1.0000,81.121,12.327,1,0.000,9876
10390,1024,1024,1.0000,81.349,12.293,1,0.000,9877
10391,1024,1024,1.0000,84.524,11.831,1,0.000,9878
10392,1024,1024,1.0000,81.715,12.238,1,0.000,9879
10393,1024,1024,1.0000,80.878,12.364,1,0.000,9880
10394,1024,1024,1.0000,80.300,12.453,1,0.000,9881
10395,1024,1024,1.0000,83.056,12.040,1,0.000,9882
10396,1024,1024,1.0000,94.351,10.599,1,0.000,9883
10397,1024,1024,1.0000,84.650,11.813,1,0.000,9884
10398,1024,1024,1.0000,80.826,12.372,1,0.000,9885
10399,1024,1024,1.0000,83.094,12.035,1,0.000,9886
10400,1024,1024,1.0000,83.133,12.029,1,0.000,9887
10401,1024,1024,1.0000,80.568,12.412,1,0.000,9888
10402,1024,1024,1.0000,83.226,12.015,1,0.000,9889
10403,1024,1024,1.0000,82.301,12.151,1,0.000,9890
10404,1024,1024,1.0000,82.991,12.049,1,0.000,9891
10405,1024,1024,1.0000,81.329,12.296,1,0.000,9892
10406,1024,1024,1.0000,81.061,12.336,1,0.000,9893
10407,1024,1024,1.0000,81.171,12.320,1,0.000,9894
10408,1024,1024,1.0000,80.817,12.374,1,0.000,9895
10409,1024,1024,1.0000,81.858,12.216,1,0.000,9896
10410,1024,1024,1.0000,83.788,11.935,1,0.000,9897
10411,1024,1024,1.0000,79.189,12.628,1,0.000,9898
10412,1024,1024,1.0000,82.580,12.109,1,0.000,9899
10413,1024,1024,1.0000,83.564,11.967,1,0.000,9900
10414,1024,1024,1.0000,83.178,12.022,1,0.000,9901
10415,1024,1024,1.0000,80.595,12.408,1,0.000,9902
10416,1024,1024,1.0000,82.557,12.113,1,0.000,9903
10417,1024,1024,1.0000,89.761,11.141,1,0.000,9904
10418,1024,1024,1.0000,89.257,11.204,1,0.000,9905
10419,1024,1024,1.0000,81.553,12.262,1,0.000,9906
10420,1024,1024,1.0000,83.892,11.920,1,0.000,9907
10421,1024,1024,1.0000,92.801,10.776,1,0.000,9908
10422,1024,1024,1.0000,85.906,11.641,1,0.000,9909
10423,1024,1024,1.0000,82.218,12.163,1,0.000,9910
10424,1024,1024,1.0000,83.157,12.025,1,0.000,9911
10425,1024,1024,1.0000,86.803,11.520,1,0.000,9912
10426,1024,1024,1.0000,81.872,12.214,1,0.000,9913
10427,1024,1024,1.0000,82.659,12.098,1,0.000,9914
10428,1024,1024,1.0000,82.960,12.054,1,0.000,9915
10429,1024,1024,1.0000,82.328,12.147,1,0.000,9916
10430,1024,1024,1.0000,81.204,12.315,1,0.000,9917
10431,1024,1024,1.0000,83.227,12.015,1,0.000,9918
10432,1024,1024,1.0000,79.801,12.531,1,0.000,9919
10433,1024,1024,1.0000,84.199,11.877,1,0.000,9920
10434,1024,1024,1.0000,83.196,12.020,1,0.000,9921
10435,1024,1024,1.0000,82.187,12.167,1,0.000,9922
10436,1024,1024,1.0000,82.395,12.137,1,0.000,9923
10437,1024,1024,1.0000,83.371,11.995,1,0.000,9924
10438,1024,1024,1.0000,83.359,11.996,1,0.000,9925
10439,1024,1024,1.0000,81.456,12.277,1,0.000,9926
10440,1024,1024,1.0000,83.965,11.910,1,0.000,9927
10441,1024,1024,1.0000,81.189,12.317,1,0.000,9928
10442,1024,1024,1.0000,82.405,12.135,1,0.000,9929
10443,1024,1024,1.0000,81.079,12.334,1,0.000,9930
10444,1024,1024,1.0000,84.038,11.899,1,0.000,9931
10445,1024,1024,1.0000,81.717,12.237,1,0.000,9932
10446,1024,1024,1.0000,93.563,10.688,1,0.000,9933
10447,1024,1024,1.0000,85.857,11.647,1,0.000,9934
10448,1024,1024,1.0000,81.318,12.297,1,0.000,9935
10449,1024,1024,1.0000,81.315,12.298,1,0.000,9936
10450,1024,1024,1.0000,84.062,11.896,1,0.000,9937
10451,1024,1024,1.0000,83.133,12.029,1,0.000,9938
10452,1024,1024,1.0000,81.582,12.258,1,0.000,9939
10453,1024,1024,1.0000,82.199,12.166,1,0.000,9940
10454,1024,1024,1.0000,81.758,12.231,1,0.000,9941
10455,1024,1024,1.0000,82.421,12.133,1,0.000,9942
10456,1024,1024,1.0000,82.866,12.068,1,0.000,9943
10457,1024,1024,1.0000,80.152,12.476,1,0.000,9944
10458,1024,1024,1.0000,89.232,11.207,1,0.000,9945
10459,1024,1024,1.0000,84.084,11.893,1,0.000,9946
10460,1024,1024,1.0000,82.333,12.146,1,0.000,9947
10461,1024,1024,1.0000,84.056,11.897,1,0.000,9948
10462,1024,1024,1.0000,82.512,12.119,1,0.000,9949
10463,1024,1024,1.0000,81.222,12.312,1,0.000,9950
10464,1024,1024,1.0000,81.501,12.270,1,0.000,9951
10465,1024,1024,1.0000,80.457,12.429,1,0.000,9952
10466,1024,1024,1.0000,83.430,11.986,1,0.000,9953
10467,1024,1024,1.0000,80.481,12.425,1,0.000,9954
10468,1024,1024,1.0000,81.446,12.278,1,0.000,9955
10469,1024,1024,1.0000,85.493,11.697,1,0.000,9956
10470,1024,1024,1.0000,82.375,12.140,1,0.000,9957
10471,1024,1024,1.0000,92.022,10.867,1,0.000,9958
10472,1024,1024,1.0000,85.744,11.663,1,0.000,9959
10473,1024,1024,1.0000,86.149,11.608,1,0.000,9960
10474,1024,1024,1.0000,79.398,12.595,1,0.000,9961
10475,1024,1024,1.0000,83.335,12.000,1,0.000,9962
10476,1024,1024,1.0000,83.851,11.926,1,0.000,9963
10477,1024,1024,1.0000,79.511,12.577,1,0.000,9964
10478,1024,1024,1.0000,83.086,12.036,1,0.000,9965
10479,1024,1024,1.0000,81.244,12.309,1,0.000,9966
10480,1024,1024,1.0000,82.574,12.110,1,0.000,9967
10481,1024,1024,1.0000,83.675,11.951,1,0.000,9968
10482,1024,1024,1.0000,83.537,11.971,1,0.000,9969
10483,1024,1024,1.0000,81.939,12.204,1,0.000,9970
10484,1024,1024,1.0000,82.120,12.177,1,0.000,9971
10485,1024,1024,1.0000,85.378,11.713,1,0.000,9972
10486,1024,1024,1.0000,81.617,12.252,1,0.000,9973
10487,1024,1024,1.0000,80.796,12.377,1,0.000,9974
10488,1024,1024,1.0000,85.078,11.754,1,0.000,9975
10489,1024,1024,1.0000,82.237,12.160,1,0.000,9976
10490,1024,1024,1.0000,82.682,12.095,1,0.000,9977
10491,1024,1024,1.0000,81.515,12.268,1,0.000,9978
10492,1024,1024,1.0000,83.201,12.019,1,0.000,9979
10493,1024,1024,1.0000,80.955,12.353,1,0.000,9980
10494,1024,1024,1.0000,84.747,11.800,1,0.000,9981
10495,1024,1024,1.0000,83.432,11.986,1,0.000,9982
10496,1024,1024,1.0000,90.818,11.011,1,0.000,9983
10497,1024,1024,1.0000,83.698,11.948,1,0.000,9984
10498,1024,1024,1.0000,83.693,11.948,1,0.000,9985
10499,1024,1024,1.0000,87.124,11.478,1,0.000,9986
10500,1024,1024,1.0000,81.993,12.196,1,0.000,9987
10501,1024,1024,1.0000,83.412,11.989,1,0.000,9988
10502,1024,1024,1.0000,82.604,12.106,1,0.000,9989
10503,1024,1024,1.0000,83.098,12.034,1,0.000,9990
10504,1024,1024,1.0000,83.719,11.945,1,0.000,9991
10505,1024,1024,1.0000,83.895,11.920,1,0.000,9992
10506,1024,1024,1.0000,84.838,11.787,1,0.000,9993
10507,1024,1024,1.0000,81.948,12.203,1,0.000,9994
10508,1024,1024,1.0000,84.266,11.867,1,0.000,9995
10509,1024,1024,1.0000,84.022,11.902,1,0.000,9996
10510,1024,1024,1.0000,81.943,12.204,1,0.000,9997
10511,1024,1024,1.0000,84.620,11.818,1,0.000,9998
10512,1024,1024,1.0000,85.690,11.670,1,0.000,9999
10513,1024,1024,1.0000,85.016,11.762,1,0.000,10000
10514,1024,1024,1.0000,81.905,12.209,1,0.000,10001
10515,1024,1024,1.0000,84.673,11.810,1,0.000,10002
10516,1024,1024,1.0000,82.911,12.061,1,0.000,10003
10517,1024,1024,1.0000,82.182,12.168,1,0.000,10004
10518,1024,1024,1.0000,79.664,12.553,1,0.000,10005
10519,1024,1024,1.0000,82.217,12.163,1,0.000,10006
10520,1024,1024,1.0000,87.151,11.474,1,0.000,10007
10521,1024,1024,1.0000,91.409,10.940,1,0.000,10008
10522,1024,1024,1.0000,84.895,11.779,1,0.000,10009
10523,1024,1024,1.0000,80.717,12.389,1,0.000,10010
10524,1024,1024,1.0000,87.576,11.419,1,0.000,10011
10525,1024,1024,1.0000,81.659,12.246,1,0.000,10012
10526,1024,1024,1.0000,84.686,11.808,1,0.000,10013
10527,1024,1024,1.0000,84.195,11.877,1,0.000,10014
10528,1024,1024,1.0000,83.718,11.945,1,0.000,10015
10529,1024,1024,1.0000,90.205,11.086,1,0.000,10016
10530,1024,1024,1.0000,83.681,11.950,1,0.000,10017
10531,1024,1024,1.0000,83.149,12.027,1,0.000,10018
10532,1024,1024,1.0000,83.948,11.912,1,0.000,10019
10533,1024,1024,1.0000,84.803,11.792,1,0.000,10020
10534,1024,1024,1.0000,83.350,11.998,1,0.000,10021
10535,1024,1024,1.0000,83.355,11.997,1,0.000,10022
10536,1024,1024,1.0000,80.125,12.480,1,0.000,10023
10537,1024,1024,1.0000,82.721,12.089,1,0.000,10024
10538,1024,1024,1.0000,81.527,12.266,1,0.000,10025
10539,1024,1024,1.0000,81.090,12.332,1,0.000,10026
10540,1024,1024,1.0000,82.607,12.106,1,0.000,10027
10541,1024,1024,1.0000,82.408,12.135,1,0.000,10028
10542,1024,1024,1.0000,84.529,11.830,1,0.000,10029
10543,1024,1024,1.0000,81.745,12.233,1,0.000,10030
10544,1024,1024,1.0000,83.800,11.933,1,0.000,10031
10545,1024,1024,1.0000,90.491,11.051,1,0.000,10032
10546,1024,1024,1.0000,87.895,11.377,1,0.000,10033
10547,1024,1024,1.0000,84.550,11.827,1,0.000,10034
10548,1024,1024,1.0000,81.854,12.217,1,0.000,10035
10549,1024,1024,1.0000,85.652,11.675,1,0.000,10036
10550,1024,1024,1.0000,84.486,11.836,1,0.000,10037
10551,1024,1024,1.0000,81.759,12.231,1,0.000,10038
10552,1024,1024,1.0000,82.641,12.101,1,0.000,10039
10553,1024,1024,1.0000,84.377,11.852,1,0.000,10040
10554,1024,1024,1.0000,83.997,11.905,1,0.000,10041
10555,1024,1024,1.0000,83.385,11.993,1,0.000,10042
10556,1024,1024,1.0000,82.560,12.112,1,0.000,10043
10557,1024,1024,1.0000,83.772,11.937,1,0.000,10044
10558,1024,1024,1.0000,82.616,12.104,1,0.000,10045
10559,1024,1024,1.0000,86.759,11.526,1,0.000,10046
10560,1024,1024,1.0000,83.162,12.025,1,0.000,10047
10561,1024,1024,1.0000,79.912,12.514,1,0.000,10048
10562,1024,1024,1.0000,84.130,11.886,1,0.000,10049
10563,1024,1024,1.0000,84.317,11.860,1,0.000,10050
10564,1024,1024,1.0000,81.912,12.208,1,0.000,10051
10565,1024,1024,1.0000,83.754,11.940,1,0.000,10052
10566,1024,1024,1.0000,84.157,11.883,1,0.000,10053
10567,1024,1024,1.0000,81.160,12.321,1,0.000,10054
10568,1024,1024,1.0000,83.047,12.041,1,0.000,10055
10569,1024,1024,1.0000,81.242,12.309,1,0.000,10056
10570,1024,1024,1.0000,94.287,10.606,1,0.000,10057
10571,1024,1024,1.0000,84.284,11.865,1,0.000,10058
10572,1024,1024,1.0000,84.062,11.896,1,0.000,10059
10573,1024,1024,1.0000,81.257,12.307,1,0.000,10060
10574,1024,1024,1.0000,85.662,11.674,1,0.000,10061
10575,1024,1024,1.0000,82.864,12.068,1,0.000,10062
10576,1024,1024,1.0000,81.826,12.221,1,0.000,10063
10577,1024,1024,1.0000,87.441,11.436,1,0.000,10064
10578,1024,1024,1.0000,82.566,12.112,1,0.000,10065
10579,1024,1024,1.0000,82.559,12.113,1,0.000,10066
10580,1024,1024,1.0000,84.045,11.898,1,0.000,10067
10581,1024,1024,1.0000,80.782,12.379,1,0.000,10068
10582,1024,1024,1.0000,85.095,11.752,1,0.000,10069
10583,1024,1024,1.0000,84.118,11.888,1,0.000,10070
10584,1024,1024,1.0000,84.187,11.878,1,0.000,10071
10585,1024,1024,1.0000,81.399,12.285,1,0.000,10072
10586,1024,1024,1.0000,81.652,12.247,1,0.000,10073
10587,1024,1024,1.0000,82.859,12.069,1,0.000,10074
10588,1024,1024,1.0000,84.102,11.890,1,0.000,10075
10589,1024,1024,1.0000,82.498,12.122,1,0.000,10076
10590,1024,1024,1.0000,82.824,12.074,1,0.000,10077
10591,1024,1024,1.0000,83.039,12.043,1,0.000,10078
10592,1024,1024,1.0000,83.700,11.947,1,0.000,10079
10593,1024,1024,1.0000,84.868,11.783,1,0.000,10080
10594,1024,1024,1.0000,84.259,11.868,1,0.000,10081
10595,1024,1024,1.0000,94.492,10.583,1,0.000,10082
10596,1024,1024,1.0000,85.362,11.715,1,0.000,10083
10597,1024,1024,1.0000,81.322,12.297,1,0.000,10084
10598,1024,1024,1.0000,84.573,11.824,1,0.000,10085
10599,1024,1024,1.0000,82.351,12.143,1,0.000,10086
10600,1024,1024,1.0000,86.743,11.528,1,0.000,10087
10601,1024,1024,1.0000,81.917,12.207,1,0.000,10088
10602,1024,1024,1.0000,82.180,12.168,1,0.000,10089
10603,1024,1024,1.0000,84.493,11.835,1,0.000,10090
10604,1024,1024,1.0000,82.777,12.081,1,0.000,10091
10605,1024,1024,1.0000,82.584,12.109,1,0.000,10092
10606,1024,1024,1.0000,83.363,11.996,1,0.000,10093
10607,1024,1024,1.0000,82.700,12.092,1,0.000,10094
10608,1024,1024,1.0000,82.995,12.049,1,0.000,10095
10609,1024,1024,1.0000,82.867,12.068,1,0.000,10096
10610,1024,1024,1.0000,82.988,12.050,1,0.000,10097
10611,1024,1024,1.0000,82.697,12.092,1,0.000,10098
10612,1024,1024,1.0000,83.729,11.943,1,0.000,10099
10613,1024,1024,1.0000,81.692,12.241,1,0.000,10100
10614,1024,1024,1.0000,83.555,11.968,1,0.000,10101
10615,1024,1024,1.0000,82.319,12.148,1,0.000,10102
10616,1024,1024,1.0000,84.038,11.899,1,0.000,10103
10617,1024,1024,1.0000,81.769,12.230,1,0.000,10104
10618,1024,1024,1.0000,91.506,10.928,1,0.000,10105
10619,1024,1024,1.0000,87.843,11.384,1,0.000,10106
10620,1024,1024,1.0000,90.328,11.071,1,0.000,10107
10621,1024,1024,1.0000,81.986,12.197,1,0.000,10108
10622,1024,1024,1.0000,84.467,11.839,1,0.000,10109
10623,1024,1024,1.0000,83.423,11.987,1,0.000,10110
10624,1024,1024,1.0000,81.919,12.207,1,0.000,10111
10625,1024,1024,1.0000,84.497,11.835,1,0.000,10112
10626,1024,1024,1.0000,82.999,12.048,1,0.000,10113
10627,1024,1024,1.0000,82.828,12.073,1,0.000,10114
10628,1024,1024,1.0000,82.030,12.191,1,0.000,10115
10629,1024,1024,1.0000,81.306,12.299,1,0.000,10116
10630,1024,1024,1.0000,81.968,12.200,1,0.000,10117
10631,1024,1024,1.0000,83.794,11.934,1,0.000,10118
10632,1024,1024,1.0000,82.229,12.161,1,0.000,10119
10633,1024,1024,1.0000,84.209,11.875,1,0.000,10120
10634,1024,1024,1.0000,82.072,12.184,1,0.000,10121
10635,1024,1024,1.0000,84.114,11.889,1,0.000,10122
10636,1024,1024,1.0000,81.513,12.268,1,0.000,10123
10637,1024,1024,1.0000,83.351,11.997,1,0.000,10124
10638,1024,1024,1.0000,83.725,11.944,1,0.000,10125
10639,1024,1024,1.0000,82.850,12.070,1,0.000,10126
10640,1024,1024,1.0000,81.755,12.232,1,0.000,10127
10641,1024,1024,1.0000,83.880,11.922,1,0.000,10128
10642,1024,1024,1.0000,82.831,12.073,1,0.000,10129
10643,1024,1024,1.0000,85.778,11.658,1,0.000,10130
10644,1024,1024,1.0000,89.532,11.169,1,0.000,10131
10645,1024,1024,1.0000,88.844,11.256,1,0.000,10132
10646,1024,1024,1.0000,83.460,11.982,1,0.000,10133
10647,1024,1024,1.0000,80.661,12.398,1,0.000,10134
10648,1024,1024,1.0000,84.067,11.895,1,0.000,10135
10649,1024,1024,1.0000,83.060,12.039,1,0.000,10136
10650,1024,1024,1.0000,82.848,12.070,1,0.000,10137
10651,1024,1024,1.0000,82.771,12.082,1,0.000,10138
10652,1024,1024,1.0000,84.325,11.859,1,0.000,10139
10653,1024,1024,1.0000,84.206,11.876,1,0.000,10140
10654,1024,1024,1.0000,82.606,12.106,1,0.000,10141
10655,1024,1024,1.0000,83.405,11.990,1,0.000,10142
10656,1024,1024,1.0000,81.461,12.276,1,0.000,10143
10657,1024,1024,1.0000,84.624,11.817,1,0.000,10144
10658,1024,1024,1.0000,82.801,12.077,1,0.000,10145
10659,1024,1024,1.0000,82.608,12.105,1,0.000,10146
10660,1024,1024,1.0000,83.944,11.913,1,0.000,10147
10661,1024,1024,1.0000,82.329,12.146,1,0.000,10148
10662,1024,1024,1.0000,83.794,11.934,1,0.000,10149
10663,1024,1024,1.0000,81.706,12.239,1,0.000,10150
10664,1024,1024,1.0000,82.534,12.116,1,0.000,10151
10665,1024,1024,1.0000,81.598,12.255,1,0.000,10152
10666,1024,1024,1.0000,82.116,12.178,1,0.000,10153
10667,1024,1024,1.0000,85.072,11.755,1,0.000,10154
10668,1024,1024,1.0000,82.097,12.181,1,0.000,10155
10669,1024,1024,1.0000,91.556,10.922,1,0.000,10156
10670,1024,1024,1.0000,88.085,11.353,1,0.000,10157
10671,1024,1024,1.0000,82.713,12.090,1,0.000,10158
10672,1024,1024,1.0000,81.297,12.301,1,0.000,10159
10673,1024,1024,1.0000,82.694,12.093,1,0.000,10160
10674,1024,1024,1.0000,83.978,11.908,1,0.000,10161
10675,1024,1024,1.0000,82.477,12.125,1,0.000,10162
10676,1024,1024,1.0000,85.656,11.675,1,0.000,10163
10677,1024,1024,1.0000,82.430,12.132,1,0.000,10164
10678,1024,1024,1.0000,83.479,11.979,1,0.000,10165
10679,1024,1024,1.0000,80.545,12.415,1,0.000,10166
10680,1024,1024,1.0000,80.033,12.495,1,0.000,10167
10681,1024,1024,1.0000,83.275,12.008,1,0.000,10168
10682,1024,1024,1.0000,84.349,11.856,1,0.000,10169
10683,1024,1024,1.0000,80.676,12.395,1,0.000,10170
10684,1024,1024,1.0000,85.141,11.745,1,0.000,10171
10685,1024,1024,1.0000,82.364,12.141,1,0.000,10172
10686,1024,1024,1.0000,89.937,11.119,1,0.000,10173
10687,1024,1024,1.0000,82.172,12.170,1,0.000,10174
10688,1024,1024,1.0000,82.956,12.055,1,0.000,10175
10689,1024,1024,1.0000,82.369,12.140,1,0.000,10176
10690,1024,1024,1.0000,83.970,11.909,1,0.000,10177
10691,1024,1024,1.0000,83.990,11.906,1,0.000,10178
10692,1024,1024,1.0000,81.883,12.213,1,0.000,10179
10693,1024,1024,1.0000,83.927,11.915,1,0.000,10180
10694,1024,1024,1.0000,95.093,10.516,1,0.000,10181
10695,1024,1024,1.0000,84.427,11.845,1,0.000,10182
10696,1024,1024,1.0000,84.871,11.783,1,0.000,10183
10697,1024,1024,1.0000,82.270,12.155,1,0.000,10184
10698,1024,1024,1.0000,82.009,12.194,1,0.000,10185
10699,1024,1024,1.0000,83.543,11.970,1,0.000,10186
10700,1024,1024,1.0000,84.455,11.841,1,0.000,10187
10701,1024,1024,1.0000,84.069,11.895,1,0.000,10188
10702,1024,1024,1.0000,82.094,12.181,1,0.000,10189
10703,1024,1024,1.0000,79.921,12.512,1,0.000,10190
10704,1024,1024,1.0000,81.026,12.342,1,0.000,10191
10705,1024,1024,1.0000,83.969,11.909,1,0.000,10192
10706,1024,1024,1.0000,79.918,12.513,1,0.000,10193
10707,1024,1024,1.0000,83.672,11.951,1,0.000,10194
10708,1024,1024,1.0000,81.756,12.232,1,0.000,10195
10709,1024,1024,1.0000,81.072,12.335,1,0.000,10196
10710,1024,1024,1.0000,85.035,11.760,1,0.000,10197
10711,1024,1024,1.0000,82.296,12.151,1,0.000,10198
10712,1024,1024,1.0000,81.997,12.196,1,0.000,10199
10713,1024,1024,1.0000,82.123,12.177,1,0.000,10200
10714,1024,1024,1.0000,80.490,12.424,1,0.000,10201
10715,1024,1024,1.0000,87.452,11.435,1,0.000,10202
10716,1024,1024,1.0000,83.121,12.031,1,0.000,10203
10717,1024,1024,1.0000,83.555,11.968,1,0.000,10204
10718,1024,1024,1.0000,84.949,11.772,1,0.000,10205
10719,1024,1024,1.0000,95.183,10.506,1,0.000,10206
10720,1024,1024,1.0000,85.540,11.690,1,0.000,10207
10721,1024,1024,1.0000,82.080,12.183,1,0.000,10208
10722,1024,1024,1.0000,83.192,12.020,1,0.000,10209
10723,1024,1024,1.0000,82.965,12.053,1,0.000,10210
10724,1024,1024,1.0000,83.193,12.020,1,0.000,10211
10725,1024,1024,1.0000,83.911,11.917,1,0.000,10212
10726,1024,1024,1.0000,81.061,12.336,1,0.000,10213
10727,1024,1024,1.0000,84.535,11.829,1,0.000,10214
10728,1024,1024,1.0000,81.277,12.304,1,0.000,10215
10729,1024,1024,1.0000,83.074,12.037,1,0.000,10216
10730,1024,1024,1.0000,81.316,12.298,1,0.000,10217
10731,1024,1024,1.0000,82.181,12.168,1,0.000,10218
10732,1024,1024,1.0000,82.125,12.177,1,0.000,10219
10733,1024,1024,1.0000,81.216,12.313,1,0.000,10220
10734,1024,1024,1.0000,82.740,12.086,1,0.000,10221
10735,1024,1024,1.0000,82.743,12.086,1,0.000,10222
10736,1024,1024,1.0000,83.101,12.034,1,0.000,10223
10737,1024,1024,1.0000,83.384,11.993,1,0.000,10224
10738,1024,1024,1.0000,81.211,12.314,1,0.000,10225
10739,1024,1024,1.0000,82.526,12.117,1,0.000,10226
10740,1024,1024,1.0000,89.487,11.175,1,0.000,10227
10741,1024,1024,1.0000,84.121,11.888,1,0.000,10228
10742,1024,1024,1.0000,81.573,12.259,1,0.000,10229
10743,1024,1024,1.0000,84.012,11.903,1,0.000,10230
10744,1024,1024,1.0000,92.350,10.828,1,0.000,10231
10745,1024,1024,1.0000,82.514,12.119,1,0.000,10232
10746,1024,1024,1.0000,82.236,12.160,1,0.000,10233
10747,1024,1024,1.0000,83.019,12.045,1,0.000,10234
10748,1024,1024,1.0000,80.977,12.349,1,0.000,10235
10749,1024,1024,1.0000,83.625,11.958,1,0.000,10236
10750,1024,1024,1.0000,82.312,12.149,1,0.000,10237
10751,1024,1024,1.0000,81.346,12.293,1,0.000,10238
10752,1024,1024,1.0000,83.781,11.936,1,0.000,10239
