step,kv_used,kv_total,kv_ratio,ttft_ms,tok_per_sec,shift_events,alpha,n_spilled
1,512,1024,0.5000,1194.052,428.792,0,0.000,0
2,513,1024,0.5010,23.960,41.736,0,0.000,0
3,514,1024,0.5020,23.441,42.660,0,0.000,0
4,515,1024,0.5029,23.093,43.303,0,0.000,0
5,516,1024,0.5039,22.830,43.802,0,0.000,0
6,517,1024,0.5049,23.445,42.653,0,0.000,0
7,518,1024,0.5059,23.326,42.871,0,0.000,0
8,519,1024,0.5068,23.606,42.362,0,0.000,0
9,520,1024,0.5078,23.537,42.486,0,0.000,0
10,521,1024,0.5088,22.779,43.900,0,0.000,0
11,522,1024,0.5098,23.584,42.402,0,0.000,0
12,523,1024,0.5107,23.031,43.420,0,0.000,0
13,524,1024,0.5117,23.530,42.499,0,0.000,0
14,525,1024,0.5127,23.713,42.171,0,0.000,0
15,526,1024,0.5137,22.528,44.389,0,0.000,0
16,527,1024,0.5146,23.494,42.564,0,0.000,0
17,528,1024,0.5156,22.986,43.505,0,0.000,0
18,529,1024,0.5166,23.146,43.204,0,0.000,0
19,530,1024,0.5176,23.206,43.092,0,0.000,0
20,531,1024,0.5186,22.875,43.716,0,0.000,0
21,532,1024,0.5195,23.526,42.506,0,0.000,0
22,533,1024,0.5205,22.778,43.902,0,0.000,0
23,534,1024,0.5215,23.270,42.974,0,0.000,0
24,535,1024,0.5225,23.450,42.644,0,0.000,0
25,536,1024,0.5234,22.427,44.589,0,0.000,0
26,537,1024,0.5244,23.987,41.689,0,0.000,0
27,538,1024,0.5254,23.222,43.063,0,0.000,0
28,539,1024,0.5264,22.889,43.689,0,0.000,0
29,540,1024,0.5273,23.165,43.169,0,0.000,0
30,541,1024,0.5283,22.847,43.769,0,0.000,0
31,542,1024,0.5293,23.391,42.751,0,0.000,0
32,543,1024,0.5303,22.759,43.939,0,0.000,0
33,544,1024,0.5312,22.977,43.522,0,0.000,0
34,545,1024,0.5322,23.387,42.759,0,0.000,0
35,546,1024,0.5332,22.598,44.252,0,0.000,0
36,547,1024,0.5342,23.308,42.904,0,0.000,0
37,548,1024,0.5352,23.142,43.211,0,0.000,0
38,549,1024,0.5361,22.746,43.964,0,0.000,0
39,550,1024,0.5371,23.725,42.150,0,0.000,0
40,551,1024,0.5381,23.341,42.843,0,0.000,0
41,552,1024,0.5391,23.247,43.016,0,0.000,0
42,553,1024,0.5400,23.081,43.326,0,0.000,0
43,554,1024,0.5410,22.977,43.522,0,0.000,0
44,555,1024,0.5420,23.464,42.618,0,0.000,0
45,556,1024,0.5430,22.534,44.377,0,0.000,0
46,557,1024,0.5439,23.314,42.893,0,0.000,0
47,558,1024,0.5449,23.169,43.161,0,0.000,0
48,559,1024,0.5459,22.613,44.222,0,0.000,0
49,560,1024,0.5469,23.541,42.479,0,0.000,0
50,561,1024,0.5479,22.828,43.806,0,0.000,0
51,562,1024,0.5488,23.412,42.713,0,0.000,0
52,563,1024,0.5498,22.900,43.668,0,0.000,0
53,564,1024,0.5508,22.927,43.617,0,0.000,0
54,565,1024,0.5518,23.983,41.696,0,0.000,0
55,566,1024,0.5527,22.614,44.220,0,0.000,0
56,567,1024,0.5537,23.201,43.102,0,0.000,0
57,568,1024,0.5547,23.305,42.909,0,0.000,0
58,569,1024,0.5557,22.583,44.281,0,0.000,0
59,570,1024,0.5566,23.402,42.731,0,0.000,0
60,571,1024,0.5576,23.148,43.200,0,0.000,0
61,572,1024,0.5586,23.005,43.469,0,0.000,0
62,573,1024,0.5596,23.244,43.022,0,0.000,0
63,574,1024,0.5605,22.870,43.725,0,0.000,0
64,575,1024,0.5615,23.384,42.764,0,0.000,0
65,576,1024,0.5625,22.996,43.486,0,0.000,0
66,577,1024,0.5635,23.215,43.076,0,0.000,0
67,578,1024,0.5645,24.221,41.286,0,0.000,0
68,579,1024,0.5654,22.622,44.205,0,0.000,0
69,580,1024,0.5664,23.520,42.517,0,0.000,0
70,581,1024,0.5674,23.019,43.442,0,0.000,0
71,582,1024,0.5684,23.018,43.444,0,0.000,0
72,583,1024,0.5693,23.134,43.226,0,0.000,0
73,584,1024,0.5703,22.912,43.645,0,0.000,0
74,585,1024,0.5713,23.583,42.403,0,0.000,0
75,586,1024,0.5723,22.629,44.191,0,0.000,0
76,587,1024,0.5732,23.187,43.128,0,0.000,0
77,588,1024,0.5742,23.192,43.118,0,0.000,0
78,589,1024,0.5752,22.890,43.687,0,0.000,0
79,590,1024,0.5762,23.542,42.477,0,0.000,0
80,591,1024,0.5771,23.398,42.739,0,0.000,0
81,592,1024,0.5781,23.574,42.420,0,0.000,0
82,593,1024,0.5791,22.752,43.952,0,0.000,0
83,594,1024,0.5801,23.109,43.273,0,0.000,0
84,595,1024,0.5811,23.371,42.788,0,0.000,0
85,596,1024,0.5820,22.584,44.279,0,0.000,0
86,597,1024,0.5830,23.368,42.794,0,0.000,0
87,598,1024,0.5840,22.977,43.522,0,0.000,0
88,599,1024,0.5850,23.065,43.356,0,0.000,0
89,600,1024,0.5859,23.024,43.433,0,0.000,0
90,601,1024,0.5869,23.559,42.447,0,0.000,0
91,602,1024,0.5879,23.338,42.849,0,0.000,0
92,603,1024,0.5889,23.091,43.307,0,0.000,0
93,604,1024,0.5898,23.489,42.573,0,0.000,0
94,605,1024,0.5908,23.697,42.199,0,0.000,0
95,606,1024,0.5918,22.625,44.199,0,0.000,0
96,607,1024,0.5928,23.575,42.418,0,0.000,0
97,608,1024,0.5938,22.922,43.626,0,0.000,0
98,609,1024,0.5947,22.918,43.634,0,0.000,0
99,610,1024,0.5957,23.415,42.708,0,0.000,0
100,611,1024,0.5967,22.879,43.708,0,0.000,0
101,612,1024,0.5977,23.274,42.966,0,0.000,0
102,613,1024,0.5986,22.981,43.514,0,0.000,0
103,614,1024,0.5996,23.173,43.154,0,0.000,0
104,615,1024,0.6006,23.444,42.655,0,0.000,0
105,616,1024,0.6016,22.610,44.228,0,0.000,0
106,617,1024,0.6025,23.875,41.885,0,0.000,0
107,618,1024,0.6035,23.607,42.360,0,0.000,0
108,619,1024,0.6045,22.745,43.966,0,0.000,0
109,620,1024,0.6055,23.520,42.517,0,0.000,0
110,621,1024,0.6064,22.886,43.695,0,0.000,0
111,622,1024,0.6074,22.981,43.514,0,0.000,0
112,623,1024,0.6084,23.463,42.620,0,0.000,0
113,624,1024,0.6094,22.791,43.877,0,0.000,0
114,625,1024,0.6104,23.577,42.414,0,0.000,0
115,626,1024,0.6113,22.645,44.160,0,0.000,0
116,627,1024,0.6123,23.363,42.803,0,0.000,0
117,628,1024,0.6133,23.290,42.937,0,0.000,0
118,629,1024,0.6143,22.591,44.265,0,0.000,0
119,630,1024,0.6152,23.846,41.936,0,0.000,0
120,631,1024,0.6162,23.353,42.821,0,0.000,0
121,632,1024,0.6172,22.971,43.533,0,0.000,0
122,633,1024,0.6182,23.429,42.682,0,0.000,0
123,634,1024,0.6191,22.818,43.825,0,0.000,0
124,635,1024,0.6201,23.694,42.205,0,0.000,0
125,636,1024,0.6211,22.641,44.168,0,0.000,0
126,637,1024,0.6221,23.355,42.817,0,0.000,0
127,638,1024,0.6230,23.334,42.856,0,0.000,0
128,639,1024,0.6240,22.573,44.301,0,0.000,0
129,640,1024,0.6250,23.672,42.244,0,0.000,0
130,641,1024,0.6260,22.966,43.543,0,0.000,0
131,642,1024,0.6270,22.955,43.563,0,0.000,0
132,643,1024,0.6279,23.324,42.874,0,0.000,0
133,644,1024,0.6289,22.999,43.480,0,0.000,0
134,645,1024,0.6299,24.413,40.962,0,0.000,0
135,646,1024,0.6309,22.535,44.375,0,0.000,0
136,647,1024,0.6318,23.191,43.120,0,0.000,0
137,648,1024,0.6328,23.297,42.924,0,0.000,0
138,649,1024,0.6338,22.571,44.305,0,0.000,0
139,650,1024,0.6348,23.581,42.407,0,0.000,0
140,651,1024,0.6357,22.986,43.505,0,0.000,0
141,652,1024,0.6367,23.073,43.341,0,0.000,0
142,653,1024,0.6377,23.396,42.742,0,0.000,0
143,654,1024,0.6387,22.883,43.701,0,0.000,0
144,655,1024,0.6396,23.651,42.282,0,0.000,0
145,656,1024,0.6406,22.718,44.018,0,0.000,0
146,657,1024,0.6416,23.475,42.599,0,0.000,0
147,658,1024,0.6426,23.670,42.248,0,0.000,0
148,659,1024,0.6436,22.623,44.203,0,0.000,0
149,660,1024,0.6445,23.570,42.427,0,0.000,0
150,661,1024,0.6455,23.045,43.393,0,0.000,0
151,662,1024,0.6465,22.963,43.548,0,0.000,0
152,663,1024,0.6475,23.323,42.876,0,0.000,0
153,664,1024,0.6484,22.892,43.683,0,0.000,0
154,665,1024,0.6494,23.611,42.353,0,0.000,0
155,666,1024,0.6504,22.702,44.049,0,0.000,0
156,667,1024,0.6514,23.161,43.176,0,0.000,0
157,668,1024,0.6523,23.286,42.944,0,0.000,0
158,669,1024,0.6533,22.562,44.322,0,0.000,0
159,670,1024,0.6543,23.440,42.662,0,0.000,0
160,671,1024,0.6553,23.719,42.160,0,0.000,0
161,672,1024,0.6562,22.919,43.632,0,0.000,0
162,673,1024,0.6572,23.366,42.797,0,0.000,0
163,674,1024,0.6582,22.990,43.497,0,0.000,0
164,675,1024,0.6592,23.488,42.575,0,0.000,0
165,676,1024,0.6602,22.643,44.164,0,0.000,0
166,677,1024,0.6611,23.151,43.195,0,0.000,0
167,678,1024,0.6621,23.439,42.664,0,0.000,0
168,679,1024,0.6631,22.579,44.289,0,0.000,0
169,680,1024,0.6641,23.547,42.468,0,0.000,0
170,681,1024,0.6650,23.056,43.373,0,0.000,0
171,682,1024,0.6660,22.783,43.892,0,0.000,0
172,683,1024,0.6670,23.455,42.635,0,0.000,0
173,684,1024,0.6680,22.943,43.586,0,0.000,0
174,685,1024,0.6689,23.888,41.862,0,0.000,0
175,686,1024,0.6699,23.098,43.294,0,0.000,0
176,687,1024,0.6709,23.294,42.930,0,0.000,0
177,688,1024,0.6719,23.198,43.107,0,0.000,0
178,689,1024,0.6729,23.027,43.427,0,0.000,0
179,690,1024,0.6738,24.232,41.268,0,0.000,0
180,691,1024,0.6748,23.018,43.444,0,0.000,0
181,692,1024,0.6758,23.282,42.952,0,0.000,0
182,693,1024,0.6768,23.265,42.983,0,0.000,0
183,694,1024,0.6777,23.071,43.344,0,0.000,0
184,695,1024,0.6787,23.423,42.693,0,0.000,0
185,696,1024,0.6797,22.661,44.129,0,0.000,0
186,697,1024,0.6807,23.441,42.660,0,0.000,0
187,698,1024,0.6816,23.754,42.098,0,0.000,0
188,699,1024,0.6826,22.641,44.168,0,0.000,0
189,700,1024,0.6836,23.656,42.273,0,0.000,0
190,701,1024,0.6846,23.010,43.459,0,0.000,0
191,702,1024,0.6855,22.801,43.858,0,0.000,0
192,703,1024,0.6865,23.453,42.638,0,0.000,0
193,704,1024,0.6875,22.941,43.590,0,0.000,0
194,705,1024,0.6885,23.061,43.363,0,0.000,0
195,706,1024,0.6895,23.197,43.109,0,0.000,0
196,707,1024,0.6904,22.980,43.516,0,0.000,0
197,708,1024,0.6914,23.554,42.456,0,0.000,0
198,709,1024,0.6924,22.559,44.328,0,0.000,0
199,710,1024,0.6934,23.806,42.006,0,0.000,0
200,711,1024,0.6943,23.312,42.896,0,0.000,0
201,712,1024,0.6953,22.753,43.950,0,0.000,0
202,713,1024,0.6963,23.525,42.508,0,0.000,0
203,714,1024,0.6973,22.989,43.499,0,0.000,0
204,715,1024,0.6982,22.873,43.720,0,0.000,0
205,716,1024,0.6992,23.249,43.013,0,0.000,0
206,717,1024,0.7002,22.720,44.014,0,0.000,0
207,718,1024,0.7012,23.759,42.089,0,0.000,0
208,719,1024,0.7021,22.644,44.162,0,0.000,0
209,720,1024,0.7031,23.233,43.042,0,0.000,0
210,721,1024,0.7041,23.313,42.895,0,0.000,0
211,722,1024,0.7051,22.583,44.281,0,0.000,0
212,723,1024,0.7061,23.631,42.317,0,0.000,0
213,724,1024,0.7070,23.254,43.003,0,0.000,0
214,725,1024,0.7080,23.238,43.033,0,0.000,0
215,726,1024,0.7090,23.526,42.506,0,0.000,0
216,727,1024,0.7100,22.891,43.685,0,0.000,0
217,728,1024,0.7109,23.677,42.235,0,0.000,0
218,729,1024,0.7119,22.703,44.047,0,0.000,0
219,730,1024,0.7129,23.275,42.965,0,0.000,0
220,731,1024,0.7139,23.226,43.055,0,0.000,0
221,732,1024,0.7148,22.623,44.203,0,0.000,0
222,733,1024,0.7158,24.029,41.616,0,0.000,0
223,734,1024,0.7168,22.941,43.590,0,0.000,0
224,735,1024,0.7178,22.883,43.701,0,0.000,0
225,736,1024,0.7188,23.292,42.933,0,0.000,0
226,737,1024,0.7197,22.865,43.735,0,0.000,0
227,738,1024,0.7207,24.118,41.463,0,0.000,0
228,739,1024,0.7217,22.833,43.796,0,0.000,0
229,740,1024,0.7227,23.214,43.077,0,0.000,0
230,741,1024,0.7236,23.359,42.810,0,0.000,0
231,742,1024,0.7246,22.609,44.230,0,0.000,0
232,743,1024,0.7256,23.780,42.052,0,0.000,0
233,744,1024,0.7266,22.991,43.495,0,0.000,0
234,745,1024,0.7275,22.910,43.649,0,0.000,0
235,746,1024,0.7285,23.276,42.963,0,0.000,0
236,747,1024,0.7295,22.851,43.762,0,0.000,0
237,748,1024,0.7305,23.547,42.468,0,0.000,0
238,749,1024,0.7314,22.625,44.199,0,0.000,0
239,750,1024,0.7324,23.510,42.535,0,0.000,0
240,751,1024,0.7334,23.708,42.180,0,0.000,0
241,752,1024,0.7344,22.592,44.263,0,0.000,0
242,753,1024,0.7354,23.579,42.411,0,0.000,0
243,754,1024,0.7363,23.010,43.459,0,0.000,0
244,755,1024,0.7373,22.909,43.651,0,0.000,0
245,756,1024,0.7383,23.317,42.887,0,0.000,0
246,757,1024,0.7393,22.880,43.706,0,0.000,0
247,758,1024,0.7402,23.615,42.346,0,0.000,0
248,759,1024,0.7412,22.675,44.101,0,0.000,0
249,760,1024,0.7422,23.058,43.369,0,0.000,0
250,761,1024,0.7432,23.324,42.874,0,0.000,0
251,762,1024,0.7441,22.580,44.287,0,0.000,0
252,763,1024,0.7451,23.552,42.459,0,0.000,0
253,764,1024,0.7461,23.111,43.269,0,0.000,0
254,765,1024,0.7471,23.309,42.902,0,0.000,0
255,766,1024,0.7480,23.306,42.907,0,0.000,0
256,767,1024,0.7490,23.111,43.269,0,0.000,0
257,768,1024,0.7500,23.610,42.355,0,0.000,0
258,769,1024,0.7510,24.218,41.292,0,0.000,0
259,770,1024,0.7520,23.618,42.341,0,0.000,0
260,771,1024,0.7529,23.750,42.105,0,0.000,0
261,772,1024,0.7539,23.171,43.157,0,0.000,0
262,773,1024,0.7549,23.989,41.686,0,0.000,0
263,774,1024,0.7559,23.133,43.228,0,0.000,0
264,775,1024,0.7568,24.035,41.606,0,0.000,0
265,776,1024,0.7578,23.017,43.446,0,0.000,0
266,777,1024,0.7588,24.452,40.896,0,0.000,0
267,778,1024,0.7598,24.931,40.111,0,0.000,0
268,779,1024,0.7607,23.410,42.717,0,0.000,0
269,780,1024,0.7617,23.885,41.867,0,0.000,0
270,781,1024,0.7627,23.301,42.917,0,0.000,0
271,782,1024,0.7637,23.755,42.096,0,0.000,0
272,783,1024,0.7646,23.352,42.823,0,0.000,0
273,784,1024,0.7656,23.424,42.691,0,0.000,0
274,785,1024,0.7666,24.052,41.577,0,0.000,0
275,786,1024,0.7676,23.087,43.314,0,0.000,0
276,787,1024,0.7686,23.883,41.871,0,0.000,0
277,788,1024,0.7695,23.603,42.367,0,0.000,0
278,789,1024,0.7705,23.403,42.730,0,0.000,0
279,790,1024,0.7715,23.692,42.208,0,0.000,0
280,791,1024,0.7725,23.392,42.750,0,0.000,0
281,792,1024,0.7734,24.033,41.609,0,0.000,0
282,793,1024,0.7744,23.743,42.118,0,0.000,0
283,794,1024,0.7754,23.673,42.242,0,0.000,0
284,795,1024,0.7764,24.000,41.667,0,0.000,0
285,796,1024,0.7773,23.334,42.856,0,0.000,0
286,797,1024,0.7783,23.552,42.459,0,0.000,0
287,798,1024,0.7793,23.738,42.127,0,0.000,0
288,799,1024,0.7803,23.420,42.699,0,0.000,0
289,800,1024,0.7812,23.826,41.971,0,0.000,0
290,801,1024,0.7822,23.396,42.742,0,0.000,0
291,802,1024,0.7832,23.650,42.283,0,0.000,0
292,803,1024,0.7842,23.403,42.730,0,0.000,0
293,804,1024,0.7852,23.244,43.022,0,0.000,0
294,805,1024,0.7861,24.173,41.368,0,0.000,0
295,806,1024,0.7871,23.739,42.125,0,0.000,0
296,807,1024,0.7881,23.422,42.695,0,0.000,0
297,808,1024,0.7891,23.678,42.233,0,0.000,0
298,809,1024,0.7900,23.487,42.577,0,0.000,0
299,810,1024,0.7910,23.726,42.148,0,0.000,0
300,811,1024,0.7920,23.396,42.742,0,0.000,0
301,812,1024,0.7930,24.038,41.601,0,0.000,0
302,813,1024,0.7939,23.599,42.375,0,0.000,0
303,814,1024,0.7949,23.256,43.000,0,0.000,0
304,815,1024,0.7959,23.867,41.899,0,0.000,0
305,816,1024,0.7969,23.240,43.029,0,0.000,0
306,817,1024,0.7979,23.723,42.153,0,0.000,0
307,818,1024,0.7988,24.206,41.312,0,0.000,0
308,819,1024,0.7998,23.526,42.506,0,0.000,0
309,820,1024,0.8008,24.260,41.220,0,0.000,0
310,821,1024,0.8018,23.056,43.373,0,0.000,0
311,822,1024,0.8027,24.126,41.449,0,0.000,0
312,823,1024,0.8037,23.411,42.715,0,0.000,0
313,824,1024,0.8047,23.505,42.544,0,0.000,0
314,825,1024,0.8057,23.617,42.342,0,0.000,0
315,826,1024,0.8066,23.454,42.637,0,0.000,0
316,827,1024,0.8076,24.122,41.456,0,0.000,0
317,828,1024,0.8086,22.983,43.510,0,0.000,0
318,829,1024,0.8096,23.844,41.939,0,0.000,0
319,830,1024,0.8105,23.510,42.535,0,0.000,0
320,831,1024,0.8115,23.173,43.154,0,0.000,0
321,832,1024,0.8125,24.602,40.647,0,0.000,0
322,833,1024,0.8135,23.135,43.225,0,0.000,0
323,834,1024,0.8145,23.834,41.957,0,0.000,0
324,835,1024,0.8154,23.363,42.803,0,0.000,0
325,836,1024,0.8164,23.629,42.321,0,0.000,0
326,837,1024,0.8174,23.889,41.860,0,0.000,0
327,838,1024,0.8184,23.016,43.448,0,0.000,0
328,839,1024,0.8193,23.889,41.860,0,0.000,0
329,840,1024,0.8203,23.601,42.371,0,0.000,0
330,841,1024,0.8213,23.594,42.384,0,0.000,0
331,842,1024,0.8223,23.545,42.472,0,0.000,0
332,843,1024,0.8232,23.378,42.775,0,0.000,0
333,844,1024,0.8242,23.754,42.098,0,0.000,0
334,845,1024,0.8252,23.880,41.876,0,0.000,0
335,846,1024,0.8262,23.605,42.364,0,0.000,0
336,847,1024,0.8271,23.975,41.710,0,0.000,0
337,848,1024,0.8281,23.739,42.125,0,0.000,0
338,849,1024,0.8291,23.688,42.215,0,0.000,0
339,850,1024,0.8301,24.106,41.483,0,0.000,0
340,851,1024,0.8311,23.507,42.541,0,0.000,0
341,852,1024,0.8320,23.980,41.701,0,0.000,0
342,853,1024,0.8330,23.949,41.755,0,0.000,0
343,854,1024,0.8340,23.565,42.436,0,0.000,0
344,855,1024,0.8350,23.757,42.093,0,0.000,0
345,856,1024,0.8359,23.118,43.256,0,0.000,0
346,857,1024,0.8369,24.111,41.475,0,0.000,0
347,858,1024,0.8379,23.838,41.950,0,0.000,0
348,859,1024,0.8389,23.012,43.456,0,0.000,0
349,860,1024,0.8398,24.097,41.499,0,0.000,0
350,861,1024,0.8408,23.290,42.937,0,0.000,0
351,862,1024,0.8418,23.774,42.063,0,0.000,0
352,863,1024,0.8428,24.057,41.568,0,0.000,0
353,864,1024,0.8438,24.213,41.300,0,0.000,0
354,865,1024,0.8447,23.839,41.948,0,0.000,0
355,866,1024,0.8457,23.112,43.268,0,0.000,0
356,867,1024,0.8467,24.096,41.501,0,0.000,0
357,868,1024,0.8477,23.432,42.677,0,0.000,0
358,869,1024,0.8486,23.640,42.301,0,0.000,0
359,870,1024,0.8496,23.473,42.602,0,0.000,0
360,871,1024,0.8506,23.989,41.686,0,0.000,0
361,872,1024,0.8516,23.983,41.696,0,0.000,0
362,873,1024,0.8525,23.247,43.016,0,0.000,0
363,874,1024,0.8535,23.641,42.299,0,0.000,0
364,875,1024,0.8545,23.843,41.941,0,0.000,0
365,876,1024,0.8555,23.335,42.854,0,0.000,0
366,877,1024,0.8564,23.687,42.217,0,0.000,0
367,878,1024,0.8574,23.500,42.553,0,0.000,0
368,879,1024,0.8584,23.820,41.982,0,0.000,0
369,880,1024,0.8594,23.412,42.713,0,0.000,0
370,881,1024,0.8604,23.372,42.786,0,0.000,0
371,882,1024,0.8613,24.094,41.504,0,0.000,0
372,883,1024,0.8623,23.347,42.832,0,0.000,0
373,884,1024,0.8633,23.719,42.160,0,0.000,0
374,885,1024,0.8643,23.844,41.939,0,0.000,0
375,886,1024,0.8652,23.284,42.948,0,0.000,0
376,887,1024,0.8662,23.766,42.077,0,0.000,0
377,888,1024,0.8672,23.436,42.669,0,0.000,0
378,889,1024,0.8682,23.835,41.955,0,0.000,0
379,890,1024,0.8691,23.614,42.348,0,0.000,0
380,891,1024,0.8701,23.175,43.150,0,0.000,0
381,892,1024,0.8711,23.882,41.873,0,0.000,0
382,893,1024,0.8721,23.369,42.792,0,0.000,0
383,894,1024,0.8730,23.639,42.303,0,0.000,0
384,895,1024,0.8740,23.632,42.316,0,0.000,0
385,896,1024,0.8750,23.813,41.994,0,0.000,0
386,897,1024,0.8760,24.500,40.816,0,0.000,0
387,898,1024,0.8770,23.052,43.380,0,0.000,0
388,899,1024,0.8779,23.960,41.736,0,0.000,0
389,900,1024,0.8789,23.443,42.657,0,0.000,0
390,901,1024,0.8799,23.339,42.847,0,0.000,0
391,902,1024,0.8809,23.971,41.717,0,0.000,0
392,903,1024,0.8818,23.286,42.944,0,0.000,0
393,904,1024,0.8828,24.027,41.620,0,0.000,0
394,905,1024,0.8838,23.063,43.359,0,0.000,0
395,906,1024,0.8848,23.943,41.766,0,0.000,0
396,907,1024,0.8857,23.794,42.027,0,0.000,0
397,908,1024,0.8867,23.095,43.299,0,0.000,0
398,909,1024,0.8877,23.784,42.045,0,0.000,0
399,910,1024,0.8887,23.807,42.004,0,0.000,0
400,911,1024,0.8896,23.849,41.930,0,0.000,0
401,912,1024,0.8906,23.617,42.342,0,0.000,0
402,913,1024,0.8916,23.498,42.557,0,0.000,0
403,914,1024,0.8926,23.656,42.273,0,0.000,0
404,915,1024,0.8936,23.454,42.637,0,0.000,0
405,916,1024,0.8945,23.388,42.757,0,0.000,0
406,917,1024,0.8955,24.260,41.220,0,0.000,0
407,918,1024,0.8965,23.341,42.843,0,0.000,0
408,919,1024,0.8975,23.382,42.768,0,0.000,0
409,920,1024,0.8984,23.902,41.838,0,0.000,0
410,921,1024,0.8994,23.325,42.872,0,0.000,0
411,922,1024,0.9004,23.746,42.112,0,0.000,0
412,923,1024,0.9014,24.058,41.566,0,0.000,0
413,924,1024,0.9023,23.800,42.017,0,0.000,0
414,925,1024,0.9033,23.539,42.483,0,0.000,0
415,926,1024,0.9043,23.402,42.731,0,0.000,0
416,927,1024,0.9053,23.901,41.839,0,0.000,0
417,928,1024,0.9062,23.228,43.051,0,0.000,0
418,929,1024,0.9072,23.620,42.337,0,0.000,0
419,930,1024,0.9082,23.582,42.405,0,0.000,0
420,931,1024,0.9092,23.457,42.631,0,0.000,0
421,932,1024,0.9102,23.683,42.224,0,0.000,0
422,933,1024,0.9111,23.370,42.790,0,0.000,0
423,934,1024,0.9121,23.903,41.836,0,0.000,0
424,935,1024,0.9131,23.533,42.494,0,0.000,0
425,936,1024,0.9141,23.880,41.876,0,0.000,0
426,937,1024,0.9150,23.941,41.769,0,0.000,0
427,938,1024,0.9160,23.320,42.882,0,0.000,0
428,939,1024,0.9170,23.466,42.615,0,0.000,0
429,940,1024,0.9180,23.610,42.355,0,0.000,0
430,941,1024,0.9189,23.391,42.751,0,0.000,0
431,942,1024,0.9199,24.111,41.475,0,0.000,0
432,943,1024,0.9209,23.050,43.384,0,0.000,0
433,944,1024,0.9219,23.641,42.299,0,0.000,0
434,945,1024,0.9229,23.720,42.159,0,0.000,0
435,946,1024,0.9238,23.203,43.098,0,0.000,0
436,947,1024,0.9248,23.952,41.750,0,0.000,0
437,948,1024,0.9258,23.211,43.083,0,0.000,0
438,949,1024,0.9268,24.289,41.171,0,0.000,0
439,950,1024,0.9277,24.056,41.570,0,0.000,0
440,951,1024,0.9287,24.377,41.022,0,0.000,0
441,952,1024,0.9297,23.698,42.198,0,0.000,0
442,953,1024,0.9307,23.546,42.470,0,0.000,0
443,954,1024,0.9316,23.695,42.203,0,0.000,0
444,955,1024,0.9326,23.579,42.411,0,0.000,0
445,956,1024,0.9336,24.027,41.620,0,0.000,0
446,957,1024,0.9346,23.127,43.240,0,0.000,0
447,958,1024,0.9355,23.894,41.852,0,0.000,0
448,959,1024,0.9365,23.666,42.255,0,0.000,0
449,960,1024,0.9375,23.152,43.193,0,0.000,0
450,961,1024,0.9385,24.224,41.281,0,0.000,0
451,962,1024,0.9395,23.603,42.367,0,0.000,0
452,963,1024,0.9404,24.181,41.355,0,0.000,0
453,964,1024,0.9414,23.340,42.845,0,0.000,0
454,965,1024,0.9424,23.621,42.335,0,0.000,0
455,966,1024,0.9434,23.885,41.867,0,0.000,0
456,967,1024,0.9443,23.084,43.320,0,0.000,0
457,968,1024,0.9453,24.040,41.597,0,0.000,0
458,969,1024,0.9463,23.514,42.528,0,0.000,0
459,970,1024,0.9473,23.615,42.346,0,0.000,0
460,971,1024,0.9482,23.617,42.342,0,0.000,0
461,972,1024,0.9492,23.387,42.759,0,0.000,0
462,973,1024,0.9502,23.985,41.693,0,0.000,0
463,974,1024,0.9512,23.125,43.243,0,0.000,0
464,975,1024,0.9521,24.280,41.186,0,0.000,0
465,976,1024,0.9531,23.835,41.955,0,0.000,0
466,977,1024,0.9541,23.350,42.827,0,0.000,0
467,978,1024,0.9551,23.585,42.400,0,0.000,0
468,979,1024,0.9561,23.702,42.191,0,0.000,0
469,980,1024,0.9570,23.506,42.542,0,0.000,0
470,981,1024,0.9580,23.834,41.957,0,0.000,0
471,982,1024,0.9590,23.399,42.737,0,0.000,0
472,983,1024,0.9600,23.948,41.757,0,0.000,0
473,984,1024,0.9609,23.659,42.267,0,0.000,0
474,985,1024,0.9619,23.255,43.002,0,0.000,0
475,986,1024,0.9629,23.868,41.897,0,0.000,0
476,987,1024,0.9639,23.305,42.909,0,0.000,0
477,988,1024,0.9648,23.759,42.089,0,0.000,0
478,989,1024,0.9658,24.252,41.234,0,0.000,0
479,990,1024,0.9668,23.552,42.459,0,0.000,0
480,991,1024,0.9678,23.952,41.750,0,0.000,0
481,992,1024,0.9688,23.090,43.309,0,0.000,0
482,993,1024,0.9697,24.224,41.281,0,0.000,0
483,994,1024,0.9707,23.703,42.189,0,0.000,0
484,995,1024,0.9717,23.240,43.029,0,0.000,0
485,996,1024,0.9727,24.050,41.580,0,0.000,0
486,997,1024,0.9736,23.365,42.799,0,0.000,0
487,998,1024,0.9746,23.986,41.691,0,0.000,0
488,999,1024,0.9756,23.263,42.987,0,0.000,0
489,1000,1024,0.9766,23.566,42.434,0,0.000,0
490,1001,1024,0.9775,24.021,41.630,0,0.000,0
491,1002,1024,0.9785,23.743,42.118,0,0.000,0
492,1003,1024,0.9795,23.930,41.789,0,0.000,0
493,1004,1024,0.9805,23.600,42.373,0,0.000,0
494,1005,1024,0.9814,23.608,42.359,0,0.000,0
495,1006,1024,0.9824,23.610,42.355,0,0.000,0
496,1007,1024,0.9834,23.314,42.893,0,0.000,0
497,1008,1024,0.9844,24.065,41.554,0,0.000,0
498,1009,1024,0.9854,23.123,43.247,0,0.000,0
499,1010,1024,0.9863,23.688,42.215,0,0.000,0
500,1011,1024,0.9873,23.956,41.743,0,0.000,0
501,1012,1024,0.9883,23.354,42.819,0,0.000,0
502,1013,1024,0.9893,23.784,42.045,0,0.000,0
503,1014,1024,0.9902,23.998,41.670,0,0.000,0
504,1015,1024,0.9912,23.861,41.909,0,0.000,0
505,1016,1024,0.9922,23.612,42.351,0,0.000,0
506,1017,1024,0.9932,23.372,42.786,0,0.000,0
507,1018,1024,0.9941,23.948,41.757,0,0.000,0
508,1019,1024,0.9951,23.548,42.466,0,0.000,0
509,1020,1024,0.9961,23.200,43.103,0,0.000,0
510,1021,1024,0.9971,23.919,41.808,0,0.000,0
511,1022,1024,0.9980,23.370,42.790,0,0.000,0
512,1023,1024,0.9990,23.602,42.369,0,0.000,0
513,1024,1024,1.0000,23.630,42.319,0,0.000,0
514,1024,1024,1.0000,28.813,34.707,1,0.000,0
515,1024,1024,1.0000,27.697,36.105,1,0.000,0
516,1024,1024,1.0000,28.413,35.195,1,0.000,0
517,1024,1024,1.0000,27.434,36.451,1,0.000,0
518,1024,1024,1.0000,27.324,36.598,1,0.000,0
519,1024,1024,1.0000,27.490,36.377,1,0.000,0
520,1024,1024,1.0000,27.469,36.405,1,0.000,0
521,1024,1024,1.0000,27.729,36.063,1,0.000,0
522,1024,1024,1.0000,26.848,37.247,1,0.000,0
523,1024,1024,1.0000,26.834,37.266,1,0.000,0
524,1024,1024,1.0000,26.809,37.301,1,0.000,0
525,1024,1024,1.0000,27.611,36.217,1,0.000,0
526,1024,1024,1.0000,26.972,37.075,1,0.000,0
527,1024,1024,1.0000,27.640,36.179,1,0.000,0
528,1024,1024,1.0000,27.707,36.092,1,0.000,0
529,1024,1024,1.0000,27.518,36.340,1,0.000,0
530,1024,1024,1.0000,27.091,36.913,1,0.000,0
531,1024,1024,1.0000,27.429,36.458,1,0.000,0
532,1024,1024,1.0000,27.414,36.478,1,0.000,0
533,1024,1024,1.0000,27.210,36.751,1,0.000,0
534,1024,1024,1.0000,27.280,36.657,1,0.000,0
535,1024,1024,1.0000,26.522,37.705,1,0.000,0
536,1024,1024,1.0000,26.733,37.407,1,0.000,0
537,1024,1024,1.0000,26.095,38.322,1,0.000,0
538,1024,1024,1.0000,26.675,37.488,1,0.000,0
539,1024,1024,1.0000,26.418,37.853,1,0.000,0
540,1024,1024,1.0000,25.995,38.469,1,0.000,0
541,1024,1024,1.0000,26.493,37.746,1,0.000,0
542,1024,1024,1.0000,26.086,38.335,1,0.000,0
543,1024,1024,1.0000,26.923,37.143,1,0.000,0
544,1024,1024,1.0000,25.634,39.011,1,0.000,0
545,1024,1024,1.0000,26.366,37.928,1,0.000,0
546,1024,1024,1.0000,26.173,38.207,1,0.000,0
547,1024,1024,1.0000,26.296,38.029,1,0.000,0
548,1024,1024,1.0000,26.553,37.661,1,0.000,0
549,1024,1024,1.0000,25.831,38.713,1,0.000,0
550,1024,1024,1.0000,26.815,37.293,1,0.000,0
551,1024,1024,1.0000,26.556,37.656,1,0.000,0
552,1024,1024,1.0000,26.717,37.429,1,0.000,0
553,1024,1024,1.0000,26.240,38.110,1,0.000,0
554,1024,1024,1.0000,26.109,38.301,1,0.000,0
555,1024,1024,1.0000,26.430,37.836,1,0.000,0
556,1024,1024,1.0000,26.032,38.414,1,0.000,0
557,1024,1024,1.0000,26.617,37.570,1,0.000,0
558,1024,1024,1.0000,26.034,38.411,1,0.000,0
559,1024,1024,1.0000,26.379,37.909,1,0.000,0
560,1024,1024,1.0000,26.311,38.007,1,0.000,0
561,1024,1024,1.0000,26.818,37.288,1,0.000,0
562,1024,1024,1.0000,26.446,37.813,1,0.000,0
563,1024,1024,1.0000,26.743,37.393,1,0.000,0
564,1024,1024,1.0000,26.416,37.856,1,0.000,0
565,1024,1024,1.0000,26.107,38.304,1,0.000,0
566,1024,1024,1.0000,26.685,37.474,1,0.000,0
567,1024,1024,1.0000,26.261,38.079,1,0.000,0
568,1024,1024,1.0000,25.904,38.604,1,0.000,0
569,1024,1024,1.0000,26.690,37.467,1,0.000,0
570,1024,1024,1.0000,26.116,38.291,1,0.000,0
571,1024,1024,1.0000,26.779,37.343,1,0.000,0
572,1024,1024,1.0000,26.143,38.251,1,0.000,0
573,1024,1024,1.0000,26.178,38.200,1,0.000,0
574,1024,1024,1.0000,26.515,37.715,1,0.000,0
575,1024,1024,1.0000,26.215,38.146,1,0.000,0
576,1024,1024,1.0000,26.642,37.535,1,0.000,0
577,1024,1024,1.0000,26.081,38.342,1,0.000,0
578,1024,1024,1.0000,26.118,38.288,1,0.000,0
579,1024,1024,1.0000,26.278,38.055,1,0.000,0
580,1024,1024,1.0000,26.459,37.794,1,0.000,0
581,1024,1024,1.0000,26.470,37.779,1,0.000,0
582,1024,1024,1.0000,25.910,38.595,1,0.000,0
583,1024,1024,1.0000,26.763,37.365,1,0.000,0
584,1024,1024,1.0000,26.051,38.386,1,0.000,0
585,1024,1024,1.0000,26.683,37.477,1,0.000,0
586,1024,1024,1.0000,26.293,38.033,1,0.000,0
587,1024,1024,1.0000,26.955,37.099,1,0.000,0
588,1024,1024,1.0000,26.105,38.307,1,0.000,0
589,1024,1024,1.0000,26.044,38.397,1,0.000,0
590,1024,1024,1.0000,26.843,37.254,1,0.000,0
591,1024,1024,1.0000,26.134,38.264,1,0.000,0
592,1024,1024,1.0000,26.834,37.266,1,0.000,0
593,1024,1024,1.0000,25.700,38.911,1,0.000,0
594,1024,1024,1.0000,26.631,37.550,1,0.000,0
595,1024,1024,1.0000,26.260,38.081,1,0.000,0
596,1024,1024,1.0000,26.375,37.915,1,0.000,0
597,1024,1024,1.0000,26.227,38.129,1,0.000,0
598,1024,1024,1.0000,26.275,38.059,1,0.000,0
599,1024,1024,1.0000,26.664,37.504,1,0.000,0
600,1024,1024,1.0000,27.800,35.971,1,0.000,0
601,1024,1024,1.0000,27.235,36.717,1,0.000,0
602,1024,1024,1.0000,26.921,37.146,1,0.000,0
603,1024,1024,1.0000,27.268,36.673,1,0.000,0
604,1024,1024,1.0000,26.691,37.466,1,0.000,0
605,1024,1024,1.0000,27.759,36.024,1,0.000,0
606,1024,1024,1.0000,26.994,37.045,1,0.000,0
607,1024,1024,1.0000,27.524,36.332,1,0.000,0
608,1024,1024,1.0000,26.885,37.195,1,0.000,0
609,1024,1024,1.0000,28.019,35.690,1,0.000,0
610,1024,1024,1.0000,27.266,36.676,1,0.000,0
611,1024,1024,1.0000,26.854,37.238,1,0.000,0
612,1024,1024,1.0000,27.111,36.885,1,0.000,0
613,1024,1024,1.0000,26.194,38.177,1,0.000,0
614,1024,1024,1.0000,26.170,38.212,1,0.000,0
615,1024,1024,1.0000,26.221,38.137,1,0.000,0
616,1024,1024,1.0000,26.525,37.700,1,0.000,0
617,1024,1024,1.0000,26.361,37.935,1,0.000,0
618,1024,1024,1.0000,26.043,38.398,1,0.000,0
619,1024,1024,1.0000,26.296,38.029,1,0.000,0
620,1024,1024,1.0000,26.180,38.197,1,0.000,0
621,1024,1024,1.0000,27.018,37.012,1,0.000,0
622,1024,1024,1.0000,26.344,37.959,1,0.000,0
623,1024,1024,1.0000,26.385,37.900,1,0.000,0
624,1024,1024,1.0000,26.281,38.050,1,0.000,0
625,1024,1024,1.0000,26.188,38.185,1,0.000,0
626,1024,1024,1.0000,26.674,37.490,1,0.000,0
627,1024,1024,1.0000,26.120,38.285,1,0.000,0
628,1024,1024,1.0000,26.395,37.886,1,0.000,0
629,1024,1024,1.0000,25.826,38.721,1,0.000,0
630,1024,1024,1.0000,26.472,37.776,1,0.000,0
631,1024,1024,1.0000,26.571,37.635,1,0.000,0
632,1024,1024,1.0000,26.320,37.994,1,0.000,0
633,1024,1024,1.0000,26.676,37.487,1,0.000,0
634,1024,1024,1.0000,26.087,38.333,1,0.000,0
635,1024,1024,1.0000,27.065,36.948,1,0.000,0
636,1024,1024,1.0000,26.088,38.332,1,0.000,0
637,1024,1024,1.0000,26.476,37.770,1,0.000,0
638,1024,1024,1.0000,26.418,37.853,1,0.000,0
639,1024,1024,1.0000,26.452,37.804,1,0.000,0
640,1024,1024,1.0000,26.485,37.757,1,0.000,0
641,1024,1024,1.0000,26.067,38.363,1,0.000,0
642,1024,1024,1.0000,26.938,37.122,1,0.000,0
643,1024,1024,1.0000,25.708,38.898,1,0.000,0
644,1024,1024,1.0000,26.942,37.117,1,0.000,0
645,1024,1024,1.0000,26.446,37.813,1,0.000,0
646,1024,1024,1.0000,26.401,37.877,1,0.000,0
647,1024,1024,1.0000,26.512,37.719,1,0.000,0
648,1024,1024,1.0000,25.644,38.995,1,0.000,0
649,1024,1024,1.0000,26.845,37.251,1,0.000,0
650,1024,1024,1.0000,26.058,38.376,1,0.000,0
651,1024,1024,1.0000,26.691,37.466,1,0.000,0
652,1024,1024,1.0000,26.145,38.248,1,0.000,0
653,1024,1024,1.0000,25.971,38.504,1,0.000,0
654,1024,1024,1.0000,26.393,37.889,1,0.000,0
655,1024,1024,1.0000,26.111,38.298,1,0.000,0
656,1024,1024,1.0000,26.785,37.334,1,0.000,0
657,1024,1024,1.0000,26.377,37.912,1,0.000,0
658,1024,1024,1.0000,26.386,37.899,1,0.000,0
659,1024,1024,1.0000,26.136,38.261,1,0.000,0
660,1024,1024,1.0000,26.522,37.705,1,0.000,0
661,1024,1024,1.0000,26.250,38.095,1,0.000,0
662,1024,1024,1.0000,25.773,38.800,1,0.000,0
663,1024,1024,1.0000,26.538,37.682,1,0.000,0
664,1024,1024,1.0000,26.148,38.244,1,0.000,0
665,1024,1024,1.0000,26.755,37.376,1,0.000,0
666,1024,1024,1.0000,25.894,38.619,1,0.000,0
667,1024,1024,1.0000,26.398,37.882,1,0.000,0
668,1024,1024,1.0000,26.655,37.516,1,0.000,0
669,1024,1024,1.0000,26.315,38.001,1,0.000,0
670,1024,1024,1.0000,26.376,37.913,1,0.000,0
671,1024,1024,1.0000,26.122,38.282,1,0.000,0
672,1024,1024,1.0000,26.617,37.570,1,0.000,0
673,1024,1024,1.0000,26.157,38.231,1,0.000,0
674,1024,1024,1.0000,26.733,37.407,1,0.000,0
675,1024,1024,1.0000,26.104,38.308,1,0.000,0
676,1024,1024,1.0000,26.596,37.600,1,0.000,0
677,1024,1024,1.0000,26.044,38.397,1,0.000,0
678,1024,1024,1.0000,27.206,36.757,1,0.000,0
679,1024,1024,1.0000,27.135,36.853,1,0.000,0
680,1024,1024,1.0000,27.397,36.500,1,0.000,0
681,1024,1024,1.0000,26.989,37.052,1,0.000,0
682,1024,1024,1.0000,27.094,36.909,1,0.000,0
683,1024,1024,1.0000,27.595,36.238,1,0.000,0
684,1024,1024,1.0000,27.520,36.337,1,0.000,0
685,1024,1024,1.0000,27.399,36.498,1,0.000,0
686,1024,1024,1.0000,27.442,36.440,1,0.000,0
687,1024,1024,1.0000,27.191,36.777,1,0.000,0
688,1024,1024,1.0000,27.651,36.165,1,0.000,0
689,1024,1024,1.0000,27.660,36.153,1,0.000,0
690,1024,1024,1.0000,27.540,36.311,1,0.000,0
691,1024,1024,1.0000,27.219,36.739,1,0.000,0
692,1024,1024,1.0000,27.079,36.929,1,0.000,0
693,1024,1024,1.0000,26.714,37.434,1,0.000,0
694,1024,1024,1.0000,26.204,38.162,1,0.000,0
695,1024,1024,1.0000,26.467,37.783,1,0.000,0
696,1024,1024,1.0000,26.157,38.231,1,0.000,0
697,1024,1024,1.0000,26.177,38.201,1,0.000,0
698,1024,1024,1.0000,27.178,36.794,1,0.000,0
699,1024,1024,1.0000,26.182,38.194,1,0.000,0
700,1024,1024,1.0000,26.716,37.431,1,0.000,0
701,1024,1024,1.0000,25.894,38.619,1,0.000,0
702,1024,1024,1.0000,26.557,37.655,1,0.000,0
703,1024,1024,1.0000,26.376,37.913,1,0.000,0
704,1024,1024,1.0000,26.124,38.279,1,0.000,0
705,1024,1024,1.0000,26.691,37.466,1,0.000,0
706,1024,1024,1.0000,25.791,38.773,1,0.000,0
707,1024,1024,1.0000,26.872,37.213,1,0.000,0
708,1024,1024,1.0000,26.123,38.280,1,0.000,0
709,1024,1024,1.0000,26.783,37.337,1,0.000,0
710,1024,1024,1.0000,26.565,37.644,1,0.000,0
711,1024,1024,1.0000,26.158,38.229,1,0.000,0
712,1024,1024,1.0000,26.467,37.783,1,0.000,0
713,1024,1024,1.0000,26.040,38.402,1,0.000,0
714,1024,1024,1.0000,27.001,37.036,1,0.000,0
715,1024,1024,1.0000,25.913,38.591,1,0.000,0
716,1024,1024,1.0000,26.505,37.729,1,0.000,0
717,1024,1024,1.0000,26.207,38.158,1,0.000,0
718,1024,1024,1.0000,26.693,37.463,1,0.000,0
719,1024,1024,1.0000,26.349,37.952,1,0.000,0
720,1024,1024,1.0000,26.109,38.301,1,0.000,0
721,1024,1024,1.0000,26.201,38.166,1,0.000,0
722,1024,1024,1.0000,26.349,37.952,1,0.000,0
723,1024,1024,1.0000,26.919,37.148,1,0.000,0
724,1024,1024,1.0000,25.914,38.589,1,0.000,0
725,1024,1024,1.0000,26.724,37.420,1,0.000,0
726,1024,1024,1.0000,26.158,38.229,1,0.000,0
727,1024,1024,1.0000,26.811,37.298,1,0.000,0
728,1024,1024,1.0000,26.192,38.180,1,0.000,0
729,1024,1024,1.0000,26.751,37.382,1,0.000,0
730,1024,1024,1.0000,26.005,38.454,1,0.000,0
731,1024,1024,1.0000,26.520,37.707,1,0.000,0
732,1024,1024,1.0000,26.543,37.675,1,0.000,0
733,1024,1024,1.0000,26.258,38.084,1,0.000,0
734,1024,1024,1.0000,27.222,36.735,1,0.000,0
735,1024,1024,1.0000,25.704,38.904,1,0.000,0
736,1024,1024,1.0000,26.633,37.547,1,0.000,0
737,1024,1024,1.0000,26.284,38.046,1,0.000,0
738,1024,1024,1.0000,26.490,37.750,1,0.000,0
739,1024,1024,1.0000,26.324,37.988,1,0.000,0
740,1024,1024,1.0000,25.992,38.473,1,0.000,0
741,1024,1024,1.0000,26.336,37.971,1,0.000,0
742,1024,1024,1.0000,26.239,38.111,1,0.000,0
743,1024,1024,1.0000,26.923,37.143,1,0.000,0
744,1024,1024,1.0000,25.771,38.803,1,0.000,0
745,1024,1024,1.0000,27.321,36.602,1,0.000,0
746,1024,1024,1.0000,26.043,38.398,1,0.000,0
747,1024,1024,1.0000,26.593,37.604,1,0.000,0
748,1024,1024,1.0000,26.390,37.893,1,0.000,0
749,1024,1024,1.0000,26.132,38.267,1,0.000,0
750,1024,1024,1.0000,26.524,37.702,1,0.000,0
751,1024,1024,1.0000,26.003,38.457,1,0.000,0
752,1024,1024,1.0000,26.963,37.088,1,0.000,0
753,1024,1024,1.0000,26.143,38.251,1,0.000,0
754,1024,1024,1.0000,28.011,35.700,1,0.000,0
755,1024,1024,1.0000,27.126,36.865,1,0.000,0
756,1024,1024,1.0000,27.893,35.851,1,0.000,0
757,1024,1024,1.0000,27.279,36.658,1,0.000,0
758,1024,1024,1.0000,28.282,35.358,1,0.000,0
759,1024,1024,1.0000,27.204,36.759,1,0.000,0
760,1024,1024,1.0000,27.473,36.399,1,0.000,0
761,1024,1024,1.0000,27.118,36.876,1,0.000,0
762,1024,1024,1.0000,27.612,36.216,1,0.000,0
763,1024,1024,1.0000,27.336,36.582,1,0.000,0
764,1024,1024,1.0000,27.419,36.471,1,0.000,0
765,1024,1024,1.0000,27.317,36.607,1,0.000,0
766,1024,1024,1.0000,27.706,36.093,1,0.000,0
767,1024,1024,1.0000,26.500,37.736,1,0.000,0
768,1024,1024,1.0000,28.205,35.455,1,0.000,0
769,1024,1024,1.0000,26.804,37.308,1,0.000,0
770,1024,1024,1.0000,27.838,35.922,1,0.000,0
771,1024,1024,1.0000,27.306,36.622,1,0.000,0
772,1024,1024,1.0000,27.521,36.336,1,0.000,0
773,1024,1024,1.0000,27.422,36.467,1,0.000,0
774,1024,1024,1.0000,27.539,36.312,1,0.000,0
775,1024,1024,1.0000,27.544,36.306,1,0.000,0
776,1024,1024,1.0000,27.241,36.709,1,0.000,0
777,1024,1024,1.0000,26.414,37.859,1,0.000,0
778,1024,1024,1.0000,25.763,38.815,1,0.000,0
779,1024,1024,1.0000,26.939,37.121,1,0.000,0
780,1024,1024,1.0000,26.487,37.754,1,0.000,0
781,1024,1024,1.0000,26.518,37.710,1,0.000,0
782,1024,1024,1.0000,26.042,38.400,1,0.000,0
783,1024,1024,1.0000,25.803,38.755,1,0.000,0
784,1024,1024,1.0000,26.815,37.293,1,0.000,0
785,1024,1024,1.0000,26.059,38.374,1,0.000,0
786,1024,1024,1.0000,26.614,37.574,1,0.000,0
787,1024,1024,1.0000,26.048,38.391,1,0.000,0
788,1024,1024,1.0000,26.468,37.781,1,0.000,0
789,1024,1024,1.0000,26.617,37.570,1,0.000,0
790,1024,1024,1.0000,26.196,38.174,1,0.000,0
791,1024,1024,1.0000,27.251,36.696,1,0.000,0
792,1024,1024,1.0000,26.065,38.366,1,0.000,0
793,1024,1024,1.0000,26.695,37.460,1,0.000,0
794,1024,1024,1.0000,26.282,38.049,1,0.000,0
795,1024,1024,1.0000,26.321,37.992,1,0.000,0
796,1024,1024,1.0000,26.604,37.588,1,0.000,0
797,1024,1024,1.0000,25.789,38.776,1,0.000,0
798,1024,1024,1.0000,26.877,37.207,1,0.000,0
799,1024,1024,1.0000,26.096,38.320,1,0.000,0
800,1024,1024,1.0000,26.665,37.502,1,0.000,0
801,1024,1024,1.0000,26.137,38.260,1,0.000,0
802,1024,1024,1.0000,26.041,38.401,1,0.000,0
803,1024,1024,1.0000,26.536,37.685,1,0.000,0
804,1024,1024,1.0000,26.180,38.197,1,0.000,0
805,1024,1024,1.0000,26.913,37.157,1,0.000,0
806,1024,1024,1.0000,25.836,38.706,1,0.000,0
807,1024,1024,1.0000,26.267,38.071,1,0.000,0
808,1024,1024,1.0000,26.125,38.278,1,0.000,0
809,1024,1024,1.0000,26.248,38.098,1,0.000,0
810,1024,1024,1.0000,26.480,37.764,1,0.000,0
811,1024,1024,1.0000,25.796,38.766,1,0.000,0
812,1024,1024,1.0000,26.551,37.663,1,0.000,0
813,1024,1024,1.0000,26.119,38.286,1,0.000,0
814,1024,1024,1.0000,26.925,37.140,1,0.000,0
815,1024,1024,1.0000,26.533,37.689,1,0.000,0
816,1024,1024,1.0000,26.283,38.047,1,0.000,0
817,1024,1024,1.0000,26.096,38.320,1,0.000,0
818,1024,1024,1.0000,26.212,38.150,1,0.000,0
819,1024,1024,1.0000,26.649,37.525,1,0.000,0
820,1024,1024,1.0000,26.092,38.326,1,0.000,0
821,1024,1024,1.0000,26.688,37.470,1,0.000,0
822,1024,1024,1.0000,26.121,38.283,1,0.000,0
823,1024,1024,1.0000,26.776,37.347,1,0.000,0
824,1024,1024,1.0000,26.209,38.155,1,0.000,0
825,1024,1024,1.0000,26.559,37.652,1,0.000,0
826,1024,1024,1.0000,26.078,38.346,1,0.000,0
827,1024,1024,1.0000,26.975,37.071,1,0.000,0
828,1024,1024,1.0000,26.478,37.767,1,0.000,0
829,1024,1024,1.0000,25.980,38.491,1,0.000,0
830,1024,1024,1.0000,27.976,35.745,1,0.000,0
831,1024,1024,1.0000,27.232,36.722,1,0.000,0
832,1024,1024,1.0000,27.315,36.610,1,0.000,0
833,1024,1024,1.0000,27.504,36.358,1,0.000,0
834,1024,1024,1.0000,27.209,36.753,1,0.000,0
835,1024,1024,1.0000,27.330,36.590,1,0.000,0
836,1024,1024,1.0000,27.657,36.157,1,0.000,0
837,1024,1024,1.0000,27.101,36.899,1,0.000,0
838,1024,1024,1.0000,27.948,35.781,1,0.000,0
839,1024,1024,1.0000,27.841,35.918,1,0.000,0
840,1024,1024,1.0000,27.351,36.562,1,0.000,0
841,1024,1024,1.0000,26.593,37.604,1,0.000,0
842,1024,1024,1.0000,27.616,36.211,1,0.000,0
843,1024,1024,1.0000,26.861,37.229,1,0.000,0
844,1024,1024,1.0000,27.699,36.102,1,0.000,0
845,1024,1024,1.0000,27.328,36.593,1,0.000,0
846,1024,1024,1.0000,27.613,36.215,1,0.000,0
847,1024,1024,1.0000,27.433,36.452,1,0.000,0
848,1024,1024,1.0000,27.157,36.823,1,0.000,0
849,1024,1024,1.0000,27.432,36.454,1,0.000,0
850,1024,1024,1.0000,27.579,36.259,1,0.000,0
851,1024,1024,1.0000,27.814,35.953,1,0.000,0
852,1024,1024,1.0000,27.065,36.948,1,0.000,0
853,1024,1024,1.0000,27.096,36.906,1,0.000,0
854,1024,1024,1.0000,25.838,38.703,1,0.000,0
855,1024,1024,1.0000,26.437,37.826,1,0.000,0
856,1024,1024,1.0000,26.543,37.675,1,0.000,0
857,1024,1024,1.0000,26.199,38.169,1,0.000,0
858,1024,1024,1.0000,26.765,37.362,1,0.000,0
859,1024,1024,1.0000,25.788,38.778,1,0.000,0
860,1024,1024,1.0000,26.850,37.244,1,0.000,0
861,1024,1024,1.0000,26.099,38.316,1,0.000,0
862,1024,1024,1.0000,26.379,37.909,1,0.000,0
863,1024,1024,1.0000,26.695,37.460,1,0.000,0
864,1024,1024,1.0000,26.124,38.279,1,0.000,0
865,1024,1024,1.0000,26.663,37.505,1,0.000,0
866,1024,1024,1.0000,26.095,38.322,1,0.000,0
867,1024,1024,1.0000,27.033,36.992,1,0.000,0
868,1024,1024,1.0000,25.927,38.570,1,0.000,0
869,1024,1024,1.0000,26.025,38.425,1,0.000,0
870,1024,1024,1.0000,26.423,37.846,1,0.000,0
871,1024,1024,1.0000,26.435,37.829,1,0.000,0
872,1024,1024,1.0000,26.394,37.887,1,0.000,0
873,1024,1024,1.0000,25.828,38.718,1,0.000,0
874,1024,1024,1.0000,27.042,36.980,1,0.000,0
875,1024,1024,1.0000,26.278,38.055,1,0.000,0
876,1024,1024,1.0000,26.756,37.375,1,0.000,0
877,1024,1024,1.0000,26.066,38.364,1,0.000,0
878,1024,1024,1.0000,26.504,37.730,1,0.000,0
879,1024,1024,1.0000,25.831,38.713,1,0.000,0
880,1024,1024,1.0000,26.569,37.638,1,0.000,0
881,1024,1024,1.0000,26.153,38.237,1,0.000,0
882,1024,1024,1.0000,26.668,37.498,1,0.000,0
883,1024,1024,1.0000,25.626,39.023,1,0.000,0
884,1024,1024,1.0000,26.625,37.559,1,0.000,0
885,1024,1024,1.0000,26.207,38.158,1,0.000,0
886,1024,1024,1.0000,26.436,37.827,1,0.000,0
887,1024,1024,1.0000,27.173,36.801,1,0.000,0
888,1024,1024,1.0000,25.790,38.775,1,0.000,0
889,1024,1024,1.0000,26.925,37.140,1,0.000,0
890,1024,1024,1.0000,26.176,38.203,1,0.000,0
891,1024,1024,1.0000,26.677,37.485,1,0.000,0
892,1024,1024,1.0000,26.058,38.376,1,0.000,0
893,1024,1024,1.0000,25.984,38.485,1,0.000,0
894,1024,1024,1.0000,26.693,37.463,1,0.000,0
895,1024,1024,1.0000,26.134,38.264,1,0.000,0
896,1024,1024,1.0000,27.020,37.010,1,0.000,0
897,1024,1024,1.0000,25.723,38.876,1,0.000,0
898,1024,1024,1.0000,27.209,36.753,1,0.000,0
899,1024,1024,1.0000,26.149,38.242,1,0.000,0
900,1024,1024,1.0000,26.136,38.261,1,0.000,0
901,1024,1024,1.0000,26.635,37.545,1,0.000,0
902,1024,1024,1.0000,25.732,38.862,1,0.000,0
903,1024,1024,1.0000,26.340,37.965,1,0.000,0
904,1024,1024,1.0000,26.406,37.870,1,0.000,0
905,1024,1024,1.0000,26.138,38.258,1,0.000,0
906,1024,1024,1.0000,27.013,37.019,1,0.000,0
907,1024,1024,1.0000,27.825,35.939,1,0.000,0
908,1024,1024,1.0000,27.284,36.652,1,0.000,0
909,1024,1024,1.0000,27.693,36.110,1,0.000,0
910,1024,1024,1.0000,28.188,35.476,1,0.000,0
911,1024,1024,1.0000,26.820,37.286,1,0.000,0
912,1024,1024,1.0000,27.703,36.097,1,0.000,0
913,1024,1024,1.0000,26.682,37.478,1,0.000,0
914,1024,1024,1.0000,27.351,36.562,1,0.000,0
915,1024,1024,1.0000,27.190,36.778,1,0.000,0
916,1024,1024,1.0000,27.503,36.360,1,0.000,0
917,1024,1024,1.0000,27.332,36.587,1,0.000,0
918,1024,1024,1.0000,27.394,36.504,1,0.000,0
919,1024,1024,1.0000,27.194,36.773,1,0.000,0
920,1024,1024,1.0000,27.121,36.872,1,0.000,0
921,1024,1024,1.0000,27.529,36.325,1,0.000,0
922,1024,1024,1.0000,27.070,36.941,1,0.000,0
923,1024,1024,1.0000,27.916,35.822,1,0.000,0
924,1024,1024,1.0000,26.538,37.682,1,0.000,0
925,1024,1024,1.0000,27.932,35.801,1,0.000,0
926,1024,1024,1.0000,27.555,36.291,1,0.000,0
927,1024,1024,1.0000,27.738,36.052,1,0.000,0
928,1024,1024,1.0000,27.367,36.540,1,0.000,0
929,1024,1024,1.0000,27.949,35.779,1,0.000,0
930,1024,1024,1.0000,27.081,36.926,1,0.000,0
931,1024,1024,1.0000,27.495,36.370,1,0.000,0
932,1024,1024,1.0000,27.495,36.370,1,0.000,0
933,1024,1024,1.0000,27.976,35.745,1,0.000,0
934,1024,1024,1.0000,27.230,36.724,1,0.000,0
935,1024,1024,1.0000,27.593,36.241,1,0.000,0
936,1024,1024,1.0000,26.384,37.902,1,0.000,0
937,1024,1024,1.0000,26.149,38.242,1,0.000,0
938,1024,1024,1.0000,26.730,37.411,1,0.000,0
939,1024,1024,1.0000,26.003,38.457,1,0.000,0
940,1024,1024,1.0000,26.823,37.281,1,0.000,0
941,1024,1024,1.0000,25.815,38.737,1,0.000,0
942,1024,1024,1.0000,26.764,37.364,1,0.000,0
943,1024,1024,1.0000,26.527,37.697,1,0.000,0
944,1024,1024,1.0000,26.835,37.265,1,0.000,0
945,1024,1024,1.0000,26.523,37.703,1,0.000,0
946,1024,1024,1.0000,25.766,38.811,1,0.000,0
947,1024,1024,1.0000,26.811,37.298,1,0.000,0
948,1024,1024,1.0000,26.060,38.373,1,0.000,0
949,1024,1024,1.0000,26.630,37.552,1,0.000,0
950,1024,1024,1.0000,25.927,38.570,1,0.000,0
951,1024,1024,1.0000,25.792,38.772,1,0.000,0
952,1024,1024,1.0000,26.493,37.746,1,0.000,0
953,1024,1024,1.0000,26.098,38.317,1,0.000,0
954,1024,1024,1.0000,26.648,37.526,1,0.000,0
955,1024,1024,1.0000,25.866,38.661,1,0.000,0
956,1024,1024,1.0000,26.550,37.665,1,0.000,0
957,1024,1024,1.0000,26.488,37.753,1,0.000,0
958,1024,1024,1.0000,26.033,38.413,1,0.000,0
959,1024,1024,1.0000,26.871,37.215,1,0.000,0
960,1024,1024,1.0000,25.767,38.809,1,0.000,0
961,1024,1024,1.0000,26.831,37.270,1,0.000,0
962,1024,1024,1.0000,26.135,38.263,1,0.000,0
963,1024,1024,1.0000,26.557,37.655,1,0.000,0
964,1024,1024,1.0000,26.289,38.039,1,0.000,0
965,1024,1024,1.0000,25.925,38.573,1,0.000,0
966,1024,1024,1.0000,26.437,37.826,1,0.000,0
967,1024,1024,1.0000,26.648,37.526,1,0.000,0
968,1024,1024,1.0000,26.826,37.277,1,0.000,0
969,1024,1024,1.0000,26.005,38.454,1,0.000,0
970,1024,1024,1.0000,26.261,38.079,1,0.000,0
971,1024,1024,1.0000,26.396,37.885,1,0.000,0
972,1024,1024,1.0000,26.504,37.730,1,0.000,0
973,1024,1024,1.0000,26.513,37.717,1,0.000,0
974,1024,1024,1.0000,26.041,38.401,1,0.000,0
975,1024,1024,1.0000,26.618,37.569,1,0.000,0
976,1024,1024,1.0000,28.703,34.840,1,0.000,0
977,1024,1024,1.0000,26.846,37.249,1,0.000,0
978,1024,1024,1.0000,26.152,38.238,1,0.000,0
979,1024,1024,1.0000,27.026,37.001,1,0.000,0
980,1024,1024,1.0000,26.095,38.322,1,0.000,0
981,1024,1024,1.0000,26.207,38.158,1,0.000,0
982,1024,1024,1.0000,27.063,36.951,1,0.000,0
983,1024,1024,1.0000,27.502,36.361,1,0.000,0
984,1024,1024,1.0000,27.542,36.308,1,0.000,0
985,1024,1024,1.0000,26.840,37.258,1,0.000,0
986,1024,1024,1.0000,27.308,36.619,1,0.000,0
987,1024,1024,1.0000,27.175,36.799,1,0.000,0
988,1024,1024,1.0000,27.736,36.054,1,0.000,0
989,1024,1024,1.0000,27.331,36.588,1,0.000,0
990,1024,1024,1.0000,27.455,36.423,1,0.000,0
991,1024,1024,1.0000,27.218,36.740,1,0.000,0
992,1024,1024,1.0000,27.607,36.223,1,0.000,0
993,1024,1024,1.0000,27.339,36.578,1,0.000,0
994,1024,1024,1.0000,27.450,36.430,1,0.000,0
995,1024,1024,1.0000,27.582,36.256,1,0.000,0
996,1024,1024,1.0000,26.824,37.280,1,0.000,0
997,1024,1024,1.0000,26.249,38.097,1,0.000,0
998,1024,1024,1.0000,26.430,37.836,1,0.000,0
999,1024,1024,1.0000,27.612,36.216,1,0.000,0
1000,1024,1024,1.0000,26.893,37.184,1,0.000,0
1001,1024,1024,1.0000,27.697,36.105,1,0.000,0
1002,1024,1024,1.0000,27.288,36.646,1,0.000,0
1003,1024,1024,1.0000,27.368,36.539,1,0.000,0
1004,1024,1024,1.0000,27.488,36.380,1,0.000,0
1005,1024,1024,1.0000,27.632,36.190,1,0.000,0
1006,1024,1024,1.0000,27.328,36.593,1,0.000,0
1007,1024,1024,1.0000,27.364,36.544,1,0.000,0
1008,1024,1024,1.0000,27.547,36.302,1,0.000,0
1009,1024,1024,1.0000,27.362,36.547,1,0.000,0
1010,1024,1024,1.0000,27.997,35.718,1,0.000,0
1011,1024,1024,1.0000,26.194,38.177,1,0.000,0
1012,1024,1024,1.0000,26.677,37.485,1,0.000,0
1013,1024,1024,1.0000,26.632,37.549,1,0.000,0
1014,1024,1024,1.0000,26.389,37.895,1,0.000,0
1015,1024,1024,1.0000,26.436,37.827,1,0.000,0
1016,1024,1024,1.0000,25.978,38.494,1,0.000,0
1017,1024,1024,1.0000,26.772,37.352,1,0.000,0
1018,1024,1024,1.0000,25.779,38.791,1,0.000,0
1019,1024,1024,1.0000,26.898,37.177,1,0.000,0
1020,1024,1024,1.0000,26.247,38.100,1,0.000,0
1021,1024,1024,1.0000,26.452,37.804,1,0.000,0
1022,1024,1024,1.0000,26.286,38.043,1,0.000,0
1023,1024,1024,1.0000,25.750,38.835,1,0.000,0
1024,1024,1024,1.0000,26.894,37.183,1,0.000,0
1025,1024,1024,1.0000,26.406,37.870,1,0.000,0
1026,1024,1024,1.0000,26.783,37.337,1,0.000,0
1027,1024,1024,1.0000,25.915,38.588,1,0.000,0
1028,1024,1024,1.0000,25.878,38.643,1,0.000,0
1029,1024,1024,1.0000,26.606,37.586,1,0.000,0
1030,1024,1024,1.0000,26.000,38.462,1,0.000,0
1031,1024,1024,1.0000,26.861,37.229,1,0.000,0
1032,1024,1024,1.0000,25.793,38.770,1,0.000,0
1033,1024,1024,1.0000,26.845,37.251,1,0.000,0
1034,1024,1024,1.0000,26.091,38.327,1,0.000,0
1035,1024,1024,1.0000,26.367,37.926,1,0.000,0
1036,1024,1024,1.0000,26.347,37.955,1,0.000,0
1037,1024,1024,1.0000,26.315,38.001,1,0.000,0
1038,1024,1024,1.0000,26.340,37.965,1,0.000,0
1039,1024,1024,1.0000,26.027,38.422,1,0.000,0
1040,1024,1024,1.0000,26.901,37.173,1,0.000,0
1041,1024,1024,1.0000,26.033,38.413,1,0.000,0
1042,1024,1024,1.0000,26.223,38.134,1,0.000,0
1043,1024,1024,1.0000,26.083,38.339,1,0.000,0
1044,1024,1024,1.0000,26.364,37.931,1,0.000,0
1045,1024,1024,1.0000,26.351,37.949,1,0.000,0
1046,1024,1024,1.0000,26.283,38.047,1,0.000,0
1047,1024,1024,1.0000,26.254,38.089,1,0.000,0
1048,1024,1024,1.0000,26.400,37.879,1,0.000,0
1049,1024,1024,1.0000,27.064,36.949,1,0.000,0
1050,1024,1024,1.0000,26.006,38.453,1,0.000,0
1051,1024,1024,1.0000,26.845,37.251,1,0.000,0
1052,1024,1024,1.0000,25.834,38.709,1,0.000,0
1053,1024,1024,1.0000,26.717,37.429,1,0.000,0
1054,1024,1024,1.0000,26.138,38.258,1,0.000,0
1055,1024,1024,1.0000,26.561,37.649,1,0.000,0
1056,1024,1024,1.0000,26.470,37.779,1,0.000,0
1057,1024,1024,1.0000,25.924,38.574,1,0.000,0
1058,1024,1024,1.0000,27.111,36.885,1,0.000,0
1059,1024,1024,1.0000,27.530,36.324,1,0.000,0
1060,1024,1024,1.0000,27.197,36.769,1,0.000,0
1061,1024,1024,1.0000,27.790,35.984,1,0.000,0
1062,1024,1024,1.0000,27.525,36.331,1,0.000,0
1063,1024,1024,1.0000,26.691,37.466,1,0.000,0
1064,1024,1024,1.0000,28.168,35.501,1,0.000,0
1065,1024,1024,1.0000,27.360,36.550,1,0.000,0
1066,1024,1024,1.0000,27.944,35.786,1,0.000,0
1067,1024,1024,1.0000,26.990,37.051,1,0.000,0
1068,1024,1024,1.0000,27.541,36.310,1,0.000,0
1069,1024,1024,1.0000,26.939,37.121,1,0.000,0
1070,1024,1024,1.0000,28.001,35.713,1,0.000,0
1071,1024,1024,1.0000,27.461,36.415,1,0.000,0
1072,1024,1024,1.0000,27.467,36.407,1,0.000,0
1073,1024,1024,1.0000,26.151,38.239,1,0.000,0
1074,1024,1024,1.0000,25.809,38.746,1,0.000,0
1075,1024,1024,1.0000,26.840,37.258,1,0.000,0
1076,1024,1024,1.0000,25.809,38.746,1,0.000,0
1077,1024,1024,1.0000,26.524,37.702,1,0.000,0
1078,1024,1024,1.0000,26.006,38.453,1,0.000,0
1079,1024,1024,1.0000,27.177,36.796,1,0.000,0
1080,1024,1024,1.0000,27.530,36.324,1,0.000,0
1081,1024,1024,1.0000,27.966,35.758,1,0.000,0
1082,1024,1024,1.0000,27.547,36.302,1,0.000,0
1083,1024,1024,1.0000,28.569,35.003,1,0.000,0
1084,1024,1024,1.0000,27.437,36.447,1,0.000,0
1085,1024,1024,1.0000,27.075,36.934,1,0.000,0
1086,1024,1024,1.0000,27.995,35.721,1,0.000,0
1087,1024,1024,1.0000,27.353,36.559,1,0.000,0
1088,1024,1024,1.0000,27.556,36.290,1,0.000,0
1089,1024,1024,1.0000,26.471,37.777,1,0.000,0
1090,1024,1024,1.0000,26.421,37.849,1,0.000,0
1091,1024,1024,1.0000,26.317,37.998,1,0.000,0
1092,1024,1024,1.0000,26.344,37.959,1,0.000,0
1093,1024,1024,1.0000,26.295,38.030,1,0.000,0
1094,1024,1024,1.0000,25.904,38.604,1,0.000,0
1095,1024,1024,1.0000,27.398,36.499,1,0.000,0
1096,1024,1024,1.0000,25.950,38.536,1,0.000,0
1097,1024,1024,1.0000,26.950,37.106,1,0.000,0
1098,1024,1024,1.0000,25.977,38.496,1,0.000,0
1099,1024,1024,1.0000,26.124,38.279,1,0.000,0
1100,1024,1024,1.0000,26.241,38.108,1,0.000,0
1101,1024,1024,1.0000,25.988,38.479,1,0.000,0
1102,1024,1024,1.0000,26.762,37.366,1,0.000,0
1103,1024,1024,1.0000,26.069,38.360,1,0.000,0
1104,1024,1024,1.0000,26.398,37.882,1,0.000,0
1105,1024,1024,1.0000,25.811,38.743,1,0.000,0
1106,1024,1024,1.0000,27.136,36.851,1,0.000,0
1107,1024,1024,1.0000,26.460,37.793,1,0.000,0
1108,1024,1024,1.0000,26.155,38.234,1,0.000,0
1109,1024,1024,1.0000,26.441,37.820,1,0.000,0
1110,1024,1024,1.0000,25.685,38.933,1,0.000,0
1111,1024,1024,1.0000,26.930,37.133,1,0.000,0
1112,1024,1024,1.0000,26.117,38.289,1,0.000,0
1113,1024,1024,1.0000,26.735,37.404,1,0.000,0
1114,1024,1024,1.0000,25.907,38.600,1,0.000,0
1115,1024,1024,1.0000,26.339,37.967,1,0.000,0
1116,1024,1024,1.0000,26.395,37.886,1,0.000,0
1117,1024,1024,1.0000,26.323,37.990,1,0.000,0
1118,1024,1024,1.0000,26.951,37.104,1,0.000,0
1119,1024,1024,1.0000,25.727,38.870,1,0.000,0
1120,1024,1024,1.0000,26.666,37.501,1,0.000,0
1121,1024,1024,1.0000,26.077,38.348,1,0.000,0
1122,1024,1024,1.0000,26.446,37.813,1,0.000,0
1123,1024,1024,1.0000,26.370,37.922,1,0.000,0
1124,1024,1024,1.0000,25.927,38.570,1,0.000,0
1125,1024,1024,1.0000,26.657,37.514,1,0.000,0
1126,1024,1024,1.0000,25.998,38.464,1,0.000,0
1127,1024,1024,1.0000,26.889,37.190,1,0.000,0
1128,1024,1024,1.0000,25.737,38.855,1,0.000,0
1129,1024,1024,1.0000,26.766,37.361,1,0.000,0
1130,1024,1024,1.0000,26.432,37.833,1,0.000,0
1131,1024,1024,1.0000,26.695,37.460,1,0.000,0
1132,1024,1024,1.0000,26.406,37.870,1,0.000,0
1133,1024,1024,1.0000,25.894,38.619,1,0.000,0
1134,1024,1024,1.0000,26.317,37.998,1,0.000,0
1135,1024,1024,1.0000,27.848,35.909,1,0.000,0
1136,1024,1024,1.0000,27.188,36.781,1,0.000,0
1137,1024,1024,1.0000,27.385,36.516,1,0.000,0
1138,1024,1024,1.0000,27.408,36.486,1,0.000,0
1139,1024,1024,1.0000,26.889,37.190,1,0.000,0
1140,1024,1024,1.0000,27.662,36.151,1,0.000,0
1141,1024,1024,1.0000,27.776,36.002,1,0.000,0
1142,1024,1024,1.0000,27.881,35.867,1,0.000,0
1143,1024,1024,1.0000,26.979,37.066,1,0.000,0
1144,1024,1024,1.0000,27.601,36.231,1,0.000,0
1145,1024,1024,1.0000,26.895,37.182,1,0.000,0
1146,1024,1024,1.0000,27.761,36.022,1,0.000,0
1147,1024,1024,1.0000,27.344,36.571,1,0.000,0
1148,1024,1024,1.0000,27.552,36.295,1,0.000,0
1149,1024,1024,1.0000,27.351,36.562,1,0.000,0
1150,1024,1024,1.0000,26.766,37.361,1,0.000,0
1151,1024,1024,1.0000,26.542,37.676,1,0.000,0
1152,1024,1024,1.0000,26.230,38.124,1,0.000,0
1153,1024,1024,1.0000,27.197,36.769,1,0.000,0
1154,1024,1024,1.0000,26.063,38.369,1,0.000,0
1155,1024,1024,1.0000,25.945,38.543,1,0.000,0
1156,1024,1024,1.0000,26.234,38.118,1,0.000,0
1157,1024,1024,1.0000,25.960,38.521,1,0.000,0
1158,1024,1024,1.0000,26.686,37.473,1,0.000,0
1159,1024,1024,1.0000,26.082,38.341,1,0.000,0
1160,1024,1024,1.0000,26.294,38.031,1,0.000,0
1161,1024,1024,1.0000,26.254,38.089,1,0.000,0
1162,1024,1024,1.0000,26.261,38.079,1,0.000,0
1163,1024,1024,1.0000,26.590,37.608,1,0.000,0
1164,1024,1024,1.0000,26.044,38.397,1,0.000,0
1165,1024,1024,1.0000,27.112,36.884,1,0.000,0
1166,1024,1024,1.0000,25.985,38.484,1,0.000,0
1167,1024,1024,1.0000,26.699,37.455,1,0.000,0
1168,1024,1024,1.0000,26.141,38.254,1,0.000,0
1169,1024,1024,1.0000,26.077,38.348,1,0.000,0
1170,1024,1024,1.0000,26.194,38.177,1,0.000,0
1171,1024,1024,1.0000,26.110,38.300,1,0.000,0
1172,1024,1024,1.0000,27.267,36.674,1,0.000,0
1173,1024,1024,1.0000,26.106,38.305,1,0.000,0
1174,1024,1024,1.0000,26.331,37.978,1,0.000,0
1175,1024,1024,1.0000,26.234,38.118,1,0.000,0
1176,1024,1024,1.0000,26.499,37.737,1,0.000,0
1177,1024,1024,1.0000,26.903,37.171,1,0.000,0
1178,1024,1024,1.0000,26.017,38.436,1,0.000,0
1179,1024,1024,1.0000,26.543,37.675,1,0.000,0
1180,1024,1024,1.0000,25.542,39.151,1,0.000,0
1181,1024,1024,1.0000,26.528,37.696,1,0.000,0
1182,1024,1024,1.0000,26.351,37.949,1,0.000,0
1183,1024,1024,1.0000,26.271,38.065,1,0.000,0
1184,1024,1024,1.0000,26.271,38.065,1,0.000,0
1185,1024,1024,1.0000,26.086,38.335,1,0.000,0
1186,1024,1024,1.0000,26.779,37.343,1,0.000,0
1187,1024,1024,1.0000,26.257,38.085,1,0.000,0
1188,1024,1024,1.0000,26.799,37.315,1,0.000,0
1189,1024,1024,1.0000,26.102,38.311,1,0.000,0
1190,1024,1024,1.0000,26.096,38.320,1,0.000,0
1191,1024,1024,1.0000,26.840,37.258,1,0.000,0
1192,1024,1024,1.0000,26.088,38.332,1,0.000,0
1193,1024,1024,1.0000,26.596,37.600,1,0.000,0
1194,1024,1024,1.0000,26.076,38.349,1,0.000,0
1195,1024,1024,1.0000,26.362,37.933,1,0.000,0
1196,1024,1024,1.0000,26.597,37.598,1,0.000,0
1197,1024,1024,1.0000,26.185,38.190,1,0.000,0
1198,1024,1024,1.0000,26.769,37.357,1,0.000,0
1199,1024,1024,1.0000,25.731,38.864,1,0.000,0
1200,1024,1024,1.0000,27.423,36.466,1,0.000,0
1201,1024,1024,1.0000,26.076,38.349,1,0.000,0
1202,1024,1024,1.0000,26.704,37.448,1,0.000,0
1203,1024,1024,1.0000,25.988,38.479,1,0.000,0
1204,1024,1024,1.0000,25.917,38.585,1,0.000,0
1205,1024,1024,1.0000,26.618,37.569,1,0.000,0
1206,1024,1024,1.0000,26.066,38.364,1,0.000,0
1207,1024,1024,1.0000,26.981,37.063,1,0.000,0
1208,1024,1024,1.0000,25.798,38.763,1,0.000,0
1209,1024,1024,1.0000,26.408,37.867,1,0.000,0
1210,1024,1024,1.0000,25.990,38.476,1,0.000,0
1211,1024,1024,1.0000,27.727,36.066,1,0.000,0
1212,1024,1024,1.0000,28.563,35.010,1,0.000,0
1213,1024,1024,1.0000,27.463,36.413,1,0.000,0
1214,1024,1024,1.0000,26.755,37.376,1,0.000,0
1215,1024,1024,1.0000,27.259,36.685,1,0.000,0
1216,1024,1024,1.0000,27.593,36.241,1,0.000,0
1217,1024,1024,1.0000,27.055,36.962,1,0.000,0
1218,1024,1024,1.0000,27.924,35.811,1,0.000,0
1219,1024,1024,1.0000,27.148,36.835,1,0.000,0
1220,1024,1024,1.0000,27.948,35.781,1,0.000,0
1221,1024,1024,1.0000,27.444,36.438,1,0.000,0
1222,1024,1024,1.0000,28.037,35.667,1,0.000,0
1223,1024,1024,1.0000,27.267,36.674,1,0.000,0
1224,1024,1024,1.0000,26.629,37.553,1,0.000,0
1225,1024,1024,1.0000,25.955,38.528,1,0.000,0
1226,1024,1024,1.0000,26.263,38.076,1,0.000,0
1227,1024,1024,1.0000,26.471,37.777,1,0.000,0
1228,1024,1024,1.0000,26.115,38.292,1,0.000,0
1229,1024,1024,1.0000,26.898,37.177,1,0.000,0
1230,1024,1024,1.0000,25.784,38.784,1,0.000,0
1231,1024,1024,1.0000,26.775,37.348,1,0.000,0
1232,1024,1024,1.0000,26.094,38.323,1,0.000,0
1233,1024,1024,1.0000,26.446,37.813,1,0.000,0
1234,1024,1024,1.0000,26.374,37.916,1,0.000,0
1235,1024,1024,1.0000,26.513,37.717,1,0.000,0
1236,1024,1024,1.0000,26.462,37.790,1,0.000,0
1237,1024,1024,1.0000,26.145,38.248,1,0.000,0
1238,1024,1024,1.0000,26.560,37.651,1,0.000,0
1239,1024,1024,1.0000,25.798,38.763,1,0.000,0
1240,1024,1024,1.0000,26.742,37.394,1,0.000,0
1241,1024,1024,1.0000,26.065,38.366,1,0.000,0
1242,1024,1024,1.0000,26.691,37.466,1,0.000,0
1243,1024,1024,1.0000,26.120,38.285,1,0.000,0
1244,1024,1024,1.0000,26.190,38.183,1,0.000,0
1245,1024,1024,1.0000,26.085,38.336,1,0.000,0
1246,1024,1024,1.0000,26.890,37.189,1,0.000,0
1247,1024,1024,1.0000,26.693,37.463,1,0.000,0
1248,1024,1024,1.0000,26.080,38.344,1,0.000,0
1249,1024,1024,1.0000,26.955,37.099,1,0.000,0
1250,1024,1024,1.0000,25.720,38.880,1,0.000,0
1251,1024,1024,1.0000,26.882,37.200,1,0.000,0
1252,1024,1024,1.0000,25.795,38.767,1,0.000,0
1253,1024,1024,1.0000,26.546,37.670,1,0.000,0
1254,1024,1024,1.0000,26.035,38.410,1,0.000,0
1255,1024,1024,1.0000,26.453,37.803,1,0.000,0
1256,1024,1024,1.0000,26.437,37.826,1,0.000,0
1257,1024,1024,1.0000,26.280,38.052,1,0.000,0
1258,1024,1024,1.0000,27.159,36.820,1,0.000,0
1259,1024,1024,1.0000,25.687,38.930,1,0.000,0
1260,1024,1024,1.0000,26.848,37.247,1,0.000,0
1261,1024,1024,1.0000,26.071,38.357,1,0.000,0
1262,1024,1024,1.0000,26.988,37.054,1,0.000,0
1263,1024,1024,1.0000,26.067,38.363,1,0.000,0
1264,1024,1024,1.0000,26.365,37.929,1,0.000,0
1265,1024,1024,1.0000,26.327,37.984,1,0.000,0
1266,1024,1024,1.0000,26.426,37.842,1,0.000,0
1267,1024,1024,1.0000,26.358,37.939,1,0.000,0
1268,1024,1024,1.0000,26.144,38.250,1,0.000,0
1269,1024,1024,1.0000,26.292,38.034,1,0.000,0
1270,1024,1024,1.0000,26.211,38.152,1,0.000,0
1271,1024,1024,1.0000,27.264,36.678,1,0.000,0
1272,1024,1024,1.0000,25.980,38.491,1,0.000,0
1273,1024,1024,1.0000,26.323,37.990,1,0.000,0
1274,1024,1024,1.0000,25.811,38.743,1,0.000,0
1275,1024,1024,1.0000,26.334,37.974,1,0.000,0
1276,1024,1024,1.0000,26.521,37.706,1,0.000,0
1277,1024,1024,1.0000,26.153,38.237,1,0.000,0
1278,1024,1024,1.0000,26.656,37.515,1,0.000,0
1279,1024,1024,1.0000,26.045,38.395,1,0.000,0
1280,1024,1024,1.0000,26.723,37.421,1,0.000,0
1281,1024,1024,1.0000,26.125,38.278,1,0.000,0
1282,1024,1024,1.0000,26.968,37.081,1,0.000,0
1283,1024,1024,1.0000,26.202,38.165,1,0.000,0
1284,1024,1024,1.0000,25.708,38.898,1,0.000,0
1285,1024,1024,1.0000,26.868,37.219,1,0.000,0
1286,1024,1024,1.0000,26.058,38.376,1,0.000,0
1287,1024,1024,1.0000,26.560,37.651,1,0.000,0
1288,1024,1024,1.0000,26.880,37.202,1,0.000,0
1289,1024,1024,1.0000,27.842,35.917,1,0.000,0
1290,1024,1024,1.0000,27.017,37.014,1,0.000,0
1291,1024,1024,1.0000,27.451,36.429,1,0.000,0
1292,1024,1024,1.0000,27.221,36.736,1,0.000,0
1293,1024,1024,1.0000,27.914,35.824,1,0.000,0
1294,1024,1024,1.0000,27.034,36.990,1,0.000,0
1295,1024,1024,1.0000,27.222,36.735,1,0.000,0
1296,1024,1024,1.0000,27.947,35.782,1,0.000,0
1297,1024,1024,1.0000,27.000,37.037,1,0.000,0
1298,1024,1024,1.0000,27.951,35.777,1,0.000,0
1299,1024,1024,1.0000,26.756,37.375,1,0.000,0
1300,1024,1024,1.0000,27.132,36.857,1,0.000,0
1301,1024,1024,1.0000,26.291,38.036,1,0.000,0
1302,1024,1024,1.0000,26.122,38.282,1,0.000,0
1303,1024,1024,1.0000,26.500,37.736,1,0.000,0
1304,1024,1024,1.0000,25.710,38.895,1,0.000,0
1305,1024,1024,1.0000,26.837,37.262,1,0.000,0
1306,1024,1024,1.0000,26.277,38.056,1,0.000,0
1307,1024,1024,1.0000,26.348,37.954,1,0.000,0
1308,1024,1024,1.0000,26.256,38.087,1,0.000,0
1309,1024,1024,1.0000,25.737,38.855,1,0.000,0
1310,1024,1024,1.0000,26.653,37.519,1,0.000,0
1311,1024,1024,1.0000,26.156,38.232,1,0.000,0
1312,1024,1024,1.0000,26.626,37.557,1,0.000,0
1313,1024,1024,1.0000,26.270,38.066,1,0.000,0
1314,1024,1024,1.0000,25.928,38.568,1,0.000,0
1315,1024,1024,1.0000,26.492,37.747,1,0.000,0
1316,1024,1024,1.0000,26.470,37.779,1,0.000,0
1317,1024,1024,1.0000,27.012,37.021,1,0.000,0
1318,1024,1024,1.0000,26.068,38.361,1,0.000,0
1319,1024,1024,1.0000,26.273,38.062,1,0.000,0
1320,1024,1024,1.0000,26.207,38.158,1,0.000,0
1321,1024,1024,1.0000,26.309,38.010,1,0.000,0
1322,1024,1024,1.0000,26.522,37.705,1,0.000,0
1323,1024,1024,1.0000,25.848,38.688,1,0.000,0
1324,1024,1024,1.0000,26.386,37.899,1,0.000,0
1325,1024,1024,1.0000,25.946,38.542,1,0.000,0
1326,1024,1024,1.0000,26.904,37.169,1,0.000,0
1327,1024,1024,1.0000,26.364,37.931,1,0.000,0
1328,1024,1024,1.0000,26.251,38.094,1,0.000,0
1329,1024,1024,1.0000,26.532,37.690,1,0.000,0
1330,1024,1024,1.0000,26.081,38.342,1,0.000,0
1331,1024,1024,1.0000,26.947,37.110,1,0.000,0
1332,1024,1024,1.0000,26.018,38.435,1,0.000,0
1333,1024,1024,1.0000,26.455,37.800,1,0.000,0
1334,1024,1024,1.0000,25.792,38.772,1,0.000,0
1335,1024,1024,1.0000,26.435,37.829,1,0.000,0
1336,1024,1024,1.0000,26.341,37.964,1,0.000,0
1337,1024,1024,1.0000,26.147,38.245,1,0.000,0
1338,1024,1024,1.0000,26.404,37.873,1,0.000,0
1339,1024,1024,1.0000,26.031,38.416,1,0.000,0
1340,1024,1024,1.0000,26.520,37.707,1,0.000,0
1341,1024,1024,1.0000,26.697,37.457,1,0.000,0
1342,1024,1024,1.0000,25.975,38.499,1,0.000,0
1343,1024,1024,1.0000,26.511,37.720,1,0.000,0
1344,1024,1024,1.0000,26.057,38.377,1,0.000,0
1345,1024,1024,1.0000,26.744,37.392,1,0.000,0
1346,1024,1024,1.0000,26.248,38.098,1,0.000,0
1347,1024,1024,1.0000,26.495,37.743,1,0.000,0
1348,1024,1024,1.0000,26.055,38.380,1,0.000,0
1349,1024,1024,1.0000,26.508,37.724,1,0.000,0
1350,1024,1024,1.0000,26.569,37.638,1,0.000,0
1351,1024,1024,1.0000,26.015,38.439,1,0.000,0
1352,1024,1024,1.0000,30.054,33.273,1,0.000,0
1353,1024,1024,1.0000,25.733,38.861,1,0.000,0
1354,1024,1024,1.0000,26.419,37.852,1,0.000,0
1355,1024,1024,1.0000,26.167,38.216,1,0.000,0
1356,1024,1024,1.0000,26.143,38.251,1,0.000,0
1357,1024,1024,1.0000,26.625,37.559,1,0.000,0
1358,1024,1024,1.0000,25.813,38.740,1,0.000,0
1359,1024,1024,1.0000,26.782,37.339,1,0.000,0
1360,1024,1024,1.0000,26.014,38.441,1,0.000,0
1361,1024,1024,1.0000,26.720,37.425,1,0.000,0
1362,1024,1024,1.0000,25.942,38.548,1,0.000,0
1363,1024,1024,1.0000,26.855,37.237,1,0.000,0
1364,1024,1024,1.0000,26.109,38.301,1,0.000,0
1365,1024,1024,1.0000,27.609,36.220,1,0.000,0
1366,1024,1024,1.0000,26.871,37.215,1,0.000,0
1367,1024,1024,1.0000,27.820,35.945,1,0.000,0
1368,1024,1024,1.0000,26.658,37.512,1,0.000,0
1369,1024,1024,1.0000,27.757,36.027,1,0.000,0
1370,1024,1024,1.0000,26.955,37.099,1,0.000,0
1371,1024,1024,1.0000,27.679,36.128,1,0.000,0
1372,1024,1024,1.0000,26.939,37.121,1,0.000,0
1373,1024,1024,1.0000,27.042,36.980,1,0.000,0
1374,1024,1024,1.0000,27.181,36.790,1,0.000,0
1375,1024,1024,1.0000,27.524,36.332,1,0.000,0
1376,1024,1024,1.0000,26.952,37.103,1,0.000,0
1377,1024,1024,1.0000,26.069,38.360,1,0.000,0
1378,1024,1024,1.0000,26.809,37.301,1,0.000,0
1379,1024,1024,1.0000,25.706,38.901,1,0.000,0
1380,1024,1024,1.0000,26.493,37.746,1,0.000,0
1381,1024,1024,1.0000,26.442,37.819,1,0.000,0
1382,1024,1024,1.0000,26.174,38.206,1,0.000,0
1383,1024,1024,1.0000,26.386,37.899,1,0.000,0
1384,1024,1024,1.0000,25.855,38.677,1,0.000,0
1385,1024,1024,1.0000,26.857,37.234,1,0.000,0
1386,1024,1024,1.0000,26.004,38.456,1,0.000,0
1387,1024,1024,1.0000,27.206,36.757,1,0.000,0
1388,1024,1024,1.0000,25.934,38.559,1,0.000,0
1389,1024,1024,1.0000,26.037,38.407,1,0.000,0
1390,1024,1024,1.0000,26.740,37.397,1,0.000,0
1391,1024,1024,1.0000,26.115,38.292,1,0.000,0
1392,1024,1024,1.0000,26.675,37.488,1,0.000,0
1393,1024,1024,1.0000,25.915,38.588,1,0.000,0
1394,1024,1024,1.0000,26.112,38.297,1,0.000,0
1395,1024,1024,1.0000,26.410,37.864,1,0.000,0
1396,1024,1024,1.0000,26.203,38.164,1,0.000,0
1397,1024,1024,1.0000,26.587,37.612,1,0.000,0
1398,1024,1024,1.0000,26.349,37.952,1,0.000,0
1399,1024,1024,1.0000,26.833,37.268,1,0.000,0
1400,1024,1024,1.0000,26.071,38.357,1,0.000,0
1401,1024,1024,1.0000,26.559,37.652,1,0.000,0
1402,1024,1024,1.0000,26.364,37.931,1,0.000,0
1403,1024,1024,1.0000,26.511,37.720,1,0.000,0
1404,1024,1024,1.0000,26.591,37.607,1,0.000,0
1405,1024,1024,1.0000,26.134,38.264,1,0.000,0
1406,1024,1024,1.0000,26.748,37.386,1,0.000,0
1407,1024,1024,1.0000,26.022,38.429,1,0.000,0
1408,1024,1024,1.0000,26.415,37.857,1,0.000,0
1409,1024,1024,1.0000,26.221,38.137,1,0.000,0
1410,1024,1024,1.0000,26.499,37.737,1,0.000,0
1411,1024,1024,1.0000,26.977,37.069,1,0.000,0
1412,1024,1024,1.0000,26.009,38.448,1,0.000,0
1413,1024,1024,1.0000,26.553,37.661,1,0.000,0
1414,1024,1024,1.0000,26.000,38.462,1,0.000,0
1415,1024,1024,1.0000,26.464,37.787,1,0.000,0
1416,1024,1024,1.0000,26.207,38.158,1,0.000,0
1417,1024,1024,1.0000,26.191,38.181,1,0.000,0
1418,1024,1024,1.0000,26.413,37.860,1,0.000,0
1419,1024,1024,1.0000,26.297,38.027,1,0.000,0
1420,1024,1024,1.0000,26.624,37.560,1,0.000,0
1421,1024,1024,1.0000,26.050,38.388,1,0.000,0
1422,1024,1024,1.0000,27.165,36.812,1,0.000,0
1423,1024,1024,1.0000,26.050,38.388,1,0.000,0
1424,1024,1024,1.0000,26.632,37.549,1,0.000,0
1425,1024,1024,1.0000,26.309,38.010,1,0.000,0
1426,1024,1024,1.0000,26.462,37.790,1,0.000,0
1427,1024,1024,1.0000,26.266,38.072,1,0.000,0
1428,1024,1024,1.0000,25.715,38.888,1,0.000,0
1429,1024,1024,1.0000,26.795,37.320,1,0.000,0
1430,1024,1024,1.0000,26.107,38.304,1,0.000,0
1431,1024,1024,1.0000,26.625,37.559,1,0.000,0
1432,1024,1024,1.0000,25.994,38.470,1,0.000,0
1433,1024,1024,1.0000,27.018,37.012,1,0.000,0
1434,1024,1024,1.0000,26.437,37.826,1,0.000,0
1435,1024,1024,1.0000,25.974,38.500,1,0.000,0
1436,1024,1024,1.0000,26.870,37.216,1,0.000,0
1437,1024,1024,1.0000,25.726,38.871,1,0.000,0
1438,1024,1024,1.0000,26.637,37.542,1,0.000,0
1439,1024,1024,1.0000,26.186,38.188,1,0.000,0
1440,1024,1024,1.0000,26.432,37.833,1,0.000,0
1441,1024,1024,1.0000,26.605,37.587,1,0.000,0
1442,1024,1024,1.0000,27.060,36.955,1,0.000,0
1443,1024,1024,1.0000,27.705,36.095,1,0.000,0
1444,1024,1024,1.0000,27.229,36.726,1,0.000,0
1445,1024,1024,1.0000,27.593,36.241,1,0.000,0
1446,1024,1024,1.0000,27.372,36.534,1,0.000,0
1447,1024,1024,1.0000,27.403,36.492,1,0.000,0
1448,1024,1024,1.0000,26.897,37.179,1,0.000,0
1449,1024,1024,1.0000,27.780,35.997,1,0.000,0
1450,1024,1024,1.0000,27.440,36.443,1,0.000,0
1451,1024,1024,1.0000,27.727,36.066,1,0.000,0
1452,1024,1024,1.0000,27.406,36.488,1,0.000,0
1453,1024,1024,1.0000,26.521,37.706,1,0.000,0
1454,1024,1024,1.0000,26.747,37.387,1,0.000,0
1455,1024,1024,1.0000,26.141,38.254,1,0.000,0
1456,1024,1024,1.0000,26.902,37.172,1,0.000,0
1457,1024,1024,1.0000,26.555,37.658,1,0.000,0
1458,1024,1024,1.0000,26.160,38.226,1,0.000,0
1459,1024,1024,1.0000,26.343,37.961,1,0.000,0
1460,1024,1024,1.0000,26.095,38.322,1,0.000,0
1461,1024,1024,1.0000,26.682,37.478,1,0.000,0
1462,1024,1024,1.0000,26.158,38.229,1,0.000,0
1463,1024,1024,1.0000,26.453,37.803,1,0.000,0
1464,1024,1024,1.0000,26.048,38.391,1,0.000,0
1465,1024,1024,1.0000,26.703,37.449,1,0.000,0
1466,1024,1024,1.0000,26.188,38.185,1,0.000,0
1467,1024,1024,1.0000,26.350,37.951,1,0.000,0
1468,1024,1024,1.0000,26.864,37.225,1,0.000,0
1469,1024,1024,1.0000,26.097,38.319,1,0.000,0
1470,1024,1024,1.0000,26.965,37.085,1,0.000,0
1471,1024,1024,1.0000,25.957,38.525,1,0.000,0
1472,1024,1024,1.0000,26.469,37.780,1,0.000,0
1473,1024,1024,1.0000,26.050,38.388,1,0.000,0
1474,1024,1024,1.0000,26.089,38.330,1,0.000,0
1475,1024,1024,1.0000,26.912,37.158,1,0.000,0
1476,1024,1024,1.0000,26.191,38.181,1,0.000,0
1477,1024,1024,1.0000,26.513,37.717,1,0.000,0
1478,1024,1024,1.0000,26.024,38.426,1,0.000,0
1479,1024,1024,1.0000,27.109,36.888,1,0.000,0
1480,1024,1024,1.0000,26.599,37.595,1,0.000,0
1481,1024,1024,1.0000,26.849,37.245,1,0.000,0
1482,1024,1024,1.0000,27.109,36.888,1,0.000,0
1483,1024,1024,1.0000,26.060,38.373,1,0.000,0
1484,1024,1024,1.0000,26.725,37.418,1,0.000,0
1485,1024,1024,1.0000,26.143,38.251,1,0.000,0
1486,1024,1024,1.0000,26.359,37.938,1,0.000,0
1487,1024,1024,1.0000,26.172,38.209,1,0.000,0
1488,1024,1024,1.0000,26.115,38.292,1,0.000,0
1489,1024,1024,1.0000,26.729,37.413,1,0.000,0
1490,1024,1024,1.0000,25.981,38.490,1,0.000,0
1491,1024,1024,1.0000,26.789,37.329,1,0.000,0
1492,1024,1024,1.0000,26.067,38.363,1,0.000,0
1493,1024,1024,1.0000,26.258,38.084,1,0.000,0
1494,1024,1024,1.0000,26.263,38.076,1,0.000,0
1495,1024,1024,1.0000,26.199,38.169,1,0.000,0
1496,1024,1024,1.0000,26.642,37.535,1,0.000,0
1497,1024,1024,1.0000,25.788,38.778,1,0.000,0
1498,1024,1024,1.0000,26.602,37.591,1,0.000,0
1499,1024,1024,1.0000,26.212,38.150,1,0.000,0
1500,1024,1024,1.0000,26.394,37.887,1,0.000,0
1501,1024,1024,1.0000,26.387,37.897,1,0.000,0
1502,1024,1024,1.0000,25.729,38.867,1,0.000,0
1503,1024,1024,1.0000,26.983,37.060,1,0.000,0
1504,1024,1024,1.0000,26.367,37.926,1,0.000,0
1505,1024,1024,1.0000,26.847,37.248,1,0.000,0
1506,1024,1024,1.0000,26.246,38.101,1,0.000,0
1507,1024,1024,1.0000,25.983,38.487,1,0.000,0
1508,1024,1024,1.0000,26.690,37.467,1,0.000,0
1509,1024,1024,1.0000,26.087,38.333,1,0.000,0
1510,1024,1024,1.0000,26.759,37.371,1,0.000,0
1511,1024,1024,1.0000,25.806,38.751,1,0.000,0
1512,1024,1024,1.0000,26.523,37.703,1,0.000,0
1513,1024,1024,1.0000,26.018,38.435,1,0.000,0
1514,1024,1024,1.0000,26.544,37.673,1,0.000,0
1515,1024,1024,1.0000,26.293,38.033,1,0.000,0
1516,1024,1024,1.0000,26.296,38.029,1,0.000,0
1517,1024,1024,1.0000,26.306,38.014,1,0.000,0
1518,1024,1024,1.0000,26.560,37.651,1,0.000,0
1519,1024,1024,1.0000,27.949,35.779,1,0.000,0
1520,1024,1024,1.0000,26.733,37.407,1,0.000,0
1521,1024,1024,1.0000,27.865,35.887,1,0.000,0
1522,1024,1024,1.0000,26.464,37.787,1,0.000,0
1523,1024,1024,1.0000,27.766,36.015,1,0.000,0
1524,1024,1024,1.0000,26.881,37.201,1,0.000,0
1525,1024,1024,1.0000,27.641,36.178,1,0.000,0
1526,1024,1024,1.0000,27.638,36.182,1,0.000,0
1527,1024,1024,1.0000,27.497,36.368,1,0.000,0
1528,1024,1024,1.0000,27.767,36.014,1,0.000,0
1529,1024,1024,1.0000,27.144,36.841,1,0.000,0
1530,1024,1024,1.0000,27.921,35.815,1,0.000,0
1531,1024,1024,1.0000,27.029,36.997,1,0.000,0
1532,1024,1024,1.0000,28.120,35.562,1,0.000,0
1533,1024,1024,1.0000,26.387,37.897,1,0.000,0
1534,1024,1024,1.0000,26.075,38.351,1,0.000,0
1535,1024,1024,1.0000,26.345,37.958,1,0.000,0
1536,1024,1024,1.0000,26.279,38.053,1,0.000,0
1537,1024,1024,1.0000,26.705,37.446,1,0.000,0
1538,1024,1024,1.0000,26.329,37.981,1,0.000,0
1539,1024,1024,1.0000,26.711,37.438,1,0.000,0
1540,1024,1024,1.0000,26.424,37.844,1,0.000,0
1541,1024,1024,1.0000,26.056,38.379,1,0.000,0
1542,1024,1024,1.0000,26.558,37.653,1,0.000,0
1543,1024,1024,1.0000,25.727,38.870,1,0.000,0
1544,1024,1024,1.0000,26.626,37.557,1,0.000,0
1545,1024,1024,1.0000,26.296,38.029,1,0.000,0
1546,1024,1024,1.0000,26.094,38.323,1,0.000,0
1547,1024,1024,1.0000,26.654,37.518,1,0.000,0
1548,1024,1024,1.0000,25.760,38.820,1,0.000,0
1549,1024,1024,1.0000,26.757,37.373,1,0.000,0
1550,1024,1024,1.0000,26.027,38.422,1,0.000,0
1551,1024,1024,1.0000,27.085,36.921,1,0.000,0
1552,1024,1024,1.0000,26.013,38.442,1,0.000,0
1553,1024,1024,1.0000,25.795,38.767,1,0.000,0
1554,1024,1024,1.0000,26.639,37.539,1,0.000,0
1555,1024,1024,1.0000,26.097,38.319,1,0.000,0
1556,1024,1024,1.0000,27.275,36.664,1,0.000,0
1557,1024,1024,1.0000,25.818,38.733,1,0.000,0
1558,1024,1024,1.0000,26.714,37.434,1,0.000,0
1559,1024,1024,1.0000,26.217,38.143,1,0.000,0
1560,1024,1024,1.0000,26.488,37.753,1,0.000,0
1561,1024,1024,1.0000,26.542,37.676,1,0.000,0
1562,1024,1024,1.0000,26.269,38.068,1,0.000,0
1563,1024,1024,1.0000,26.480,37.764,1,0.000,0
1564,1024,1024,1.0000,26.075,38.351,1,0.000,0
1565,1024,1024,1.0000,26.472,37.776,1,0.000,0
1566,1024,1024,1.0000,26.224,38.133,1,0.000,0
1567,1024,1024,1.0000,26.019,38.433,1,0.000,0
1568,1024,1024,1.0000,26.533,37.689,1,0.000,0
1569,1024,1024,1.0000,26.265,38.073,1,0.000,0
1570,1024,1024,1.0000,26.593,37.604,1,0.000,0
1571,1024,1024,1.0000,26.112,38.297,1,0.000,0
1572,1024,1024,1.0000,26.617,37.570,1,0.000,0
1573,1024,1024,1.0000,26.407,37.869,1,0.000,0
1574,1024,1024,1.0000,27.009,37.025,1,0.000,0
1575,1024,1024,1.0000,26.232,38.121,1,0.000,0
1576,1024,1024,1.0000,26.216,38.145,1,0.000,0
1577,1024,1024,1.0000,26.379,37.909,1,0.000,0
1578,1024,1024,1.0000,26.128,38.273,1,0.000,0
1579,1024,1024,1.0000,26.962,37.089,1,0.000,0
1580,1024,1024,1.0000,26.059,38.374,1,0.000,0
1581,1024,1024,1.0000,26.920,37.147,1,0.000,0
1582,1024,1024,1.0000,25.805,38.752,1,0.000,0
1583,1024,1024,1.0000,26.741,37.396,1,0.000,0
1584,1024,1024,1.0000,26.283,38.047,1,0.000,0
1585,1024,1024,1.0000,26.453,37.803,1,0.000,0
1586,1024,1024,1.0000,26.952,37.103,1,0.000,0
1587,1024,1024,1.0000,25.859,38.671,1,0.000,0
1588,1024,1024,1.0000,26.668,37.498,1,0.000,0
1589,1024,1024,1.0000,26.005,38.454,1,0.000,0
1590,1024,1024,1.0000,26.722,37.422,1,0.000,0
1591,1024,1024,1.0000,25.690,38.926,1,0.000,0
1592,1024,1024,1.0000,26.415,37.857,1,0.000,0
1593,1024,1024,1.0000,26.459,37.794,1,0.000,0
1594,1024,1024,1.0000,26.261,38.079,1,0.000,0
1595,1024,1024,1.0000,26.331,37.978,1,0.000,0
1596,1024,1024,1.0000,26.938,37.122,1,0.000,0
1597,1024,1024,1.0000,27.211,36.750,1,0.000,0
1598,1024,1024,1.0000,27.333,36.586,1,0.000,0
1599,1024,1024,1.0000,27.795,35.978,1,0.000,0
1600,1024,1024,1.0000,27.396,36.502,1,0.000,0
1601,1024,1024,1.0000,27.945,35.785,1,0.000,0
1602,1024,1024,1.0000,27.177,36.796,1,0.000,0
1603,1024,1024,1.0000,26.861,37.229,1,0.000,0
1604,1024,1024,1.0000,27.174,36.800,1,0.000,0
1605,1024,1024,1.0000,27.839,35.921,1,0.000,0
1606,1024,1024,1.0000,27.118,36.876,1,0.000,0
1607,1024,1024,1.0000,27.831,35.931,1,0.000,0
1608,1024,1024,1.0000,27.708,36.091,1,0.000,0
1609,1024,1024,1.0000,27.641,36.178,1,0.000,0
1610,1024,1024,1.0000,27.293,36.639,1,0.000,0
1611,1024,1024,1.0000,27.411,36.482,1,0.000,0
1612,1024,1024,1.0000,27.086,36.919,1,0.000,0
1613,1024,1024,1.0000,25.782,38.787,1,0.000,0
1614,1024,1024,1.0000,26.294,38.031,1,0.000,0
1615,1024,1024,1.0000,26.113,38.295,1,0.000,0
1616,1024,1024,1.0000,26.247,38.100,1,0.000,0
1617,1024,1024,1.0000,26.606,37.586,1,0.000,0
1618,1024,1024,1.0000,25.732,38.862,1,0.000,0
1619,1024,1024,1.0000,26.834,37.266,1,0.000,0
1620,1024,1024,1.0000,26.494,37.744,1,0.000,0
1621,1024,1024,1.0000,26.767,37.359,1,0.000,0
1622,1024,1024,1.0000,26.141,38.254,1,0.000,0
1623,1024,1024,1.0000,26.044,38.397,1,0.000,0
1624,1024,1024,1.0000,26.477,37.769,1,0.000,0
1625,1024,1024,1.0000,26.359,37.938,1,0.000,0
1626,1024,1024,1.0000,26.571,37.635,1,0.000,0
1627,1024,1024,1.0000,26.114,38.294,1,0.000,0
1628,1024,1024,1.0000,26.375,37.915,1,0.000,0
1629,1024,1024,1.0000,26.177,38.201,1,0.000,0
1630,1024,1024,1.0000,26.570,37.636,1,0.000,0
1631,1024,1024,1.0000,26.230,38.124,1,0.000,0
1632,1024,1024,1.0000,26.335,37.972,1,0.000,0
1633,1024,1024,1.0000,26.463,37.789,1,0.000,0
1634,1024,1024,1.0000,26.922,37.144,1,0.000,0
1635,1024,1024,1.0000,26.834,37.266,1,0.000,0
1636,1024,1024,1.0000,26.172,38.209,1,0.000,0
1637,1024,1024,1.0000,26.204,38.162,1,0.000,0
1638,1024,1024,1.0000,26.034,38.411,1,0.000,0
1639,1024,1024,1.0000,26.241,38.108,1,0.000,0
1640,1024,1024,1.0000,26.619,37.567,1,0.000,0
1641,1024,1024,1.0000,25.728,38.868,1,0.000,0
1642,1024,1024,1.0000,26.504,37.730,1,0.000,0
1643,1024,1024,1.0000,25.830,38.715,1,0.000,0
1644,1024,1024,1.0000,26.509,37.723,1,0.000,0
1645,1024,1024,1.0000,26.837,37.262,1,0.000,0
1646,1024,1024,1.0000,26.053,38.383,1,0.000,0
1647,1024,1024,1.0000,26.514,37.716,1,0.000,0
1648,1024,1024,1.0000,25.980,38.491,1,0.000,0
1649,1024,1024,1.0000,26.793,37.323,1,0.000,0
1650,1024,1024,1.0000,26.087,38.333,1,0.000,0
1651,1024,1024,1.0000,26.694,37.462,1,0.000,0
1652,1024,1024,1.0000,26.024,38.426,1,0.000,0
1653,1024,1024,1.0000,26.406,37.870,1,0.000,0
1654,1024,1024,1.0000,26.516,37.713,1,0.000,0
1655,1024,1024,1.0000,26.205,38.161,1,0.000,0
1656,1024,1024,1.0000,26.735,37.404,1,0.000,0
1657,1024,1024,1.0000,26.383,37.903,1,0.000,0
1658,1024,1024,1.0000,26.850,37.244,1,0.000,0
1659,1024,1024,1.0000,25.970,38.506,1,0.000,0
1660,1024,1024,1.0000,26.521,37.706,1,0.000,0
1661,1024,1024,1.0000,26.284,38.046,1,0.000,0
1662,1024,1024,1.0000,25.921,38.579,1,0.000,0
1663,1024,1024,1.0000,26.642,37.535,1,0.000,0
1664,1024,1024,1.0000,26.106,38.305,1,0.000,0
1665,1024,1024,1.0000,26.836,37.263,1,0.000,0
1666,1024,1024,1.0000,25.443,39.304,1,0.000,0
1667,1024,1024,1.0000,26.560,37.651,1,0.000,0
1668,1024,1024,1.0000,26.780,37.341,1,0.000,0
1669,1024,1024,1.0000,26.378,37.910,1,0.000,0
1670,1024,1024,1.0000,26.717,37.429,1,0.000,0
1671,1024,1024,1.0000,25.878,38.643,1,0.000,0
1672,1024,1024,1.0000,27.906,35.835,1,0.000,0
1673,1024,1024,1.0000,27.363,36.546,1,0.000,0
1674,1024,1024,1.0000,27.435,36.450,1,0.000,0
1675,1024,1024,1.0000,27.262,36.681,1,0.000,0
1676,1024,1024,1.0000,27.326,36.595,1,0.000,0
1677,1024,1024,1.0000,27.482,36.387,1,0.000,0
1678,1024,1024,1.0000,26.810,37.300,1,0.000,0
1679,1024,1024,1.0000,28.120,35.562,1,0.000,0
1680,1024,1024,1.0000,27.629,36.194,1,0.000,0
1681,1024,1024,1.0000,27.618,36.208,1,0.000,0
1682,1024,1024,1.0000,27.408,36.486,1,0.000,0
1683,1024,1024,1.0000,27.160,36.819,1,0.000,0
1684,1024,1024,1.0000,27.894,35.850,1,0.000,0
1685,1024,1024,1.0000,27.484,36.385,1,0.000,0
1686,1024,1024,1.0000,27.525,36.331,1,0.000,0
1687,1024,1024,1.0000,26.194,38.177,1,0.000,0
1688,1024,1024,1.0000,26.545,37.672,1,0.000,0
1689,1024,1024,1.0000,25.893,38.620,1,0.000,0
1690,1024,1024,1.0000,26.235,38.117,1,0.000,0
1691,1024,1024,1.0000,26.722,37.422,1,0.000,0
1692,1024,1024,1.0000,26.644,37.532,1,0.000,0
1693,1024,1024,1.0000,26.537,37.683,1,0.000,0
1694,1024,1024,1.0000,25.789,38.776,1,0.000,0
1695,1024,1024,1.0000,26.718,37.428,1,0.000,0
1696,1024,1024,1.0000,26.190,38.183,1,0.000,0
1697,1024,1024,1.0000,26.127,38.275,1,0.000,0
1698,1024,1024,1.0000,26.239,38.111,1,0.000,0
1699,1024,1024,1.0000,25.996,38.467,1,0.000,0
1700,1024,1024,1.0000,26.661,37.508,1,0.000,0
1701,1024,1024,1.0000,26.365,37.929,1,0.000,0
1702,1024,1024,1.0000,26.582,37.619,1,0.000,0
1703,1024,1024,1.0000,26.663,37.505,1,0.000,0
1704,1024,1024,1.0000,26.196,38.174,1,0.000,0
1705,1024,1024,1.0000,26.720,37.425,1,0.000,0
1706,1024,1024,1.0000,26.204,38.162,1,0.000,0
1707,1024,1024,1.0000,26.741,37.396,1,0.000,0
1708,1024,1024,1.0000,25.829,38.716,1,0.000,0
1709,1024,1024,1.0000,27.158,36.822,1,0.000,0
1710,1024,1024,1.0000,26.231,38.123,1,0.000,0
1711,1024,1024,1.0000,26.518,37.710,1,0.000,0
1712,1024,1024,1.0000,26.451,37.806,1,0.000,0
1713,1024,1024,1.0000,25.953,38.531,1,0.000,0
1714,1024,1024,1.0000,26.863,37.226,1,0.000,0
1715,1024,1024,1.0000,26.240,38.110,1,0.000,0
1716,1024,1024,1.0000,26.629,37.553,1,0.000,0
1717,1024,1024,1.0000,26.003,38.457,1,0.000,0
1718,1024,1024,1.0000,25.876,38.646,1,0.000,0
1719,1024,1024,1.0000,26.881,37.201,1,0.000,0
1720,1024,1024,1.0000,26.839,37.259,1,0.000,0
1721,1024,1024,1.0000,26.394,37.887,1,0.000,0
1722,1024,1024,1.0000,26.463,37.789,1,0.000,0
1723,1024,1024,1.0000,26.046,38.394,1,0.000,0
1724,1024,1024,1.0000,26.832,37.269,1,0.000,0
1725,1024,1024,1.0000,26.208,38.156,1,0.000,0
1726,1024,1024,1.0000,26.458,37.796,1,0.000,0
1727,1024,1024,1.0000,26.766,37.361,1,0.000,0
1728,1024,1024,1.0000,26.084,38.338,1,0.000,0
1729,1024,1024,1.0000,26.910,37.161,1,0.000,0
1730,1024,1024,1.0000,26.233,38.120,1,0.000,0
1731,1024,1024,1.0000,26.502,37.733,1,0.000,0
1732,1024,1024,1.0000,26.286,38.043,1,0.000,0
1733,1024,1024,1.0000,25.816,38.736,1,0.000,0
1734,1024,1024,1.0000,26.627,37.556,1,0.000,0
1735,1024,1024,1.0000,26.039,38.404,1,0.000,0
1736,1024,1024,1.0000,26.722,37.422,1,0.000,0
1737,1024,1024,1.0000,25.863,38.665,1,0.000,0
1738,1024,1024,1.0000,27.041,36.981,1,0.000,0
1739,1024,1024,1.0000,26.296,38.029,1,0.000,0
1740,1024,1024,1.0000,26.396,37.885,1,0.000,0
1741,1024,1024,1.0000,26.130,38.270,1,0.000,0
1742,1024,1024,1.0000,25.837,38.704,1,0.000,0
1743,1024,1024,1.0000,26.998,37.040,1,0.000,0
1744,1024,1024,1.0000,26.083,38.339,1,0.000,0
1745,1024,1024,1.0000,26.894,37.183,1,0.000,0
1746,1024,1024,1.0000,26.357,37.941,1,0.000,0
1747,1024,1024,1.0000,26.304,38.017,1,0.000,0
1748,1024,1024,1.0000,26.943,37.115,1,0.000,0
1749,1024,1024,1.0000,27.929,35.805,1,0.000,0
1750,1024,1024,1.0000,27.374,36.531,1,0.000,0
1751,1024,1024,1.0000,27.836,35.925,1,0.000,0
1752,1024,1024,1.0000,26.966,37.084,1,0.000,0
1753,1024,1024,1.0000,27.907,35.833,1,0.000,0
1754,1024,1024,1.0000,27.509,36.352,1,0.000,0
1755,1024,1024,1.0000,27.682,36.125,1,0.000,0
1756,1024,1024,1.0000,27.558,36.287,1,0.000,0
1757,1024,1024,1.0000,27.608,36.221,1,0.000,0
1758,1024,1024,1.0000,27.323,36.599,1,0.000,0
1759,1024,1024,1.0000,27.035,36.989,1,0.000,0
1760,1024,1024,1.0000,28.097,35.591,1,0.000,0
1761,1024,1024,1.0000,27.558,36.287,1,0.000,0
1762,1024,1024,1.0000,26.808,37.302,1,0.000,0
1763,1024,1024,1.0000,26.197,38.172,1,0.000,0
1764,1024,1024,1.0000,26.379,37.909,1,0.000,0
1765,1024,1024,1.0000,26.502,37.733,1,0.000,0
1766,1024,1024,1.0000,26.465,37.786,1,0.000,0
1767,1024,1024,1.0000,26.554,37.659,1,0.000,0
1768,1024,1024,1.0000,25.863,38.665,1,0.000,0
1769,1024,1024,1.0000,26.641,37.536,1,0.000,0
1770,1024,1024,1.0000,26.167,38.216,1,0.000,0
1771,1024,1024,1.0000,26.664,37.504,1,0.000,0
1772,1024,1024,1.0000,26.268,38.069,1,0.000,0
1773,1024,1024,1.0000,26.865,37.223,1,0.000,0
1774,1024,1024,1.0000,26.336,37.971,1,0.000,0
1775,1024,1024,1.0000,26.044,38.397,1,0.000,0
1776,1024,1024,1.0000,26.949,37.107,1,0.000,0
1777,1024,1024,1.0000,26.105,38.307,1,0.000,0
1778,1024,1024,1.0000,26.407,37.869,1,0.000,0
1779,1024,1024,1.0000,26.213,38.149,1,0.000,0
1780,1024,1024,1.0000,26.608,37.583,1,0.000,0
1781,1024,1024,1.0000,26.435,37.829,1,0.000,0
1782,1024,1024,1.0000,26.327,37.984,1,0.000,0
1783,1024,1024,1.0000,26.342,37.962,1,0.000,0
1784,1024,1024,1.0000,25.950,38.536,1,0.000,0
1785,1024,1024,1.0000,27.206,36.757,1,0.000,0
1786,1024,1024,1.0000,26.457,37.797,1,0.000,0
1787,1024,1024,1.0000,26.922,37.144,1,0.000,0
1788,1024,1024,1.0000,25.772,38.802,1,0.000,0
1789,1024,1024,1.0000,26.095,38.322,1,0.000,0
1790,1024,1024,1.0000,26.497,37.740,1,0.000,0
1791,1024,1024,1.0000,25.842,38.697,1,0.000,0
1792,1024,1024,1.0000,26.877,37.207,1,0.000,0
1793,1024,1024,1.0000,25.818,38.733,1,0.000,0
1794,1024,1024,1.0000,26.758,37.372,1,0.000,0
1795,1024,1024,1.0000,26.343,37.961,1,0.000,0
1796,1024,1024,1.0000,26.607,37.584,1,0.000,0
1797,1024,1024,1.0000,27.110,36.887,1,0.000,0
1798,1024,1024,1.0000,25.855,38.677,1,0.000,0
1799,1024,1024,1.0000,26.924,37.142,1,0.000,0
1800,1024,1024,1.0000,26.105,38.307,1,0.000,0
1801,1024,1024,1.0000,26.845,37.251,1,0.000,0
1802,1024,1024,1.0000,26.142,38.253,1,0.000,0
1803,1024,1024,1.0000,26.198,38.171,1,0.000,0
1804,1024,1024,1.0000,26.354,37.945,1,0.000,0
1805,1024,1024,1.0000,26.300,38.023,1,0.000,0
1806,1024,1024,1.0000,26.659,37.511,1,0.000,0
1807,1024,1024,1.0000,26.157,38.231,1,0.000,0
1808,1024,1024,1.0000,26.585,37.615,1,0.000,0
1809,1024,1024,1.0000,26.136,38.261,1,0.000,0
1810,1024,1024,1.0000,27.082,36.925,1,0.000,0
1811,1024,1024,1.0000,26.291,38.036,1,0.000,0
1812,1024,1024,1.0000,26.153,38.237,1,0.000,0
1813,1024,1024,1.0000,26.144,38.250,1,0.000,0
1814,1024,1024,1.0000,26.316,38.000,1,0.000,0
1815,1024,1024,1.0000,26.695,37.460,1,0.000,0
1816,1024,1024,1.0000,25.953,38.531,1,0.000,0
1817,1024,1024,1.0000,26.523,37.703,1,0.000,0
1818,1024,1024,1.0000,25.877,38.644,1,0.000,0
1819,1024,1024,1.0000,26.470,37.779,1,0.000,0
1820,1024,1024,1.0000,26.441,37.820,1,0.000,0
1821,1024,1024,1.0000,26.168,38.215,1,0.000,0
1822,1024,1024,1.0000,27.355,36.556,1,0.000,0
1823,1024,1024,1.0000,25.676,38.947,1,0.000,0
1824,1024,1024,1.0000,27.089,36.915,1,0.000,0
1825,1024,1024,1.0000,27.087,36.918,1,0.000,0
1826,1024,1024,1.0000,27.876,35.873,1,0.000,0
1827,1024,1024,1.0000,27.021,37.008,1,0.000,0
1828,1024,1024,1.0000,27.460,36.417,1,0.000,0
1829,1024,1024,1.0000,27.074,36.936,1,0.000,0
1830,1024,1024,1.0000,27.683,36.123,1,0.000,0
1831,1024,1024,1.0000,27.121,36.872,1,0.000,0
1832,1024,1024,1.0000,27.536,36.316,1,0.000,0
1833,1024,1024,1.0000,27.514,36.345,1,0.000,0
1834,1024,1024,1.0000,26.416,37.856,1,0.000,0
1835,1024,1024,1.0000,27.714,36.083,1,0.000,0
1836,1024,1024,1.0000,26.840,37.258,1,0.000,0
1837,1024,1024,1.0000,27.026,37.001,1,0.000,0
1838,1024,1024,1.0000,25.917,38.585,1,0.000,0
1839,1024,1024,1.0000,26.569,37.638,1,0.000,0
1840,1024,1024,1.0000,26.386,37.899,1,0.000,0
1841,1024,1024,1.0000,26.472,37.776,1,0.000,0
1842,1024,1024,1.0000,26.573,37.632,1,0.000,0
1843,1024,1024,1.0000,25.833,38.710,1,0.000,0
1844,1024,1024,1.0000,26.604,37.588,1,0.000,0
1845,1024,1024,1.0000,26.824,37.280,1,0.000,0
1846,1024,1024,1.0000,26.524,37.702,1,0.000,0
1847,1024,1024,1.0000,26.326,37.985,1,0.000,0
1848,1024,1024,1.0000,26.272,38.063,1,0.000,0
1849,1024,1024,1.0000,26.130,38.270,1,0.000,0
1850,1024,1024,1.0000,26.253,38.091,1,0.000,0
1851,1024,1024,1.0000,26.768,37.358,1,0.000,0
1852,1024,1024,1.0000,26.165,38.219,1,0.000,0
1853,1024,1024,1.0000,26.562,37.648,1,0.000,0
1854,1024,1024,1.0000,26.113,38.295,1,0.000,0
1855,1024,1024,1.0000,26.776,37.347,1,0.000,0
1856,1024,1024,1.0000,26.170,38.212,1,0.000,0
1857,1024,1024,1.0000,27.081,36.926,1,0.000,0
1858,1024,1024,1.0000,26.275,38.059,1,0.000,0
1859,1024,1024,1.0000,26.293,38.033,1,0.000,0
1860,1024,1024,1.0000,26.803,37.309,1,0.000,0
1861,1024,1024,1.0000,26.097,38.319,1,0.000,0
1862,1024,1024,1.0000,27.258,36.686,1,0.000,0
1863,1024,1024,1.0000,25.909,38.597,1,0.000,0
1864,1024,1024,1.0000,26.729,37.413,1,0.000,0
1865,1024,1024,1.0000,26.258,38.084,1,0.000,0
1866,1024,1024,1.0000,26.351,37.949,1,0.000,0
1867,1024,1024,1.0000,26.402,37.876,1,0.000,0
1868,1024,1024,1.0000,26.598,37.597,1,0.000,0
1869,1024,1024,1.0000,26.838,37.261,1,0.000,0
1870,1024,1024,1.0000,26.231,38.123,1,0.000,0
1871,1024,1024,1.0000,27.020,37.010,1,0.000,0
1872,1024,1024,1.0000,26.114,38.294,1,0.000,0
1873,1024,1024,1.0000,26.307,38.013,1,0.000,0
1874,1024,1024,1.0000,26.475,37.771,1,0.000,0
1875,1024,1024,1.0000,26.048,38.391,1,0.000,0
1876,1024,1024,1.0000,26.698,37.456,1,0.000,0
1877,1024,1024,1.0000,26.149,38.242,1,0.000,0
1878,1024,1024,1.0000,26.669,37.497,1,0.000,0
1879,1024,1024,1.0000,26.193,38.178,1,0.000,0
1880,1024,1024,1.0000,26.938,37.122,1,0.000,0
1881,1024,1024,1.0000,26.581,37.621,1,0.000,0
1882,1024,1024,1.0000,26.432,37.833,1,0.000,0
1883,1024,1024,1.0000,26.220,38.139,1,0.000,0
1884,1024,1024,1.0000,26.150,38.241,1,0.000,0
1885,1024,1024,1.0000,26.964,37.086,1,0.000,0
1886,1024,1024,1.0000,26.171,38.210,1,0.000,0
1887,1024,1024,1.0000,26.612,37.577,1,0.000,0
1888,1024,1024,1.0000,25.889,38.626,1,0.000,0
1889,1024,1024,1.0000,26.777,37.345,1,0.000,0
1890,1024,1024,1.0000,26.357,37.941,1,0.000,0
1891,1024,1024,1.0000,26.487,37.754,1,0.000,0
1892,1024,1024,1.0000,26.636,37.543,1,0.000,0
1893,1024,1024,1.0000,26.127,38.275,1,0.000,0
1894,1024,1024,1.0000,26.970,37.078,1,0.000,0
1895,1024,1024,1.0000,26.208,38.156,1,0.000,0
1896,1024,1024,1.0000,26.701,37.452,1,0.000,0
1897,1024,1024,1.0000,26.051,38.386,1,0.000,0
1898,1024,1024,1.0000,25.838,38.703,1,0.000,0
1899,1024,1024,1.0000,26.836,37.263,1,0.000,0
1900,1024,1024,1.0000,25.994,38.470,1,0.000,0
1901,1024,1024,1.0000,27.606,36.224,1,0.000,0
1902,1024,1024,1.0000,26.676,37.487,1,0.000,0
1903,1024,1024,1.0000,27.719,36.076,1,0.000,0
1904,1024,1024,1.0000,27.243,36.707,1,0.000,0
1905,1024,1024,1.0000,28.174,35.494,1,0.000,0
1906,1024,1024,1.0000,26.959,37.093,1,0.000,0
1907,1024,1024,1.0000,28.214,35.443,1,0.000,0
1908,1024,1024,1.0000,26.875,37.209,1,0.000,0
1909,1024,1024,1.0000,27.362,36.547,1,0.000,0
1910,1024,1024,1.0000,27.222,36.735,1,0.000,0
1911,1024,1024,1.0000,27.773,36.006,1,0.000,0
1912,1024,1024,1.0000,27.441,36.442,1,0.000,0
1913,1024,1024,1.0000,27.169,36.807,1,0.000,0
1914,1024,1024,1.0000,26.376,37.913,1,0.000,0
1915,1024,1024,1.0000,26.382,37.905,1,0.000,0
1916,1024,1024,1.0000,27.086,36.919,1,0.000,0
1917,1024,1024,1.0000,26.166,38.218,1,0.000,0
1918,1024,1024,1.0000,26.612,37.577,1,0.000,0
1919,1024,1024,1.0000,26.127,38.275,1,0.000,0
1920,1024,1024,1.0000,26.314,38.003,1,0.000,0
1921,1024,1024,1.0000,26.426,37.842,1,0.000,0
1922,1024,1024,1.0000,26.198,38.171,1,0.000,0
1923,1024,1024,1.0000,26.619,37.567,1,0.000,0
1924,1024,1024,1.0000,25.962,38.518,1,0.000,0
1925,1024,1024,1.0000,26.584,37.617,1,0.000,0
1926,1024,1024,1.0000,26.798,37.316,1,0.000,0
1927,1024,1024,1.0000,26.593,37.604,1,0.000,0
1928,1024,1024,1.0000,26.335,37.972,1,0.000,0
1929,1024,1024,1.0000,26.092,38.326,1,0.000,0
1930,1024,1024,1.0000,26.928,37.136,1,0.000,0
1931,1024,1024,1.0000,26.082,38.341,1,0.000,0
1932,1024,1024,1.0000,26.643,37.533,1,0.000,0
1933,1024,1024,1.0000,26.039,38.404,1,0.000,0
1934,1024,1024,1.0000,26.212,38.150,1,0.000,0
1935,1024,1024,1.0000,26.558,37.653,1,0.000,0
1936,1024,1024,1.0000,26.373,37.918,1,0.000,0
1937,1024,1024,1.0000,26.839,37.259,1,0.000,0
1938,1024,1024,1.0000,26.224,38.133,1,0.000,0
1939,1024,1024,1.0000,26.813,37.295,1,0.000,0
1940,1024,1024,1.0000,26.107,38.304,1,0.000,0
1941,1024,1024,1.0000,26.470,37.779,1,0.000,0
1942,1024,1024,1.0000,26.372,37.919,1,0.000,0
1943,1024,1024,1.0000,26.092,38.326,1,0.000,0
1944,1024,1024,1.0000,26.666,37.501,1,0.000,0
1945,1024,1024,1.0000,26.162,38.223,1,0.000,0
1946,1024,1024,1.0000,26.974,37.073,1,0.000,0
1947,1024,1024,1.0000,26.112,38.297,1,0.000,0
1948,1024,1024,1.0000,26.479,37.766,1,0.000,0
1949,1024,1024,1.0000,26.342,37.962,1,0.000,0
1950,1024,1024,1.0000,27.044,36.977,1,0.000,0
1951,1024,1024,1.0000,26.503,37.732,1,0.000,0
1952,1024,1024,1.0000,28.590,34.977,1,0.000,0
1953,1024,1024,1.0000,26.303,38.018,1,0.000,0
1954,1024,1024,1.0000,26.186,38.188,1,0.000,0
1955,1024,1024,1.0000,26.964,37.086,1,0.000,0
1956,1024,1024,1.0000,26.127,38.275,1,0.000,0
1957,1024,1024,1.0000,26.920,37.147,1,0.000,0
1958,1024,1024,1.0000,25.799,38.761,1,0.000,0
1959,1024,1024,1.0000,26.434,37.830,1,0.000,0
1960,1024,1024,1.0000,26.242,38.107,1,0.000,0
1961,1024,1024,1.0000,26.390,37.893,1,0.000,0
1962,1024,1024,1.0000,27.109,36.888,1,0.000,0
1963,1024,1024,1.0000,25.911,38.594,1,0.000,0
1964,1024,1024,1.0000,27.027,37.000,1,0.000,0
1965,1024,1024,1.0000,26.175,38.204,1,0.000,0
1966,1024,1024,1.0000,26.643,37.533,1,0.000,0
1967,1024,1024,1.0000,26.491,37.749,1,0.000,0
1968,1024,1024,1.0000,26.113,38.295,1,0.000,0
1969,1024,1024,1.0000,26.558,37.653,1,0.000,0
1970,1024,1024,1.0000,26.199,38.169,1,0.000,0
1971,1024,1024,1.0000,26.812,37.297,1,0.000,0
1972,1024,1024,1.0000,26.203,38.164,1,0.000,0
1973,1024,1024,1.0000,26.996,37.043,1,0.000,0
1974,1024,1024,1.0000,26.610,37.580,1,0.000,0
1975,1024,1024,1.0000,26.216,38.145,1,0.000,0
1976,1024,1024,1.0000,26.869,37.218,1,0.000,0
1977,1024,1024,1.0000,26.069,38.360,1,0.000,0
1978,1024,1024,1.0000,27.796,35.976,1,0.000,0
1979,1024,1024,1.0000,26.895,37.182,1,0.000,0
1980,1024,1024,1.0000,28.011,35.700,1,0.000,0
1981,1024,1024,1.0000,26.867,37.220,1,0.000,0
1982,1024,1024,1.0000,27.795,35.978,1,0.000,0
1983,1024,1024,1.0000,26.614,37.574,1,0.000,0
1984,1024,1024,1.0000,27.464,36.411,1,0.000,0
1985,1024,1024,1.0000,27.657,36.157,1,0.000,0
1986,1024,1024,1.0000,27.724,36.070,1,0.000,0
1987,1024,1024,1.0000,27.480,36.390,1,0.000,0
1988,1024,1024,1.0000,27.887,35.859,1,0.000,0
1989,1024,1024,1.0000,27.111,36.885,1,0.000,0
1990,1024,1024,1.0000,27.356,36.555,1,0.000,0
1991,1024,1024,1.0000,27.507,36.354,1,0.000,0
1992,1024,1024,1.0000,27.450,36.430,1,0.000,0
1993,1024,1024,1.0000,27.059,36.956,1,0.000,0
1994,1024,1024,1.0000,26.474,37.773,1,0.000,0
1995,1024,1024,1.0000,26.431,37.834,1,0.000,0
1996,1024,1024,1.0000,26.344,37.959,1,0.000,0
1997,1024,1024,1.0000,27.119,36.875,1,0.000,0
1998,1024,1024,1.0000,26.327,37.984,1,0.000,0
1999,1024,1024,1.0000,26.314,38.003,1,0.000,0
2000,1024,1024,1.0000,26.344,37.959,1,0.000,0
2001,1024,1024,1.0000,26.219,38.140,1,0.000,0
2002,1024,1024,1.0000,26.899,37.176,1,0.000,0
2003,1024,1024,1.0000,26.233,38.120,1,0.000,0
2004,1024,1024,1.0000,26.642,37.535,1,0.000,0
2005,1024,1024,1.0000,26.149,38.242,1,0.000,0
2006,1024,1024,1.0000,26.370,37.922,1,0.000,0
2007,1024,1024,1.0000,27.043,36.978,1,0.000,0
2008,1024,1024,1.0000,26.330,37.979,1,0.000,0
2009,1024,1024,1.0000,27.026,37.001,1,0.000,0
2010,1024,1024,1.0000,25.802,38.757,1,0.000,0
2011,1024,1024,1.0000,26.930,37.133,1,0.000,0
2012,1024,1024,1.0000,26.403,37.874,1,0.000,0
2013,1024,1024,1.0000,26.537,37.683,1,0.000,0
2014,1024,1024,1.0000,26.578,37.625,1,0.000,0
2015,1024,1024,1.0000,25.991,38.475,1,0.000,0
2016,1024,1024,1.0000,26.839,37.259,1,0.000,0
2017,1024,1024,1.0000,26.164,38.220,1,0.000,0
2018,1024,1024,1.0000,26.885,37.195,1,0.000,0
2019,1024,1024,1.0000,25.824,38.724,1,0.000,0
2020,1024,1024,1.0000,26.996,37.043,1,0.000,0
2021,1024,1024,1.0000,26.279,38.053,1,0.000,0
2022,1024,1024,1.0000,26.553,37.661,1,0.000,0
2023,1024,1024,1.0000,26.481,37.763,1,0.000,0
2024,1024,1024,1.0000,25.990,38.476,1,0.000,0
2025,1024,1024,1.0000,26.876,37.208,1,0.000,0
2026,1024,1024,1.0000,26.212,38.150,1,0.000,0
2027,1024,1024,1.0000,27.207,36.755,1,0.000,0
2028,1024,1024,1.0000,26.176,38.203,1,0.000,0
2029,1024,1024,1.0000,26.447,37.811,1,0.000,0
2030,1024,1024,1.0000,26.217,38.143,1,0.000,0
2031,1024,1024,1.0000,27.063,36.951,1,0.000,0
2032,1024,1024,1.0000,26.676,37.487,1,0.000,0
2033,1024,1024,1.0000,26.358,37.939,1,0.000,0
2034,1024,1024,1.0000,26.303,38.018,1,0.000,0
2035,1024,1024,1.0000,26.142,38.253,1,0.000,0
2036,1024,1024,1.0000,27.003,37.033,1,0.000,0
2037,1024,1024,1.0000,26.152,38.238,1,0.000,0
2038,1024,1024,1.0000,26.744,37.392,1,0.000,0
2039,1024,1024,1.0000,25.954,38.530,1,0.000,0
2040,1024,1024,1.0000,26.194,38.177,1,0.000,0
2041,1024,1024,1.0000,26.575,37.629,1,0.000,0
2042,1024,1024,1.0000,26.655,37.516,1,0.000,0
2043,1024,1024,1.0000,27.138,36.849,1,0.000,0
2044,1024,1024,1.0000,25.889,38.626,1,0.000,0
2045,1024,1024,1.0000,26.506,37.727,1,0.000,0
2046,1024,1024,1.0000,26.383,37.903,1,0.000,0
2047,1024,1024,1.0000,26.744,37.392,1,0.000,0
2048,1024,1024,1.0000,26.514,37.716,1,0.000,0
2049,1024,1024,1.0000,26.287,38.042,1,0.000,0
2050,1024,1024,1.0000,26.528,37.696,1,0.000,0
2051,1024,1024,1.0000,26.271,38.065,1,0.000,0
2052,1024,1024,1.0000,26.881,37.201,1,0.000,0
2053,1024,1024,1.0000,26.128,38.273,1,0.000,0
2054,1024,1024,1.0000,27.629,36.194,1,0.000,0
2055,1024,1024,1.0000,27.379,36.524,1,0.000,0
2056,1024,1024,1.0000,28.233,35.420,1,0.000,0
2057,1024,1024,1.0000,27.410,36.483,1,0.000,0
2058,1024,1024,1.0000,28.079,35.614,1,0.000,0
2059,1024,1024,1.0000,27.315,36.610,1,0.000,0
2060,1024,1024,1.0000,27.780,35.997,1,0.000,0
2061,1024,1024,1.0000,26.934,37.128,1,0.000,0
2062,1024,1024,1.0000,28.105,35.581,1,0.000,0
2063,1024,1024,1.0000,27.275,36.664,1,0.000,0
2064,1024,1024,1.0000,27.817,35.949,1,0.000,0
2065,1024,1024,1.0000,27.094,36.909,1,0.000,0
2066,1024,1024,1.0000,27.689,36.115,1,0.000,0
2067,1024,1024,1.0000,26.887,37.193,1,0.000,0
2068,1024,1024,1.0000,26.232,38.121,1,0.000,0
2069,1024,1024,1.0000,26.939,37.121,1,0.000,0
2070,1024,1024,1.0000,26.287,38.042,1,0.000,0
2071,1024,1024,1.0000,26.455,37.800,1,0.000,0
2072,1024,1024,1.0000,26.380,37.908,1,0.000,0
2073,1024,1024,1.0000,26.632,37.549,1,0.000,0
2074,1024,1024,1.0000,26.529,37.695,1,0.000,0
2075,1024,1024,1.0000,26.312,38.005,1,0.000,0
2076,1024,1024,1.0000,26.441,37.820,1,0.000,0
2077,1024,1024,1.0000,26.984,37.059,1,0.000,0
2078,1024,1024,1.0000,26.991,37.049,1,0.000,0
2079,1024,1024,1.0000,26.162,38.223,1,0.000,0
2080,1024,1024,1.0000,26.717,37.429,1,0.000,0
2081,1024,1024,1.0000,26.175,38.204,1,0.000,0
2082,1024,1024,1.0000,26.675,37.488,1,0.000,0
2083,1024,1024,1.0000,26.607,37.584,1,0.000,0
2084,1024,1024,1.0000,26.419,37.852,1,0.000,0
2085,1024,1024,1.0000,26.736,37.403,1,0.000,0
2086,1024,1024,1.0000,26.002,38.459,1,0.000,0
2087,1024,1024,1.0000,26.923,37.143,1,0.000,0
2088,1024,1024,1.0000,26.371,37.920,1,0.000,0
2089,1024,1024,1.0000,26.633,37.547,1,0.000,0
2090,1024,1024,1.0000,27.247,36.701,1,0.000,0
2091,1024,1024,1.0000,25.932,38.562,1,0.000,0
2092,1024,1024,1.0000,27.412,36.480,1,0.000,0
2093,1024,1024,1.0000,26.285,38.045,1,0.000,0
2094,1024,1024,1.0000,27.046,36.974,1,0.000,0
2095,1024,1024,1.0000,26.157,38.231,1,0.000,0
2096,1024,1024,1.0000,26.448,37.810,1,0.000,0
2097,1024,1024,1.0000,26.281,38.050,1,0.000,0
2098,1024,1024,1.0000,26.686,37.473,1,0.000,0
2099,1024,1024,1.0000,26.694,37.462,1,0.000,0
2100,1024,1024,1.0000,26.466,37.784,1,0.000,0
2101,1024,1024,1.0000,27.169,36.807,1,0.000,0
2102,1024,1024,1.0000,26.272,38.063,1,0.000,0
2103,1024,1024,1.0000,26.893,37.184,1,0.000,0
2104,1024,1024,1.0000,26.457,37.797,1,0.000,0
2105,1024,1024,1.0000,26.457,37.797,1,0.000,0
2106,1024,1024,1.0000,26.392,37.890,1,0.000,0
2107,1024,1024,1.0000,26.280,38.052,1,0.000,0
2108,1024,1024,1.0000,26.744,37.392,1,0.000,0
2109,1024,1024,1.0000,26.171,38.210,1,0.000,0
2110,1024,1024,1.0000,27.049,36.970,1,0.000,0
2111,1024,1024,1.0000,26.024,38.426,1,0.000,0
2112,1024,1024,1.0000,27.480,36.390,1,0.000,0
2113,1024,1024,1.0000,26.406,37.870,1,0.000,0
2114,1024,1024,1.0000,26.534,37.687,1,0.000,0
2115,1024,1024,1.0000,26.611,37.578,1,0.000,0
2116,1024,1024,1.0000,26.018,38.435,1,0.000,0
2117,1024,1024,1.0000,26.952,37.103,1,0.000,0
2118,1024,1024,1.0000,26.302,38.020,1,0.000,0
2119,1024,1024,1.0000,27.116,36.879,1,0.000,0
2120,1024,1024,1.0000,26.239,38.111,1,0.000,0
2121,1024,1024,1.0000,26.614,37.574,1,0.000,0
2122,1024,1024,1.0000,26.346,37.956,1,0.000,0
2123,1024,1024,1.0000,26.736,37.403,1,0.000,0
2124,1024,1024,1.0000,26.864,37.225,1,0.000,0
2125,1024,1024,1.0000,26.417,37.854,1,0.000,0
2126,1024,1024,1.0000,26.489,37.752,1,0.000,0
2127,1024,1024,1.0000,26.264,38.075,1,0.000,0
2128,1024,1024,1.0000,26.805,37.306,1,0.000,0
2129,1024,1024,1.0000,26.167,38.216,1,0.000,0
2130,1024,1024,1.0000,27.134,36.854,1,0.000,0
2131,1024,1024,1.0000,27.206,36.757,1,0.000,0
2132,1024,1024,1.0000,28.191,35.472,1,0.000,0
2133,1024,1024,1.0000,27.534,36.319,1,0.000,0
2134,1024,1024,1.0000,28.170,35.499,1,0.000,0
2135,1024,1024,1.0000,27.361,36.548,1,0.000,0
2136,1024,1024,1.0000,28.539,35.040,1,0.000,0
2137,1024,1024,1.0000,27.149,36.834,1,0.000,0
2138,1024,1024,1.0000,27.193,36.774,1,0.000,0
2139,1024,1024,1.0000,27.160,36.819,1,0.000,0
2140,1024,1024,1.0000,27.318,36.606,1,0.000,0
2141,1024,1024,1.0000,26.726,37.417,1,0.000,0
2142,1024,1024,1.0000,26.114,38.294,1,0.000,0
2143,1024,1024,1.0000,26.747,37.387,1,0.000,0
2144,1024,1024,1.0000,26.280,38.052,1,0.000,0
2145,1024,1024,1.0000,26.967,37.082,1,0.000,0
2146,1024,1024,1.0000,26.195,38.175,1,0.000,0
2147,1024,1024,1.0000,27.111,36.885,1,0.000,0
2148,1024,1024,1.0000,26.247,38.100,1,0.000,0
2149,1024,1024,1.0000,26.392,37.890,1,0.000,0
2150,1024,1024,1.0000,26.785,37.334,1,0.000,0
2151,1024,1024,1.0000,26.219,38.140,1,0.000,0
2152,1024,1024,1.0000,26.470,37.779,1,0.000,0
2153,1024,1024,1.0000,26.302,38.020,1,0.000,0
2154,1024,1024,1.0000,26.603,37.590,1,0.000,0
2155,1024,1024,1.0000,26.579,37.624,1,0.000,0
2156,1024,1024,1.0000,26.365,37.929,1,0.000,0
2157,1024,1024,1.0000,26.591,37.607,1,0.000,0
2158,1024,1024,1.0000,25.875,38.647,1,0.000,0
2159,1024,1024,1.0000,27.489,36.378,1,0.000,0
2160,1024,1024,1.0000,26.304,38.017,1,0.000,0
2161,1024,1024,1.0000,26.626,37.557,1,0.000,0
2162,1024,1024,1.0000,26.228,38.127,1,0.000,0
2163,1024,1024,1.0000,25.920,38.580,1,0.000,0
2164,1024,1024,1.0000,26.785,37.334,1,0.000,0
2165,1024,1024,1.0000,26.175,38.204,1,0.000,0
2166,1024,1024,1.0000,26.905,37.168,1,0.000,0
2167,1024,1024,1.0000,25.975,38.499,1,0.000,0
2168,1024,1024,1.0000,27.186,36.784,1,0.000,0
2169,1024,1024,1.0000,26.344,37.959,1,0.000,0
2170,1024,1024,1.0000,26.936,37.125,1,0.000,0
2171,1024,1024,1.0000,27.111,36.885,1,0.000,0
2172,1024,1024,1.0000,25.969,38.507,1,0.000,0
2173,1024,1024,1.0000,26.638,37.540,1,0.000,0
2174,1024,1024,1.0000,26.246,38.101,1,0.000,0
2175,1024,1024,1.0000,26.876,37.208,1,0.000,0
2176,1024,1024,1.0000,26.533,37.689,1,0.000,0
2177,1024,1024,1.0000,26.233,38.120,1,0.000,0
2178,1024,1024,1.0000,26.367,37.926,1,0.000,0
2179,1024,1024,1.0000,26.361,37.935,1,0.000,0
2180,1024,1024,1.0000,26.914,37.155,1,0.000,0
2181,1024,1024,1.0000,26.420,37.850,1,0.000,0
2182,1024,1024,1.0000,27.239,36.712,1,0.000,0
2183,1024,1024,1.0000,25.786,38.781,1,0.000,0
2184,1024,1024,1.0000,26.641,37.536,1,0.000,0
2185,1024,1024,1.0000,26.481,37.763,1,0.000,0
2186,1024,1024,1.0000,26.578,37.625,1,0.000,0
2187,1024,1024,1.0000,26.295,38.030,1,0.000,0
2188,1024,1024,1.0000,26.259,38.082,1,0.000,0
2189,1024,1024,1.0000,27.504,36.358,1,0.000,0
2190,1024,1024,1.0000,26.480,37.764,1,0.000,0
2191,1024,1024,1.0000,26.666,37.501,1,0.000,0
2192,1024,1024,1.0000,26.061,38.372,1,0.000,0
2193,1024,1024,1.0000,26.517,37.712,1,0.000,0
2194,1024,1024,1.0000,27.239,36.712,1,0.000,0
2195,1024,1024,1.0000,26.316,38.000,1,0.000,0
2196,1024,1024,1.0000,27.253,36.693,1,0.000,0
2197,1024,1024,1.0000,25.967,38.510,1,0.000,0
2198,1024,1024,1.0000,26.677,37.485,1,0.000,0
2199,1024,1024,1.0000,26.358,37.939,1,0.000,0
2200,1024,1024,1.0000,26.442,37.819,1,0.000,0
2201,1024,1024,1.0000,26.685,37.474,1,0.000,0
2202,1024,1024,1.0000,25.963,38.516,1,0.000,0
2203,1024,1024,1.0000,26.827,37.276,1,0.000,0
2204,1024,1024,1.0000,26.337,37.969,1,0.000,0
2205,1024,1024,1.0000,26.965,37.085,1,0.000,0
2206,1024,1024,1.0000,26.707,37.443,1,0.000,0
2207,1024,1024,1.0000,27.737,36.053,1,0.000,0
2208,1024,1024,1.0000,26.581,37.621,1,0.000,0
2209,1024,1024,1.0000,27.808,35.961,1,0.000,0
2210,1024,1024,1.0000,27.073,36.937,1,0.000,0
2211,1024,1024,1.0000,27.833,35.929,1,0.000,0
2212,1024,1024,1.0000,27.472,36.401,1,0.000,0
2213,1024,1024,1.0000,27.770,36.010,1,0.000,0
2214,1024,1024,1.0000,27.141,36.845,1,0.000,0
2215,1024,1024,1.0000,27.788,35.987,1,0.000,0
2216,1024,1024,1.0000,27.921,35.815,1,0.000,0
2217,1024,1024,1.0000,27.850,35.907,1,0.000,0
2218,1024,1024,1.0000,27.812,35.956,1,0.000,0
2219,1024,1024,1.0000,26.707,37.443,1,0.000,0
2220,1024,1024,1.0000,27.084,36.922,1,0.000,0
2221,1024,1024,1.0000,26.388,37.896,1,0.000,0
2222,1024,1024,1.0000,26.760,37.369,1,0.000,0
2223,1024,1024,1.0000,26.416,37.856,1,0.000,0
2224,1024,1024,1.0000,26.222,38.136,1,0.000,0
2225,1024,1024,1.0000,26.903,37.171,1,0.000,0
2226,1024,1024,1.0000,26.487,37.754,1,0.000,0
2227,1024,1024,1.0000,26.837,37.262,1,0.000,0
2228,1024,1024,1.0000,26.294,38.031,1,0.000,0
2229,1024,1024,1.0000,27.299,36.631,1,0.000,0
2230,1024,1024,1.0000,26.350,37.951,1,0.000,0
2231,1024,1024,1.0000,27.008,37.026,1,0.000,0
2232,1024,1024,1.0000,26.442,37.819,1,0.000,0
2233,1024,1024,1.0000,26.737,37.401,1,0.000,0
2234,1024,1024,1.0000,26.481,37.763,1,0.000,0
2235,1024,1024,1.0000,26.423,37.846,1,0.000,0
2236,1024,1024,1.0000,27.012,37.021,1,0.000,0
2237,1024,1024,1.0000,26.280,38.052,1,0.000,0
2238,1024,1024,1.0000,27.109,36.888,1,0.000,0
2239,1024,1024,1.0000,25.927,38.570,1,0.000,0
2240,1024,1024,1.0000,27.290,36.643,1,0.000,0
2241,1024,1024,1.0000,26.546,37.670,1,0.000,0
2242,1024,1024,1.0000,26.708,37.442,1,0.000,0
2243,1024,1024,1.0000,26.713,37.435,1,0.000,0
2244,1024,1024,1.0000,25.992,38.473,1,0.000,0
2245,1024,1024,1.0000,27.096,36.906,1,0.000,0
2246,1024,1024,1.0000,26.196,38.174,1,0.000,0
2247,1024,1024,1.0000,27.024,37.004,1,0.000,0
2248,1024,1024,1.0000,26.319,37.995,1,0.000,0
2249,1024,1024,1.0000,26.727,37.415,1,0.000,0
2250,1024,1024,1.0000,26.161,38.225,1,0.000,0
2251,1024,1024,1.0000,26.991,37.049,1,0.000,0
2252,1024,1024,1.0000,26.856,37.236,1,0.000,0
2253,1024,1024,1.0000,26.556,37.656,1,0.000,0
2254,1024,1024,1.0000,26.508,37.724,1,0.000,0
2255,1024,1024,1.0000,25.924,38.574,1,0.000,0
2256,1024,1024,1.0000,27.070,36.941,1,0.000,0
2257,1024,1024,1.0000,26.354,37.945,1,0.000,0
2258,1024,1024,1.0000,26.880,37.202,1,0.000,0
2259,1024,1024,1.0000,26.253,38.091,1,0.000,0
2260,1024,1024,1.0000,26.328,37.982,1,0.000,0
2261,1024,1024,1.0000,26.707,37.443,1,0.000,0
2262,1024,1024,1.0000,26.285,38.045,1,0.000,0
2263,1024,1024,1.0000,27.097,36.904,1,0.000,0
2264,1024,1024,1.0000,26.531,37.692,1,0.000,0
2265,1024,1024,1.0000,26.607,37.584,1,0.000,0
2266,1024,1024,1.0000,26.262,38.078,1,0.000,0
2267,1024,1024,1.0000,26.703,37.449,1,0.000,0
2268,1024,1024,1.0000,26.767,37.359,1,0.000,0
2269,1024,1024,1.0000,26.170,38.212,1,0.000,0
2270,1024,1024,1.0000,27.044,36.977,1,0.000,0
2271,1024,1024,1.0000,26.440,37.821,1,0.000,0
2272,1024,1024,1.0000,27.042,36.980,1,0.000,0
2273,1024,1024,1.0000,26.308,38.011,1,0.000,0
2274,1024,1024,1.0000,26.345,37.958,1,0.000,0
2275,1024,1024,1.0000,26.448,37.810,1,0.000,0
2276,1024,1024,1.0000,26.981,37.063,1,0.000,0
2277,1024,1024,1.0000,26.825,37.279,1,0.000,0
2278,1024,1024,1.0000,26.074,38.352,1,0.000,0
2279,1024,1024,1.0000,26.765,37.362,1,0.000,0
2280,1024,1024,1.0000,26.088,38.332,1,0.000,0
2281,1024,1024,1.0000,26.803,37.309,1,0.000,0
2282,1024,1024,1.0000,26.403,37.874,1,0.000,0
2283,1024,1024,1.0000,27.873,35.877,1,0.000,0
2284,1024,1024,1.0000,26.703,37.449,1,0.000,0
2285,1024,1024,1.0000,28.040,35.663,1,0.000,0
2286,1024,1024,1.0000,27.309,36.618,1,0.000,0
2287,1024,1024,1.0000,27.811,35.957,1,0.000,0
2288,1024,1024,1.0000,27.740,36.049,1,0.000,0
2289,1024,1024,1.0000,27.828,35.935,1,0.000,0
2290,1024,1024,1.0000,27.624,36.200,1,0.000,0
2291,1024,1024,1.0000,27.940,35.791,1,0.000,0
2292,1024,1024,1.0000,28.344,35.281,1,0.000,0
2293,1024,1024,1.0000,27.295,36.637,1,0.000,0
2294,1024,1024,1.0000,27.996,35.719,1,0.000,0
2295,1024,1024,1.0000,26.817,37.290,1,0.000,0
2296,1024,1024,1.0000,26.130,38.270,1,0.000,0
2297,1024,1024,1.0000,26.966,37.084,1,0.000,0
2298,1024,1024,1.0000,26.323,37.990,1,0.000,0
2299,1024,1024,1.0000,27.534,36.319,1,0.000,0
2300,1024,1024,1.0000,26.359,37.938,1,0.000,0
2301,1024,1024,1.0000,26.793,37.323,1,0.000,0
2302,1024,1024,1.0000,26.086,38.335,1,0.000,0
2303,1024,1024,1.0000,26.629,37.553,1,0.000,0
2304,1024,1024,1.0000,26.799,37.315,1,0.000,0
2305,1024,1024,1.0000,26.401,37.877,1,0.000,0
2306,1024,1024,1.0000,26.751,37.382,1,0.000,0
2307,1024,1024,1.0000,25.998,38.464,1,0.000,0
2308,1024,1024,1.0000,27.122,36.870,1,0.000,0
2309,1024,1024,1.0000,26.308,38.011,1,0.000,0
2310,1024,1024,1.0000,27.054,36.963,1,0.000,0
2311,1024,1024,1.0000,26.798,37.316,1,0.000,0
2312,1024,1024,1.0000,26.366,37.928,1,0.000,0
2313,1024,1024,1.0000,26.739,37.399,1,0.000,0
2314,1024,1024,1.0000,26.443,37.817,1,0.000,0
2315,1024,1024,1.0000,26.969,37.080,1,0.000,0
2316,1024,1024,1.0000,26.108,38.302,1,0.000,0
2317,1024,1024,1.0000,26.634,37.546,1,0.000,0
2318,1024,1024,1.0000,26.444,37.816,1,0.000,0
2319,1024,1024,1.0000,26.943,37.115,1,0.000,0
2320,1024,1024,1.0000,26.831,37.270,1,0.000,0
2321,1024,1024,1.0000,26.541,37.678,1,0.000,0
2322,1024,1024,1.0000,26.631,37.550,1,0.000,0
2323,1024,1024,1.0000,27.119,36.875,1,0.000,0
2324,1024,1024,1.0000,26.882,37.200,1,0.000,0
2325,1024,1024,1.0000,26.324,37.988,1,0.000,0
2326,1024,1024,1.0000,27.106,36.892,1,0.000,0
2327,1024,1024,1.0000,26.122,38.282,1,0.000,0
2328,1024,1024,1.0000,26.944,37.114,1,0.000,0
2329,1024,1024,1.0000,26.654,37.518,1,0.000,0
2330,1024,1024,1.0000,26.446,37.813,1,0.000,0
2331,1024,1024,1.0000,27.057,36.959,1,0.000,0
2332,1024,1024,1.0000,26.037,38.407,1,0.000,0
2333,1024,1024,1.0000,27.230,36.724,1,0.000,0
2334,1024,1024,1.0000,26.579,37.624,1,0.000,0
2335,1024,1024,1.0000,27.117,36.877,1,0.000,0
2336,1024,1024,1.0000,26.485,37.757,1,0.000,0
2337,1024,1024,1.0000,26.046,38.394,1,0.000,0
2338,1024,1024,1.0000,26.947,37.110,1,0.000,0
2339,1024,1024,1.0000,26.328,37.982,1,0.000,0
2340,1024,1024,1.0000,26.898,37.177,1,0.000,0
2341,1024,1024,1.0000,26.439,37.823,1,0.000,0
2342,1024,1024,1.0000,26.265,38.073,1,0.000,0
2343,1024,1024,1.0000,26.833,37.268,1,0.000,0
2344,1024,1024,1.0000,26.329,37.981,1,0.000,0
2345,1024,1024,1.0000,26.895,37.182,1,0.000,0
2346,1024,1024,1.0000,26.973,37.074,1,0.000,0
2347,1024,1024,1.0000,26.899,37.176,1,0.000,0
2348,1024,1024,1.0000,26.451,37.806,1,0.000,0
2349,1024,1024,1.0000,26.845,37.251,1,0.000,0
2350,1024,1024,1.0000,26.578,37.625,1,0.000,0
2351,1024,1024,1.0000,26.573,37.632,1,0.000,0
2352,1024,1024,1.0000,26.422,37.847,1,0.000,0
2353,1024,1024,1.0000,26.484,37.759,1,0.000,0
2354,1024,1024,1.0000,27.005,37.030,1,0.000,0
2355,1024,1024,1.0000,26.441,37.820,1,0.000,0
2356,1024,1024,1.0000,27.095,36.907,1,0.000,0
2357,1024,1024,1.0000,26.111,38.298,1,0.000,0
2358,1024,1024,1.0000,27.101,36.899,1,0.000,0
2359,1024,1024,1.0000,27.390,36.510,1,0.000,0
2360,1024,1024,1.0000,27.936,35.796,1,0.000,0
2361,1024,1024,1.0000,27.532,36.321,1,0.000,0
2362,1024,1024,1.0000,27.512,36.348,1,0.000,0
2363,1024,1024,1.0000,27.320,36.603,1,0.000,0
2364,1024,1024,1.0000,27.725,36.069,1,0.000,0
2365,1024,1024,1.0000,27.970,35.753,1,0.000,0
2366,1024,1024,1.0000,27.633,36.189,1,0.000,0
2367,1024,1024,1.0000,27.981,35.739,1,0.000,0
2368,1024,1024,1.0000,27.474,36.398,1,0.000,0
2369,1024,1024,1.0000,27.919,35.818,1,0.000,0
2370,1024,1024,1.0000,26.324,37.988,1,0.000,0
2371,1024,1024,1.0000,26.953,37.102,1,0.000,0
2372,1024,1024,1.0000,26.507,37.726,1,0.000,0
2373,1024,1024,1.0000,26.800,37.313,1,0.000,0
2374,1024,1024,1.0000,26.318,37.997,1,0.000,0
2375,1024,1024,1.0000,26.547,37.669,1,0.000,0
2376,1024,1024,1.0000,26.939,37.121,1,0.000,0
2377,1024,1024,1.0000,26.349,37.952,1,0.000,0
2378,1024,1024,1.0000,27.129,36.861,1,0.000,0
2379,1024,1024,1.0000,26.084,38.338,1,0.000,0
2380,1024,1024,1.0000,27.460,36.417,1,0.000,0
2381,1024,1024,1.0000,26.588,37.611,1,0.000,0
2382,1024,1024,1.0000,26.383,37.903,1,0.000,0
2383,1024,1024,1.0000,27.084,36.922,1,0.000,0
2384,1024,1024,1.0000,26.034,38.411,1,0.000,0
2385,1024,1024,1.0000,26.954,37.100,1,0.000,0
2386,1024,1024,1.0000,26.557,37.655,1,0.000,0
2387,1024,1024,1.0000,26.495,37.743,1,0.000,0
2388,1024,1024,1.0000,26.972,37.075,1,0.000,0
2389,1024,1024,1.0000,25.989,38.478,1,0.000,0
2390,1024,1024,1.0000,27.218,36.740,1,0.000,0
2391,1024,1024,1.0000,26.301,38.021,1,0.000,0
2392,1024,1024,1.0000,27.168,36.808,1,0.000,0
2393,1024,1024,1.0000,27.022,37.007,1,0.000,0
2394,1024,1024,1.0000,26.451,37.806,1,0.000,0
2395,1024,1024,1.0000,26.764,37.364,1,0.000,0
2396,1024,1024,1.0000,26.497,37.740,1,0.000,0
2397,1024,1024,1.0000,27.369,36.538,1,0.000,0
2398,1024,1024,1.0000,26.362,37.933,1,0.000,0
2399,1024,1024,1.0000,26.712,37.436,1,0.000,0
2400,1024,1024,1.0000,26.022,38.429,1,0.000,0
2401,1024,1024,1.0000,27.097,36.904,1,0.000,0
2402,1024,1024,1.0000,26.457,37.797,1,0.000,0
2403,1024,1024,1.0000,26.757,37.373,1,0.000,0
2404,1024,1024,1.0000,27.127,36.864,1,0.000,0
2405,1024,1024,1.0000,25.949,38.537,1,0.000,0
2406,1024,1024,1.0000,27.264,36.678,1,0.000,0
2407,1024,1024,1.0000,26.268,38.069,1,0.000,0
2408,1024,1024,1.0000,26.914,37.155,1,0.000,0
2409,1024,1024,1.0000,26.383,37.903,1,0.000,0
2410,1024,1024,1.0000,26.518,37.710,1,0.000,0
2411,1024,1024,1.0000,26.645,37.530,1,0.000,0
2412,1024,1024,1.0000,26.655,37.516,1,0.000,0
2413,1024,1024,1.0000,26.882,37.200,1,0.000,0
2414,1024,1024,1.0000,26.042,38.400,1,0.000,0
2415,1024,1024,1.0000,26.996,37.043,1,0.000,0
2416,1024,1024,1.0000,26.795,37.320,1,0.000,0
2417,1024,1024,1.0000,26.831,37.270,1,0.000,0
2418,1024,1024,1.0000,26.748,37.386,1,0.000,0
2419,1024,1024,1.0000,26.170,38.212,1,0.000,0
2420,1024,1024,1.0000,26.800,37.313,1,0.000,0
2421,1024,1024,1.0000,26.376,37.913,1,0.000,0
2422,1024,1024,1.0000,26.943,37.115,1,0.000,0
2423,1024,1024,1.0000,26.607,37.584,1,0.000,0
2424,1024,1024,1.0000,26.363,37.932,1,0.000,0
2425,1024,1024,1.0000,26.567,37.641,1,0.000,0
2426,1024,1024,1.0000,26.621,37.564,1,0.000,0
2427,1024,1024,1.0000,26.559,37.652,1,0.000,0
2428,1024,1024,1.0000,27.016,37.015,1,0.000,0
2429,1024,1024,1.0000,26.936,37.125,1,0.000,0
2430,1024,1024,1.0000,26.397,37.883,1,0.000,0
2431,1024,1024,1.0000,27.245,36.704,1,0.000,0
2432,1024,1024,1.0000,26.356,37.942,1,0.000,0
2433,1024,1024,1.0000,27.231,36.723,1,0.000,0
2434,1024,1024,1.0000,26.440,37.821,1,0.000,0
2435,1024,1024,1.0000,28.619,34.942,1,0.000,0
2436,1024,1024,1.0000,27.440,36.443,1,0.000,0
2437,1024,1024,1.0000,27.396,36.502,1,0.000,0
2438,1024,1024,1.0000,28.018,35.691,1,0.000,0
2439,1024,1024,1.0000,27.990,35.727,1,0.000,0
2440,1024,1024,1.0000,27.718,36.078,1,0.000,0
2441,1024,1024,1.0000,27.179,36.793,1,0.000,0
2442,1024,1024,1.0000,27.591,36.244,1,0.000,0
2443,1024,1024,1.0000,28.355,35.267,1,0.000,0
2444,1024,1024,1.0000,27.650,36.166,1,0.000,0
2445,1024,1024,1.0000,28.222,35.433,1,0.000,0
2446,1024,1024,1.0000,26.727,37.415,1,0.000,0
2447,1024,1024,1.0000,26.598,37.597,1,0.000,0
2448,1024,1024,1.0000,26.600,37.594,1,0.000,0
2449,1024,1024,1.0000,26.982,37.062,1,0.000,0
2450,1024,1024,1.0000,27.127,36.864,1,0.000,0
2451,1024,1024,1.0000,26.439,37.823,1,0.000,0
2452,1024,1024,1.0000,26.642,37.535,1,0.000,0
2453,1024,1024,1.0000,26.381,37.906,1,0.000,0
2454,1024,1024,1.0000,27.055,36.962,1,0.000,0
2455,1024,1024,1.0000,26.631,37.550,1,0.000,0
2456,1024,1024,1.0000,26.922,37.144,1,0.000,0
2457,1024,1024,1.0000,26.438,37.824,1,0.000,0
2458,1024,1024,1.0000,26.439,37.823,1,0.000,0
2459,1024,1024,1.0000,27.155,36.826,1,0.000,0
2460,1024,1024,1.0000,26.396,37.885,1,0.000,0
2461,1024,1024,1.0000,26.962,37.089,1,0.000,0
2462,1024,1024,1.0000,26.689,37.469,1,0.000,0
2463,1024,1024,1.0000,26.688,37.470,1,0.000,0
2464,1024,1024,1.0000,26.780,37.341,1,0.000,0
2465,1024,1024,1.0000,26.378,37.910,1,0.000,0
2466,1024,1024,1.0000,27.140,36.846,1,0.000,0
2467,1024,1024,1.0000,26.045,38.395,1,0.000,0
2468,1024,1024,1.0000,26.978,37.067,1,0.000,0
2469,1024,1024,1.0000,26.671,37.494,1,0.000,0
2470,1024,1024,1.0000,26.615,37.573,1,0.000,0
2471,1024,1024,1.0000,27.062,36.952,1,0.000,0
2472,1024,1024,1.0000,25.990,38.476,1,0.000,0
2473,1024,1024,1.0000,27.111,36.885,1,0.000,0
2474,1024,1024,1.0000,27.167,36.809,1,0.000,0
2475,1024,1024,1.0000,26.756,37.375,1,0.000,0
2476,1024,1024,1.0000,26.753,37.379,1,0.000,0
2477,1024,1024,1.0000,26.123,38.280,1,0.000,0
2478,1024,1024,1.0000,26.844,37.252,1,0.000,0
2479,1024,1024,1.0000,26.350,37.951,1,0.000,0
2480,1024,1024,1.0000,26.804,37.308,1,0.000,0
2481,1024,1024,1.0000,26.757,37.373,1,0.000,0
2482,1024,1024,1.0000,26.435,37.829,1,0.000,0
2483,1024,1024,1.0000,26.400,37.879,1,0.000,0
2484,1024,1024,1.0000,26.365,37.929,1,0.000,0
2485,1024,1024,1.0000,27.222,36.735,1,0.000,0
2486,1024,1024,1.0000,26.664,37.504,1,0.000,0
2487,1024,1024,1.0000,26.934,37.128,1,0.000,0
2488,1024,1024,1.0000,26.634,37.546,1,0.000,0
2489,1024,1024,1.0000,26.598,37.597,1,0.000,0
2490,1024,1024,1.0000,26.877,37.207,1,0.000,0
2491,1024,1024,1.0000,26.396,37.885,1,0.000,0
2492,1024,1024,1.0000,26.888,37.191,1,0.000,0
2493,1024,1024,1.0000,26.118,38.288,1,0.000,0
2494,1024,1024,1.0000,26.843,37.254,1,0.000,0
2495,1024,1024,1.0000,26.630,37.552,1,0.000,0
2496,1024,1024,1.0000,26.374,37.916,1,0.000,0
2497,1024,1024,1.0000,26.882,37.200,1,0.000,0
2498,1024,1024,1.0000,26.642,37.535,1,0.000,0
2499,1024,1024,1.0000,27.203,36.761,1,0.000,0
2500,1024,1024,1.0000,26.461,37.791,1,0.000,0
2501,1024,1024,1.0000,26.814,37.294,1,0.000,0
2502,1024,1024,1.0000,26.558,37.653,1,0.000,0
2503,1024,1024,1.0000,26.462,37.790,1,0.000,0
2504,1024,1024,1.0000,27.286,36.649,1,0.000,0
2505,1024,1024,1.0000,27.183,36.788,1,0.000,0
2506,1024,1024,1.0000,27.043,36.978,1,0.000,0
2507,1024,1024,1.0000,26.387,37.897,1,0.000,0
2508,1024,1024,1.0000,26.827,37.276,1,0.000,0
2509,1024,1024,1.0000,26.982,37.062,1,0.000,0
2510,1024,1024,1.0000,26.808,37.302,1,0.000,0
2511,1024,1024,1.0000,27.176,36.797,1,0.000,0
2512,1024,1024,1.0000,28.565,35.008,1,0.000,0
2513,1024,1024,1.0000,26.756,37.375,1,0.000,0
2514,1024,1024,1.0000,27.972,35.750,1,0.000,0
2515,1024,1024,1.0000,27.384,36.518,1,0.000,0
2516,1024,1024,1.0000,28.124,35.557,1,0.000,0
2517,1024,1024,1.0000,27.584,36.253,1,0.000,0
2518,1024,1024,1.0000,28.005,35.708,1,0.000,0
2519,1024,1024,1.0000,27.458,36.419,1,0.000,0
2520,1024,1024,1.0000,27.569,36.273,1,0.000,0
2521,1024,1024,1.0000,28.411,35.198,1,0.000,0
2522,1024,1024,1.0000,27.647,36.170,1,0.000,0
2523,1024,1024,1.0000,27.588,36.248,1,0.000,0
2524,1024,1024,1.0000,26.512,37.719,1,0.000,0
2525,1024,1024,1.0000,26.798,37.316,1,0.000,0
2526,1024,1024,1.0000,26.143,38.251,1,0.000,0
2527,1024,1024,1.0000,26.895,37.182,1,0.000,0
2528,1024,1024,1.0000,26.793,37.323,1,0.000,0
2529,1024,1024,1.0000,26.432,37.833,1,0.000,0
2530,1024,1024,1.0000,26.952,37.103,1,0.000,0
2531,1024,1024,1.0000,26.025,38.425,1,0.000,0
2532,1024,1024,1.0000,27.382,36.520,1,0.000,0
2533,1024,1024,1.0000,26.852,37.241,1,0.000,0
2534,1024,1024,1.0000,26.422,37.847,1,0.000,0
2535,1024,1024,1.0000,26.923,37.143,1,0.000,0
2536,1024,1024,1.0000,26.350,37.951,1,0.000,0
2537,1024,1024,1.0000,27.232,36.722,1,0.000,0
2538,1024,1024,1.0000,26.111,38.298,1,0.000,0
2539,1024,1024,1.0000,27.027,37.000,1,0.000,0
2540,1024,1024,1.0000,26.279,38.053,1,0.000,0
2541,1024,1024,1.0000,26.777,37.345,1,0.000,0
2542,1024,1024,1.0000,26.674,37.490,1,0.000,0
2543,1024,1024,1.0000,26.859,37.231,1,0.000,0
2544,1024,1024,1.0000,27.430,36.456,1,0.000,0
2545,1024,1024,1.0000,26.009,38.448,1,0.000,0
2546,1024,1024,1.0000,26.807,37.304,1,0.000,0
2547,1024,1024,1.0000,26.479,37.766,1,0.000,0
2548,1024,1024,1.0000,26.829,37.273,1,0.000,0
2549,1024,1024,1.0000,26.841,37.256,1,0.000,0
2550,1024,1024,1.0000,26.646,37.529,1,0.000,0
2551,1024,1024,1.0000,26.783,37.337,1,0.000,0
2552,1024,1024,1.0000,26.405,37.872,1,0.000,0
2553,1024,1024,1.0000,27.154,36.827,1,0.000,0
2554,1024,1024,1.0000,26.348,37.954,1,0.000,0
2555,1024,1024,1.0000,27.253,36.693,1,0.000,0
2556,1024,1024,1.0000,26.548,37.668,1,0.000,0
2557,1024,1024,1.0000,26.789,37.329,1,0.000,0
2558,1024,1024,1.0000,26.674,37.490,1,0.000,0
2559,1024,1024,1.0000,26.806,37.305,1,0.000,0
2560,1024,1024,1.0000,26.731,37.410,1,0.000,0
2561,1024,1024,1.0000,26.102,38.311,1,0.000,0
2562,1024,1024,1.0000,27.231,36.723,1,0.000,0
2563,1024,1024,1.0000,26.342,37.962,1,0.000,0
2564,1024,1024,1.0000,27.323,36.599,1,0.000,0
2565,1024,1024,1.0000,26.304,38.017,1,0.000,0
2566,1024,1024,1.0000,26.620,37.566,1,0.000,0
2567,1024,1024,1.0000,27.286,36.649,1,0.000,0
2568,1024,1024,1.0000,26.374,37.916,1,0.000,0
2569,1024,1024,1.0000,27.289,36.645,1,0.000,0
2570,1024,1024,1.0000,26.358,37.939,1,0.000,0
2571,1024,1024,1.0000,26.611,37.578,1,0.000,0
2572,1024,1024,1.0000,26.206,38.159,1,0.000,0
2573,1024,1024,1.0000,26.814,37.294,1,0.000,0
2574,1024,1024,1.0000,26.714,37.434,1,0.000,0
2575,1024,1024,1.0000,26.662,37.507,1,0.000,0
2576,1024,1024,1.0000,26.496,37.742,1,0.000,0
2577,1024,1024,1.0000,26.058,38.376,1,0.000,0
2578,1024,1024,1.0000,27.039,36.984,1,0.000,0
2579,1024,1024,1.0000,27.046,36.974,1,0.000,0
2580,1024,1024,1.0000,27.224,36.732,1,0.000,0
2581,1024,1024,1.0000,25.772,38.802,1,0.000,0
2582,1024,1024,1.0000,26.528,37.696,1,0.000,0
2583,1024,1024,1.0000,26.606,37.586,1,0.000,0
2584,1024,1024,1.0000,26.741,37.396,1,0.000,0
2585,1024,1024,1.0000,26.988,37.054,1,0.000,0
2586,1024,1024,1.0000,26.191,38.181,1,0.000,0
2587,1024,1024,1.0000,27.860,35.894,1,0.000,0
2588,1024,1024,1.0000,27.268,36.673,1,0.000,0
2589,1024,1024,1.0000,27.769,36.011,1,0.000,0
2590,1024,1024,1.0000,27.515,36.344,1,0.000,0
2591,1024,1024,1.0000,28.832,34.684,1,0.000,0
2592,1024,1024,1.0000,27.373,36.532,1,0.000,0
2593,1024,1024,1.0000,28.178,35.489,1,0.000,0
2594,1024,1024,1.0000,27.348,36.566,1,0.000,0
2595,1024,1024,1.0000,28.115,35.568,1,0.000,0
2596,1024,1024,1.0000,27.331,36.588,1,0.000,0
2597,1024,1024,1.0000,28.234,35.418,1,0.000,0
2598,1024,1024,1.0000,27.300,36.630,1,0.000,0
2599,1024,1024,1.0000,28.338,35.288,1,0.000,0
2600,1024,1024,1.0000,27.835,35.926,1,0.000,0
2601,1024,1024,1.0000,27.833,35.929,1,0.000,0
2602,1024,1024,1.0000,27.658,36.156,1,0.000,0
2603,1024,1024,1.0000,26.703,37.449,1,0.000,0
2604,1024,1024,1.0000,26.566,37.642,1,0.000,0
2605,1024,1024,1.0000,26.308,38.011,1,0.000,0
2606,1024,1024,1.0000,26.581,37.621,1,0.000,0
2607,1024,1024,1.0000,27.118,36.876,1,0.000,0
2608,1024,1024,1.0000,26.372,37.919,1,0.000,0
2609,1024,1024,1.0000,26.728,37.414,1,0.000,0
2610,1024,1024,1.0000,25.987,38.481,1,0.000,0
2611,1024,1024,1.0000,27.066,36.947,1,0.000,0
2612,1024,1024,1.0000,26.682,37.478,1,0.000,0
2613,1024,1024,1.0000,26.614,37.574,1,0.000,0
2614,1024,1024,1.0000,26.510,37.722,1,0.000,0
2615,1024,1024,1.0000,26.042,38.400,1,0.000,0
2616,1024,1024,1.0000,27.074,36.936,1,0.000,0
2617,1024,1024,1.0000,26.493,37.746,1,0.000,0
2618,1024,1024,1.0000,26.635,37.545,1,0.000,0
2619,1024,1024,1.0000,26.676,37.487,1,0.000,0
2620,1024,1024,1.0000,26.027,38.422,1,0.000,0
2621,1024,1024,1.0000,27.123,36.869,1,0.000,0
2622,1024,1024,1.0000,26.376,37.913,1,0.000,0
2623,1024,1024,1.0000,27.236,36.716,1,0.000,0
2624,1024,1024,1.0000,26.140,38.256,1,0.000,0
2625,1024,1024,1.0000,27.610,36.219,1,0.000,0
2626,1024,1024,1.0000,26.715,37.432,1,0.000,0
2627,1024,1024,1.0000,27.097,36.904,1,0.000,0
2628,1024,1024,1.0000,26.745,37.390,1,0.000,0
2629,1024,1024,1.0000,26.237,38.114,1,0.000,0
2630,1024,1024,1.0000,26.912,37.158,1,0.000,0
2631,1024,1024,1.0000,26.332,37.977,1,0.000,0
2632,1024,1024,1.0000,27.259,36.685,1,0.000,0
2633,1024,1024,1.0000,26.365,37.929,1,0.000,0
2634,1024,1024,1.0000,27.121,36.872,1,0.000,0
2635,1024,1024,1.0000,26.083,38.339,1,0.000,0
2636,1024,1024,1.0000,27.634,36.187,1,0.000,0
2637,1024,1024,1.0000,26.599,37.595,1,0.000,0
2638,1024,1024,1.0000,26.827,37.276,1,0.000,0
2639,1024,1024,1.0000,26.757,37.373,1,0.000,0
2640,1024,1024,1.0000,26.388,37.896,1,0.000,0
2641,1024,1024,1.0000,27.235,36.717,1,0.000,0
2642,1024,1024,1.0000,26.453,37.803,1,0.000,0
2643,1024,1024,1.0000,27.283,36.653,1,0.000,0
2644,1024,1024,1.0000,26.402,37.876,1,0.000,0
2645,1024,1024,1.0000,26.550,37.665,1,0.000,0
2646,1024,1024,1.0000,26.659,37.511,1,0.000,0
2647,1024,1024,1.0000,26.459,37.794,1,0.000,0
2648,1024,1024,1.0000,27.818,35.948,1,0.000,0
2649,1024,1024,1.0000,26.518,37.710,1,0.000,0
2650,1024,1024,1.0000,26.796,37.319,1,0.000,0
2651,1024,1024,1.0000,26.151,38.239,1,0.000,0
2652,1024,1024,1.0000,26.948,37.109,1,0.000,0
2653,1024,1024,1.0000,26.691,37.466,1,0.000,0
2654,1024,1024,1.0000,26.964,37.086,1,0.000,0
2655,1024,1024,1.0000,26.533,37.689,1,0.000,0
2656,1024,1024,1.0000,26.034,38.411,1,0.000,0
2657,1024,1024,1.0000,27.207,36.755,1,0.000,0
2658,1024,1024,1.0000,26.568,37.639,1,0.000,0
2659,1024,1024,1.0000,27.122,36.870,1,0.000,0
2660,1024,1024,1.0000,28.798,34.725,1,0.000,0
2661,1024,1024,1.0000,26.562,37.648,1,0.000,0
2662,1024,1024,1.0000,26.774,37.350,1,0.000,0
2663,1024,1024,1.0000,28.552,35.024,1,0.000,0
2664,1024,1024,1.0000,27.210,36.751,1,0.000,0
2665,1024,1024,1.0000,28.148,35.527,1,0.000,0
2666,1024,1024,1.0000,26.882,37.200,1,0.000,0
2667,1024,1024,1.0000,27.819,35.947,1,0.000,0
2668,1024,1024,1.0000,27.390,36.510,1,0.000,0
2669,1024,1024,1.0000,28.023,35.685,1,0.000,0
2670,1024,1024,1.0000,27.637,36.183,1,0.000,0
2671,1024,1024,1.0000,28.506,35.080,1,0.000,0
2672,1024,1024,1.0000,27.461,36.415,1,0.000,0
2673,1024,1024,1.0000,27.331,36.588,1,0.000,0
2674,1024,1024,1.0000,28.164,35.506,1,0.000,0
2675,1024,1024,1.0000,27.612,36.216,1,0.000,0
2676,1024,1024,1.0000,28.077,35.616,1,0.000,0
2677,1024,1024,1.0000,27.184,36.786,1,0.000,0
2678,1024,1024,1.0000,27.880,35.868,1,0.000,0
2679,1024,1024,1.0000,27.130,36.860,1,0.000,0
2680,1024,1024,1.0000,28.259,35.387,1,0.000,0
2681,1024,1024,1.0000,28.111,35.573,1,0.000,0
2682,1024,1024,1.0000,28.065,35.632,1,0.000,0
2683,1024,1024,1.0000,27.603,36.228,1,0.000,0
2684,1024,1024,1.0000,28.208,35.451,1,0.000,0
2685,1024,1024,1.0000,26.659,37.511,1,0.000,0
2686,1024,1024,1.0000,26.301,38.021,1,0.000,0
2687,1024,1024,1.0000,26.896,37.180,1,0.000,0
2688,1024,1024,1.0000,26.639,37.539,1,0.000,0
2689,1024,1024,1.0000,26.807,37.304,1,0.000,0
2690,1024,1024,1.0000,26.030,38.417,1,0.000,0
2691,1024,1024,1.0000,26.871,37.215,1,0.000,0
2692,1024,1024,1.0000,26.538,37.682,1,0.000,0
2693,1024,1024,1.0000,26.962,37.089,1,0.000,0
2694,1024,1024,1.0000,26.574,37.631,1,0.000,0
2695,1024,1024,1.0000,26.617,37.570,1,0.000,0
2696,1024,1024,1.0000,26.575,37.629,1,0.000,0
2697,1024,1024,1.0000,26.911,37.160,1,0.000,0
2698,1024,1024,1.0000,26.702,37.450,1,0.000,0
2699,1024,1024,1.0000,26.695,37.460,1,0.000,0
2700,1024,1024,1.0000,26.779,37.343,1,0.000,0
2701,1024,1024,1.0000,27.315,36.610,1,0.000,0
2702,1024,1024,1.0000,27.287,36.647,1,0.000,0
2703,1024,1024,1.0000,26.168,38.215,1,0.000,0
2704,1024,1024,1.0000,26.743,37.393,1,0.000,0
2705,1024,1024,1.0000,26.354,37.945,1,0.000,0
2706,1024,1024,1.0000,26.829,37.273,1,0.000,0
2707,1024,1024,1.0000,26.878,37.205,1,0.000,0
2708,1024,1024,1.0000,26.491,37.749,1,0.000,0
2709,1024,1024,1.0000,27.408,36.486,1,0.000,0
2710,1024,1024,1.0000,26.241,38.108,1,0.000,0
2711,1024,1024,1.0000,26.815,37.293,1,0.000,0
2712,1024,1024,1.0000,26.573,37.632,1,0.000,0
2713,1024,1024,1.0000,26.966,37.084,1,0.000,0
2714,1024,1024,1.0000,26.907,37.165,1,0.000,0
2715,1024,1024,1.0000,26.266,38.072,1,0.000,0
2716,1024,1024,1.0000,27.066,36.947,1,0.000,0
2717,1024,1024,1.0000,27.028,36.999,1,0.000,0
2718,1024,1024,1.0000,26.478,37.767,1,0.000,0
2719,1024,1024,1.0000,27.386,36.515,1,0.000,0
2720,1024,1024,1.0000,26.233,38.120,1,0.000,0
2721,1024,1024,1.0000,26.842,37.255,1,0.000,0
2722,1024,1024,1.0000,26.426,37.842,1,0.000,0
2723,1024,1024,1.0000,26.645,37.530,1,0.000,0
2724,1024,1024,1.0000,26.921,37.146,1,0.000,0
2725,1024,1024,1.0000,26.153,38.237,1,0.000,0
2726,1024,1024,1.0000,27.054,36.963,1,0.000,0
2727,1024,1024,1.0000,27.187,36.782,1,0.000,0
2728,1024,1024,1.0000,27.065,36.948,1,0.000,0
2729,1024,1024,1.0000,26.585,37.615,1,0.000,0
2730,1024,1024,1.0000,26.985,37.058,1,0.000,0
2731,1024,1024,1.0000,26.601,37.593,1,0.000,0
2732,1024,1024,1.0000,26.918,37.150,1,0.000,0
2733,1024,1024,1.0000,26.898,37.177,1,0.000,0
2734,1024,1024,1.0000,26.719,37.427,1,0.000,0
2735,1024,1024,1.0000,27.067,36.945,1,0.000,0
2736,1024,1024,1.0000,26.165,38.219,1,0.000,0
2737,1024,1024,1.0000,27.466,36.409,1,0.000,0
2738,1024,1024,1.0000,27.219,36.739,1,0.000,0
2739,1024,1024,1.0000,28.578,34.992,1,0.000,0
2740,1024,1024,1.0000,27.932,35.801,1,0.000,0
2741,1024,1024,1.0000,28.044,35.658,1,0.000,0
2742,1024,1024,1.0000,27.146,36.838,1,0.000,0
2743,1024,1024,1.0000,27.677,36.131,1,0.000,0
2744,1024,1024,1.0000,27.475,36.397,1,0.000,0
2745,1024,1024,1.0000,27.756,36.028,1,0.000,0
2746,1024,1024,1.0000,27.626,36.198,1,0.000,0
2747,1024,1024,1.0000,28.107,35.578,1,0.000,0
2748,1024,1024,1.0000,27.515,36.344,1,0.000,0
2749,1024,1024,1.0000,27.397,36.500,1,0.000,0
2750,1024,1024,1.0000,27.735,36.056,1,0.000,0
2751,1024,1024,1.0000,26.768,37.358,1,0.000,0
2752,1024,1024,1.0000,27.316,36.609,1,0.000,0
2753,1024,1024,1.0000,26.167,38.216,1,0.000,0
2754,1024,1024,1.0000,27.296,36.635,1,0.000,0
2755,1024,1024,1.0000,26.564,37.645,1,0.000,0
2756,1024,1024,1.0000,26.910,37.161,1,0.000,0
2757,1024,1024,1.0000,26.872,37.213,1,0.000,0
2758,1024,1024,1.0000,26.369,37.923,1,0.000,0
2759,1024,1024,1.0000,26.750,37.383,1,0.000,0
2760,1024,1024,1.0000,26.406,37.870,1,0.000,0
2761,1024,1024,1.0000,27.795,35.978,1,0.000,0
2762,1024,1024,1.0000,26.545,37.672,1,0.000,0
2763,1024,1024,1.0000,27.263,36.680,1,0.000,0
2764,1024,1024,1.0000,26.296,38.029,1,0.000,0
2765,1024,1024,1.0000,26.902,37.172,1,0.000,0
2766,1024,1024,1.0000,27.010,37.023,1,0.000,0
2767,1024,1024,1.0000,26.459,37.794,1,0.000,0
2768,1024,1024,1.0000,27.472,36.401,1,0.000,0
2769,1024,1024,1.0000,26.256,38.087,1,0.000,0
2770,1024,1024,1.0000,27.397,36.500,1,0.000,0
2771,1024,1024,1.0000,26.709,37.441,1,0.000,0
2772,1024,1024,1.0000,26.777,37.345,1,0.000,0
2773,1024,1024,1.0000,27.021,37.008,1,0.000,0
2774,1024,1024,1.0000,26.755,37.376,1,0.000,0
2775,1024,1024,1.0000,27.275,36.664,1,0.000,0
2776,1024,1024,1.0000,26.617,37.570,1,0.000,0
2777,1024,1024,1.0000,27.100,36.900,1,0.000,0
2778,1024,1024,1.0000,26.505,37.729,1,0.000,0
2779,1024,1024,1.0000,26.600,37.594,1,0.000,0
2780,1024,1024,1.0000,26.665,37.502,1,0.000,0
2781,1024,1024,1.0000,26.701,37.452,1,0.000,0
2782,1024,1024,1.0000,27.057,36.959,1,0.000,0
2783,1024,1024,1.0000,26.640,37.538,1,0.000,0
2784,1024,1024,1.0000,27.173,36.801,1,0.000,0
2785,1024,1024,1.0000,26.842,37.255,1,0.000,0
2786,1024,1024,1.0000,27.088,36.917,1,0.000,0
2787,1024,1024,1.0000,26.699,37.455,1,0.000,0
2788,1024,1024,1.0000,26.776,37.347,1,0.000,0
2789,1024,1024,1.0000,27.182,36.789,1,0.000,0
2790,1024,1024,1.0000,26.286,38.043,1,0.000,0
2791,1024,1024,1.0000,27.439,36.444,1,0.000,0
2792,1024,1024,1.0000,26.575,37.629,1,0.000,0
2793,1024,1024,1.0000,27.396,36.502,1,0.000,0
2794,1024,1024,1.0000,26.619,37.567,1,0.000,0
2795,1024,1024,1.0000,26.837,37.262,1,0.000,0
2796,1024,1024,1.0000,27.024,37.004,1,0.000,0
2797,1024,1024,1.0000,26.613,37.576,1,0.000,0
2798,1024,1024,1.0000,27.084,36.922,1,0.000,0
2799,1024,1024,1.0000,26.603,37.590,1,0.000,0
2800,1024,1024,1.0000,26.910,37.161,1,0.000,0
2801,1024,1024,1.0000,26.692,37.464,1,0.000,0
2802,1024,1024,1.0000,26.649,37.525,1,0.000,0
2803,1024,1024,1.0000,27.070,36.941,1,0.000,0
2804,1024,1024,1.0000,26.588,37.611,1,0.000,0
2805,1024,1024,1.0000,27.200,36.765,1,0.000,0
2806,1024,1024,1.0000,26.278,38.055,1,0.000,0
2807,1024,1024,1.0000,27.051,36.967,1,0.000,0
2808,1024,1024,1.0000,27.205,36.758,1,0.000,0
2809,1024,1024,1.0000,26.602,37.591,1,0.000,0
2810,1024,1024,1.0000,27.371,36.535,1,0.000,0
2811,1024,1024,1.0000,26.308,38.011,1,0.000,0
2812,1024,1024,1.0000,27.150,36.832,1,0.000,0
2813,1024,1024,1.0000,27.390,36.510,1,0.000,0
2814,1024,1024,1.0000,28.430,35.174,1,0.000,0
2815,1024,1024,1.0000,27.509,36.352,1,0.000,0
2816,1024,1024,1.0000,27.838,35.922,1,0.000,0
2817,1024,1024,1.0000,26.876,37.208,1,0.000,0
2818,1024,1024,1.0000,27.991,35.726,1,0.000,0
2819,1024,1024,1.0000,27.675,36.134,1,0.000,0
2820,1024,1024,1.0000,28.062,35.635,1,0.000,0
2821,1024,1024,1.0000,27.867,35.885,1,0.000,0
2822,1024,1024,1.0000,27.426,36.462,1,0.000,0
2823,1024,1024,1.0000,28.087,35.604,1,0.000,0
2824,1024,1024,1.0000,27.615,36.212,1,0.000,0
2825,1024,1024,1.0000,28.285,35.354,1,0.000,0
2826,1024,1024,1.0000,26.831,37.270,1,0.000,0
2827,1024,1024,1.0000,26.808,37.302,1,0.000,0
2828,1024,1024,1.0000,26.584,37.617,1,0.000,0
2829,1024,1024,1.0000,26.172,38.209,1,0.000,0
2830,1024,1024,1.0000,27.655,36.160,1,0.000,0
2831,1024,1024,1.0000,26.909,37.162,1,0.000,0
2832,1024,1024,1.0000,27.113,36.883,1,0.000,0
2833,1024,1024,1.0000,26.571,37.635,1,0.000,0
2834,1024,1024,1.0000,26.235,38.117,1,0.000,0
2835,1024,1024,1.0000,27.261,36.682,1,0.000,0
2836,1024,1024,1.0000,26.743,37.393,1,0.000,0
2837,1024,1024,1.0000,27.307,36.621,1,0.000,0
2838,1024,1024,1.0000,26.602,37.591,1,0.000,0
2839,1024,1024,1.0000,26.798,37.316,1,0.000,0
2840,1024,1024,1.0000,26.624,37.560,1,0.000,0
2841,1024,1024,1.0000,27.271,36.669,1,0.000,0
2842,1024,1024,1.0000,26.820,37.286,1,0.000,0
2843,1024,1024,1.0000,27.391,36.508,1,0.000,0
2844,1024,1024,1.0000,26.775,37.348,1,0.000,0
2845,1024,1024,1.0000,26.476,37.770,1,0.000,0
2846,1024,1024,1.0000,27.500,36.364,1,0.000,0
2847,1024,1024,1.0000,27.182,36.789,1,0.000,0
2848,1024,1024,1.0000,28.085,35.606,1,0.000,0
2849,1024,1024,1.0000,26.700,37.453,1,0.000,0
2850,1024,1024,1.0000,26.609,37.581,1,0.000,0
2851,1024,1024,1.0000,27.381,36.522,1,0.000,0
2852,1024,1024,1.0000,26.539,37.680,1,0.000,0
2853,1024,1024,1.0000,27.349,36.564,1,0.000,0
2854,1024,1024,1.0000,27.303,36.626,1,0.000,0
2855,1024,1024,1.0000,26.996,37.043,1,0.000,0
2856,1024,1024,1.0000,26.758,37.372,1,0.000,0
2857,1024,1024,1.0000,27.184,36.786,1,0.000,0
2858,1024,1024,1.0000,26.908,37.164,1,0.000,0
2859,1024,1024,1.0000,26.654,37.518,1,0.000,0
2860,1024,1024,1.0000,26.994,37.045,1,0.000,0
2861,1024,1024,1.0000,26.291,38.036,1,0.000,0
2862,1024,1024,1.0000,28.024,35.684,1,0.000,0
2863,1024,1024,1.0000,26.791,37.326,1,0.000,0
2864,1024,1024,1.0000,27.265,36.677,1,0.000,0
2865,1024,1024,1.0000,27.052,36.966,1,0.000,0
2866,1024,1024,1.0000,26.665,37.502,1,0.000,0
2867,1024,1024,1.0000,26.922,37.144,1,0.000,0
2868,1024,1024,1.0000,26.640,37.538,1,0.000,0
2869,1024,1024,1.0000,27.188,36.781,1,0.000,0
2870,1024,1024,1.0000,26.719,37.427,1,0.000,0
2871,1024,1024,1.0000,26.580,37.622,1,0.000,0
2872,1024,1024,1.0000,27.045,36.975,1,0.000,0
2873,1024,1024,1.0000,26.678,37.484,1,0.000,0
2874,1024,1024,1.0000,27.201,36.763,1,0.000,0
2875,1024,1024,1.0000,26.731,37.410,1,0.000,0
2876,1024,1024,1.0000,26.922,37.144,1,0.000,0
2877,1024,1024,1.0000,27.420,36.470,1,0.000,0
2878,1024,1024,1.0000,26.887,37.193,1,0.000,0
2879,1024,1024,1.0000,27.048,36.971,1,0.000,0
2880,1024,1024,1.0000,26.828,37.274,1,0.000,0
2881,1024,1024,1.0000,27.085,36.921,1,0.000,0
2882,1024,1024,1.0000,26.342,37.962,1,0.000,0
2883,1024,1024,1.0000,27.188,36.781,1,0.000,0
2884,1024,1024,1.0000,26.926,37.139,1,0.000,0
2885,1024,1024,1.0000,27.190,36.778,1,0.000,0
2886,1024,1024,1.0000,26.942,37.117,1,0.000,0
2887,1024,1024,1.0000,26.610,37.580,1,0.000,0
2888,1024,1024,1.0000,27.680,36.127,1,0.000,0
2889,1024,1024,1.0000,27.676,36.132,1,0.000,0
2890,1024,1024,1.0000,27.914,35.824,1,0.000,0
2891,1024,1024,1.0000,28.207,35.452,1,0.000,0
2892,1024,1024,1.0000,28.207,35.452,1,0.000,0
2893,1024,1024,1.0000,27.748,36.039,1,0.000,0
2894,1024,1024,1.0000,27.887,35.859,1,0.000,0
2895,1024,1024,1.0000,27.530,36.324,1,0.000,0
2896,1024,1024,1.0000,28.250,35.398,1,0.000,0
2897,1024,1024,1.0000,27.669,36.142,1,0.000,0
2898,1024,1024,1.0000,28.359,35.262,1,0.000,0
2899,1024,1024,1.0000,27.651,36.165,1,0.000,0
2900,1024,1024,1.0000,28.100,35.587,1,0.000,0
2901,1024,1024,1.0000,27.564,36.279,1,0.000,0
2902,1024,1024,1.0000,28.377,35.240,1,0.000,0
2903,1024,1024,1.0000,27.481,36.389,1,0.000,0
2904,1024,1024,1.0000,28.429,35.175,1,0.000,0
2905,1024,1024,1.0000,26.720,37.425,1,0.000,0
2906,1024,1024,1.0000,26.880,37.202,1,0.000,0
2907,1024,1024,1.0000,26.877,37.207,1,0.000,0
2908,1024,1024,1.0000,26.748,37.386,1,0.000,0
2909,1024,1024,1.0000,26.962,37.089,1,0.000,0
2910,1024,1024,1.0000,26.460,37.793,1,0.000,0
2911,1024,1024,1.0000,27.328,36.593,1,0.000,0
2912,1024,1024,1.0000,26.872,37.213,1,0.000,0
2913,1024,1024,1.0000,27.288,36.646,1,0.000,0
2914,1024,1024,1.0000,26.728,37.414,1,0.000,0
2915,1024,1024,1.0000,27.150,36.832,1,0.000,0
2916,1024,1024,1.0000,26.418,37.853,1,0.000,0
2917,1024,1024,1.0000,27.007,37.027,1,0.000,0
2918,1024,1024,1.0000,26.969,37.080,1,0.000,0
2919,1024,1024,1.0000,26.800,37.313,1,0.000,0
2920,1024,1024,1.0000,27.215,36.744,1,0.000,0
2921,1024,1024,1.0000,26.346,37.956,1,0.000,0
2922,1024,1024,1.0000,27.970,35.753,1,0.000,0
2923,1024,1024,1.0000,26.586,37.614,1,0.000,0
2924,1024,1024,1.0000,27.374,36.531,1,0.000,0
2925,1024,1024,1.0000,27.093,36.910,1,0.000,0
2926,1024,1024,1.0000,27.061,36.954,1,0.000,0
2927,1024,1024,1.0000,26.816,37.291,1,0.000,0
2928,1024,1024,1.0000,26.950,37.106,1,0.000,0
2929,1024,1024,1.0000,27.160,36.819,1,0.000,0
2930,1024,1024,1.0000,26.761,37.368,1,0.000,0
2931,1024,1024,1.0000,27.669,36.142,1,0.000,0
2932,1024,1024,1.0000,26.295,38.030,1,0.000,0
2933,1024,1024,1.0000,27.723,36.071,1,0.000,0
2934,1024,1024,1.0000,26.796,37.319,1,0.000,0
2935,1024,1024,1.0000,26.736,37.403,1,0.000,0
2936,1024,1024,1.0000,27.245,36.704,1,0.000,0
2937,1024,1024,1.0000,26.189,38.184,1,0.000,0
2938,1024,1024,1.0000,27.424,36.464,1,0.000,0
2939,1024,1024,1.0000,26.693,37.463,1,0.000,0
2940,1024,1024,1.0000,27.427,36.460,1,0.000,0
2941,1024,1024,1.0000,26.639,37.539,1,0.000,0
2942,1024,1024,1.0000,26.983,37.060,1,0.000,0
2943,1024,1024,1.0000,26.346,37.956,1,0.000,0
2944,1024,1024,1.0000,27.225,36.731,1,0.000,0
2945,1024,1024,1.0000,26.891,37.187,1,0.000,0
2946,1024,1024,1.0000,27.613,36.215,1,0.000,0
2947,1024,1024,1.0000,27.165,36.812,1,0.000,0
2948,1024,1024,1.0000,26.333,37.975,1,0.000,0
2949,1024,1024,1.0000,27.484,36.385,1,0.000,0
2950,1024,1024,1.0000,26.686,37.473,1,0.000,0
2951,1024,1024,1.0000,27.268,36.673,1,0.000,0
2952,1024,1024,1.0000,26.719,37.427,1,0.000,0
2953,1024,1024,1.0000,26.863,37.226,1,0.000,0
2954,1024,1024,1.0000,26.891,37.187,1,0.000,0
2955,1024,1024,1.0000,27.056,36.960,1,0.000,0
2956,1024,1024,1.0000,26.981,37.063,1,0.000,0
2957,1024,1024,1.0000,27.350,36.563,1,0.000,0
2958,1024,1024,1.0000,26.924,37.142,1,0.000,0
2959,1024,1024,1.0000,26.245,38.102,1,0.000,0
2960,1024,1024,1.0000,27.349,36.564,1,0.000,0
2961,1024,1024,1.0000,26.850,37.244,1,0.000,0
2962,1024,1024,1.0000,27.606,36.224,1,0.000,0
2963,1024,1024,1.0000,26.536,37.685,1,0.000,0
2964,1024,1024,1.0000,27.933,35.800,1,0.000,0
2965,1024,1024,1.0000,27.280,36.657,1,0.000,0
2966,1024,1024,1.0000,28.292,35.346,1,0.000,0
2967,1024,1024,1.0000,27.702,36.098,1,0.000,0
2968,1024,1024,1.0000,28.438,35.164,1,0.000,0
2969,1024,1024,1.0000,27.509,36.352,1,0.000,0
2970,1024,1024,1.0000,27.687,36.118,1,0.000,0
2971,1024,1024,1.0000,27.507,36.354,1,0.000,0
2972,1024,1024,1.0000,27.653,36.162,1,0.000,0
2973,1024,1024,1.0000,27.574,36.266,1,0.000,0
2974,1024,1024,1.0000,27.637,36.183,1,0.000,0
2975,1024,1024,1.0000,28.140,35.537,1,0.000,0
2976,1024,1024,1.0000,27.371,36.535,1,0.000,0
2977,1024,1024,1.0000,28.167,35.503,1,0.000,0
2978,1024,1024,1.0000,27.744,36.044,1,0.000,0
2979,1024,1024,1.0000,28.323,35.307,1,0.000,0
2980,1024,1024,1.0000,27.669,36.142,1,0.000,0
2981,1024,1024,1.0000,28.394,35.219,1,0.000,0
2982,1024,1024,1.0000,27.221,36.736,1,0.000,0
2983,1024,1024,1.0000,27.562,36.282,1,0.000,0
2984,1024,1024,1.0000,27.874,35.876,1,0.000,0
2985,1024,1024,1.0000,27.906,35.835,1,0.000,0
2986,1024,1024,1.0000,28.192,35.471,1,0.000,0
2987,1024,1024,1.0000,27.855,35.900,1,0.000,0
2988,1024,1024,1.0000,28.171,35.497,1,0.000,0
2989,1024,1024,1.0000,26.957,37.096,1,0.000,0
2990,1024,1024,1.0000,28.774,34.754,1,0.000,0
2991,1024,1024,1.0000,27.508,36.353,1,0.000,0
2992,1024,1024,1.0000,28.115,35.568,1,0.000,0
2993,1024,1024,1.0000,26.853,37.240,1,0.000,0
2994,1024,1024,1.0000,26.837,37.262,1,0.000,0
2995,1024,1024,1.0000,26.844,37.252,1,0.000,0
2996,1024,1024,1.0000,27.045,36.975,1,0.000,0
2997,1024,1024,1.0000,26.936,37.125,1,0.000,0
2998,1024,1024,1.0000,26.860,37.230,1,0.000,0
2999,1024,1024,1.0000,27.055,36.962,1,0.000,0
3000,1024,1024,1.0000,26.620,37.566,1,0.000,0
3001,1024,1024,1.0000,28.173,35.495,1,0.000,0
3002,1024,1024,1.0000,26.679,37.483,1,0.000,0
3003,1024,1024,1.0000,27.019,37.011,1,0.000,0
3004,1024,1024,1.0000,27.121,36.872,1,0.000,0
3005,1024,1024,1.0000,26.678,37.484,1,0.000,0
3006,1024,1024,1.0000,27.009,37.025,1,0.000,0
3007,1024,1024,1.0000,26.769,37.357,1,0.000,0
3008,1024,1024,1.0000,27.221,36.736,1,0.000,0
3009,1024,1024,1.0000,26.629,37.553,1,0.000,0
3010,1024,1024,1.0000,26.964,37.086,1,0.000,0
3011,1024,1024,1.0000,26.706,37.445,1,0.000,0
3012,1024,1024,1.0000,26.870,37.216,1,0.000,0
3013,1024,1024,1.0000,27.346,36.568,1,0.000,0
3014,1024,1024,1.0000,27.079,36.929,1,0.000,0
3015,1024,1024,1.0000,26.835,37.265,1,0.000,0
3016,1024,1024,1.0000,26.923,37.143,1,0.000,0
3017,1024,1024,1.0000,26.940,37.120,1,0.000,0
3018,1024,1024,1.0000,27.089,36.915,1,0.000,0
3019,1024,1024,1.0000,26.730,37.411,1,0.000,0
3020,1024,1024,1.0000,27.318,36.606,1,0.000,0
3021,1024,1024,1.0000,26.366,37.928,1,0.000,0
3022,1024,1024,1.0000,27.522,36.335,1,0.000,0
3023,1024,1024,1.0000,26.670,37.495,1,0.000,0
3024,1024,1024,1.0000,27.551,36.296,1,0.000,0
3025,1024,1024,1.0000,27.098,36.903,1,0.000,0
3026,1024,1024,1.0000,26.988,37.054,1,0.000,0
3027,1024,1024,1.0000,26.937,37.124,1,0.000,0
3028,1024,1024,1.0000,26.829,37.273,1,0.000,0
3029,1024,1024,1.0000,27.288,36.646,1,0.000,0
3030,1024,1024,1.0000,26.610,37.580,1,0.000,0
3031,1024,1024,1.0000,26.998,37.040,1,0.000,0
3032,1024,1024,1.0000,26.658,37.512,1,0.000,0
3033,1024,1024,1.0000,27.245,36.704,1,0.000,0
3034,1024,1024,1.0000,27.060,36.955,1,0.000,0
3035,1024,1024,1.0000,27.023,37.006,1,0.000,0
3036,1024,1024,1.0000,27.737,36.053,1,0.000,0
3037,1024,1024,1.0000,26.353,37.946,1,0.000,0
3038,1024,1024,1.0000,28.485,35.106,1,0.000,0
3039,1024,1024,1.0000,28.243,35.407,1,0.000,0
3040,1024,1024,1.0000,27.202,36.762,1,0.000,0
3041,1024,1024,1.0000,28.129,35.550,1,0.000,0
3042,1024,1024,1.0000,27.542,36.308,1,0.000,0
3043,1024,1024,1.0000,27.804,35.966,1,0.000,0
3044,1024,1024,1.0000,27.657,36.157,1,0.000,0
3045,1024,1024,1.0000,27.943,35.787,1,0.000,0
3046,1024,1024,1.0000,27.765,36.017,1,0.000,0
3047,1024,1024,1.0000,27.856,35.899,1,0.000,0
3048,1024,1024,1.0000,28.819,34.699,1,0.000,0
3049,1024,1024,1.0000,27.228,36.727,1,0.000,0
3050,1024,1024,1.0000,27.732,36.059,1,0.000,0
3051,1024,1024,1.0000,27.833,35.929,1,0.000,0
3052,1024,1024,1.0000,28.067,35.629,1,0.000,0
3053,1024,1024,1.0000,27.644,36.174,1,0.000,0
3054,1024,1024,1.0000,28.114,35.569,1,0.000,0
3055,1024,1024,1.0000,27.089,36.915,1,0.000,0
3056,1024,1024,1.0000,28.071,35.624,1,0.000,0
3057,1024,1024,1.0000,27.737,36.053,1,0.000,0
3058,1024,1024,1.0000,29.058,34.414,1,0.000,0
3059,1024,1024,1.0000,27.227,36.728,1,0.000,0
3060,1024,1024,1.0000,26.857,37.234,1,0.000,0
3061,1024,1024,1.0000,26.743,37.393,1,0.000,0
3062,1024,1024,1.0000,26.232,38.121,1,0.000,0
3063,1024,1024,1.0000,27.375,36.530,1,0.000,0
3064,1024,1024,1.0000,26.569,37.638,1,0.000,0
3065,1024,1024,1.0000,27.350,36.563,1,0.000,0
3066,1024,1024,1.0000,26.312,38.005,1,0.000,0
3067,1024,1024,1.0000,26.715,37.432,1,0.000,0
3068,1024,1024,1.0000,27.001,37.036,1,0.000,0
3069,1024,1024,1.0000,26.944,37.114,1,0.000,0
3070,1024,1024,1.0000,27.593,36.241,1,0.000,0
3071,1024,1024,1.0000,26.388,37.896,1,0.000,0
3072,1024,1024,1.0000,27.064,36.949,1,0.000,0
3073,1024,1024,1.0000,26.677,37.485,1,0.000,0
3074,1024,1024,1.0000,27.307,36.621,1,0.000,0
3075,1024,1024,1.0000,26.952,37.103,1,0.000,0
3076,1024,1024,1.0000,27.166,36.811,1,0.000,0
3077,1024,1024,1.0000,26.543,37.675,1,0.000,0
3078,1024,1024,1.0000,27.075,36.934,1,0.000,0
3079,1024,1024,1.0000,27.008,37.026,1,0.000,0
3080,1024,1024,1.0000,26.892,37.186,1,0.000,0
3081,1024,1024,1.0000,27.076,36.933,1,0.000,0
3082,1024,1024,1.0000,26.846,37.249,1,0.000,0
3083,1024,1024,1.0000,27.060,36.955,1,0.000,0
3084,1024,1024,1.0000,27.413,36.479,1,0.000,0
3085,1024,1024,1.0000,27.926,35.809,1,0.000,0
3086,1024,1024,1.0000,26.982,37.062,1,0.000,0
3087,1024,1024,1.0000,27.393,36.506,1,0.000,0
3088,1024,1024,1.0000,26.830,37.272,1,0.000,0
3089,1024,1024,1.0000,27.834,35.927,1,0.000,0
3090,1024,1024,1.0000,27.203,36.761,1,0.000,0
3091,1024,1024,1.0000,27.393,36.506,1,0.000,0
3092,1024,1024,1.0000,27.330,36.590,1,0.000,0
3093,1024,1024,1.0000,27.507,36.354,1,0.000,0
3094,1024,1024,1.0000,27.250,36.697,1,0.000,0
3095,1024,1024,1.0000,27.404,36.491,1,0.000,0
3096,1024,1024,1.0000,28.082,35.610,1,0.000,0
3097,1024,1024,1.0000,26.949,37.107,1,0.000,0
3098,1024,1024,1.0000,28.041,35.662,1,0.000,0
3099,1024,1024,1.0000,26.778,37.344,1,0.000,0
3100,1024,1024,1.0000,27.859,35.895,1,0.000,0
3101,1024,1024,1.0000,27.149,36.834,1,0.000,0
3102,1024,1024,1.0000,27.759,36.024,1,0.000,0
3103,1024,1024,1.0000,27.324,36.598,1,0.000,0
3104,1024,1024,1.0000,28.064,35.633,1,0.000,0
3105,1024,1024,1.0000,27.750,36.036,1,0.000,0
3106,1024,1024,1.0000,26.523,37.703,1,0.000,0
3107,1024,1024,1.0000,28.101,35.586,1,0.000,0
3108,1024,1024,1.0000,26.867,37.220,1,0.000,0
3109,1024,1024,1.0000,27.937,35.795,1,0.000,0
3110,1024,1024,1.0000,27.182,36.789,1,0.000,0
3111,1024,1024,1.0000,27.241,36.709,1,0.000,0
3112,1024,1024,1.0000,27.340,36.576,1,0.000,0
3113,1024,1024,1.0000,27.636,36.185,1,0.000,0
3114,1024,1024,1.0000,27.528,36.327,1,0.000,0
3115,1024,1024,1.0000,27.907,35.833,1,0.000,0
3116,1024,1024,1.0000,28.720,34.819,1,0.000,0
3117,1024,1024,1.0000,27.472,36.401,1,0.000,0
3118,1024,1024,1.0000,28.343,35.282,1,0.000,0
3119,1024,1024,1.0000,28.008,35.704,1,0.000,0
3120,1024,1024,1.0000,28.536,35.043,1,0.000,0
3121,1024,1024,1.0000,27.768,36.013,1,0.000,0
3122,1024,1024,1.0000,28.545,35.032,1,0.000,0
3123,1024,1024,1.0000,27.457,36.421,1,0.000,0
3124,1024,1024,1.0000,28.131,35.548,1,0.000,0
3125,1024,1024,1.0000,28.014,35.696,1,0.000,0
3126,1024,1024,1.0000,28.066,35.630,1,0.000,0
3127,1024,1024,1.0000,27.786,35.989,1,0.000,0
3128,1024,1024,1.0000,27.955,35.772,1,0.000,0
3129,1024,1024,1.0000,28.027,35.680,1,0.000,0
3130,1024,1024,1.0000,27.782,35.995,1,0.000,0
3131,1024,1024,1.0000,28.251,35.397,1,0.000,0
3132,1024,1024,1.0000,27.962,35.763,1,0.000,0
3133,1024,1024,1.0000,28.570,35.002,1,0.000,0
3134,1024,1024,1.0000,27.878,35.871,1,0.000,0
3135,1024,1024,1.0000,28.091,35.599,1,0.000,0
3136,1024,1024,1.0000,26.768,37.358,1,0.000,0
3137,1024,1024,1.0000,27.868,35.883,1,0.000,0
3138,1024,1024,1.0000,26.960,37.092,1,0.000,0
3139,1024,1024,1.0000,27.823,35.941,1,0.000,0
3140,1024,1024,1.0000,27.169,36.807,1,0.000,0
3141,1024,1024,1.0000,27.775,36.004,1,0.000,0
3142,1024,1024,1.0000,26.992,37.048,1,0.000,0
3143,1024,1024,1.0000,26.848,37.247,1,0.000,0
3144,1024,1024,1.0000,27.477,36.394,1,0.000,0
3145,1024,1024,1.0000,26.748,37.386,1,0.000,0
3146,1024,1024,1.0000,27.378,36.526,1,0.000,0
3147,1024,1024,1.0000,26.610,37.580,1,0.000,0
3148,1024,1024,1.0000,26.811,37.298,1,0.000,0
3149,1024,1024,1.0000,28.232,35.421,1,0.000,0
3150,1024,1024,1.0000,27.159,36.820,1,0.000,0
3151,1024,1024,1.0000,27.161,36.817,1,0.000,0
3152,1024,1024,1.0000,26.797,37.318,1,0.000,0
3153,1024,1024,1.0000,27.215,36.744,1,0.000,0
3154,1024,1024,1.0000,26.788,37.330,1,0.000,0
3155,1024,1024,1.0000,27.346,36.568,1,0.000,0
3156,1024,1024,1.0000,26.876,37.208,1,0.000,0
3157,1024,1024,1.0000,27.329,36.591,1,0.000,0
3158,1024,1024,1.0000,26.670,37.495,1,0.000,0
3159,1024,1024,1.0000,26.837,37.262,1,0.000,0
3160,1024,1024,1.0000,27.143,36.842,1,0.000,0
3161,1024,1024,1.0000,27.405,36.490,1,0.000,0
3162,1024,1024,1.0000,27.183,36.788,1,0.000,0
3163,1024,1024,1.0000,26.604,37.588,1,0.000,0
3164,1024,1024,1.0000,27.355,36.556,1,0.000,0
3165,1024,1024,1.0000,26.829,37.273,1,0.000,0
3166,1024,1024,1.0000,27.577,36.262,1,0.000,0
3167,1024,1024,1.0000,26.752,37.380,1,0.000,0
3168,1024,1024,1.0000,27.563,36.281,1,0.000,0
3169,1024,1024,1.0000,26.500,37.736,1,0.000,0
3170,1024,1024,1.0000,27.439,36.444,1,0.000,0
3171,1024,1024,1.0000,27.146,36.838,1,0.000,0
3172,1024,1024,1.0000,27.571,36.270,1,0.000,0
3173,1024,1024,1.0000,27.001,37.036,1,0.000,0
3174,1024,1024,1.0000,26.872,37.213,1,0.000,0
3175,1024,1024,1.0000,27.142,36.843,1,0.000,0
3176,1024,1024,1.0000,26.789,37.329,1,0.000,0
3177,1024,1024,1.0000,27.507,36.354,1,0.000,0
3178,1024,1024,1.0000,26.748,37.386,1,0.000,0
3179,1024,1024,1.0000,27.572,36.269,1,0.000,0
3180,1024,1024,1.0000,26.512,37.719,1,0.000,0
3181,1024,1024,1.0000,27.461,36.415,1,0.000,0
3182,1024,1024,1.0000,26.874,37.211,1,0.000,0
3183,1024,1024,1.0000,27.253,36.693,1,0.000,0
3184,1024,1024,1.0000,27.697,36.105,1,0.000,0
3185,1024,1024,1.0000,26.644,37.532,1,0.000,0
3186,1024,1024,1.0000,26.927,37.137,1,0.000,0
3187,1024,1024,1.0000,28.215,35.442,1,0.000,0
3188,1024,1024,1.0000,28.033,35.672,1,0.000,0
3189,1024,1024,1.0000,27.636,36.185,1,0.000,0
3190,1024,1024,1.0000,28.027,35.680,1,0.000,0
3191,1024,1024,1.0000,27.494,36.372,1,0.000,0
3192,1024,1024,1.0000,28.270,35.373,1,0.000,0
3193,1024,1024,1.0000,27.696,36.106,1,0.000,0
3194,1024,1024,1.0000,28.428,35.177,1,0.000,0
3195,1024,1024,1.0000,28.020,35.689,1,0.000,0
3196,1024,1024,1.0000,27.875,35.874,1,0.000,0
3197,1024,1024,1.0000,28.254,35.393,1,0.000,0
3198,1024,1024,1.0000,27.544,36.306,1,0.000,0
3199,1024,1024,1.0000,28.349,35.275,1,0.000,0
3200,1024,1024,1.0000,26.864,37.225,1,0.000,0
3201,1024,1024,1.0000,27.794,35.979,1,0.000,0
3202,1024,1024,1.0000,27.001,37.036,1,0.000,0
3203,1024,1024,1.0000,26.419,37.852,1,0.000,0
3204,1024,1024,1.0000,27.187,36.782,1,0.000,0
3205,1024,1024,1.0000,27.309,36.618,1,0.000,0
3206,1024,1024,1.0000,27.381,36.522,1,0.000,0
3207,1024,1024,1.0000,26.771,37.354,1,0.000,0
3208,1024,1024,1.0000,27.568,36.274,1,0.000,0
3209,1024,1024,1.0000,26.445,37.814,1,0.000,0
3210,1024,1024,1.0000,27.499,36.365,1,0.000,0
3211,1024,1024,1.0000,26.816,37.291,1,0.000,0
3212,1024,1024,1.0000,27.318,36.606,1,0.000,0
3213,1024,1024,1.0000,27.007,37.027,1,0.000,0
3214,1024,1024,1.0000,26.922,37.144,1,0.000,0
3215,1024,1024,1.0000,26.695,37.460,1,0.000,0
3216,1024,1024,1.0000,26.836,37.263,1,0.000,0
3217,1024,1024,1.0000,27.586,36.250,1,0.000,0
3218,1024,1024,1.0000,26.832,37.269,1,0.000,0
3219,1024,1024,1.0000,27.339,36.578,1,0.000,0
3220,1024,1024,1.0000,26.573,37.632,1,0.000,0
3221,1024,1024,1.0000,27.154,36.827,1,0.000,0
3222,1024,1024,1.0000,27.202,36.762,1,0.000,0
3223,1024,1024,1.0000,26.944,37.114,1,0.000,0
3224,1024,1024,1.0000,27.729,36.063,1,0.000,0
3225,1024,1024,1.0000,26.335,37.972,1,0.000,0
3226,1024,1024,1.0000,27.555,36.291,1,0.000,0
3227,1024,1024,1.0000,26.759,37.371,1,0.000,0
3228,1024,1024,1.0000,27.368,36.539,1,0.000,0
3229,1024,1024,1.0000,27.513,36.346,1,0.000,0
3230,1024,1024,1.0000,26.869,37.218,1,0.000,0
3231,1024,1024,1.0000,26.896,37.180,1,0.000,0
3232,1024,1024,1.0000,26.948,37.109,1,0.000,0
3233,1024,1024,1.0000,27.635,36.186,1,0.000,0
3234,1024,1024,1.0000,26.902,37.172,1,0.000,0
3235,1024,1024,1.0000,27.593,36.241,1,0.000,0
3236,1024,1024,1.0000,26.553,37.661,1,0.000,0
3237,1024,1024,1.0000,27.153,36.828,1,0.000,0
3238,1024,1024,1.0000,26.888,37.191,1,0.000,0
3239,1024,1024,1.0000,27.409,36.484,1,0.000,0
3240,1024,1024,1.0000,27.687,36.118,1,0.000,0
3241,1024,1024,1.0000,26.797,37.318,1,0.000,0
3242,1024,1024,1.0000,27.333,36.586,1,0.000,0
3243,1024,1024,1.0000,26.852,37.241,1,0.000,0
3244,1024,1024,1.0000,27.778,36.000,1,0.000,0
3245,1024,1024,1.0000,26.924,37.142,1,0.000,0
3246,1024,1024,1.0000,27.451,36.429,1,0.000,0
3247,1024,1024,1.0000,26.596,37.600,1,0.000,0
3248,1024,1024,1.0000,27.499,36.365,1,0.000,0
3249,1024,1024,1.0000,26.915,37.154,1,0.000,0
3250,1024,1024,1.0000,27.385,36.516,1,0.000,0
3251,1024,1024,1.0000,27.091,36.913,1,0.000,0
3252,1024,1024,1.0000,27.372,36.534,1,0.000,0
3253,1024,1024,1.0000,27.237,36.715,1,0.000,0
3254,1024,1024,1.0000,26.806,37.305,1,0.000,0
3255,1024,1024,1.0000,27.695,36.108,1,0.000,0
3256,1024,1024,1.0000,26.881,37.201,1,0.000,0
3257,1024,1024,1.0000,27.445,36.437,1,0.000,0
3258,1024,1024,1.0000,26.564,37.645,1,0.000,0
3259,1024,1024,1.0000,27.484,36.385,1,0.000,0
3260,1024,1024,1.0000,27.192,36.776,1,0.000,0
3261,1024,1024,1.0000,27.668,36.143,1,0.000,0
3262,1024,1024,1.0000,29.043,34.432,1,0.000,0
3263,1024,1024,1.0000,28.322,35.308,1,0.000,0
3264,1024,1024,1.0000,27.883,35.864,1,0.000,0
3265,1024,1024,1.0000,27.912,35.827,1,0.000,0
3266,1024,1024,1.0000,27.493,36.373,1,0.000,0
3267,1024,1024,1.0000,28.397,35.215,1,0.000,0
3268,1024,1024,1.0000,27.855,35.900,1,0.000,0
3269,1024,1024,1.0000,28.410,35.199,1,0.000,0
3270,1024,1024,1.0000,27.500,36.364,1,0.000,0
3271,1024,1024,1.0000,27.674,36.135,1,0.000,0
3272,1024,1024,1.0000,27.708,36.091,1,0.000,0
3273,1024,1024,1.0000,26.835,37.265,1,0.000,0
3274,1024,1024,1.0000,28.123,35.558,1,0.000,0
3275,1024,1024,1.0000,27.005,37.030,1,0.000,0
3276,1024,1024,1.0000,26.827,37.276,1,0.000,0
3277,1024,1024,1.0000,27.246,36.703,1,0.000,0
3278,1024,1024,1.0000,26.919,37.148,1,0.000,0
3279,1024,1024,1.0000,27.632,36.190,1,0.000,0
3280,1024,1024,1.0000,26.855,37.237,1,0.000,0
3281,1024,1024,1.0000,27.039,36.984,1,0.000,0
3282,1024,1024,1.0000,27.088,36.917,1,0.000,0
3283,1024,1024,1.0000,27.443,36.439,1,0.000,0
3284,1024,1024,1.0000,27.340,36.576,1,0.000,0
3285,1024,1024,1.0000,26.876,37.208,1,0.000,0
3286,1024,1024,1.0000,28.115,35.568,1,0.000,0
3287,1024,1024,1.0000,26.686,37.473,1,0.000,0
3288,1024,1024,1.0000,26.808,37.302,1,0.000,0
3289,1024,1024,1.0000,27.320,36.603,1,0.000,0
3290,1024,1024,1.0000,26.980,37.064,1,0.000,0
3291,1024,1024,1.0000,27.477,36.394,1,0.000,0
3292,1024,1024,1.0000,26.677,37.485,1,0.000,0
3293,1024,1024,1.0000,27.374,36.531,1,0.000,0
3294,1024,1024,1.0000,26.965,37.085,1,0.000,0
3295,1024,1024,1.0000,27.686,36.119,1,0.000,0
3296,1024,1024,1.0000,26.926,37.139,1,0.000,0
3297,1024,1024,1.0000,27.908,35.832,1,0.000,0
3298,1024,1024,1.0000,26.824,37.280,1,0.000,0
3299,1024,1024,1.0000,27.289,36.645,1,0.000,0
3300,1024,1024,1.0000,27.315,36.610,1,0.000,0
3301,1024,1024,1.0000,27.266,36.676,1,0.000,0
3302,1024,1024,1.0000,27.206,36.757,1,0.000,0
3303,1024,1024,1.0000,26.863,37.226,1,0.000,0
3304,1024,1024,1.0000,27.151,36.831,1,0.000,0
3305,1024,1024,1.0000,26.970,37.078,1,0.000,0
3306,1024,1024,1.0000,27.559,36.286,1,0.000,0
3307,1024,1024,1.0000,27.266,36.676,1,0.000,0
3308,1024,1024,1.0000,27.513,36.346,1,0.000,0
3309,1024,1024,1.0000,26.853,37.240,1,0.000,0
3310,1024,1024,1.0000,26.413,37.860,1,0.000,0
3311,1024,1024,1.0000,27.387,36.514,1,0.000,0
3312,1024,1024,1.0000,26.917,37.151,1,0.000,0
3313,1024,1024,1.0000,27.726,36.067,1,0.000,0
3314,1024,1024,1.0000,26.599,37.595,1,0.000,0
3315,1024,1024,1.0000,27.321,36.602,1,0.000,0
3316,1024,1024,1.0000,27.047,36.973,1,0.000,0
3317,1024,1024,1.0000,27.622,36.203,1,0.000,0
3318,1024,1024,1.0000,27.021,37.008,1,0.000,0
3319,1024,1024,1.0000,27.624,36.200,1,0.000,0
3320,1024,1024,1.0000,27.173,36.801,1,0.000,0
3321,1024,1024,1.0000,26.841,37.256,1,0.000,0
3322,1024,1024,1.0000,27.384,36.518,1,0.000,0
3323,1024,1024,1.0000,26.889,37.190,1,0.000,0
3324,1024,1024,1.0000,27.615,36.212,1,0.000,0
3325,1024,1024,1.0000,26.991,37.049,1,0.000,0
3326,1024,1024,1.0000,27.914,35.824,1,0.000,0
3327,1024,1024,1.0000,27.580,36.258,1,0.000,0
3328,1024,1024,1.0000,27.476,36.395,1,0.000,0
3329,1024,1024,1.0000,27.122,36.870,1,0.000,0
3330,1024,1024,1.0000,27.298,36.633,1,0.000,0
3331,1024,1024,1.0000,27.607,36.223,1,0.000,0
3332,1024,1024,1.0000,26.847,37.248,1,0.000,0
3333,1024,1024,1.0000,27.471,36.402,1,0.000,0
3334,1024,1024,1.0000,27.043,36.978,1,0.000,0
3335,1024,1024,1.0000,27.292,36.641,1,0.000,0
3336,1024,1024,1.0000,27.954,35.773,1,0.000,0
3337,1024,1024,1.0000,28.253,35.394,1,0.000,0
3338,1024,1024,1.0000,27.194,36.773,1,0.000,0
3339,1024,1024,1.0000,28.252,35.396,1,0.000,0
3340,1024,1024,1.0000,28.183,35.482,1,0.000,0
3341,1024,1024,1.0000,28.321,35.309,1,0.000,0
3342,1024,1024,1.0000,28.340,35.286,1,0.000,0
3343,1024,1024,1.0000,28.381,35.235,1,0.000,0
3344,1024,1024,1.0000,27.876,35.873,1,0.000,0
3345,1024,1024,1.0000,28.652,34.902,1,0.000,0
3346,1024,1024,1.0000,27.495,36.370,1,0.000,0
3347,1024,1024,1.0000,28.722,34.817,1,0.000,0
3348,1024,1024,1.0000,27.785,35.991,1,0.000,0
3349,1024,1024,1.0000,28.705,34.837,1,0.000,0
3350,1024,1024,1.0000,27.433,36.452,1,0.000,0
3351,1024,1024,1.0000,27.222,36.735,1,0.000,0
3352,1024,1024,1.0000,27.454,36.425,1,0.000,0
3353,1024,1024,1.0000,27.296,36.635,1,0.000,0
3354,1024,1024,1.0000,27.792,35.982,1,0.000,0
3355,1024,1024,1.0000,27.088,36.917,1,0.000,0
3356,1024,1024,1.0000,27.625,36.199,1,0.000,0
3357,1024,1024,1.0000,26.714,37.434,1,0.000,0
3358,1024,1024,1.0000,27.605,36.225,1,0.000,0
3359,1024,1024,1.0000,26.952,37.103,1,0.000,0
3360,1024,1024,1.0000,27.142,36.843,1,0.000,0
3361,1024,1024,1.0000,26.907,37.165,1,0.000,0
3362,1024,1024,1.0000,27.036,36.988,1,0.000,0
3363,1024,1024,1.0000,27.178,36.794,1,0.000,0
3364,1024,1024,1.0000,27.126,36.865,1,0.000,0
3365,1024,1024,1.0000,27.455,36.423,1,0.000,0
3366,1024,1024,1.0000,26.881,37.201,1,0.000,0
3367,1024,1024,1.0000,27.030,36.996,1,0.000,0
3368,1024,1024,1.0000,27.161,36.817,1,0.000,0
3369,1024,1024,1.0000,27.118,36.876,1,0.000,0
3370,1024,1024,1.0000,27.226,36.730,1,0.000,0
3371,1024,1024,1.0000,26.970,37.078,1,0.000,0
3372,1024,1024,1.0000,27.227,36.728,1,0.000,0
3373,1024,1024,1.0000,26.495,37.743,1,0.000,0
3374,1024,1024,1.0000,27.874,35.876,1,0.000,0
3375,1024,1024,1.0000,27.269,36.672,1,0.000,0
3376,1024,1024,1.0000,27.219,36.739,1,0.000,0
3377,1024,1024,1.0000,27.364,36.544,1,0.000,0
3378,1024,1024,1.0000,26.653,37.519,1,0.000,0
3379,1024,1024,1.0000,27.649,36.168,1,0.000,0
3380,1024,1024,1.0000,26.933,37.129,1,0.000,0
3381,1024,1024,1.0000,27.497,36.368,1,0.000,0
3382,1024,1024,1.0000,26.920,37.147,1,0.000,0
3383,1024,1024,1.0000,27.126,36.865,1,0.000,0
3384,1024,1024,1.0000,27.128,36.862,1,0.000,0
3385,1024,1024,1.0000,27.344,36.571,1,0.000,0
3386,1024,1024,1.0000,27.199,36.766,1,0.000,0
3387,1024,1024,1.0000,26.952,37.103,1,0.000,0
3388,1024,1024,1.0000,27.991,35.726,1,0.000,0
3389,1024,1024,1.0000,26.604,37.588,1,0.000,0
3390,1024,1024,1.0000,27.651,36.165,1,0.000,0
3391,1024,1024,1.0000,26.814,37.294,1,0.000,0
3392,1024,1024,1.0000,27.405,36.490,1,0.000,0
3393,1024,1024,1.0000,30.667,32.608,1,0.000,0
3394,1024,1024,1.0000,27.322,36.601,1,0.000,0
3395,1024,1024,1.0000,26.579,37.624,1,0.000,0
3396,1024,1024,1.0000,27.212,36.748,1,0.000,0
3397,1024,1024,1.0000,27.278,36.660,1,0.000,0
3398,1024,1024,1.0000,27.210,36.751,1,0.000,0
3399,1024,1024,1.0000,28.046,35.656,1,0.000,0
3400,1024,1024,1.0000,26.651,37.522,1,0.000,0
3401,1024,1024,1.0000,27.370,36.536,1,0.000,0
3402,1024,1024,1.0000,26.942,37.117,1,0.000,0
3403,1024,1024,1.0000,27.549,36.299,1,0.000,0
3404,1024,1024,1.0000,27.032,36.993,1,0.000,0
3405,1024,1024,1.0000,27.498,36.366,1,0.000,0
3406,1024,1024,1.0000,26.781,37.340,1,0.000,0
3407,1024,1024,1.0000,27.118,36.876,1,0.000,0
3408,1024,1024,1.0000,27.163,36.815,1,0.000,0
3409,1024,1024,1.0000,27.302,36.627,1,0.000,0
3410,1024,1024,1.0000,27.764,36.018,1,0.000,0
3411,1024,1024,1.0000,27.546,36.303,1,0.000,0
3412,1024,1024,1.0000,27.592,36.242,1,0.000,0
3413,1024,1024,1.0000,28.208,35.451,1,0.000,0
3414,1024,1024,1.0000,27.879,35.869,1,0.000,0
3415,1024,1024,1.0000,28.099,35.588,1,0.000,0
3416,1024,1024,1.0000,27.804,35.966,1,0.000,0
3417,1024,1024,1.0000,28.337,35.290,1,0.000,0
3418,1024,1024,1.0000,27.776,36.002,1,0.000,0
3419,1024,1024,1.0000,27.228,36.727,1,0.000,0
3420,1024,1024,1.0000,28.735,34.801,1,0.000,0
3421,1024,1024,1.0000,28.631,34.927,1,0.000,0
3422,1024,1024,1.0000,28.706,34.836,1,0.000,0
3423,1024,1024,1.0000,28.045,35.657,1,0.000,0
3424,1024,1024,1.0000,28.430,35.174,1,0.000,0
3425,1024,1024,1.0000,26.565,37.644,1,0.000,0
3426,1024,1024,1.0000,27.614,36.214,1,0.000,0
3427,1024,1024,1.0000,26.778,37.344,1,0.000,0
3428,1024,1024,1.0000,27.263,36.680,1,0.000,0
3429,1024,1024,1.0000,27.095,36.907,1,0.000,0
3430,1024,1024,1.0000,26.812,37.297,1,0.000,0
3431,1024,1024,1.0000,27.129,36.861,1,0.000,0
3432,1024,1024,1.0000,27.130,36.860,1,0.000,0
3433,1024,1024,1.0000,27.798,35.974,1,0.000,0
3434,1024,1024,1.0000,27.028,36.999,1,0.000,0
3435,1024,1024,1.0000,27.458,36.419,1,0.000,0
3436,1024,1024,1.0000,27.270,36.670,1,0.000,0
3437,1024,1024,1.0000,27.975,35.746,1,0.000,0
3438,1024,1024,1.0000,26.805,37.306,1,0.000,0
3439,1024,1024,1.0000,27.373,36.532,1,0.000,0
3440,1024,1024,1.0000,27.040,36.982,1,0.000,0
3441,1024,1024,1.0000,26.978,37.067,1,0.000,0
3442,1024,1024,1.0000,26.561,37.649,1,0.000,0
3443,1024,1024,1.0000,27.696,36.106,1,0.000,0
3444,1024,1024,1.0000,27.073,36.937,1,0.000,0
3445,1024,1024,1.0000,27.805,35.965,1,0.000,0
3446,1024,1024,1.0000,27.257,36.688,1,0.000,0
3447,1024,1024,1.0000,26.448,37.810,1,0.000,0
3448,1024,1024,1.0000,27.989,35.728,1,0.000,0
3449,1024,1024,1.0000,27.008,37.026,1,0.000,0
3450,1024,1024,1.0000,27.630,36.193,1,0.000,0
3451,1024,1024,1.0000,26.964,37.086,1,0.000,0
3452,1024,1024,1.0000,27.252,36.695,1,0.000,0
3453,1024,1024,1.0000,26.923,37.143,1,0.000,0
3454,1024,1024,1.0000,27.353,36.559,1,0.000,0
3455,1024,1024,1.0000,27.461,36.415,1,0.000,0
3456,1024,1024,1.0000,27.305,36.623,1,0.000,0
3457,1024,1024,1.0000,27.213,36.747,1,0.000,0
3458,1024,1024,1.0000,26.679,37.483,1,0.000,0
3459,1024,1024,1.0000,27.324,36.598,1,0.000,0
3460,1024,1024,1.0000,26.929,37.135,1,0.000,0
3461,1024,1024,1.0000,27.717,36.079,1,0.000,0
3462,1024,1024,1.0000,27.582,36.256,1,0.000,0
3463,1024,1024,1.0000,27.398,36.499,1,0.000,0
3464,1024,1024,1.0000,26.731,37.410,1,0.000,0
3465,1024,1024,1.0000,27.461,36.415,1,0.000,0
3466,1024,1024,1.0000,27.115,36.880,1,0.000,0
3467,1024,1024,1.0000,27.844,35.914,1,0.000,0
3468,1024,1024,1.0000,27.329,36.591,1,0.000,0
3469,1024,1024,1.0000,26.690,37.467,1,0.000,0
3470,1024,1024,1.0000,27.508,36.353,1,0.000,0
3471,1024,1024,1.0000,26.801,37.312,1,0.000,0
3472,1024,1024,1.0000,27.586,36.250,1,0.000,0
3473,1024,1024,1.0000,26.801,37.312,1,0.000,0
3474,1024,1024,1.0000,27.390,36.510,1,0.000,0
3475,1024,1024,1.0000,26.665,37.502,1,0.000,0
3476,1024,1024,1.0000,27.448,36.433,1,0.000,0
3477,1024,1024,1.0000,27.268,36.673,1,0.000,0
3478,1024,1024,1.0000,27.579,36.259,1,0.000,0
3479,1024,1024,1.0000,27.253,36.693,1,0.000,0
3480,1024,1024,1.0000,27.076,36.933,1,0.000,0
3481,1024,1024,1.0000,27.209,36.753,1,0.000,0
3482,1024,1024,1.0000,26.981,37.063,1,0.000,0
3483,1024,1024,1.0000,27.497,36.368,1,0.000,0
3484,1024,1024,1.0000,26.525,37.700,1,0.000,0
3485,1024,1024,1.0000,27.748,36.039,1,0.000,0
3486,1024,1024,1.0000,28.222,35.433,1,0.000,0
3487,1024,1024,1.0000,28.922,34.576,1,0.000,0
3488,1024,1024,1.0000,28.215,35.442,1,0.000,0
3489,1024,1024,1.0000,28.718,34.821,1,0.000,0
3490,1024,1024,1.0000,27.630,36.193,1,0.000,0
3491,1024,1024,1.0000,28.247,35.402,1,0.000,0
3492,1024,1024,1.0000,27.210,36.751,1,0.000,0
3493,1024,1024,1.0000,27.429,36.458,1,0.000,0
3494,1024,1024,1.0000,27.994,35.722,1,0.000,0
3495,1024,1024,1.0000,28.211,35.447,1,0.000,0
3496,1024,1024,1.0000,28.031,35.675,1,0.000,0
3497,1024,1024,1.0000,27.978,35.742,1,0.000,0
3498,1024,1024,1.0000,27.002,37.034,1,0.000,0
3499,1024,1024,1.0000,26.737,37.401,1,0.000,0
3500,1024,1024,1.0000,27.939,35.792,1,0.000,0
3501,1024,1024,1.0000,26.931,37.132,1,0.000,0
3502,1024,1024,1.0000,27.313,36.613,1,0.000,0
3503,1024,1024,1.0000,26.858,37.233,1,0.000,0
3504,1024,1024,1.0000,27.130,36.860,1,0.000,0
3505,1024,1024,1.0000,26.935,37.126,1,0.000,0
3506,1024,1024,1.0000,27.065,36.948,1,0.000,0
3507,1024,1024,1.0000,27.166,36.811,1,0.000,0
3508,1024,1024,1.0000,27.223,36.734,1,0.000,0
3509,1024,1024,1.0000,26.917,37.151,1,0.000,0
3510,1024,1024,1.0000,26.488,37.753,1,0.000,0
3511,1024,1024,1.0000,27.602,36.229,1,0.000,0
3512,1024,1024,1.0000,27.152,36.830,1,0.000,0
3513,1024,1024,1.0000,27.493,36.373,1,0.000,0
3514,1024,1024,1.0000,26.884,37.197,1,0.000,0
3515,1024,1024,1.0000,27.532,36.321,1,0.000,0
3516,1024,1024,1.0000,26.876,37.208,1,0.000,0
3517,1024,1024,1.0000,27.495,36.370,1,0.000,0
3518,1024,1024,1.0000,26.779,37.343,1,0.000,0
3519,1024,1024,1.0000,27.456,36.422,1,0.000,0
3520,1024,1024,1.0000,26.632,37.549,1,0.000,0
3521,1024,1024,1.0000,26.780,37.341,1,0.000,0
3522,1024,1024,1.0000,27.570,36.271,1,0.000,0
3523,1024,1024,1.0000,27.043,36.978,1,0.000,0
3524,1024,1024,1.0000,27.693,36.110,1,0.000,0
3525,1024,1024,1.0000,27.030,36.996,1,0.000,0
3526,1024,1024,1.0000,27.152,36.830,1,0.000,0
3527,1024,1024,1.0000,26.873,37.212,1,0.000,0
3528,1024,1024,1.0000,27.663,36.149,1,0.000,0
3529,1024,1024,1.0000,26.911,37.160,1,0.000,0
3530,1024,1024,1.0000,27.669,36.142,1,0.000,0
3531,1024,1024,1.0000,26.533,37.689,1,0.000,0
3532,1024,1024,1.0000,27.196,36.770,1,0.000,0
3533,1024,1024,1.0000,26.870,37.216,1,0.000,0
3534,1024,1024,1.0000,27.444,36.438,1,0.000,0
3535,1024,1024,1.0000,27.419,36.471,1,0.000,0
3536,1024,1024,1.0000,27.282,36.654,1,0.000,0
3537,1024,1024,1.0000,26.837,37.262,1,0.000,0
3538,1024,1024,1.0000,27.099,36.902,1,0.000,0
3539,1024,1024,1.0000,30.981,32.278,1,0.000,0
3540,1024,1024,1.0000,26.986,37.056,1,0.000,0
3541,1024,1024,1.0000,27.509,36.352,1,0.000,0
3542,1024,1024,1.0000,26.959,37.093,1,0.000,0
3543,1024,1024,1.0000,27.266,36.676,1,0.000,0
3544,1024,1024,1.0000,26.940,37.120,1,0.000,0
3545,1024,1024,1.0000,27.559,36.286,1,0.000,0
3546,1024,1024,1.0000,27.386,36.515,1,0.000,0
3547,1024,1024,1.0000,27.456,36.422,1,0.000,0
3548,1024,1024,1.0000,26.824,37.280,1,0.000,0
3549,1024,1024,1.0000,27.074,36.936,1,0.000,0
3550,1024,1024,1.0000,27.302,36.627,1,0.000,0
3551,1024,1024,1.0000,27.464,36.411,1,0.000,0
3552,1024,1024,1.0000,27.403,36.492,1,0.000,0
3553,1024,1024,1.0000,26.565,37.644,1,0.000,0
3554,1024,1024,1.0000,27.344,36.571,1,0.000,0
3555,1024,1024,1.0000,27.018,37.012,1,0.000,0
3556,1024,1024,1.0000,27.572,36.269,1,0.000,0
3557,1024,1024,1.0000,26.731,37.410,1,0.000,0
3558,1024,1024,1.0000,27.887,35.859,1,0.000,0
3559,1024,1024,1.0000,26.821,37.284,1,0.000,0
3560,1024,1024,1.0000,27.982,35.737,1,0.000,0
3561,1024,1024,1.0000,27.778,36.000,1,0.000,0
3562,1024,1024,1.0000,28.513,35.072,1,0.000,0
3563,1024,1024,1.0000,27.630,36.193,1,0.000,0
3564,1024,1024,1.0000,28.436,35.167,1,0.000,0
3565,1024,1024,1.0000,26.909,37.162,1,0.000,0
3566,1024,1024,1.0000,27.894,35.850,1,0.000,0
3567,1024,1024,1.0000,27.861,35.892,1,0.000,0
3568,1024,1024,1.0000,28.548,35.029,1,0.000,0
3569,1024,1024,1.0000,28.261,35.384,1,0.000,0
3570,1024,1024,1.0000,28.074,35.620,1,0.000,0
3571,1024,1024,1.0000,28.263,35.382,1,0.000,0
3572,1024,1024,1.0000,27.250,36.697,1,0.000,0
3573,1024,1024,1.0000,27.419,36.471,1,0.000,0
3574,1024,1024,1.0000,27.425,36.463,1,0.000,0
3575,1024,1024,1.0000,27.563,36.281,1,0.000,0
3576,1024,1024,1.0000,26.693,37.463,1,0.000,0
3577,1024,1024,1.0000,27.249,36.699,1,0.000,0
3578,1024,1024,1.0000,26.552,37.662,1,0.000,0
3579,1024,1024,1.0000,27.938,35.794,1,0.000,0
3580,1024,1024,1.0000,27.070,36.941,1,0.000,0
3581,1024,1024,1.0000,26.961,37.091,1,0.000,0
3582,1024,1024,1.0000,27.347,36.567,1,0.000,0
3583,1024,1024,1.0000,26.636,37.543,1,0.000,0
3584,1024,1024,1.0000,27.256,36.689,1,0.000,0
3585,1024,1024,1.0000,26.810,37.300,1,0.000,0
3586,1024,1024,1.0000,27.628,36.195,1,0.000,0
3587,1024,1024,1.0000,26.809,37.301,1,0.000,0
3588,1024,1024,1.0000,27.162,36.816,1,0.000,0
3589,1024,1024,1.0000,26.693,37.463,1,0.000,0
3590,1024,1024,1.0000,28.059,35.639,1,0.000,0
3591,1024,1024,1.0000,27.098,36.903,1,0.000,0
3592,1024,1024,1.0000,27.781,35.996,1,0.000,0
3593,1024,1024,1.0000,27.030,36.996,1,0.000,0
3594,1024,1024,1.0000,26.600,37.594,1,0.000,0
3595,1024,1024,1.0000,27.369,36.538,1,0.000,0
3596,1024,1024,1.0000,26.923,37.143,1,0.000,0
3597,1024,1024,1.0000,28.275,35.367,1,0.000,0
3598,1024,1024,1.0000,26.855,37.237,1,0.000,0
3599,1024,1024,1.0000,27.392,36.507,1,0.000,0
3600,1024,1024,1.0000,26.532,37.690,1,0.000,0
3601,1024,1024,1.0000,27.500,36.364,1,0.000,0
3602,1024,1024,1.0000,27.030,36.996,1,0.000,0
3603,1024,1024,1.0000,27.366,36.542,1,0.000,0
3604,1024,1024,1.0000,27.270,36.670,1,0.000,0
3605,1024,1024,1.0000,26.492,37.747,1,0.000,0
3606,1024,1024,1.0000,27.391,36.508,1,0.000,0
3607,1024,1024,1.0000,26.940,37.120,1,0.000,0
3608,1024,1024,1.0000,27.437,36.447,1,0.000,0
3609,1024,1024,1.0000,27.107,36.891,1,0.000,0
3610,1024,1024,1.0000,27.096,36.906,1,0.000,0
3611,1024,1024,1.0000,26.763,37.365,1,0.000,0
3612,1024,1024,1.0000,27.229,36.726,1,0.000,0
3613,1024,1024,1.0000,27.454,36.425,1,0.000,0
3614,1024,1024,1.0000,27.224,36.732,1,0.000,0
3615,1024,1024,1.0000,27.311,36.615,1,0.000,0
3616,1024,1024,1.0000,26.526,37.699,1,0.000,0
3617,1024,1024,1.0000,27.281,36.656,1,0.000,0
3618,1024,1024,1.0000,26.856,37.236,1,0.000,0
3619,1024,1024,1.0000,27.283,36.653,1,0.000,0
3620,1024,1024,1.0000,26.913,37.157,1,0.000,0
3621,1024,1024,1.0000,27.242,36.708,1,0.000,0
3622,1024,1024,1.0000,26.902,37.172,1,0.000,0
3623,1024,1024,1.0000,27.428,36.459,1,0.000,0
3624,1024,1024,1.0000,27.023,37.006,1,0.000,0
3625,1024,1024,1.0000,27.347,36.567,1,0.000,0
3626,1024,1024,1.0000,27.458,36.419,1,0.000,0
3627,1024,1024,1.0000,26.693,37.463,1,0.000,0
3628,1024,1024,1.0000,27.334,36.584,1,0.000,0
3629,1024,1024,1.0000,26.855,37.237,1,0.000,0
3630,1024,1024,1.0000,27.561,36.283,1,0.000,0
3631,1024,1024,1.0000,26.941,37.118,1,0.000,0
3632,1024,1024,1.0000,27.424,36.464,1,0.000,0
3633,1024,1024,1.0000,26.611,37.578,1,0.000,0
3634,1024,1024,1.0000,27.986,35.732,1,0.000,0
3635,1024,1024,1.0000,28.576,34.994,1,0.000,0
3636,1024,1024,1.0000,27.920,35.817,1,0.000,0
3637,1024,1024,1.0000,28.520,35.063,1,0.000,0
3638,1024,1024,1.0000,28.399,35.213,1,0.000,0
3639,1024,1024,1.0000,27.149,36.834,1,0.000,0
3640,1024,1024,1.0000,28.544,35.034,1,0.000,0
3641,1024,1024,1.0000,27.587,36.249,1,0.000,0
3642,1024,1024,1.0000,28.501,35.086,1,0.000,0
3643,1024,1024,1.0000,27.668,36.143,1,0.000,0
3644,1024,1024,1.0000,28.406,35.204,1,0.000,0
3645,1024,1024,1.0000,27.359,36.551,1,0.000,0
3646,1024,1024,1.0000,27.645,36.173,1,0.000,0
3647,1024,1024,1.0000,27.803,35.967,1,0.000,0
3648,1024,1024,1.0000,27.731,36.061,1,0.000,0
3649,1024,1024,1.0000,27.285,36.650,1,0.000,0
3650,1024,1024,1.0000,27.675,36.134,1,0.000,0
3651,1024,1024,1.0000,27.655,36.160,1,0.000,0
3652,1024,1024,1.0000,27.334,36.584,1,0.000,0
3653,1024,1024,1.0000,28.189,35.475,1,0.000,0
3654,1024,1024,1.0000,27.712,36.085,1,0.000,0
3655,1024,1024,1.0000,28.167,35.503,1,0.000,0
3656,1024,1024,1.0000,27.175,36.799,1,0.000,0
3657,1024,1024,1.0000,27.864,35.889,1,0.000,0
3658,1024,1024,1.0000,27.151,36.831,1,0.000,0
3659,1024,1024,1.0000,28.386,35.229,1,0.000,0
3660,1024,1024,1.0000,26.562,37.648,1,0.000,0
3661,1024,1024,1.0000,27.713,36.084,1,0.000,0
3662,1024,1024,1.0000,27.292,36.641,1,0.000,0
3663,1024,1024,1.0000,27.983,35.736,1,0.000,0
3664,1024,1024,1.0000,27.754,36.031,1,0.000,0
3665,1024,1024,1.0000,28.169,35.500,1,0.000,0
3666,1024,1024,1.0000,27.934,35.799,1,0.000,0
3667,1024,1024,1.0000,27.935,35.797,1,0.000,0
3668,1024,1024,1.0000,27.897,35.846,1,0.000,0
3669,1024,1024,1.0000,27.230,36.724,1,0.000,0
3670,1024,1024,1.0000,27.557,36.288,1,0.000,0
3671,1024,1024,1.0000,28.451,35.148,1,0.000,0
3672,1024,1024,1.0000,28.833,34.682,1,0.000,0
3673,1024,1024,1.0000,27.695,36.108,1,0.000,0
3674,1024,1024,1.0000,28.157,35.515,1,0.000,0
3675,1024,1024,1.0000,27.348,36.566,1,0.000,0
3676,1024,1024,1.0000,28.200,35.461,1,0.000,0
3677,1024,1024,1.0000,27.052,36.966,1,0.000,0
3678,1024,1024,1.0000,27.391,36.508,1,0.000,0
3679,1024,1024,1.0000,27.332,36.587,1,0.000,0
3680,1024,1024,1.0000,27.936,35.796,1,0.000,0
3681,1024,1024,1.0000,27.081,36.926,1,0.000,0
3682,1024,1024,1.0000,27.235,36.717,1,0.000,0
3683,1024,1024,1.0000,27.438,36.446,1,0.000,0
3684,1024,1024,1.0000,27.989,35.728,1,0.000,0
3685,1024,1024,1.0000,27.596,36.237,1,0.000,0
3686,1024,1024,1.0000,27.558,36.287,1,0.000,0
3687,1024,1024,1.0000,28.074,35.620,1,0.000,0
3688,1024,1024,1.0000,26.478,37.767,1,0.000,0
3689,1024,1024,1.0000,27.151,36.831,1,0.000,0
3690,1024,1024,1.0000,26.865,37.223,1,0.000,0
3691,1024,1024,1.0000,27.064,36.949,1,0.000,0
3692,1024,1024,1.0000,26.740,37.397,1,0.000,0
3693,1024,1024,1.0000,27.186,36.784,1,0.000,0
3694,1024,1024,1.0000,27.252,36.695,1,0.000,0
3695,1024,1024,1.0000,26.914,37.155,1,0.000,0
3696,1024,1024,1.0000,27.431,36.455,1,0.000,0
3697,1024,1024,1.0000,26.914,37.155,1,0.000,0
3698,1024,1024,1.0000,26.819,37.287,1,0.000,0
3699,1024,1024,1.0000,27.909,35.831,1,0.000,0
3700,1024,1024,1.0000,26.844,37.252,1,0.000,0
3701,1024,1024,1.0000,27.148,36.835,1,0.000,0
3702,1024,1024,1.0000,26.735,37.404,1,0.000,0
3703,1024,1024,1.0000,26.948,37.109,1,0.000,0
3704,1024,1024,1.0000,27.191,36.777,1,0.000,0
3705,1024,1024,1.0000,26.950,37.106,1,0.000,0
3706,1024,1024,1.0000,27.129,36.861,1,0.000,0
3707,1024,1024,1.0000,26.462,37.790,1,0.000,0
3708,1024,1024,1.0000,27.639,36.181,1,0.000,0
3709,1024,1024,1.0000,27.212,36.748,1,0.000,0
3710,1024,1024,1.0000,28.109,35.576,1,0.000,0
3711,1024,1024,1.0000,27.418,36.472,1,0.000,0
3712,1024,1024,1.0000,28.145,35.530,1,0.000,0
3713,1024,1024,1.0000,27.458,36.419,1,0.000,0
3714,1024,1024,1.0000,28.304,35.331,1,0.000,0
3715,1024,1024,1.0000,28.291,35.347,1,0.000,0
3716,1024,1024,1.0000,27.480,36.390,1,0.000,0
3717,1024,1024,1.0000,28.878,34.628,1,0.000,0
3718,1024,1024,1.0000,27.435,36.450,1,0.000,0
3719,1024,1024,1.0000,27.551,36.296,1,0.000,0
3720,1024,1024,1.0000,27.488,36.380,1,0.000,0
3721,1024,1024,1.0000,27.416,36.475,1,0.000,0
3722,1024,1024,1.0000,26.942,37.117,1,0.000,0
3723,1024,1024,1.0000,28.441,35.161,1,0.000,0
3724,1024,1024,1.0000,27.770,36.010,1,0.000,0
3725,1024,1024,1.0000,28.110,35.575,1,0.000,0
3726,1024,1024,1.0000,27.465,36.410,1,0.000,0
3727,1024,1024,1.0000,27.713,36.084,1,0.000,0
3728,1024,1024,1.0000,27.261,36.682,1,0.000,0
3729,1024,1024,1.0000,28.233,35.420,1,0.000,0
3730,1024,1024,1.0000,27.405,36.490,1,0.000,0
3731,1024,1024,1.0000,28.193,35.470,1,0.000,0
3732,1024,1024,1.0000,27.673,36.136,1,0.000,0
3733,1024,1024,1.0000,27.895,35.849,1,0.000,0
3734,1024,1024,1.0000,27.362,36.547,1,0.000,0
3735,1024,1024,1.0000,28.125,35.556,1,0.000,0
3736,1024,1024,1.0000,27.688,36.117,1,0.000,0
3737,1024,1024,1.0000,28.048,35.653,1,0.000,0
3738,1024,1024,1.0000,28.458,35.140,1,0.000,0
3739,1024,1024,1.0000,27.685,36.121,1,0.000,0
3740,1024,1024,1.0000,27.503,36.360,1,0.000,0
3741,1024,1024,1.0000,27.550,36.298,1,0.000,0
3742,1024,1024,1.0000,27.347,36.567,1,0.000,0
3743,1024,1024,1.0000,26.496,37.742,1,0.000,0
3744,1024,1024,1.0000,27.962,35.763,1,0.000,0
3745,1024,1024,1.0000,27.017,37.014,1,0.000,0
3746,1024,1024,1.0000,27.660,36.153,1,0.000,0
3747,1024,1024,1.0000,26.433,37.831,1,0.000,0
3748,1024,1024,1.0000,27.392,36.507,1,0.000,0
3749,1024,1024,1.0000,27.038,36.985,1,0.000,0
3750,1024,1024,1.0000,26.629,37.553,1,0.000,0
3751,1024,1024,1.0000,26.959,37.093,1,0.000,0
3752,1024,1024,1.0000,26.707,37.443,1,0.000,0
3753,1024,1024,1.0000,27.262,36.681,1,0.000,0
3754,1024,1024,1.0000,26.652,37.521,1,0.000,0
3755,1024,1024,1.0000,27.390,36.510,1,0.000,0
3756,1024,1024,1.0000,26.316,38.000,1,0.000,0
3757,1024,1024,1.0000,26.947,37.110,1,0.000,0
3758,1024,1024,1.0000,26.817,37.290,1,0.000,0
3759,1024,1024,1.0000,26.650,37.523,1,0.000,0
3760,1024,1024,1.0000,27.105,36.894,1,0.000,0
3761,1024,1024,1.0000,26.813,37.295,1,0.000,0
3762,1024,1024,1.0000,27.249,36.699,1,0.000,0
3763,1024,1024,1.0000,26.688,37.470,1,0.000,0
3764,1024,1024,1.0000,26.949,37.107,1,0.000,0
3765,1024,1024,1.0000,26.942,37.117,1,0.000,0
3766,1024,1024,1.0000,26.485,37.757,1,0.000,0
3767,1024,1024,1.0000,26.928,37.136,1,0.000,0
3768,1024,1024,1.0000,26.643,37.533,1,0.000,0
3769,1024,1024,1.0000,27.205,36.758,1,0.000,0
3770,1024,1024,1.0000,26.908,37.164,1,0.000,0
3771,1024,1024,1.0000,26.904,37.169,1,0.000,0
3772,1024,1024,1.0000,27.658,36.156,1,0.000,0
3773,1024,1024,1.0000,26.803,37.309,1,0.000,0
3774,1024,1024,1.0000,27.375,36.530,1,0.000,0
3775,1024,1024,1.0000,27.072,36.939,1,0.000,0
3776,1024,1024,1.0000,27.434,36.451,1,0.000,0
3777,1024,1024,1.0000,26.423,37.846,1,0.000,0
3778,1024,1024,1.0000,27.117,36.877,1,0.000,0
3779,1024,1024,1.0000,26.985,37.058,1,0.000,0
3780,1024,1024,1.0000,26.980,37.064,1,0.000,0
3781,1024,1024,1.0000,27.113,36.883,1,0.000,0
3782,1024,1024,1.0000,26.663,37.505,1,0.000,0
3783,1024,1024,1.0000,28.039,35.665,1,0.000,0
3784,1024,1024,1.0000,27.810,35.958,1,0.000,0
3785,1024,1024,1.0000,27.551,36.296,1,0.000,0
3786,1024,1024,1.0000,27.635,36.186,1,0.000,0
3787,1024,1024,1.0000,27.428,36.459,1,0.000,0
3788,1024,1024,1.0000,27.290,36.643,1,0.000,0
3789,1024,1024,1.0000,27.296,36.635,1,0.000,0
3790,1024,1024,1.0000,27.564,36.279,1,0.000,0
3791,1024,1024,1.0000,27.882,35.865,1,0.000,0
3792,1024,1024,1.0000,27.662,36.151,1,0.000,0
3793,1024,1024,1.0000,28.263,35.382,1,0.000,0
3794,1024,1024,1.0000,26.947,37.110,1,0.000,0
3795,1024,1024,1.0000,27.852,35.904,1,0.000,0
3796,1024,1024,1.0000,27.956,35.770,1,0.000,0
3797,1024,1024,1.0000,27.534,36.319,1,0.000,0
3798,1024,1024,1.0000,27.374,36.531,1,0.000,0
3799,1024,1024,1.0000,27.480,36.390,1,0.000,0
3800,1024,1024,1.0000,27.641,36.178,1,0.000,0
3801,1024,1024,1.0000,26.939,37.121,1,0.000,0
3802,1024,1024,1.0000,28.269,35.374,1,0.000,0
3803,1024,1024,1.0000,27.565,36.278,1,0.000,0
3804,1024,1024,1.0000,28.584,34.985,1,0.000,0
3805,1024,1024,1.0000,26.784,37.336,1,0.000,0
3806,1024,1024,1.0000,27.233,36.720,1,0.000,0
3807,1024,1024,1.0000,26.992,37.048,1,0.000,0
3808,1024,1024,1.0000,26.594,37.602,1,0.000,0
3809,1024,1024,1.0000,27.083,36.924,1,0.000,0
3810,1024,1024,1.0000,26.812,37.297,1,0.000,0
3811,1024,1024,1.0000,26.787,37.332,1,0.000,0
3812,1024,1024,1.0000,26.494,37.744,1,0.000,0
3813,1024,1024,1.0000,26.998,37.040,1,0.000,0
3814,1024,1024,1.0000,26.481,37.763,1,0.000,0
3815,1024,1024,1.0000,26.674,37.490,1,0.000,0
3816,1024,1024,1.0000,26.199,38.169,1,0.000,0
3817,1024,1024,1.0000,26.957,37.096,1,0.000,0
3818,1024,1024,1.0000,26.954,37.100,1,0.000,0
3819,1024,1024,1.0000,26.406,37.870,1,0.000,0
3820,1024,1024,1.0000,27.688,36.117,1,0.000,0
3821,1024,1024,1.0000,26.740,37.397,1,0.000,0
3822,1024,1024,1.0000,27.424,36.464,1,0.000,0
3823,1024,1024,1.0000,26.644,37.532,1,0.000,0
3824,1024,1024,1.0000,27.290,36.643,1,0.000,0
3825,1024,1024,1.0000,27.094,36.909,1,0.000,0
3826,1024,1024,1.0000,27.591,36.244,1,0.000,0
3827,1024,1024,1.0000,27.157,36.823,1,0.000,0
3828,1024,1024,1.0000,27.020,37.010,1,0.000,0
3829,1024,1024,1.0000,28.578,34.992,1,0.000,0
3830,1024,1024,1.0000,27.390,36.510,1,0.000,0
3831,1024,1024,1.0000,28.255,35.392,1,0.000,0
3832,1024,1024,1.0000,27.521,36.336,1,0.000,0
3833,1024,1024,1.0000,27.240,36.711,1,0.000,0
3834,1024,1024,1.0000,26.541,37.678,1,0.000,0
3835,1024,1024,1.0000,27.554,36.292,1,0.000,0
3836,1024,1024,1.0000,27.014,37.018,1,0.000,0
3837,1024,1024,1.0000,26.858,37.233,1,0.000,0
3838,1024,1024,1.0000,27.075,36.934,1,0.000,0
3839,1024,1024,1.0000,26.777,37.345,1,0.000,0
3840,1024,1024,1.0000,27.580,36.258,1,0.000,0
3841,1024,1024,1.0000,27.009,37.025,1,0.000,0
3842,1024,1024,1.0000,27.726,36.067,1,0.000,0
3843,1024,1024,1.0000,26.836,37.263,1,0.000,0
3844,1024,1024,1.0000,26.828,37.274,1,0.000,0
3845,1024,1024,1.0000,26.771,37.354,1,0.000,0
3846,1024,1024,1.0000,27.051,36.967,1,0.000,0
3847,1024,1024,1.0000,27.014,37.018,1,0.000,0
3848,1024,1024,1.0000,26.778,37.344,1,0.000,0
3849,1024,1024,1.0000,27.121,36.872,1,0.000,0
3850,1024,1024,1.0000,26.326,37.985,1,0.000,0
3851,1024,1024,1.0000,27.911,35.828,1,0.000,0
3852,1024,1024,1.0000,26.982,37.062,1,0.000,0
3853,1024,1024,1.0000,27.656,36.159,1,0.000,0
3854,1024,1024,1.0000,27.036,36.988,1,0.000,0
3855,1024,1024,1.0000,26.634,37.546,1,0.000,0
3856,1024,1024,1.0000,27.107,36.891,1,0.000,0
3857,1024,1024,1.0000,27.060,36.955,1,0.000,0
3858,1024,1024,1.0000,28.010,35.702,1,0.000,0
3859,1024,1024,1.0000,28.346,35.278,1,0.000,0
3860,1024,1024,1.0000,26.791,37.326,1,0.000,0
3861,1024,1024,1.0000,28.068,35.628,1,0.000,0
3862,1024,1024,1.0000,27.551,36.296,1,0.000,0
3863,1024,1024,1.0000,27.936,35.796,1,0.000,0
3864,1024,1024,1.0000,28.276,35.366,1,0.000,0
3865,1024,1024,1.0000,27.893,35.851,1,0.000,0
3866,1024,1024,1.0000,28.275,35.367,1,0.000,0
3867,1024,1024,1.0000,27.566,36.277,1,0.000,0
3868,1024,1024,1.0000,27.769,36.011,1,0.000,0
3869,1024,1024,1.0000,26.844,37.252,1,0.000,0
3870,1024,1024,1.0000,27.160,36.819,1,0.000,0
3871,1024,1024,1.0000,27.014,37.018,1,0.000,0
3872,1024,1024,1.0000,26.571,37.635,1,0.000,0
3873,1024,1024,1.0000,27.012,37.021,1,0.000,0
3874,1024,1024,1.0000,27.805,35.965,1,0.000,0
3875,1024,1024,1.0000,27.536,36.316,1,0.000,0
3876,1024,1024,1.0000,26.820,37.286,1,0.000,0
3877,1024,1024,1.0000,27.728,36.065,1,0.000,0
3878,1024,1024,1.0000,26.525,37.700,1,0.000,0
3879,1024,1024,1.0000,27.740,36.049,1,0.000,0
3880,1024,1024,1.0000,26.691,37.466,1,0.000,0
3881,1024,1024,1.0000,27.161,36.817,1,0.000,0
3882,1024,1024,1.0000,27.034,36.990,1,0.000,0
3883,1024,1024,1.0000,26.693,37.463,1,0.000,0
3884,1024,1024,1.0000,26.817,37.290,1,0.000,0
3885,1024,1024,1.0000,26.655,37.516,1,0.000,0
3886,1024,1024,1.0000,28.426,35.179,1,0.000,0
3887,1024,1024,1.0000,26.704,37.448,1,0.000,0
3888,1024,1024,1.0000,27.795,35.978,1,0.000,0
3889,1024,1024,1.0000,26.532,37.690,1,0.000,0
3890,1024,1024,1.0000,27.023,37.006,1,0.000,0
3891,1024,1024,1.0000,27.198,36.767,1,0.000,0
3892,1024,1024,1.0000,27.313,36.613,1,0.000,0
3893,1024,1024,1.0000,28.018,35.691,1,0.000,0
3894,1024,1024,1.0000,26.427,37.840,1,0.000,0
3895,1024,1024,1.0000,27.326,36.595,1,0.000,0
3896,1024,1024,1.0000,26.785,37.334,1,0.000,0
3897,1024,1024,1.0000,26.909,37.162,1,0.000,0
3898,1024,1024,1.0000,27.687,36.118,1,0.000,0
3899,1024,1024,1.0000,27.321,36.602,1,0.000,0
3900,1024,1024,1.0000,26.912,37.158,1,0.000,0
3901,1024,1024,1.0000,26.733,37.407,1,0.000,0
3902,1024,1024,1.0000,27.677,36.131,1,0.000,0
3903,1024,1024,1.0000,26.809,37.301,1,0.000,0
3904,1024,1024,1.0000,27.043,36.978,1,0.000,0
3905,1024,1024,1.0000,26.587,37.612,1,0.000,0
3906,1024,1024,1.0000,27.379,36.524,1,0.000,0
3907,1024,1024,1.0000,27.224,36.732,1,0.000,0
3908,1024,1024,1.0000,27.486,36.382,1,0.000,0
3909,1024,1024,1.0000,27.865,35.887,1,0.000,0
3910,1024,1024,1.0000,26.814,37.294,1,0.000,0
3911,1024,1024,1.0000,27.262,36.681,1,0.000,0
3912,1024,1024,1.0000,27.086,36.919,1,0.000,0
3913,1024,1024,1.0000,26.836,37.263,1,0.000,0
3914,1024,1024,1.0000,27.388,36.512,1,0.000,0
3915,1024,1024,1.0000,26.771,37.354,1,0.000,0
3916,1024,1024,1.0000,26.794,37.322,1,0.000,0
3917,1024,1024,1.0000,26.773,37.351,1,0.000,0
3918,1024,1024,1.0000,27.302,36.627,1,0.000,0
3919,1024,1024,1.0000,27.475,36.397,1,0.000,0
3920,1024,1024,1.0000,27.034,36.990,1,0.000,0
3921,1024,1024,1.0000,27.178,36.794,1,0.000,0
3922,1024,1024,1.0000,26.745,37.390,1,0.000,0
3923,1024,1024,1.0000,27.271,36.669,1,0.000,0
3924,1024,1024,1.0000,26.990,37.051,1,0.000,0
3925,1024,1024,1.0000,27.116,36.879,1,0.000,0
3926,1024,1024,1.0000,27.070,36.941,1,0.000,0
3927,1024,1024,1.0000,27.167,36.809,1,0.000,0
3928,1024,1024,1.0000,27.403,36.492,1,0.000,0
3929,1024,1024,1.0000,27.284,36.652,1,0.000,0
3930,1024,1024,1.0000,27.700,36.101,1,0.000,0
3931,1024,1024,1.0000,26.472,37.776,1,0.000,0
3932,1024,1024,1.0000,27.811,35.957,1,0.000,0
3933,1024,1024,1.0000,27.657,36.157,1,0.000,0
3934,1024,1024,1.0000,28.461,35.136,1,0.000,0
3935,1024,1024,1.0000,27.231,36.723,1,0.000,0
3936,1024,1024,1.0000,28.340,35.286,1,0.000,0
3937,1024,1024,1.0000,27.587,36.249,1,0.000,0
3938,1024,1024,1.0000,28.173,35.495,1,0.000,0
3939,1024,1024,1.0000,27.658,36.156,1,0.000,0
3940,1024,1024,1.0000,28.392,35.221,1,0.000,0
3941,1024,1024,1.0000,27.853,35.903,1,0.000,0
3942,1024,1024,1.0000,28.354,35.268,1,0.000,0
3943,1024,1024,1.0000,27.259,36.685,1,0.000,0
3944,1024,1024,1.0000,27.556,36.290,1,0.000,0
3945,1024,1024,1.0000,26.740,37.397,1,0.000,0
3946,1024,1024,1.0000,27.272,36.668,1,0.000,0
3947,1024,1024,1.0000,27.988,35.730,1,0.000,0
3948,1024,1024,1.0000,26.713,37.435,1,0.000,0
3949,1024,1024,1.0000,27.135,36.853,1,0.000,0
3950,1024,1024,1.0000,26.583,37.618,1,0.000,0
3951,1024,1024,1.0000,26.746,37.389,1,0.000,0
3952,1024,1024,1.0000,27.011,37.022,1,0.000,0
3953,1024,1024,1.0000,27.604,36.227,1,0.000,0
3954,1024,1024,1.0000,27.623,36.202,1,0.000,0
3955,1024,1024,1.0000,27.242,36.708,1,0.000,0
3956,1024,1024,1.0000,27.399,36.498,1,0.000,0
3957,1024,1024,1.0000,26.766,37.361,1,0.000,0
3958,1024,1024,1.0000,27.620,36.206,1,0.000,0
3959,1024,1024,1.0000,26.991,37.049,1,0.000,0
3960,1024,1024,1.0000,27.551,36.296,1,0.000,0
3961,1024,1024,1.0000,26.878,37.205,1,0.000,0
3962,1024,1024,1.0000,26.411,37.863,1,0.000,0
3963,1024,1024,1.0000,27.311,36.615,1,0.000,0
3964,1024,1024,1.0000,26.677,37.485,1,0.000,0
3965,1024,1024,1.0000,27.546,36.303,1,0.000,0
3966,1024,1024,1.0000,26.508,37.724,1,0.000,0
3967,1024,1024,1.0000,27.091,36.913,1,0.000,0
3968,1024,1024,1.0000,27.212,36.748,1,0.000,0
3969,1024,1024,1.0000,27.656,36.159,1,0.000,0
3970,1024,1024,1.0000,26.882,37.200,1,0.000,0
3971,1024,1024,1.0000,26.995,37.044,1,0.000,0
3972,1024,1024,1.0000,26.947,37.110,1,0.000,0
3973,1024,1024,1.0000,26.552,37.662,1,0.000,0
3974,1024,1024,1.0000,27.250,36.697,1,0.000,0
3975,1024,1024,1.0000,26.656,37.515,1,0.000,0
3976,1024,1024,1.0000,27.481,36.389,1,0.000,0
3977,1024,1024,1.0000,27.459,36.418,1,0.000,0
3978,1024,1024,1.0000,29.923,33.419,1,0.000,0
3979,1024,1024,1.0000,26.732,37.408,1,0.000,0
3980,1024,1024,1.0000,27.448,36.433,1,0.000,0
3981,1024,1024,1.0000,26.994,37.045,1,0.000,0
3982,1024,1024,1.0000,27.237,36.715,1,0.000,0
3983,1024,1024,1.0000,27.220,36.738,1,0.000,0
3984,1024,1024,1.0000,26.668,37.498,1,0.000,0
3985,1024,1024,1.0000,27.887,35.859,1,0.000,0
3986,1024,1024,1.0000,26.759,37.371,1,0.000,0
3987,1024,1024,1.0000,27.140,36.846,1,0.000,0
3988,1024,1024,1.0000,27.835,35.926,1,0.000,0
3989,1024,1024,1.0000,27.365,36.543,1,0.000,0
3990,1024,1024,1.0000,26.887,37.193,1,0.000,0
3991,1024,1024,1.0000,26.760,37.369,1,0.000,0
3992,1024,1024,1.0000,27.344,36.571,1,0.000,0
3993,1024,1024,1.0000,26.677,37.485,1,0.000,0
3994,1024,1024,1.0000,27.238,36.713,1,0.000,0
3995,1024,1024,1.0000,26.748,37.386,1,0.000,0
3996,1024,1024,1.0000,27.483,36.386,1,0.000,0
3997,1024,1024,1.0000,27.269,36.672,1,0.000,0
3998,1024,1024,1.0000,27.755,36.030,1,0.000,0
3999,1024,1024,1.0000,26.872,37.213,1,0.000,0
4000,1024,1024,1.0000,27.880,35.868,1,0.000,0
4001,1024,1024,1.0000,27.013,37.019,1,0.000,0
4002,1024,1024,1.0000,26.742,37.394,1,0.000,0
4003,1024,1024,1.0000,27.100,36.900,1,0.000,0
4004,1024,1024,1.0000,26.695,37.460,1,0.000,0
4005,1024,1024,1.0000,27.429,36.458,1,0.000,0
4006,1024,1024,1.0000,26.537,37.683,1,0.000,0
4007,1024,1024,1.0000,27.888,35.858,1,0.000,0
4008,1024,1024,1.0000,27.834,35.927,1,0.000,0
4009,1024,1024,1.0000,27.802,35.969,1,0.000,0
4010,1024,1024,1.0000,27.400,36.496,1,0.000,0
4011,1024,1024,1.0000,28.260,35.386,1,0.000,0
4012,1024,1024,1.0000,27.212,36.748,1,0.000,0
4013,1024,1024,1.0000,27.961,35.764,1,0.000,0
4014,1024,1024,1.0000,27.891,35.854,1,0.000,0
4015,1024,1024,1.0000,27.859,35.895,1,0.000,0
4016,1024,1024,1.0000,27.977,35.744,1,0.000,0
4017,1024,1024,1.0000,27.586,36.250,1,0.000,0
4018,1024,1024,1.0000,27.696,36.106,1,0.000,0
4019,1024,1024,1.0000,26.741,37.396,1,0.000,0
4020,1024,1024,1.0000,27.055,36.962,1,0.000,0
4021,1024,1024,1.0000,26.714,37.434,1,0.000,0
4022,1024,1024,1.0000,27.614,36.214,1,0.000,0
4023,1024,1024,1.0000,26.666,37.501,1,0.000,0
4024,1024,1024,1.0000,27.181,36.790,1,0.000,0
4025,1024,1024,1.0000,27.289,36.645,1,0.000,0
4026,1024,1024,1.0000,26.649,37.525,1,0.000,0
4027,1024,1024,1.0000,27.756,36.028,1,0.000,0
4028,1024,1024,1.0000,26.307,38.013,1,0.000,0
4029,1024,1024,1.0000,26.728,37.414,1,0.000,0
4030,1024,1024,1.0000,26.720,37.425,1,0.000,0
4031,1024,1024,1.0000,26.886,37.194,1,0.000,0
4032,1024,1024,1.0000,27.235,36.717,1,0.000,0
4033,1024,1024,1.0000,26.952,37.103,1,0.000,0
4034,1024,1024,1.0000,27.825,35.939,1,0.000,0
4035,1024,1024,1.0000,26.720,37.425,1,0.000,0
4036,1024,1024,1.0000,27.704,36.096,1,0.000,0
4037,1024,1024,1.0000,26.669,37.497,1,0.000,0
4038,1024,1024,1.0000,27.673,36.136,1,0.000,0
4039,1024,1024,1.0000,26.600,37.594,1,0.000,0
4040,1024,1024,1.0000,26.615,37.573,1,0.000,0
4041,1024,1024,1.0000,27.251,36.696,1,0.000,0
4042,1024,1024,1.0000,27.223,36.734,1,0.000,0
4043,1024,1024,1.0000,27.386,36.515,1,0.000,0
4044,1024,1024,1.0000,26.918,37.150,1,0.000,0
4045,1024,1024,1.0000,27.737,36.053,1,0.000,0
4046,1024,1024,1.0000,26.776,37.347,1,0.000,0
4047,1024,1024,1.0000,27.552,36.295,1,0.000,0
4048,1024,1024,1.0000,26.785,37.334,1,0.000,0
4049,1024,1024,1.0000,26.856,37.236,1,0.000,0
4050,1024,1024,1.0000,26.855,37.237,1,0.000,0
4051,1024,1024,1.0000,26.787,37.332,1,0.000,0
4052,1024,1024,1.0000,27.417,36.474,1,0.000,0
4053,1024,1024,1.0000,26.412,37.862,1,0.000,0
4054,1024,1024,1.0000,27.813,35.954,1,0.000,0
4055,1024,1024,1.0000,26.322,37.991,1,0.000,0
4056,1024,1024,1.0000,27.287,36.647,1,0.000,0
4057,1024,1024,1.0000,26.945,37.113,1,0.000,0
4058,1024,1024,1.0000,27.254,36.692,1,0.000,0
4059,1024,1024,1.0000,27.359,36.551,1,0.000,0
4060,1024,1024,1.0000,26.469,37.780,1,0.000,0
4061,1024,1024,1.0000,27.502,36.361,1,0.000,0
4062,1024,1024,1.0000,26.522,37.705,1,0.000,0
4063,1024,1024,1.0000,27.221,36.736,1,0.000,0
4064,1024,1024,1.0000,26.749,37.385,1,0.000,0
4065,1024,1024,1.0000,27.225,36.731,1,0.000,0
4066,1024,1024,1.0000,26.433,37.831,1,0.000,0
4067,1024,1024,1.0000,27.126,36.865,1,0.000,0
4068,1024,1024,1.0000,27.390,36.510,1,0.000,0
4069,1024,1024,1.0000,27.465,36.410,1,0.000,0
4070,1024,1024,1.0000,27.108,36.889,1,0.000,0
4071,1024,1024,1.0000,26.999,37.038,1,0.000,0
4072,1024,1024,1.0000,26.964,37.086,1,0.000,0
4073,1024,1024,1.0000,26.724,37.420,1,0.000,0
4074,1024,1024,1.0000,27.556,36.290,1,0.000,0
4075,1024,1024,1.0000,26.793,37.323,1,0.000,0
4076,1024,1024,1.0000,26.930,37.133,1,0.000,0
4077,1024,1024,1.0000,26.537,37.683,1,0.000,0
4078,1024,1024,1.0000,27.229,36.726,1,0.000,0
4079,1024,1024,1.0000,27.484,36.385,1,0.000,0
4080,1024,1024,1.0000,27.534,36.319,1,0.000,0
4081,1024,1024,1.0000,27.730,36.062,1,0.000,0
4082,1024,1024,1.0000,26.853,37.240,1,0.000,0
4083,1024,1024,1.0000,28.081,35.611,1,0.000,0
4084,1024,1024,1.0000,27.707,36.092,1,0.000,0
4085,1024,1024,1.0000,27.785,35.991,1,0.000,0
4086,1024,1024,1.0000,27.614,36.214,1,0.000,0
4087,1024,1024,1.0000,27.750,36.036,1,0.000,0
4088,1024,1024,1.0000,27.386,36.515,1,0.000,0
4089,1024,1024,1.0000,27.788,35.987,1,0.000,0
4090,1024,1024,1.0000,28.305,35.329,1,0.000,0
4091,1024,1024,1.0000,28.487,35.104,1,0.000,0
4092,1024,1024,1.0000,27.334,36.584,1,0.000,0
4093,1024,1024,1.0000,28.170,35.499,1,0.000,0
4094,1024,1024,1.0000,26.694,37.462,1,0.000,0
4095,1024,1024,1.0000,27.365,36.543,1,0.000,0
4096,1024,1024,1.0000,27.243,36.707,1,0.000,0
4097,1024,1024,1.0000,27.149,36.834,1,0.000,0
4098,1024,1024,1.0000,27.361,36.548,1,0.000,0
4099,1024,1024,1.0000,26.716,37.431,1,0.000,0
4100,1024,1024,1.0000,26.882,37.200,1,0.000,0
4101,1024,1024,1.0000,26.766,37.361,1,0.000,0
4102,1024,1024,1.0000,27.564,36.279,1,0.000,0
4103,1024,1024,1.0000,26.976,37.070,1,0.000,0
4104,1024,1024,1.0000,27.373,36.532,1,0.000,0
4105,1024,1024,1.0000,26.928,37.136,1,0.000,0
4106,1024,1024,1.0000,26.356,37.942,1,0.000,0
4107,1024,1024,1.0000,27.365,36.543,1,0.000,0
4108,1024,1024,1.0000,26.753,37.379,1,0.000,0
4109,1024,1024,1.0000,27.234,36.719,1,0.000,0
4110,1024,1024,1.0000,26.502,37.733,1,0.000,0
4111,1024,1024,1.0000,26.870,37.216,1,0.000,0
4112,1024,1024,1.0000,26.871,37.215,1,0.000,0
4113,1024,1024,1.0000,27.282,36.654,1,0.000,0
4114,1024,1024,1.0000,27.841,35.918,1,0.000,0
4115,1024,1024,1.0000,26.735,37.404,1,0.000,0
4116,1024,1024,1.0000,26.894,37.183,1,0.000,0
4117,1024,1024,1.0000,26.982,37.062,1,0.000,0
4118,1024,1024,1.0000,26.737,37.401,1,0.000,0
4119,1024,1024,1.0000,27.054,36.963,1,0.000,0
4120,1024,1024,1.0000,27.087,36.918,1,0.000,0
4121,1024,1024,1.0000,27.103,36.896,1,0.000,0
4122,1024,1024,1.0000,26.313,38.004,1,0.000,0
4123,1024,1024,1.0000,27.436,36.448,1,0.000,0
4124,1024,1024,1.0000,26.882,37.200,1,0.000,0
4125,1024,1024,1.0000,27.977,35.744,1,0.000,0
4126,1024,1024,1.0000,27.001,37.036,1,0.000,0
4127,1024,1024,1.0000,27.183,36.788,1,0.000,0
4128,1024,1024,1.0000,27.247,36.701,1,0.000,0
4129,1024,1024,1.0000,27.258,36.686,1,0.000,0
4130,1024,1024,1.0000,27.312,36.614,1,0.000,0
4131,1024,1024,1.0000,26.540,37.679,1,0.000,0
4132,1024,1024,1.0000,27.218,36.740,1,0.000,0
4133,1024,1024,1.0000,26.199,38.169,1,0.000,0
4134,1024,1024,1.0000,27.358,36.552,1,0.000,0
4135,1024,1024,1.0000,26.687,37.471,1,0.000,0
4136,1024,1024,1.0000,27.263,36.680,1,0.000,0
4137,1024,1024,1.0000,27.160,36.819,1,0.000,0
4138,1024,1024,1.0000,26.773,37.351,1,0.000,0
4139,1024,1024,1.0000,27.334,36.584,1,0.000,0
4140,1024,1024,1.0000,27.142,36.843,1,0.000,0
4141,1024,1024,1.0000,27.258,36.686,1,0.000,0
4142,1024,1024,1.0000,26.647,37.528,1,0.000,0
4143,1024,1024,1.0000,27.457,36.421,1,0.000,0
4144,1024,1024,1.0000,26.808,37.302,1,0.000,0
4145,1024,1024,1.0000,26.921,37.146,1,0.000,0
4146,1024,1024,1.0000,26.838,37.261,1,0.000,0
4147,1024,1024,1.0000,27.630,36.193,1,0.000,0
4148,1024,1024,1.0000,27.160,36.819,1,0.000,0
4149,1024,1024,1.0000,26.776,37.347,1,0.000,0
4150,1024,1024,1.0000,27.105,36.894,1,0.000,0
4151,1024,1024,1.0000,26.663,37.505,1,0.000,0
4152,1024,1024,1.0000,27.020,37.010,1,0.000,0
4153,1024,1024,1.0000,26.484,37.759,1,0.000,0
4154,1024,1024,1.0000,26.831,37.270,1,0.000,0
4155,1024,1024,1.0000,26.857,37.234,1,0.000,0
4156,1024,1024,1.0000,27.220,36.738,1,0.000,0
4157,1024,1024,1.0000,26.893,37.184,1,0.000,0
4158,1024,1024,1.0000,27.764,36.018,1,0.000,0
4159,1024,1024,1.0000,27.815,35.952,1,0.000,0
4160,1024,1024,1.0000,26.773,37.351,1,0.000,0
4161,1024,1024,1.0000,28.103,35.583,1,0.000,0
4162,1024,1024,1.0000,27.344,36.571,1,0.000,0
4163,1024,1024,1.0000,28.164,35.506,1,0.000,0
4164,1024,1024,1.0000,27.690,36.114,1,0.000,0
4165,1024,1024,1.0000,27.213,36.747,1,0.000,0
4166,1024,1024,1.0000,27.729,36.063,1,0.000,0
4167,1024,1024,1.0000,28.257,35.389,1,0.000,0
4168,1024,1024,1.0000,27.830,35.932,1,0.000,0
4169,1024,1024,1.0000,27.920,35.817,1,0.000,0
4170,1024,1024,1.0000,27.268,36.673,1,0.000,0
4171,1024,1024,1.0000,27.427,36.460,1,0.000,0
4172,1024,1024,1.0000,27.319,36.605,1,0.000,0
4173,1024,1024,1.0000,26.676,37.487,1,0.000,0
4174,1024,1024,1.0000,27.416,36.475,1,0.000,0
4175,1024,1024,1.0000,26.369,37.923,1,0.000,0
4176,1024,1024,1.0000,26.914,37.155,1,0.000,0
4177,1024,1024,1.0000,26.449,37.809,1,0.000,0
4178,1024,1024,1.0000,27.377,36.527,1,0.000,0
4179,1024,1024,1.0000,27.271,36.669,1,0.000,0
4180,1024,1024,1.0000,27.411,36.482,1,0.000,0
4181,1024,1024,1.0000,27.126,36.865,1,0.000,0
4182,1024,1024,1.0000,27.409,36.484,1,0.000,0
4183,1024,1024,1.0000,27.300,36.630,1,0.000,0
4184,1024,1024,1.0000,26.841,37.256,1,0.000,0
4185,1024,1024,1.0000,27.658,36.156,1,0.000,0
4186,1024,1024,1.0000,26.859,37.231,1,0.000,0
4187,1024,1024,1.0000,26.670,37.495,1,0.000,0
4188,1024,1024,1.0000,26.750,37.383,1,0.000,0
4189,1024,1024,1.0000,26.828,37.274,1,0.000,0
4190,1024,1024,1.0000,27.311,36.615,1,0.000,0
4191,1024,1024,1.0000,26.641,37.536,1,0.000,0
4192,1024,1024,1.0000,26.975,37.071,1,0.000,0
4193,1024,1024,1.0000,27.458,36.419,1,0.000,0
4194,1024,1024,1.0000,27.456,36.422,1,0.000,0
4195,1024,1024,1.0000,27.277,36.661,1,0.000,0
4196,1024,1024,1.0000,26.771,37.354,1,0.000,0
4197,1024,1024,1.0000,27.442,36.440,1,0.000,0
4198,1024,1024,1.0000,27.107,36.891,1,0.000,0
4199,1024,1024,1.0000,27.183,36.788,1,0.000,0
4200,1024,1024,1.0000,26.826,37.277,1,0.000,0
4201,1024,1024,1.0000,27.510,36.350,1,0.000,0
4202,1024,1024,1.0000,26.653,37.519,1,0.000,0
4203,1024,1024,1.0000,27.214,36.746,1,0.000,0
4204,1024,1024,1.0000,27.010,37.023,1,0.000,0
4205,1024,1024,1.0000,27.731,36.061,1,0.000,0
4206,1024,1024,1.0000,27.292,36.641,1,0.000,0
4207,1024,1024,1.0000,26.871,37.215,1,0.000,0
4208,1024,1024,1.0000,26.820,37.286,1,0.000,0
4209,1024,1024,1.0000,26.878,37.205,1,0.000,0
4210,1024,1024,1.0000,27.066,36.947,1,0.000,0
4211,1024,1024,1.0000,27.435,36.450,1,0.000,0
4212,1024,1024,1.0000,26.578,37.625,1,0.000,0
4213,1024,1024,1.0000,27.415,36.476,1,0.000,0
4214,1024,1024,1.0000,26.773,37.351,1,0.000,0
4215,1024,1024,1.0000,26.266,38.072,1,0.000,0
4216,1024,1024,1.0000,27.478,36.393,1,0.000,0
4217,1024,1024,1.0000,27.605,36.225,1,0.000,0
4218,1024,1024,1.0000,27.691,36.113,1,0.000,0
4219,1024,1024,1.0000,26.875,37.209,1,0.000,0
4220,1024,1024,1.0000,26.364,37.931,1,0.000,0
4221,1024,1024,1.0000,27.094,36.909,1,0.000,0
4222,1024,1024,1.0000,26.664,37.504,1,0.000,0
4223,1024,1024,1.0000,27.653,36.162,1,0.000,0
4224,1024,1024,1.0000,26.433,37.831,1,0.000,0
4225,1024,1024,1.0000,27.189,36.780,1,0.000,0
4226,1024,1024,1.0000,26.926,37.139,1,0.000,0
4227,1024,1024,1.0000,27.773,36.006,1,0.000,0
4228,1024,1024,1.0000,27.270,36.670,1,0.000,0
4229,1024,1024,1.0000,26.717,37.429,1,0.000,0
4230,1024,1024,1.0000,27.692,36.112,1,0.000,0
4231,1024,1024,1.0000,26.315,38.001,1,0.000,0
4232,1024,1024,1.0000,27.124,36.868,1,0.000,0
4233,1024,1024,1.0000,27.104,36.895,1,0.000,0
4234,1024,1024,1.0000,28.366,35.253,1,0.000,0
4235,1024,1024,1.0000,27.217,36.742,1,0.000,0
4236,1024,1024,1.0000,27.663,36.149,1,0.000,0
4237,1024,1024,1.0000,27.253,36.693,1,0.000,0
4238,1024,1024,1.0000,27.881,35.867,1,0.000,0
4239,1024,1024,1.0000,27.969,35.754,1,0.000,0
4240,1024,1024,1.0000,27.513,36.346,1,0.000,0
4241,1024,1024,1.0000,27.761,36.022,1,0.000,0
4242,1024,1024,1.0000,27.303,36.626,1,0.000,0
4243,1024,1024,1.0000,27.719,36.076,1,0.000,0
4244,1024,1024,1.0000,27.806,35.963,1,0.000,0
4245,1024,1024,1.0000,28.265,35.379,1,0.000,0
4246,1024,1024,1.0000,26.919,37.148,1,0.000,0
4247,1024,1024,1.0000,27.400,36.496,1,0.000,0
4248,1024,1024,1.0000,26.671,37.494,1,0.000,0
4249,1024,1024,1.0000,27.176,36.797,1,0.000,0
4250,1024,1024,1.0000,27.564,36.279,1,0.000,0
4251,1024,1024,1.0000,27.334,36.584,1,0.000,0
4252,1024,1024,1.0000,27.037,36.986,1,0.000,0
4253,1024,1024,1.0000,26.593,37.604,1,0.000,0
4254,1024,1024,1.0000,26.753,37.379,1,0.000,0
4255,1024,1024,1.0000,27.362,36.547,1,0.000,0
4256,1024,1024,1.0000,26.730,37.411,1,0.000,0
4257,1024,1024,1.0000,27.322,36.601,1,0.000,0
4258,1024,1024,1.0000,26.725,37.418,1,0.000,0
4259,1024,1024,1.0000,27.061,36.954,1,0.000,0
4260,1024,1024,1.0000,26.755,37.376,1,0.000,0
4261,1024,1024,1.0000,28.146,35.529,1,0.000,0
4262,1024,1024,1.0000,26.813,37.295,1,0.000,0
4263,1024,1024,1.0000,27.696,36.106,1,0.000,0
4264,1024,1024,1.0000,26.632,37.549,1,0.000,0
4265,1024,1024,1.0000,26.484,37.759,1,0.000,0
4266,1024,1024,1.0000,27.323,36.599,1,0.000,0
4267,1024,1024,1.0000,26.624,37.560,1,0.000,0
4268,1024,1024,1.0000,27.420,36.470,1,0.000,0
4269,1024,1024,1.0000,26.349,37.952,1,0.000,0
4270,1024,1024,1.0000,27.454,36.425,1,0.000,0
4271,1024,1024,1.0000,26.716,37.431,1,0.000,0
4272,1024,1024,1.0000,26.952,37.103,1,0.000,0
4273,1024,1024,1.0000,27.060,36.955,1,0.000,0
4274,1024,1024,1.0000,27.050,36.969,1,0.000,0
4275,1024,1024,1.0000,27.525,36.331,1,0.000,0
4276,1024,1024,1.0000,26.704,37.448,1,0.000,0
4277,1024,1024,1.0000,27.680,36.127,1,0.000,0
4278,1024,1024,1.0000,26.825,37.279,1,0.000,0
4279,1024,1024,1.0000,27.448,36.433,1,0.000,0
4280,1024,1024,1.0000,26.698,37.456,1,0.000,0
4281,1024,1024,1.0000,26.623,37.562,1,0.000,0
4282,1024,1024,1.0000,27.296,36.635,1,0.000,0
4283,1024,1024,1.0000,26.626,37.557,1,0.000,0
4284,1024,1024,1.0000,27.242,36.708,1,0.000,0
4285,1024,1024,1.0000,27.308,36.619,1,0.000,0
4286,1024,1024,1.0000,26.996,37.043,1,0.000,0
4287,1024,1024,1.0000,26.795,37.320,1,0.000,0
4288,1024,1024,1.0000,27.371,36.535,1,0.000,0
4289,1024,1024,1.0000,26.841,37.256,1,0.000,0
4290,1024,1024,1.0000,27.234,36.719,1,0.000,0
4291,1024,1024,1.0000,26.955,37.099,1,0.000,0
4292,1024,1024,1.0000,26.382,37.905,1,0.000,0
4293,1024,1024,1.0000,27.298,36.633,1,0.000,0
4294,1024,1024,1.0000,26.652,37.521,1,0.000,0
4295,1024,1024,1.0000,27.259,36.685,1,0.000,0
4296,1024,1024,1.0000,26.986,37.056,1,0.000,0
4297,1024,1024,1.0000,27.551,36.296,1,0.000,0
4298,1024,1024,1.0000,26.912,37.158,1,0.000,0
4299,1024,1024,1.0000,27.524,36.332,1,0.000,0
4300,1024,1024,1.0000,27.006,37.029,1,0.000,0
4301,1024,1024,1.0000,26.671,37.494,1,0.000,0
4302,1024,1024,1.0000,27.642,36.177,1,0.000,0
4303,1024,1024,1.0000,27.186,36.784,1,0.000,0
4304,1024,1024,1.0000,27.861,35.892,1,0.000,0
4305,1024,1024,1.0000,26.712,37.436,1,0.000,0
4306,1024,1024,1.0000,27.680,36.127,1,0.000,0
4307,1024,1024,1.0000,26.227,38.129,1,0.000,0
4308,1024,1024,1.0000,29.304,34.125,1,0.000,0
4309,1024,1024,1.0000,27.171,36.804,1,0.000,0
4310,1024,1024,1.0000,27.990,35.727,1,0.000,0
4311,1024,1024,1.0000,27.369,36.538,1,0.000,0
4312,1024,1024,1.0000,28.163,35.508,1,0.000,0
4313,1024,1024,1.0000,26.916,37.153,1,0.000,0
4314,1024,1024,1.0000,27.645,36.173,1,0.000,0
4315,1024,1024,1.0000,27.405,36.490,1,0.000,0
4316,1024,1024,1.0000,28.159,35.513,1,0.000,0
4317,1024,1024,1.0000,27.589,36.246,1,0.000,0
4318,1024,1024,1.0000,27.952,35.776,1,0.000,0
4319,1024,1024,1.0000,28.243,35.407,1,0.000,0
4320,1024,1024,1.0000,27.653,36.162,1,0.000,0
4321,1024,1024,1.0000,27.465,36.410,1,0.000,0
4322,1024,1024,1.0000,26.850,37.244,1,0.000,0
4323,1024,1024,1.0000,27.349,36.564,1,0.000,0
4324,1024,1024,1.0000,27.017,37.014,1,0.000,0
4325,1024,1024,1.0000,27.375,36.530,1,0.000,0
4326,1024,1024,1.0000,26.373,37.918,1,0.000,0
4327,1024,1024,1.0000,27.506,36.356,1,0.000,0
4328,1024,1024,1.0000,26.694,37.462,1,0.000,0
4329,1024,1024,1.0000,27.203,36.761,1,0.000,0
4330,1024,1024,1.0000,27.648,36.169,1,0.000,0
4331,1024,1024,1.0000,26.458,37.796,1,0.000,0
4332,1024,1024,1.0000,27.673,36.136,1,0.000,0
4333,1024,1024,1.0000,26.748,37.386,1,0.000,0
4334,1024,1024,1.0000,27.345,36.570,1,0.000,0
4335,1024,1024,1.0000,26.846,37.249,1,0.000,0
4336,1024,1024,1.0000,26.865,37.223,1,0.000,0
4337,1024,1024,1.0000,27.314,36.611,1,0.000,0
4338,1024,1024,1.0000,27.214,36.746,1,0.000,0
4339,1024,1024,1.0000,27.297,36.634,1,0.000,0
4340,1024,1024,1.0000,26.643,37.533,1,0.000,0
4341,1024,1024,1.0000,26.991,37.049,1,0.000,0
4342,1024,1024,1.0000,27.285,36.650,1,0.000,0
4343,1024,1024,1.0000,27.471,36.402,1,0.000,0
4344,1024,1024,1.0000,26.931,37.132,1,0.000,0
4345,1024,1024,1.0000,27.541,36.310,1,0.000,0
4346,1024,1024,1.0000,27.262,36.681,1,0.000,0
4347,1024,1024,1.0000,26.452,37.804,1,0.000,0
4348,1024,1024,1.0000,27.062,36.952,1,0.000,0
4349,1024,1024,1.0000,26.955,37.099,1,0.000,0
4350,1024,1024,1.0000,27.159,36.820,1,0.000,0
4351,1024,1024,1.0000,27.631,36.191,1,0.000,0
4352,1024,1024,1.0000,26.385,37.900,1,0.000,0
4353,1024,1024,1.0000,27.425,36.463,1,0.000,0
4354,1024,1024,1.0000,26.941,37.118,1,0.000,0
4355,1024,1024,1.0000,27.533,36.320,1,0.000,0
4356,1024,1024,1.0000,26.910,37.161,1,0.000,0
4357,1024,1024,1.0000,26.827,37.276,1,0.000,0
4358,1024,1024,1.0000,26.824,37.280,1,0.000,0
4359,1024,1024,1.0000,26.694,37.462,1,0.000,0
4360,1024,1024,1.0000,27.725,36.069,1,0.000,0
4361,1024,1024,1.0000,26.700,37.453,1,0.000,0
4362,1024,1024,1.0000,26.878,37.205,1,0.000,0
4363,1024,1024,1.0000,26.825,37.279,1,0.000,0
4364,1024,1024,1.0000,26.942,37.117,1,0.000,0
4365,1024,1024,1.0000,27.402,36.494,1,0.000,0
4366,1024,1024,1.0000,26.710,37.439,1,0.000,0
4367,1024,1024,1.0000,27.285,36.650,1,0.000,0
4368,1024,1024,1.0000,26.993,37.047,1,0.000,0
4369,1024,1024,1.0000,27.507,36.354,1,0.000,0
4370,1024,1024,1.0000,26.702,37.450,1,0.000,0
4371,1024,1024,1.0000,27.091,36.913,1,0.000,0
4372,1024,1024,1.0000,26.783,37.337,1,0.000,0
4373,1024,1024,1.0000,27.680,36.127,1,0.000,0
4374,1024,1024,1.0000,26.666,37.501,1,0.000,0
4375,1024,1024,1.0000,26.581,37.621,1,0.000,0
4376,1024,1024,1.0000,27.545,36.304,1,0.000,0
4377,1024,1024,1.0000,26.727,37.415,1,0.000,0
4378,1024,1024,1.0000,27.701,36.100,1,0.000,0
4379,1024,1024,1.0000,26.494,37.744,1,0.000,0
4380,1024,1024,1.0000,26.389,37.895,1,0.000,0
4381,1024,1024,1.0000,27.125,36.866,1,0.000,0
4382,1024,1024,1.0000,27.002,37.034,1,0.000,0
4383,1024,1024,1.0000,27.317,36.607,1,0.000,0
4384,1024,1024,1.0000,27.260,36.684,1,0.000,0
4385,1024,1024,1.0000,28.051,35.649,1,0.000,0
4386,1024,1024,1.0000,27.729,36.063,1,0.000,0
4387,1024,1024,1.0000,28.371,35.247,1,0.000,0
4388,1024,1024,1.0000,27.716,36.080,1,0.000,0
4389,1024,1024,1.0000,27.587,36.249,1,0.000,0
4390,1024,1024,1.0000,27.870,35.881,1,0.000,0
4391,1024,1024,1.0000,27.579,36.259,1,0.000,0
4392,1024,1024,1.0000,27.682,36.125,1,0.000,0
4393,1024,1024,1.0000,28.499,35.089,1,0.000,0
4394,1024,1024,1.0000,27.866,35.886,1,0.000,0
4395,1024,1024,1.0000,28.163,35.508,1,0.000,0
4396,1024,1024,1.0000,27.172,36.803,1,0.000,0
4397,1024,1024,1.0000,27.367,36.540,1,0.000,0
4398,1024,1024,1.0000,26.998,37.040,1,0.000,0
4399,1024,1024,1.0000,27.543,36.307,1,0.000,0
4400,1024,1024,1.0000,27.067,36.945,1,0.000,0
4401,1024,1024,1.0000,26.671,37.494,1,0.000,0
4402,1024,1024,1.0000,27.443,36.439,1,0.000,0
4403,1024,1024,1.0000,26.713,37.435,1,0.000,0
4404,1024,1024,1.0000,26.834,37.266,1,0.000,0
4405,1024,1024,1.0000,26.951,37.104,1,0.000,0
4406,1024,1024,1.0000,27.397,36.500,1,0.000,0
4407,1024,1024,1.0000,27.096,36.906,1,0.000,0
4408,1024,1024,1.0000,26.365,37.929,1,0.000,0
4409,1024,1024,1.0000,27.404,36.491,1,0.000,0
4410,1024,1024,1.0000,26.650,37.523,1,0.000,0
4411,1024,1024,1.0000,27.757,36.027,1,0.000,0
4412,1024,1024,1.0000,26.710,37.439,1,0.000,0
4413,1024,1024,1.0000,26.869,37.218,1,0.000,0
4414,1024,1024,1.0000,26.473,37.774,1,0.000,0
4415,1024,1024,1.0000,27.497,36.368,1,0.000,0
4416,1024,1024,1.0000,27.089,36.915,1,0.000,0
4417,1024,1024,1.0000,26.566,37.642,1,0.000,0
4418,1024,1024,1.0000,27.023,37.006,1,0.000,0
4419,1024,1024,1.0000,26.685,37.474,1,0.000,0
4420,1024,1024,1.0000,27.473,36.399,1,0.000,0
4421,1024,1024,1.0000,27.146,36.838,1,0.000,0
4422,1024,1024,1.0000,27.027,37.000,1,0.000,0
4423,1024,1024,1.0000,26.961,37.091,1,0.000,0
4424,1024,1024,1.0000,27.290,36.643,1,0.000,0
4425,1024,1024,1.0000,27.115,36.880,1,0.000,0
4426,1024,1024,1.0000,27.300,36.630,1,0.000,0
4427,1024,1024,1.0000,27.180,36.792,1,0.000,0
4428,1024,1024,1.0000,26.603,37.590,1,0.000,0
4429,1024,1024,1.0000,27.235,36.717,1,0.000,0
4430,1024,1024,1.0000,26.370,37.922,1,0.000,0
4431,1024,1024,1.0000,27.301,36.629,1,0.000,0
4432,1024,1024,1.0000,27.013,37.019,1,0.000,0
4433,1024,1024,1.0000,27.416,36.475,1,0.000,0
4434,1024,1024,1.0000,26.905,37.168,1,0.000,0
4435,1024,1024,1.0000,26.669,37.497,1,0.000,0
4436,1024,1024,1.0000,27.254,36.692,1,0.000,0
4437,1024,1024,1.0000,27.352,36.560,1,0.000,0
4438,1024,1024,1.0000,27.228,36.727,1,0.000,0
4439,1024,1024,1.0000,27.399,36.498,1,0.000,0
4440,1024,1024,1.0000,26.348,37.954,1,0.000,0
4441,1024,1024,1.0000,27.118,36.876,1,0.000,0
4442,1024,1024,1.0000,26.662,37.507,1,0.000,0
4443,1024,1024,1.0000,26.885,37.195,1,0.000,0
4444,1024,1024,1.0000,27.269,36.672,1,0.000,0
4445,1024,1024,1.0000,26.865,37.223,1,0.000,0
4446,1024,1024,1.0000,27.091,36.913,1,0.000,0
4447,1024,1024,1.0000,27.254,36.692,1,0.000,0
4448,1024,1024,1.0000,27.679,36.128,1,0.000,0
4449,1024,1024,1.0000,26.899,37.176,1,0.000,0
4450,1024,1024,1.0000,27.481,36.389,1,0.000,0
4451,1024,1024,1.0000,26.752,37.380,1,0.000,0
4452,1024,1024,1.0000,26.788,37.330,1,0.000,0
4453,1024,1024,1.0000,27.365,36.543,1,0.000,0
4454,1024,1024,1.0000,26.591,37.607,1,0.000,0
4455,1024,1024,1.0000,27.385,36.516,1,0.000,0
4456,1024,1024,1.0000,26.926,37.139,1,0.000,0
4457,1024,1024,1.0000,26.735,37.404,1,0.000,0
4458,1024,1024,1.0000,27.177,36.796,1,0.000,0
4459,1024,1024,1.0000,28.391,35.222,1,0.000,0
4460,1024,1024,1.0000,27.250,36.697,1,0.000,0
4461,1024,1024,1.0000,28.201,35.460,1,0.000,0
4462,1024,1024,1.0000,27.007,37.027,1,0.000,0
4463,1024,1024,1.0000,27.832,35.930,1,0.000,0
4464,1024,1024,1.0000,27.148,36.835,1,0.000,0
4465,1024,1024,1.0000,27.957,35.769,1,0.000,0
4466,1024,1024,1.0000,27.506,36.356,1,0.000,0
4467,1024,1024,1.0000,28.530,35.051,1,0.000,0
4468,1024,1024,1.0000,27.541,36.310,1,0.000,0
4469,1024,1024,1.0000,26.588,37.611,1,0.000,0
4470,1024,1024,1.0000,27.313,36.613,1,0.000,0
4471,1024,1024,1.0000,27.089,36.915,1,0.000,0
4472,1024,1024,1.0000,27.390,36.510,1,0.000,0
4473,1024,1024,1.0000,26.991,37.049,1,0.000,0
4474,1024,1024,1.0000,27.399,36.498,1,0.000,0
4475,1024,1024,1.0000,26.543,37.675,1,0.000,0
4476,1024,1024,1.0000,27.425,36.463,1,0.000,0
4477,1024,1024,1.0000,26.679,37.483,1,0.000,0
4478,1024,1024,1.0000,27.250,36.697,1,0.000,0
4479,1024,1024,1.0000,27.090,36.914,1,0.000,0
4480,1024,1024,1.0000,27.467,36.407,1,0.000,0
4481,1024,1024,1.0000,26.789,37.329,1,0.000,0
4482,1024,1024,1.0000,26.664,37.504,1,0.000,0
4483,1024,1024,1.0000,27.218,36.740,1,0.000,0
4484,1024,1024,1.0000,26.367,37.926,1,0.000,0
4485,1024,1024,1.0000,26.940,37.120,1,0.000,0
4486,1024,1024,1.0000,26.730,37.411,1,0.000,0
4487,1024,1024,1.0000,26.990,37.051,1,0.000,0
4488,1024,1024,1.0000,26.876,37.208,1,0.000,0
4489,1024,1024,1.0000,27.283,36.653,1,0.000,0
4490,1024,1024,1.0000,27.321,36.602,1,0.000,0
4491,1024,1024,1.0000,27.438,36.446,1,0.000,0
4492,1024,1024,1.0000,27.324,36.598,1,0.000,0
4493,1024,1024,1.0000,26.631,37.550,1,0.000,0
4494,1024,1024,1.0000,27.272,36.668,1,0.000,0
4495,1024,1024,1.0000,26.313,38.004,1,0.000,0
4496,1024,1024,1.0000,27.874,35.876,1,0.000,0
4497,1024,1024,1.0000,26.768,37.358,1,0.000,0
4498,1024,1024,1.0000,27.480,36.390,1,0.000,0
4499,1024,1024,1.0000,26.895,37.182,1,0.000,0
4500,1024,1024,1.0000,27.085,36.921,1,0.000,0
4501,1024,1024,1.0000,27.862,35.891,1,0.000,0
4502,1024,1024,1.0000,27.156,36.824,1,0.000,0
4503,1024,1024,1.0000,27.282,36.654,1,0.000,0
4504,1024,1024,1.0000,27.215,36.744,1,0.000,0
4505,1024,1024,1.0000,27.885,35.862,1,0.000,0
4506,1024,1024,1.0000,26.239,38.111,1,0.000,0
4507,1024,1024,1.0000,27.190,36.778,1,0.000,0
4508,1024,1024,1.0000,26.669,37.497,1,0.000,0
4509,1024,1024,1.0000,27.136,36.851,1,0.000,0
4510,1024,1024,1.0000,26.796,37.319,1,0.000,0
4511,1024,1024,1.0000,26.713,37.435,1,0.000,0
4512,1024,1024,1.0000,26.651,37.522,1,0.000,0
4513,1024,1024,1.0000,27.228,36.727,1,0.000,0
4514,1024,1024,1.0000,27.142,36.843,1,0.000,0
4515,1024,1024,1.0000,26.476,37.770,1,0.000,0
4516,1024,1024,1.0000,27.053,36.964,1,0.000,0
4517,1024,1024,1.0000,26.439,37.823,1,0.000,0
4518,1024,1024,1.0000,27.033,36.992,1,0.000,0
4519,1024,1024,1.0000,26.601,37.593,1,0.000,0
4520,1024,1024,1.0000,27.024,37.004,1,0.000,0
4521,1024,1024,1.0000,27.048,36.971,1,0.000,0
4522,1024,1024,1.0000,26.534,37.687,1,0.000,0
4523,1024,1024,1.0000,27.229,36.726,1,0.000,0
4524,1024,1024,1.0000,26.810,37.300,1,0.000,0
4525,1024,1024,1.0000,27.825,35.939,1,0.000,0
4526,1024,1024,1.0000,26.601,37.593,1,0.000,0
4527,1024,1024,1.0000,26.777,37.345,1,0.000,0
4528,1024,1024,1.0000,26.709,37.441,1,0.000,0
4529,1024,1024,1.0000,27.678,36.130,1,0.000,0
4530,1024,1024,1.0000,26.870,37.216,1,0.000,0
4531,1024,1024,1.0000,27.010,37.023,1,0.000,0
4532,1024,1024,1.0000,26.472,37.776,1,0.000,0
4533,1024,1024,1.0000,27.127,36.864,1,0.000,0
4534,1024,1024,1.0000,28.043,35.660,1,0.000,0
4535,1024,1024,1.0000,28.222,35.433,1,0.000,0
4536,1024,1024,1.0000,27.621,36.204,1,0.000,0
4537,1024,1024,1.0000,28.091,35.599,1,0.000,0
4538,1024,1024,1.0000,27.124,36.868,1,0.000,0
4539,1024,1024,1.0000,27.836,35.925,1,0.000,0
4540,1024,1024,1.0000,27.622,36.203,1,0.000,0
4541,1024,1024,1.0000,28.120,35.562,1,0.000,0
4542,1024,1024,1.0000,27.729,36.063,1,0.000,0
4543,1024,1024,1.0000,28.051,35.649,1,0.000,0
4544,1024,1024,1.0000,27.574,36.266,1,0.000,0
4545,1024,1024,1.0000,27.558,36.287,1,0.000,0
4546,1024,1024,1.0000,28.037,35.667,1,0.000,0
4547,1024,1024,1.0000,28.308,35.326,1,0.000,0
4548,1024,1024,1.0000,28.330,35.298,1,0.000,0
4549,1024,1024,1.0000,26.724,37.420,1,0.000,0
4550,1024,1024,1.0000,26.787,37.332,1,0.000,0
4551,1024,1024,1.0000,26.667,37.500,1,0.000,0
4552,1024,1024,1.0000,27.155,36.826,1,0.000,0
4553,1024,1024,1.0000,26.634,37.546,1,0.000,0
4554,1024,1024,1.0000,27.545,36.304,1,0.000,0
4555,1024,1024,1.0000,26.902,37.172,1,0.000,0
4556,1024,1024,1.0000,27.023,37.006,1,0.000,0
4557,1024,1024,1.0000,27.382,36.520,1,0.000,0
4558,1024,1024,1.0000,27.243,36.707,1,0.000,0
4559,1024,1024,1.0000,28.176,35.491,1,0.000,0
4560,1024,1024,1.0000,26.719,37.427,1,0.000,0
4561,1024,1024,1.0000,27.350,36.563,1,0.000,0
4562,1024,1024,1.0000,26.697,37.457,1,0.000,0
4563,1024,1024,1.0000,26.953,37.102,1,0.000,0
4564,1024,1024,1.0000,26.810,37.300,1,0.000,0
4565,1024,1024,1.0000,27.331,36.588,1,0.000,0
4566,1024,1024,1.0000,27.130,36.860,1,0.000,0
4567,1024,1024,1.0000,26.338,37.968,1,0.000,0
4568,1024,1024,1.0000,27.122,36.870,1,0.000,0
4569,1024,1024,1.0000,26.926,37.139,1,0.000,0
4570,1024,1024,1.0000,27.468,36.406,1,0.000,0
4571,1024,1024,1.0000,27.387,36.514,1,0.000,0
4572,1024,1024,1.0000,26.837,37.262,1,0.000,0
4573,1024,1024,1.0000,27.123,36.869,1,0.000,0
4574,1024,1024,1.0000,27.196,36.770,1,0.000,0
4575,1024,1024,1.0000,27.859,35.895,1,0.000,0
4576,1024,1024,1.0000,26.593,37.604,1,0.000,0
4577,1024,1024,1.0000,27.438,36.446,1,0.000,0
4578,1024,1024,1.0000,26.387,37.897,1,0.000,0
4579,1024,1024,1.0000,27.537,36.315,1,0.000,0
4580,1024,1024,1.0000,26.677,37.485,1,0.000,0
4581,1024,1024,1.0000,27.625,36.199,1,0.000,0
4582,1024,1024,1.0000,27.308,36.619,1,0.000,0
4583,1024,1024,1.0000,26.512,37.719,1,0.000,0
4584,1024,1024,1.0000,27.091,36.913,1,0.000,0
4585,1024,1024,1.0000,26.680,37.481,1,0.000,0
4586,1024,1024,1.0000,27.721,36.074,1,0.000,0
4587,1024,1024,1.0000,26.611,37.578,1,0.000,0
4588,1024,1024,1.0000,27.356,36.555,1,0.000,0
4589,1024,1024,1.0000,26.642,37.535,1,0.000,0
4590,1024,1024,1.0000,27.436,36.448,1,0.000,0
4591,1024,1024,1.0000,26.905,37.168,1,0.000,0
4592,1024,1024,1.0000,26.744,37.392,1,0.000,0
4593,1024,1024,1.0000,27.524,36.332,1,0.000,0
4594,1024,1024,1.0000,26.358,37.939,1,0.000,0
4595,1024,1024,1.0000,27.586,36.250,1,0.000,0
4596,1024,1024,1.0000,26.820,37.286,1,0.000,0
4597,1024,1024,1.0000,26.857,37.234,1,0.000,0
4598,1024,1024,1.0000,26.914,37.155,1,0.000,0
4599,1024,1024,1.0000,27.164,36.813,1,0.000,0
4600,1024,1024,1.0000,26.569,37.638,1,0.000,0
4601,1024,1024,1.0000,26.792,37.325,1,0.000,0
4602,1024,1024,1.0000,27.179,36.793,1,0.000,0
4603,1024,1024,1.0000,27.390,36.510,1,0.000,0
4604,1024,1024,1.0000,27.336,36.582,1,0.000,0
4605,1024,1024,1.0000,26.418,37.853,1,0.000,0
4606,1024,1024,1.0000,27.709,36.089,1,0.000,0
4607,1024,1024,1.0000,26.599,37.595,1,0.000,0
4608,1024,1024,1.0000,27.391,36.508,1,0.000,0
4609,1024,1024,1.0000,27.445,36.437,1,0.000,0
4610,1024,1024,1.0000,27.753,36.032,1,0.000,0
4611,1024,1024,1.0000,27.105,36.894,1,0.000,0
4612,1024,1024,1.0000,28.293,35.344,1,0.000,0
4613,1024,1024,1.0000,27.350,36.563,1,0.000,0
4614,1024,1024,1.0000,28.258,35.388,1,0.000,0
4615,1024,1024,1.0000,27.874,35.876,1,0.000,0
4616,1024,1024,1.0000,28.114,35.569,1,0.000,0
4617,1024,1024,1.0000,27.302,36.627,1,0.000,0
4618,1024,1024,1.0000,28.005,35.708,1,0.000,0
4619,1024,1024,1.0000,27.828,35.935,1,0.000,0
4620,1024,1024,1.0000,28.105,35.581,1,0.000,0
4621,1024,1024,1.0000,27.702,36.098,1,0.000,0
4622,1024,1024,1.0000,27.163,36.815,1,0.000,0
4623,1024,1024,1.0000,26.854,37.238,1,0.000,0
4624,1024,1024,1.0000,27.222,36.735,1,0.000,0
4625,1024,1024,1.0000,27.370,36.536,1,0.000,0
4626,1024,1024,1.0000,26.528,37.696,1,0.000,0
4627,1024,1024,1.0000,28.157,35.515,1,0.000,0
4628,1024,1024,1.0000,26.276,38.058,1,0.000,0
4629,1024,1024,1.0000,27.601,36.231,1,0.000,0
4630,1024,1024,1.0000,26.892,37.186,1,0.000,0
4631,1024,1024,1.0000,26.726,37.417,1,0.000,0
4632,1024,1024,1.0000,27.906,35.835,1,0.000,0
4633,1024,1024,1.0000,26.404,37.873,1,0.000,0
4634,1024,1024,1.0000,27.006,37.029,1,0.000,0
4635,1024,1024,1.0000,26.719,37.427,1,0.000,0
4636,1024,1024,1.0000,27.214,36.746,1,0.000,0
4637,1024,1024,1.0000,26.725,37.418,1,0.000,0
4638,1024,1024,1.0000,27.179,36.793,1,0.000,0
4639,1024,1024,1.0000,26.901,37.173,1,0.000,0
4640,1024,1024,1.0000,27.313,36.613,1,0.000,0
4641,1024,1024,1.0000,27.230,36.724,1,0.000,0
4642,1024,1024,1.0000,27.234,36.719,1,0.000,0
4643,1024,1024,1.0000,27.400,36.496,1,0.000,0
4644,1024,1024,1.0000,26.364,37.931,1,0.000,0
4645,1024,1024,1.0000,27.725,36.069,1,0.000,0
4646,1024,1024,1.0000,26.642,37.535,1,0.000,0
4647,1024,1024,1.0000,27.167,36.809,1,0.000,0
4648,1024,1024,1.0000,26.932,37.131,1,0.000,0
4649,1024,1024,1.0000,26.623,37.562,1,0.000,0
4650,1024,1024,1.0000,27.260,36.684,1,0.000,0
4651,1024,1024,1.0000,27.602,36.229,1,0.000,0
4652,1024,1024,1.0000,27.091,36.913,1,0.000,0
4653,1024,1024,1.0000,26.758,37.372,1,0.000,0
4654,1024,1024,1.0000,27.406,36.488,1,0.000,0
4655,1024,1024,1.0000,26.400,37.879,1,0.000,0
4656,1024,1024,1.0000,27.260,36.684,1,0.000,0
4657,1024,1024,1.0000,26.906,37.166,1,0.000,0
4658,1024,1024,1.0000,27.680,36.127,1,0.000,0
4659,1024,1024,1.0000,26.825,37.279,1,0.000,0
4660,1024,1024,1.0000,27.240,36.711,1,0.000,0
4661,1024,1024,1.0000,26.892,37.186,1,0.000,0
4662,1024,1024,1.0000,27.300,36.630,1,0.000,0
4663,1024,1024,1.0000,27.203,36.761,1,0.000,0
4664,1024,1024,1.0000,26.736,37.403,1,0.000,0
4665,1024,1024,1.0000,26.763,37.365,1,0.000,0
4666,1024,1024,1.0000,26.724,37.420,1,0.000,0
4667,1024,1024,1.0000,27.796,35.976,1,0.000,0
4668,1024,1024,1.0000,26.757,37.373,1,0.000,0
4669,1024,1024,1.0000,27.614,36.214,1,0.000,0
4670,1024,1024,1.0000,26.978,37.067,1,0.000,0
4671,1024,1024,1.0000,26.988,37.054,1,0.000,0
4672,1024,1024,1.0000,27.351,36.562,1,0.000,0
4673,1024,1024,1.0000,27.328,36.593,1,0.000,0
4674,1024,1024,1.0000,26.998,37.040,1,0.000,0
4675,1024,1024,1.0000,26.332,37.977,1,0.000,0
4676,1024,1024,1.0000,28.245,35.404,1,0.000,0
4677,1024,1024,1.0000,26.881,37.201,1,0.000,0
4678,1024,1024,1.0000,26.388,37.896,1,0.000,0
4679,1024,1024,1.0000,26.696,37.459,1,0.000,0
4680,1024,1024,1.0000,26.908,37.164,1,0.000,0
4681,1024,1024,1.0000,27.920,35.817,1,0.000,0
4682,1024,1024,1.0000,26.623,37.562,1,0.000,0
4683,1024,1024,1.0000,28.040,35.663,1,0.000,0
4684,1024,1024,1.0000,27.919,35.818,1,0.000,0
4685,1024,1024,1.0000,27.489,36.378,1,0.000,0
4686,1024,1024,1.0000,27.375,36.530,1,0.000,0
4687,1024,1024,1.0000,27.973,35.749,1,0.000,0
4688,1024,1024,1.0000,27.488,36.380,1,0.000,0
4689,1024,1024,1.0000,27.802,35.969,1,0.000,0
4690,1024,1024,1.0000,27.806,35.963,1,0.000,0
4691,1024,1024,1.0000,28.203,35.457,1,0.000,0
4692,1024,1024,1.0000,27.953,35.774,1,0.000,0
4693,1024,1024,1.0000,27.689,36.115,1,0.000,0
4694,1024,1024,1.0000,28.465,35.131,1,0.000,0
4695,1024,1024,1.0000,27.780,35.997,1,0.000,0
4696,1024,1024,1.0000,28.263,35.382,1,0.000,0
4697,1024,1024,1.0000,27.174,36.800,1,0.000,0
4698,1024,1024,1.0000,27.187,36.782,1,0.000,0
4699,1024,1024,1.0000,26.634,37.546,1,0.000,0
4700,1024,1024,1.0000,27.175,36.799,1,0.000,0
4701,1024,1024,1.0000,26.743,37.393,1,0.000,0
4702,1024,1024,1.0000,27.384,36.518,1,0.000,0
4703,1024,1024,1.0000,26.909,37.162,1,0.000,0
4704,1024,1024,1.0000,26.642,37.535,1,0.000,0
4705,1024,1024,1.0000,27.250,36.697,1,0.000,0
4706,1024,1024,1.0000,27.247,36.701,1,0.000,0
4707,1024,1024,1.0000,27.258,36.686,1,0.000,0
4708,1024,1024,1.0000,26.377,37.912,1,0.000,0
4709,1024,1024,1.0000,27.248,36.700,1,0.000,0
4710,1024,1024,1.0000,26.858,37.233,1,0.000,0
4711,1024,1024,1.0000,27.649,36.168,1,0.000,0
4712,1024,1024,1.0000,26.964,37.086,1,0.000,0
4713,1024,1024,1.0000,26.419,37.852,1,0.000,0
4714,1024,1024,1.0000,27.362,36.547,1,0.000,0
4715,1024,1024,1.0000,26.808,37.302,1,0.000,0
4716,1024,1024,1.0000,27.378,36.526,1,0.000,0
4717,1024,1024,1.0000,26.617,37.570,1,0.000,0
4718,1024,1024,1.0000,26.840,37.258,1,0.000,0
4719,1024,1024,1.0000,26.972,37.075,1,0.000,0
4720,1024,1024,1.0000,27.238,36.713,1,0.000,0
4721,1024,1024,1.0000,27.714,36.083,1,0.000,0
4722,1024,1024,1.0000,26.653,37.519,1,0.000,0
4723,1024,1024,1.0000,27.281,36.656,1,0.000,0
4724,1024,1024,1.0000,26.515,37.715,1,0.000,0
4725,1024,1024,1.0000,27.536,36.316,1,0.000,0
4726,1024,1024,1.0000,26.590,37.608,1,0.000,0
4727,1024,1024,1.0000,26.882,37.200,1,0.000,0
4728,1024,1024,1.0000,27.428,36.459,1,0.000,0
4729,1024,1024,1.0000,26.437,37.826,1,0.000,0
4730,1024,1024,1.0000,26.916,37.153,1,0.000,0
4731,1024,1024,1.0000,26.796,37.319,1,0.000,0
4732,1024,1024,1.0000,27.471,36.402,1,0.000,0
4733,1024,1024,1.0000,26.978,37.067,1,0.000,0
4734,1024,1024,1.0000,26.562,37.648,1,0.000,0
4735,1024,1024,1.0000,27.045,36.975,1,0.000,0
4736,1024,1024,1.0000,27.143,36.842,1,0.000,0
4737,1024,1024,1.0000,27.307,36.621,1,0.000,0
4738,1024,1024,1.0000,27.111,36.885,1,0.000,0
4739,1024,1024,1.0000,27.370,36.536,1,0.000,0
4740,1024,1024,1.0000,26.303,38.018,1,0.000,0
4741,1024,1024,1.0000,27.367,36.540,1,0.000,0
4742,1024,1024,1.0000,26.700,37.453,1,0.000,0
4743,1024,1024,1.0000,27.077,36.932,1,0.000,0
4744,1024,1024,1.0000,27.110,36.887,1,0.000,0
4745,1024,1024,1.0000,27.254,36.692,1,0.000,0
4746,1024,1024,1.0000,26.653,37.519,1,0.000,0
4747,1024,1024,1.0000,27.312,36.614,1,0.000,0
4748,1024,1024,1.0000,27.390,36.510,1,0.000,0
4749,1024,1024,1.0000,27.214,36.746,1,0.000,0
4750,1024,1024,1.0000,27.322,36.601,1,0.000,0
4751,1024,1024,1.0000,26.392,37.890,1,0.000,0
4752,1024,1024,1.0000,26.826,37.277,1,0.000,0
4753,1024,1024,1.0000,27.160,36.819,1,0.000,0
4754,1024,1024,1.0000,26.727,37.415,1,0.000,0
4755,1024,1024,1.0000,27.216,36.743,1,0.000,0
4756,1024,1024,1.0000,26.448,37.810,1,0.000,0
4757,1024,1024,1.0000,27.132,36.857,1,0.000,0
4758,1024,1024,1.0000,27.192,36.776,1,0.000,0
4759,1024,1024,1.0000,28.655,34.898,1,0.000,0
4760,1024,1024,1.0000,27.420,36.470,1,0.000,0
4761,1024,1024,1.0000,27.959,35.767,1,0.000,0
4762,1024,1024,1.0000,27.231,36.723,1,0.000,0
4763,1024,1024,1.0000,27.666,36.145,1,0.000,0
4764,1024,1024,1.0000,27.396,36.502,1,0.000,0
4765,1024,1024,1.0000,28.323,35.307,1,0.000,0
4766,1024,1024,1.0000,27.637,36.183,1,0.000,0
4767,1024,1024,1.0000,28.106,35.580,1,0.000,0
4768,1024,1024,1.0000,27.502,36.361,1,0.000,0
4769,1024,1024,1.0000,27.379,36.524,1,0.000,0
4770,1024,1024,1.0000,27.903,35.838,1,0.000,0
4771,1024,1024,1.0000,27.198,36.767,1,0.000,0
4772,1024,1024,1.0000,27.611,36.217,1,0.000,0
4773,1024,1024,1.0000,27.260,36.684,1,0.000,0
4774,1024,1024,1.0000,27.308,36.619,1,0.000,0
4775,1024,1024,1.0000,26.584,37.617,1,0.000,0
4776,1024,1024,1.0000,27.532,36.321,1,0.000,0
4777,1024,1024,1.0000,27.062,36.952,1,0.000,0
4778,1024,1024,1.0000,27.518,36.340,1,0.000,0
4779,1024,1024,1.0000,26.901,37.173,1,0.000,0
4780,1024,1024,1.0000,26.384,37.902,1,0.000,0
4781,1024,1024,1.0000,27.821,35.944,1,0.000,0
4782,1024,1024,1.0000,27.034,36.990,1,0.000,0
4783,1024,1024,1.0000,27.685,36.121,1,0.000,0
4784,1024,1024,1.0000,26.985,37.058,1,0.000,0
4785,1024,1024,1.0000,26.393,37.889,1,0.000,0
4786,1024,1024,1.0000,27.354,36.558,1,0.000,0
4787,1024,1024,1.0000,26.590,37.608,1,0.000,0
4788,1024,1024,1.0000,27.750,36.036,1,0.000,0
4789,1024,1024,1.0000,26.765,37.362,1,0.000,0
4790,1024,1024,1.0000,26.908,37.164,1,0.000,0
4791,1024,1024,1.0000,26.930,37.133,1,0.000,0
4792,1024,1024,1.0000,27.108,36.889,1,0.000,0
4793,1024,1024,1.0000,26.814,37.294,1,0.000,0
4794,1024,1024,1.0000,28.050,35.651,1,0.000,0
4795,1024,1024,1.0000,27.448,36.433,1,0.000,0
4796,1024,1024,1.0000,26.493,37.746,1,0.000,0
4797,1024,1024,1.0000,28.021,35.688,1,0.000,0
4798,1024,1024,1.0000,27.120,36.873,1,0.000,0
4799,1024,1024,1.0000,26.944,37.114,1,0.000,0
4800,1024,1024,1.0000,26.918,37.150,1,0.000,0
4801,1024,1024,1.0000,26.317,37.998,1,0.000,0
4802,1024,1024,1.0000,27.284,36.652,1,0.000,0
4803,1024,1024,1.0000,26.692,37.464,1,0.000,0
4804,1024,1024,1.0000,27.926,35.809,1,0.000,0
4805,1024,1024,1.0000,27.565,36.278,1,0.000,0
4806,1024,1024,1.0000,26.958,37.095,1,0.000,0
4807,1024,1024,1.0000,26.812,37.297,1,0.000,0
4808,1024,1024,1.0000,27.516,36.342,1,0.000,0
4809,1024,1024,1.0000,27.215,36.744,1,0.000,0
4810,1024,1024,1.0000,26.821,37.284,1,0.000,0
4811,1024,1024,1.0000,27.248,36.700,1,0.000,0
4812,1024,1024,1.0000,26.315,38.001,1,0.000,0
4813,1024,1024,1.0000,27.301,36.629,1,0.000,0
4814,1024,1024,1.0000,26.499,37.737,1,0.000,0
4815,1024,1024,1.0000,27.126,36.865,1,0.000,0
4816,1024,1024,1.0000,26.999,37.038,1,0.000,0
4817,1024,1024,1.0000,27.646,36.172,1,0.000,0
4818,1024,1024,1.0000,26.713,37.435,1,0.000,0
4819,1024,1024,1.0000,26.670,37.495,1,0.000,0
4820,1024,1024,1.0000,27.432,36.454,1,0.000,0
4821,1024,1024,1.0000,26.794,37.322,1,0.000,0
4822,1024,1024,1.0000,26.911,37.160,1,0.000,0
4823,1024,1024,1.0000,26.844,37.252,1,0.000,0
4824,1024,1024,1.0000,27.694,36.109,1,0.000,0
4825,1024,1024,1.0000,26.830,37.272,1,0.000,0
4826,1024,1024,1.0000,26.831,37.270,1,0.000,0
4827,1024,1024,1.0000,27.262,36.681,1,0.000,0
4828,1024,1024,1.0000,27.478,36.393,1,0.000,0
4829,1024,1024,1.0000,27.794,35.979,1,0.000,0
4830,1024,1024,1.0000,26.496,37.742,1,0.000,0
4831,1024,1024,1.0000,27.171,36.804,1,0.000,0
4832,1024,1024,1.0000,26.950,37.106,1,0.000,0
4833,1024,1024,1.0000,27.209,36.753,1,0.000,0
4834,1024,1024,1.0000,27.412,36.480,1,0.000,0
4835,1024,1024,1.0000,28.372,35.246,1,0.000,0
4836,1024,1024,1.0000,27.029,36.997,1,0.000,0
4837,1024,1024,1.0000,27.945,35.785,1,0.000,0
4838,1024,1024,1.0000,27.282,36.654,1,0.000,0
4839,1024,1024,1.0000,28.355,35.267,1,0.000,0
4840,1024,1024,1.0000,27.119,36.875,1,0.000,0
4841,1024,1024,1.0000,28.208,35.451,1,0.000,0
4842,1024,1024,1.0000,27.185,36.785,1,0.000,0
4843,1024,1024,1.0000,28.166,35.504,1,0.000,0
4844,1024,1024,1.0000,27.800,35.971,1,0.000,0
4845,1024,1024,1.0000,27.673,36.136,1,0.000,0
4846,1024,1024,1.0000,27.956,35.770,1,0.000,0
4847,1024,1024,1.0000,27.425,36.463,1,0.000,0
4848,1024,1024,1.0000,27.212,36.748,1,0.000,0
4849,1024,1024,1.0000,27.229,36.726,1,0.000,0
4850,1024,1024,1.0000,27.999,35.716,1,0.000,0
4851,1024,1024,1.0000,26.524,37.702,1,0.000,0
4852,1024,1024,1.0000,26.728,37.414,1,0.000,0
4853,1024,1024,1.0000,26.735,37.404,1,0.000,0
4854,1024,1024,1.0000,26.872,37.213,1,0.000,0
4855,1024,1024,1.0000,26.944,37.114,1,0.000,0
4856,1024,1024,1.0000,26.968,37.081,1,0.000,0
4857,1024,1024,1.0000,27.786,35.989,1,0.000,0
4858,1024,1024,1.0000,26.771,37.354,1,0.000,0
4859,1024,1024,1.0000,27.247,36.701,1,0.000,0
4860,1024,1024,1.0000,26.781,37.340,1,0.000,0
4861,1024,1024,1.0000,27.631,36.191,1,0.000,0
4862,1024,1024,1.0000,27.092,36.911,1,0.000,0
4863,1024,1024,1.0000,27.206,36.757,1,0.000,0
4864,1024,1024,1.0000,27.337,36.580,1,0.000,0
4865,1024,1024,1.0000,26.739,37.399,1,0.000,0
4866,1024,1024,1.0000,27.694,36.109,1,0.000,0
4867,1024,1024,1.0000,26.402,37.876,1,0.000,0
4868,1024,1024,1.0000,27.730,36.062,1,0.000,0
4869,1024,1024,1.0000,26.816,37.291,1,0.000,0
4870,1024,1024,1.0000,26.949,37.107,1,0.000,0
4871,1024,1024,1.0000,27.278,36.660,1,0.000,0
4872,1024,1024,1.0000,26.757,37.373,1,0.000,0
4873,1024,1024,1.0000,27.201,36.763,1,0.000,0
4874,1024,1024,1.0000,27.128,36.862,1,0.000,0
4875,1024,1024,1.0000,27.684,36.122,1,0.000,0
4876,1024,1024,1.0000,26.819,37.287,1,0.000,0
4877,1024,1024,1.0000,27.696,36.106,1,0.000,0
4878,1024,1024,1.0000,26.525,37.700,1,0.000,0
4879,1024,1024,1.0000,27.381,36.522,1,0.000,0
4880,1024,1024,1.0000,27.384,36.518,1,0.000,0
4881,1024,1024,1.0000,27.308,36.619,1,0.000,0
4882,1024,1024,1.0000,27.195,36.771,1,0.000,0
4883,1024,1024,1.0000,26.767,37.359,1,0.000,0
4884,1024,1024,1.0000,27.698,36.104,1,0.000,0
4885,1024,1024,1.0000,27.168,36.808,1,0.000,0
4886,1024,1024,1.0000,26.924,37.142,1,0.000,0
4887,1024,1024,1.0000,27.138,36.849,1,0.000,0
4888,1024,1024,1.0000,27.161,36.817,1,0.000,0
4889,1024,1024,1.0000,26.925,37.140,1,0.000,0
4890,1024,1024,1.0000,26.655,37.516,1,0.000,0
4891,1024,1024,1.0000,27.253,36.693,1,0.000,0
4892,1024,1024,1.0000,26.853,37.240,1,0.000,0
4893,1024,1024,1.0000,27.132,36.857,1,0.000,0
4894,1024,1024,1.0000,27.112,36.884,1,0.000,0
4895,1024,1024,1.0000,26.565,37.644,1,0.000,0
4896,1024,1024,1.0000,27.624,36.200,1,0.000,0
4897,1024,1024,1.0000,27.311,36.615,1,0.000,0
4898,1024,1024,1.0000,27.705,36.095,1,0.000,0
4899,1024,1024,1.0000,26.694,37.462,1,0.000,0
4900,1024,1024,1.0000,27.395,36.503,1,0.000,0
4901,1024,1024,1.0000,26.602,37.591,1,0.000,0
4902,1024,1024,1.0000,27.029,36.997,1,0.000,0
4903,1024,1024,1.0000,27.210,36.751,1,0.000,0
4904,1024,1024,1.0000,26.624,37.560,1,0.000,0
4905,1024,1024,1.0000,27.116,36.879,1,0.000,0
4906,1024,1024,1.0000,26.846,37.249,1,0.000,0
4907,1024,1024,1.0000,27.959,35.767,1,0.000,0
4908,1024,1024,1.0000,26.741,37.396,1,0.000,0
4909,1024,1024,1.0000,28.974,34.514,1,0.000,0
4910,1024,1024,1.0000,27.135,36.853,1,0.000,0
4911,1024,1024,1.0000,27.767,36.014,1,0.000,0
4912,1024,1024,1.0000,27.687,36.118,1,0.000,0
4913,1024,1024,1.0000,28.317,35.314,1,0.000,0
4914,1024,1024,1.0000,27.469,36.405,1,0.000,0
4915,1024,1024,1.0000,27.994,35.722,1,0.000,0
4916,1024,1024,1.0000,27.575,36.265,1,0.000,0
4917,1024,1024,1.0000,28.043,35.660,1,0.000,0
4918,1024,1024,1.0000,27.437,36.447,1,0.000,0
4919,1024,1024,1.0000,28.591,34.976,1,0.000,0
4920,1024,1024,1.0000,27.890,35.855,1,0.000,0
4921,1024,1024,1.0000,27.823,35.941,1,0.000,0
4922,1024,1024,1.0000,27.524,36.332,1,0.000,0
4923,1024,1024,1.0000,27.385,36.516,1,0.000,0
4924,1024,1024,1.0000,27.096,36.906,1,0.000,0
4925,1024,1024,1.0000,26.678,37.484,1,0.000,0
4926,1024,1024,1.0000,27.929,35.805,1,0.000,0
4927,1024,1024,1.0000,26.783,37.337,1,0.000,0
4928,1024,1024,1.0000,27.155,36.826,1,0.000,0
4929,1024,1024,1.0000,26.625,37.559,1,0.000,0
4930,1024,1024,1.0000,27.354,36.558,1,0.000,0
4931,1024,1024,1.0000,27.104,36.895,1,0.000,0
4932,1024,1024,1.0000,26.758,37.372,1,0.000,0
4933,1024,1024,1.0000,27.350,36.563,1,0.000,0
4934,1024,1024,1.0000,26.392,37.890,1,0.000,0
4935,1024,1024,1.0000,27.770,36.010,1,0.000,0
4936,1024,1024,1.0000,26.692,37.464,1,0.000,0
4937,1024,1024,1.0000,27.727,36.066,1,0.000,0
4938,1024,1024,1.0000,26.731,37.410,1,0.000,0
4939,1024,1024,1.0000,27.589,36.246,1,0.000,0
4940,1024,1024,1.0000,26.588,37.611,1,0.000,0
4941,1024,1024,1.0000,27.036,36.988,1,0.000,0
4942,1024,1024,1.0000,27.306,36.622,1,0.000,0
4943,1024,1024,1.0000,26.622,37.563,1,0.000,0
4944,1024,1024,1.0000,27.861,35.892,1,0.000,0
4945,1024,1024,1.0000,26.452,37.804,1,0.000,0
4946,1024,1024,1.0000,27.027,37.000,1,0.000,0
4947,1024,1024,1.0000,27.122,36.870,1,0.000,0
4948,1024,1024,1.0000,26.904,37.169,1,0.000,0
4949,1024,1024,1.0000,27.072,36.939,1,0.000,0
4950,1024,1024,1.0000,26.858,37.233,1,0.000,0
4951,1024,1024,1.0000,26.936,37.125,1,0.000,0
4952,1024,1024,1.0000,27.302,36.627,1,0.000,0
4953,1024,1024,1.0000,27.534,36.319,1,0.000,0
4954,1024,1024,1.0000,26.964,37.086,1,0.000,0
4955,1024,1024,1.0000,27.189,36.780,1,0.000,0
4956,1024,1024,1.0000,26.495,37.743,1,0.000,0
4957,1024,1024,1.0000,26.662,37.507,1,0.000,0
4958,1024,1024,1.0000,26.934,37.128,1,0.000,0
4959,1024,1024,1.0000,26.675,37.488,1,0.000,0
4960,1024,1024,1.0000,27.666,36.145,1,0.000,0
4961,1024,1024,1.0000,26.989,37.052,1,0.000,0
4962,1024,1024,1.0000,27.345,36.570,1,0.000,0
4963,1024,1024,1.0000,26.736,37.403,1,0.000,0
4964,1024,1024,1.0000,27.956,35.770,1,0.000,0
4965,1024,1024,1.0000,26.905,37.168,1,0.000,0
4966,1024,1024,1.0000,27.074,36.936,1,0.000,0
4967,1024,1024,1.0000,26.608,37.583,1,0.000,0
4968,1024,1024,1.0000,26.886,37.194,1,0.000,0
4969,1024,1024,1.0000,27.307,36.621,1,0.000,0
4970,1024,1024,1.0000,26.675,37.488,1,0.000,0
4971,1024,1024,1.0000,27.566,36.277,1,0.000,0
4972,1024,1024,1.0000,26.994,37.045,1,0.000,0
4973,1024,1024,1.0000,26.972,37.075,1,0.000,0
4974,1024,1024,1.0000,26.692,37.464,1,0.000,0
4975,1024,1024,1.0000,27.840,35.920,1,0.000,0
4976,1024,1024,1.0000,27.498,36.366,1,0.000,0
4977,1024,1024,1.0000,27.106,36.892,1,0.000,0
4978,1024,1024,1.0000,26.619,37.567,1,0.000,0
4979,1024,1024,1.0000,27.490,36.377,1,0.000,0
4980,1024,1024,1.0000,27.124,36.868,1,0.000,0
4981,1024,1024,1.0000,26.631,37.550,1,0.000,0
4982,1024,1024,1.0000,27.438,36.446,1,0.000,0
4983,1024,1024,1.0000,27.047,36.973,1,0.000,0
4984,1024,1024,1.0000,28.052,35.648,1,0.000,0
4985,1024,1024,1.0000,27.282,36.654,1,0.000,0
4986,1024,1024,1.0000,28.303,35.332,1,0.000,0
4987,1024,1024,1.0000,27.589,36.246,1,0.000,0
4988,1024,1024,1.0000,28.499,35.089,1,0.000,0
4989,1024,1024,1.0000,27.042,36.980,1,0.000,0
4990,1024,1024,1.0000,27.942,35.788,1,0.000,0
4991,1024,1024,1.0000,27.504,36.358,1,0.000,0
4992,1024,1024,1.0000,28.098,35.590,1,0.000,0
4993,1024,1024,1.0000,27.674,36.135,1,0.000,0
4994,1024,1024,1.0000,28.180,35.486,1,0.000,0
4995,1024,1024,1.0000,27.222,36.735,1,0.000,0
4996,1024,1024,1.0000,27.542,36.308,1,0.000,0
4997,1024,1024,1.0000,27.136,36.851,1,0.000,0
4998,1024,1024,1.0000,27.590,36.245,1,0.000,0
4999,1024,1024,1.0000,27.526,36.329,1,0.000,0
5000,1024,1024,1.0000,27.204,36.759,1,0.000,0
5001,1024,1024,1.0000,26.957,37.096,1,0.000,0
5002,1024,1024,1.0000,26.863,37.226,1,0.000,0
5003,1024,1024,1.0000,27.623,36.202,1,0.000,0
5004,1024,1024,1.0000,26.884,37.197,1,0.000,0
5005,1024,1024,1.0000,27.707,36.092,1,0.000,0
5006,1024,1024,1.0000,26.674,37.490,1,0.000,0
5007,1024,1024,1.0000,26.707,37.443,1,0.000,0
5008,1024,1024,1.0000,27.094,36.909,1,0.000,0
5009,1024,1024,1.0000,27.362,36.547,1,0.000,0
5010,1024,1024,1.0000,27.304,36.625,1,0.000,0
5011,1024,1024,1.0000,27.274,36.665,1,0.000,0
5012,1024,1024,1.0000,27.485,36.383,1,0.000,0
5013,1024,1024,1.0000,26.794,37.322,1,0.000,0
5014,1024,1024,1.0000,27.688,36.117,1,0.000,0
5015,1024,1024,1.0000,26.814,37.294,1,0.000,0
5016,1024,1024,1.0000,27.619,36.207,1,0.000,0
5017,1024,1024,1.0000,26.736,37.403,1,0.000,0
5018,1024,1024,1.0000,27.035,36.989,1,0.000,0
5019,1024,1024,1.0000,27.293,36.639,1,0.000,0
5020,1024,1024,1.0000,26.744,37.392,1,0.000,0
5021,1024,1024,1.0000,27.595,36.238,1,0.000,0
5022,1024,1024,1.0000,27.889,35.856,1,0.000,0
5023,1024,1024,1.0000,27.578,36.261,1,0.000,0
5024,1024,1024,1.0000,26.457,37.797,1,0.000,0
5025,1024,1024,1.0000,26.992,37.048,1,0.000,0
5026,1024,1024,1.0000,27.175,36.799,1,0.000,0
5027,1024,1024,1.0000,27.304,36.625,1,0.000,0
5028,1024,1024,1.0000,27.246,36.703,1,0.000,0
5029,1024,1024,1.0000,27.031,36.995,1,0.000,0
5030,1024,1024,1.0000,27.650,36.166,1,0.000,0
5031,1024,1024,1.0000,26.829,37.273,1,0.000,0
5032,1024,1024,1.0000,27.048,36.971,1,0.000,0
5033,1024,1024,1.0000,26.920,37.147,1,0.000,0
5034,1024,1024,1.0000,27.259,36.685,1,0.000,0
5035,1024,1024,1.0000,26.893,37.184,1,0.000,0
5036,1024,1024,1.0000,27.352,36.560,1,0.000,0
5037,1024,1024,1.0000,27.931,35.803,1,0.000,0
5038,1024,1024,1.0000,27.189,36.780,1,0.000,0
5039,1024,1024,1.0000,27.404,36.491,1,0.000,0
5040,1024,1024,1.0000,26.562,37.648,1,0.000,0
5041,1024,1024,1.0000,27.315,36.610,1,0.000,0
5042,1024,1024,1.0000,27.002,37.034,1,0.000,0
5043,1024,1024,1.0000,27.645,36.173,1,0.000,0
5044,1024,1024,1.0000,26.950,37.106,1,0.000,0
5045,1024,1024,1.0000,27.336,36.582,1,0.000,0
5046,1024,1024,1.0000,27.304,36.625,1,0.000,0
5047,1024,1024,1.0000,27.505,36.357,1,0.000,0
5048,1024,1024,1.0000,27.230,36.724,1,0.000,0
5049,1024,1024,1.0000,27.314,36.611,1,0.000,0
5050,1024,1024,1.0000,27.718,36.078,1,0.000,0
5051,1024,1024,1.0000,26.402,37.876,1,0.000,0
5052,1024,1024,1.0000,27.742,36.046,1,0.000,0
5053,1024,1024,1.0000,26.881,37.201,1,0.000,0
5054,1024,1024,1.0000,27.700,36.101,1,0.000,0
5055,1024,1024,1.0000,26.974,37.073,1,0.000,0
5056,1024,1024,1.0000,27.298,36.633,1,0.000,0
5057,1024,1024,1.0000,27.551,36.296,1,0.000,0
5058,1024,1024,1.0000,27.445,36.437,1,0.000,0
5059,1024,1024,1.0000,27.495,36.370,1,0.000,0
5060,1024,1024,1.0000,28.359,35.262,1,0.000,0
5061,1024,1024,1.0000,27.349,36.564,1,0.000,0
5062,1024,1024,1.0000,27.777,36.001,1,0.000,0
5063,1024,1024,1.0000,27.170,36.805,1,0.000,0
5064,1024,1024,1.0000,27.746,36.041,1,0.000,0
5065,1024,1024,1.0000,27.308,36.619,1,0.000,0
5066,1024,1024,1.0000,27.645,36.173,1,0.000,0
5067,1024,1024,1.0000,27.603,36.228,1,0.000,0
5068,1024,1024,1.0000,27.791,35.983,1,0.000,0
5069,1024,1024,1.0000,27.520,36.337,1,0.000,0
5070,1024,1024,1.0000,27.826,35.938,1,0.000,0
5071,1024,1024,1.0000,28.232,35.421,1,0.000,0
5072,1024,1024,1.0000,27.295,36.637,1,0.000,0
5073,1024,1024,1.0000,28.328,35.301,1,0.000,0
5074,1024,1024,1.0000,27.363,36.546,1,0.000,0
5075,1024,1024,1.0000,27.106,36.892,1,0.000,0
5076,1024,1024,1.0000,27.076,36.933,1,0.000,0
5077,1024,1024,1.0000,27.558,36.287,1,0.000,0
5078,1024,1024,1.0000,27.111,36.885,1,0.000,0
5079,1024,1024,1.0000,27.591,36.244,1,0.000,0
5080,1024,1024,1.0000,27.141,36.845,1,0.000,0
5081,1024,1024,1.0000,27.419,36.471,1,0.000,0
5082,1024,1024,1.0000,27.555,36.291,1,0.000,0
5083,1024,1024,1.0000,27.282,36.654,1,0.000,0
5084,1024,1024,1.0000,27.856,35.899,1,0.000,0
5085,1024,1024,1.0000,26.683,37.477,1,0.000,0
5086,1024,1024,1.0000,27.423,36.466,1,0.000,0
5087,1024,1024,1.0000,27.119,36.875,1,0.000,0
5088,1024,1024,1.0000,27.589,36.246,1,0.000,0
5089,1024,1024,1.0000,27.016,37.015,1,0.000,0
5090,1024,1024,1.0000,27.517,36.341,1,0.000,0
5091,1024,1024,1.0000,26.783,37.337,1,0.000,0
5092,1024,1024,1.0000,27.003,37.033,1,0.000,0
5093,1024,1024,1.0000,27.985,35.733,1,0.000,0
5094,1024,1024,1.0000,26.703,37.449,1,0.000,0
5095,1024,1024,1.0000,27.510,36.350,1,0.000,0
5096,1024,1024,1.0000,27.278,36.660,1,0.000,0
5097,1024,1024,1.0000,27.258,36.686,1,0.000,0
5098,1024,1024,1.0000,27.271,36.669,1,0.000,0
5099,1024,1024,1.0000,27.331,36.588,1,0.000,0
5100,1024,1024,1.0000,27.425,36.463,1,0.000,0
5101,1024,1024,1.0000,27.212,36.748,1,0.000,0
5102,1024,1024,1.0000,27.439,36.444,1,0.000,0
5103,1024,1024,1.0000,26.856,37.236,1,0.000,0
5104,1024,1024,1.0000,28.110,35.575,1,0.000,0
5105,1024,1024,1.0000,26.938,37.122,1,0.000,0
5106,1024,1024,1.0000,27.653,36.162,1,0.000,0
5107,1024,1024,1.0000,27.141,36.845,1,0.000,0
5108,1024,1024,1.0000,27.004,37.032,1,0.000,0
5109,1024,1024,1.0000,27.482,36.387,1,0.000,0
5110,1024,1024,1.0000,27.335,36.583,1,0.000,0
5111,1024,1024,1.0000,27.923,35.813,1,0.000,0
5112,1024,1024,1.0000,27.207,36.755,1,0.000,0
5113,1024,1024,1.0000,27.978,35.742,1,0.000,0
5114,1024,1024,1.0000,26.510,37.722,1,0.000,0
5115,1024,1024,1.0000,28.235,35.417,1,0.000,0
5116,1024,1024,1.0000,26.943,37.115,1,0.000,0
5117,1024,1024,1.0000,26.891,37.187,1,0.000,0
5118,1024,1024,1.0000,27.261,36.682,1,0.000,0
5119,1024,1024,1.0000,27.003,37.033,1,0.000,0
5120,1024,1024,1.0000,27.743,36.045,1,0.000,0
5121,1024,1024,1.0000,26.775,37.348,1,0.000,0
5122,1024,1024,1.0000,27.796,35.976,1,0.000,0
5123,1024,1024,1.0000,26.957,37.096,1,0.000,0
5124,1024,1024,1.0000,27.792,35.982,1,0.000,0
5125,1024,1024,1.0000,26.658,37.512,1,0.000,0
5126,1024,1024,1.0000,28.243,35.407,1,0.000,0
5127,1024,1024,1.0000,27.101,36.899,1,0.000,0
5128,1024,1024,1.0000,27.336,36.582,1,0.000,0
5129,1024,1024,1.0000,27.236,36.716,1,0.000,0
5130,1024,1024,1.0000,26.890,37.189,1,0.000,0
5131,1024,1024,1.0000,27.450,36.430,1,0.000,0
5132,1024,1024,1.0000,26.970,37.078,1,0.000,0
5133,1024,1024,1.0000,28.470,35.125,1,0.000,0
5134,1024,1024,1.0000,27.924,35.811,1,0.000,0
5135,1024,1024,1.0000,27.865,35.887,1,0.000,0
5136,1024,1024,1.0000,27.047,36.973,1,0.000,0
5137,1024,1024,1.0000,27.902,35.840,1,0.000,0
5138,1024,1024,1.0000,27.647,36.170,1,0.000,0
5139,1024,1024,1.0000,28.332,35.296,1,0.000,0
5140,1024,1024,1.0000,27.258,36.686,1,0.000,0
5141,1024,1024,1.0000,27.394,36.504,1,0.000,0
5142,1024,1024,1.0000,27.277,36.661,1,0.000,0
5143,1024,1024,1.0000,27.385,36.516,1,0.000,0
5144,1024,1024,1.0000,27.809,35.960,1,0.000,0
5145,1024,1024,1.0000,27.756,36.028,1,0.000,0
5146,1024,1024,1.0000,28.242,35.408,1,0.000,0
5147,1024,1024,1.0000,27.769,36.011,1,0.000,0
5148,1024,1024,1.0000,28.178,35.489,1,0.000,0
5149,1024,1024,1.0000,27.552,36.295,1,0.000,0
5150,1024,1024,1.0000,27.695,36.108,1,0.000,0
5151,1024,1024,1.0000,26.955,37.099,1,0.000,0
5152,1024,1024,1.0000,27.532,36.321,1,0.000,0
5153,1024,1024,1.0000,27.129,36.861,1,0.000,0
5154,1024,1024,1.0000,27.228,36.727,1,0.000,0
5155,1024,1024,1.0000,26.983,37.060,1,0.000,0
5156,1024,1024,1.0000,27.315,36.610,1,0.000,0
5157,1024,1024,1.0000,27.551,36.296,1,0.000,0
5158,1024,1024,1.0000,27.342,36.574,1,0.000,0
5159,1024,1024,1.0000,27.448,36.433,1,0.000,0
5160,1024,1024,1.0000,27.384,36.518,1,0.000,0
5161,1024,1024,1.0000,27.608,36.221,1,0.000,0
5162,1024,1024,1.0000,26.998,37.040,1,0.000,0
5163,1024,1024,1.0000,27.011,37.022,1,0.000,0
5164,1024,1024,1.0000,27.021,37.008,1,0.000,0
5165,1024,1024,1.0000,26.957,37.096,1,0.000,0
5166,1024,1024,1.0000,27.304,36.625,1,0.000,0
5167,1024,1024,1.0000,27.282,36.654,1,0.000,0
5168,1024,1024,1.0000,27.824,35.940,1,0.000,0
5169,1024,1024,1.0000,26.725,37.418,1,0.000,0
5170,1024,1024,1.0000,27.795,35.978,1,0.000,0
5171,1024,1024,1.0000,27.126,36.865,1,0.000,0
5172,1024,1024,1.0000,27.200,36.765,1,0.000,0
5173,1024,1024,1.0000,27.777,36.001,1,0.000,0
5174,1024,1024,1.0000,26.784,37.336,1,0.000,0
5175,1024,1024,1.0000,27.774,36.005,1,0.000,0
5176,1024,1024,1.0000,27.115,36.880,1,0.000,0
5177,1024,1024,1.0000,27.291,36.642,1,0.000,0
5178,1024,1024,1.0000,27.151,36.831,1,0.000,0
5179,1024,1024,1.0000,27.531,36.323,1,0.000,0
5180,1024,1024,1.0000,27.189,36.780,1,0.000,0
5181,1024,1024,1.0000,27.327,36.594,1,0.000,0
5182,1024,1024,1.0000,27.195,36.771,1,0.000,0
5183,1024,1024,1.0000,26.981,37.063,1,0.000,0
5184,1024,1024,1.0000,27.763,36.019,1,0.000,0
5185,1024,1024,1.0000,26.873,37.212,1,0.000,0
5186,1024,1024,1.0000,27.183,36.788,1,0.000,0
5187,1024,1024,1.0000,26.962,37.089,1,0.000,0
5188,1024,1024,1.0000,27.308,36.619,1,0.000,0
5189,1024,1024,1.0000,27.118,36.876,1,0.000,0
5190,1024,1024,1.0000,27.325,36.597,1,0.000,0
5191,1024,1024,1.0000,27.863,35.890,1,0.000,0
5192,1024,1024,1.0000,27.303,36.626,1,0.000,0
5193,1024,1024,1.0000,27.686,36.119,1,0.000,0
5194,1024,1024,1.0000,27.242,36.708,1,0.000,0
5195,1024,1024,1.0000,27.707,36.092,1,0.000,0
5196,1024,1024,1.0000,27.310,36.617,1,0.000,0
5197,1024,1024,1.0000,27.325,36.597,1,0.000,0
5198,1024,1024,1.0000,27.809,35.960,1,0.000,0
5199,1024,1024,1.0000,27.055,36.962,1,0.000,0
5200,1024,1024,1.0000,27.818,35.948,1,0.000,0
5201,1024,1024,1.0000,26.967,37.082,1,0.000,0
5202,1024,1024,1.0000,27.626,36.198,1,0.000,0
5203,1024,1024,1.0000,26.818,37.288,1,0.000,0
5204,1024,1024,1.0000,27.664,36.148,1,0.000,0
5205,1024,1024,1.0000,26.814,37.294,1,0.000,0
5206,1024,1024,1.0000,27.882,35.865,1,0.000,0
5207,1024,1024,1.0000,27.481,36.389,1,0.000,0
5208,1024,1024,1.0000,28.524,35.058,1,0.000,0
5209,1024,1024,1.0000,27.552,36.295,1,0.000,0
5210,1024,1024,1.0000,27.613,36.215,1,0.000,0
5211,1024,1024,1.0000,27.433,36.452,1,0.000,0
5212,1024,1024,1.0000,26.858,37.233,1,0.000,0
5213,1024,1024,1.0000,28.329,35.300,1,0.000,0
5214,1024,1024,1.0000,27.861,35.892,1,0.000,0
5215,1024,1024,1.0000,28.565,35.008,1,0.000,0
5216,1024,1024,1.0000,27.441,36.442,1,0.000,0
5217,1024,1024,1.0000,28.411,35.198,1,0.000,0
5218,1024,1024,1.0000,26.862,37.227,1,0.000,0
5219,1024,1024,1.0000,27.980,35.740,1,0.000,0
5220,1024,1024,1.0000,27.613,36.215,1,0.000,0
5221,1024,1024,1.0000,27.620,36.206,1,0.000,0
5222,1024,1024,1.0000,27.702,36.098,1,0.000,0
5223,1024,1024,1.0000,27.299,36.631,1,0.000,0
5224,1024,1024,1.0000,27.449,36.431,1,0.000,0
5225,1024,1024,1.0000,27.468,36.406,1,0.000,0
5226,1024,1024,1.0000,27.790,35.984,1,0.000,0
5227,1024,1024,1.0000,27.361,36.548,1,0.000,0
5228,1024,1024,1.0000,27.688,36.117,1,0.000,0
5229,1024,1024,1.0000,27.474,36.398,1,0.000,0
5230,1024,1024,1.0000,27.046,36.974,1,0.000,0
5231,1024,1024,1.0000,27.682,36.125,1,0.000,0
5232,1024,1024,1.0000,27.075,36.934,1,0.000,0
5233,1024,1024,1.0000,27.728,36.065,1,0.000,0
5234,1024,1024,1.0000,27.315,36.610,1,0.000,0
5235,1024,1024,1.0000,27.118,36.876,1,0.000,0
5236,1024,1024,1.0000,27.763,36.019,1,0.000,0
5237,1024,1024,1.0000,27.397,36.500,1,0.000,0
5238,1024,1024,1.0000,27.776,36.002,1,0.000,0
5239,1024,1024,1.0000,27.024,37.004,1,0.000,0
5240,1024,1024,1.0000,28.012,35.699,1,0.000,0
5241,1024,1024,1.0000,27.033,36.992,1,0.000,0
5242,1024,1024,1.0000,27.669,36.142,1,0.000,0
5243,1024,1024,1.0000,27.090,36.914,1,0.000,0
5244,1024,1024,1.0000,28.001,35.713,1,0.000,0
5245,1024,1024,1.0000,27.316,36.609,1,0.000,0
5246,1024,1024,1.0000,27.112,36.884,1,0.000,0
5247,1024,1024,1.0000,27.329,36.591,1,0.000,0
5248,1024,1024,1.0000,27.397,36.500,1,0.000,0
5249,1024,1024,1.0000,27.613,36.215,1,0.000,0
5250,1024,1024,1.0000,27.284,36.652,1,0.000,0
5251,1024,1024,1.0000,28.060,35.638,1,0.000,0
5252,1024,1024,1.0000,26.617,37.570,1,0.000,0
5253,1024,1024,1.0000,27.832,35.930,1,0.000,0
5254,1024,1024,1.0000,26.925,37.140,1,0.000,0
5255,1024,1024,1.0000,27.738,36.052,1,0.000,0
5256,1024,1024,1.0000,27.109,36.888,1,0.000,0
5257,1024,1024,1.0000,27.721,36.074,1,0.000,0
5258,1024,1024,1.0000,26.750,37.383,1,0.000,0
5259,1024,1024,1.0000,27.555,36.291,1,0.000,0
5260,1024,1024,1.0000,27.273,36.666,1,0.000,0
5261,1024,1024,1.0000,27.206,36.757,1,0.000,0
5262,1024,1024,1.0000,28.348,35.276,1,0.000,0
5263,1024,1024,1.0000,26.649,37.525,1,0.000,0
5264,1024,1024,1.0000,27.038,36.985,1,0.000,0
5265,1024,1024,1.0000,27.183,36.788,1,0.000,0
5266,1024,1024,1.0000,27.583,36.254,1,0.000,0
5267,1024,1024,1.0000,27.304,36.625,1,0.000,0
5268,1024,1024,1.0000,27.308,36.619,1,0.000,0
5269,1024,1024,1.0000,27.550,36.298,1,0.000,0
5270,1024,1024,1.0000,26.845,37.251,1,0.000,0
5271,1024,1024,1.0000,27.680,36.127,1,0.000,0
5272,1024,1024,1.0000,27.166,36.811,1,0.000,0
5273,1024,1024,1.0000,27.444,36.438,1,0.000,0
5274,1024,1024,1.0000,27.804,35.966,1,0.000,0
5275,1024,1024,1.0000,26.966,37.084,1,0.000,0
5276,1024,1024,1.0000,27.899,35.844,1,0.000,0
5277,1024,1024,1.0000,27.307,36.621,1,0.000,0
5278,1024,1024,1.0000,27.870,35.881,1,0.000,0
5279,1024,1024,1.0000,26.830,37.272,1,0.000,0
5280,1024,1024,1.0000,27.231,36.723,1,0.000,0
5281,1024,1024,1.0000,26.557,37.655,1,0.000,0
5282,1024,1024,1.0000,28.647,34.908,1,0.000,0
5283,1024,1024,1.0000,27.322,36.601,1,0.000,0
5284,1024,1024,1.0000,28.093,35.596,1,0.000,0
5285,1024,1024,1.0000,27.775,36.004,1,0.000,0
5286,1024,1024,1.0000,27.773,36.006,1,0.000,0
5287,1024,1024,1.0000,27.058,36.958,1,0.000,0
5288,1024,1024,1.0000,27.879,35.869,1,0.000,0
5289,1024,1024,1.0000,27.591,36.244,1,0.000,0
5290,1024,1024,1.0000,27.880,35.868,1,0.000,0
5291,1024,1024,1.0000,27.688,36.117,1,0.000,0
5292,1024,1024,1.0000,27.584,36.253,1,0.000,0
5293,1024,1024,1.0000,27.486,36.382,1,0.000,0
5294,1024,1024,1.0000,27.241,36.709,1,0.000,0
5295,1024,1024,1.0000,28.072,35.623,1,0.000,0
5296,1024,1024,1.0000,27.453,36.426,1,0.000,0
5297,1024,1024,1.0000,28.053,35.647,1,0.000,0
5298,1024,1024,1.0000,27.027,37.000,1,0.000,0
5299,1024,1024,1.0000,27.198,36.767,1,0.000,0
5300,1024,1024,1.0000,27.728,36.065,1,0.000,0
5301,1024,1024,1.0000,27.965,35.759,1,0.000,0
5302,1024,1024,1.0000,27.830,35.932,1,0.000,0
5303,1024,1024,1.0000,27.885,35.862,1,0.000,0
5304,1024,1024,1.0000,28.199,35.462,1,0.000,0
5305,1024,1024,1.0000,26.681,37.480,1,0.000,0
5306,1024,1024,1.0000,27.848,35.909,1,0.000,0
5307,1024,1024,1.0000,27.340,36.576,1,0.000,0
5308,1024,1024,1.0000,27.675,36.134,1,0.000,0
5309,1024,1024,1.0000,27.415,36.476,1,0.000,0
5310,1024,1024,1.0000,27.047,36.973,1,0.000,0
5311,1024,1024,1.0000,27.517,36.341,1,0.000,0
5312,1024,1024,1.0000,27.192,36.776,1,0.000,0
5313,1024,1024,1.0000,27.726,36.067,1,0.000,0
5314,1024,1024,1.0000,26.897,37.179,1,0.000,0
5315,1024,1024,1.0000,27.382,36.520,1,0.000,0
5316,1024,1024,1.0000,26.698,37.456,1,0.000,0
5317,1024,1024,1.0000,27.661,36.152,1,0.000,0
5318,1024,1024,1.0000,27.462,36.414,1,0.000,0
5319,1024,1024,1.0000,28.160,35.511,1,0.000,0
5320,1024,1024,1.0000,27.645,36.173,1,0.000,0
5321,1024,1024,1.0000,27.020,37.010,1,0.000,0
5322,1024,1024,1.0000,27.731,36.061,1,0.000,0
5323,1024,1024,1.0000,26.879,37.204,1,0.000,0
5324,1024,1024,1.0000,27.636,36.185,1,0.000,0
5325,1024,1024,1.0000,27.172,36.803,1,0.000,0
5326,1024,1024,1.0000,27.602,36.229,1,0.000,0
5327,1024,1024,1.0000,26.941,37.118,1,0.000,0
5328,1024,1024,1.0000,26.900,37.175,1,0.000,0
5329,1024,1024,1.0000,27.773,36.006,1,0.000,0
5330,1024,1024,1.0000,27.562,36.282,1,0.000,0
5331,1024,1024,1.0000,27.705,36.095,1,0.000,0
5332,1024,1024,1.0000,27.260,36.684,1,0.000,0
5333,1024,1024,1.0000,27.124,36.868,1,0.000,0
5334,1024,1024,1.0000,27.391,36.508,1,0.000,0
5335,1024,1024,1.0000,27.506,36.356,1,0.000,0
5336,1024,1024,1.0000,27.430,36.456,1,0.000,0
5337,1024,1024,1.0000,27.402,36.494,1,0.000,0
5338,1024,1024,1.0000,27.193,36.774,1,0.000,0
5339,1024,1024,1.0000,27.322,36.601,1,0.000,0
5340,1024,1024,1.0000,27.905,35.836,1,0.000,0
5341,1024,1024,1.0000,27.145,36.839,1,0.000,0
5342,1024,1024,1.0000,27.957,35.769,1,0.000,0
5343,1024,1024,1.0000,26.969,37.080,1,0.000,0
5344,1024,1024,1.0000,27.262,36.681,1,0.000,0
5345,1024,1024,1.0000,27.014,37.018,1,0.000,0
5346,1024,1024,1.0000,27.352,36.560,1,0.000,0
5347,1024,1024,1.0000,27.858,35.896,1,0.000,0
5348,1024,1024,1.0000,27.161,36.817,1,0.000,0
5349,1024,1024,1.0000,27.793,35.980,1,0.000,0
5350,1024,1024,1.0000,26.707,37.443,1,0.000,0
5351,1024,1024,1.0000,27.594,36.240,1,0.000,0
5352,1024,1024,1.0000,27.749,36.037,1,0.000,0
5353,1024,1024,1.0000,27.258,36.686,1,0.000,0
5354,1024,1024,1.0000,27.991,35.726,1,0.000,0
5355,1024,1024,1.0000,26.729,37.413,1,0.000,0
5356,1024,1024,1.0000,27.409,36.484,1,0.000,0
5357,1024,1024,1.0000,27.771,36.009,1,0.000,0
5358,1024,1024,1.0000,28.255,35.392,1,0.000,0
5359,1024,1024,1.0000,27.626,36.198,1,0.000,0
5360,1024,1024,1.0000,28.190,35.474,1,0.000,0
5361,1024,1024,1.0000,27.248,36.700,1,0.000,0
5362,1024,1024,1.0000,28.123,35.558,1,0.000,0
5363,1024,1024,1.0000,27.938,35.794,1,0.000,0
5364,1024,1024,1.0000,28.394,35.219,1,0.000,0
5365,1024,1024,1.0000,27.726,36.067,1,0.000,0
5366,1024,1024,1.0000,27.945,35.785,1,0.000,0
5367,1024,1024,1.0000,28.038,35.666,1,0.000,0
5368,1024,1024,1.0000,27.098,36.903,1,0.000,0
5369,1024,1024,1.0000,27.440,36.443,1,0.000,0
5370,1024,1024,1.0000,27.052,36.966,1,0.000,0
5371,1024,1024,1.0000,27.804,35.966,1,0.000,0
5372,1024,1024,1.0000,27.242,36.708,1,0.000,0
5373,1024,1024,1.0000,28.176,35.491,1,0.000,0
5374,1024,1024,1.0000,27.159,36.820,1,0.000,0
5375,1024,1024,1.0000,28.693,34.852,1,0.000,0
5376,1024,1024,1.0000,27.561,36.283,1,0.000,0
5377,1024,1024,1.0000,28.338,35.288,1,0.000,0
5378,1024,1024,1.0000,27.088,36.917,1,0.000,0
5379,1024,1024,1.0000,27.559,36.286,1,0.000,0
5380,1024,1024,1.0000,27.142,36.843,1,0.000,0
5381,1024,1024,1.0000,27.362,36.547,1,0.000,0
5382,1024,1024,1.0000,27.557,36.288,1,0.000,0
5383,1024,1024,1.0000,27.397,36.500,1,0.000,0
5384,1024,1024,1.0000,27.905,35.836,1,0.000,0
5385,1024,1024,1.0000,26.638,37.540,1,0.000,0
5386,1024,1024,1.0000,28.201,35.460,1,0.000,0
5387,1024,1024,1.0000,27.195,36.771,1,0.000,0
5388,1024,1024,1.0000,27.491,36.376,1,0.000,0
5389,1024,1024,1.0000,27.438,36.446,1,0.000,0
5390,1024,1024,1.0000,27.431,36.455,1,0.000,0
5391,1024,1024,1.0000,27.173,36.801,1,0.000,0
5392,1024,1024,1.0000,26.534,37.687,1,0.000,0
5393,1024,1024,1.0000,28.192,35.471,1,0.000,0
5394,1024,1024,1.0000,27.318,36.606,1,0.000,0
5395,1024,1024,1.0000,27.709,36.089,1,0.000,0
5396,1024,1024,1.0000,27.114,36.881,1,0.000,0
5397,1024,1024,1.0000,27.741,36.048,1,0.000,0
5398,1024,1024,1.0000,26.942,37.117,1,0.000,0
5399,1024,1024,1.0000,27.465,36.410,1,0.000,0
5400,1024,1024,1.0000,27.400,36.496,1,0.000,0
5401,1024,1024,1.0000,27.324,36.598,1,0.000,0
5402,1024,1024,1.0000,28.008,35.704,1,0.000,0
5403,1024,1024,1.0000,26.615,37.573,1,0.000,0
5404,1024,1024,1.0000,28.012,35.699,1,0.000,0
5405,1024,1024,1.0000,27.062,36.952,1,0.000,0
5406,1024,1024,1.0000,27.761,36.022,1,0.000,0
5407,1024,1024,1.0000,27.046,36.974,1,0.000,0
5408,1024,1024,1.0000,27.432,36.454,1,0.000,0
5409,1024,1024,1.0000,27.413,36.479,1,0.000,0
5410,1024,1024,1.0000,27.774,36.005,1,0.000,0
5411,1024,1024,1.0000,27.287,36.647,1,0.000,0
5412,1024,1024,1.0000,27.353,36.559,1,0.000,0
5413,1024,1024,1.0000,27.972,35.750,1,0.000,0
5414,1024,1024,1.0000,26.962,37.089,1,0.000,0
5415,1024,1024,1.0000,27.250,36.697,1,0.000,0
5416,1024,1024,1.0000,26.959,37.093,1,0.000,0
5417,1024,1024,1.0000,27.629,36.194,1,0.000,0
5418,1024,1024,1.0000,27.247,36.701,1,0.000,0
5419,1024,1024,1.0000,27.589,36.246,1,0.000,0
5420,1024,1024,1.0000,27.678,36.130,1,0.000,0
5421,1024,1024,1.0000,27.170,36.805,1,0.000,0
5422,1024,1024,1.0000,27.887,35.859,1,0.000,0
5423,1024,1024,1.0000,27.335,36.583,1,0.000,0
5424,1024,1024,1.0000,27.748,36.039,1,0.000,0
5425,1024,1024,1.0000,26.965,37.085,1,0.000,0
5426,1024,1024,1.0000,27.222,36.735,1,0.000,0
5427,1024,1024,1.0000,27.488,36.380,1,0.000,0
5428,1024,1024,1.0000,27.414,36.478,1,0.000,0
5429,1024,1024,1.0000,27.364,36.544,1,0.000,0
5430,1024,1024,1.0000,27.464,36.411,1,0.000,0
5431,1024,1024,1.0000,28.919,34.579,1,0.000,0
5432,1024,1024,1.0000,27.273,36.666,1,0.000,0
5433,1024,1024,1.0000,28.016,35.694,1,0.000,0
5434,1024,1024,1.0000,27.809,35.960,1,0.000,0
5435,1024,1024,1.0000,28.174,35.494,1,0.000,0
5436,1024,1024,1.0000,27.921,35.815,1,0.000,0
5437,1024,1024,1.0000,28.559,35.015,1,0.000,0
5438,1024,1024,1.0000,27.598,36.235,1,0.000,0
5439,1024,1024,1.0000,28.208,35.451,1,0.000,0
5440,1024,1024,1.0000,27.046,36.974,1,0.000,0
5441,1024,1024,1.0000,27.909,35.831,1,0.000,0
5442,1024,1024,1.0000,27.047,36.973,1,0.000,0
5443,1024,1024,1.0000,28.181,35.485,1,0.000,0
5444,1024,1024,1.0000,27.044,36.977,1,0.000,0
5445,1024,1024,1.0000,27.226,36.730,1,0.000,0
5446,1024,1024,1.0000,27.559,36.286,1,0.000,0
5447,1024,1024,1.0000,27.087,36.918,1,0.000,0
5448,1024,1024,1.0000,28.087,35.604,1,0.000,0
5449,1024,1024,1.0000,26.867,37.220,1,0.000,0
5450,1024,1024,1.0000,27.471,36.402,1,0.000,0
5451,1024,1024,1.0000,27.310,36.617,1,0.000,0
5452,1024,1024,1.0000,27.759,36.024,1,0.000,0
5453,1024,1024,1.0000,27.680,36.127,1,0.000,0
5454,1024,1024,1.0000,27.553,36.294,1,0.000,0
5455,1024,1024,1.0000,27.312,36.614,1,0.000,0
5456,1024,1024,1.0000,27.349,36.564,1,0.000,0
5457,1024,1024,1.0000,27.972,35.750,1,0.000,0
5458,1024,1024,1.0000,26.982,37.062,1,0.000,0
5459,1024,1024,1.0000,27.828,35.935,1,0.000,0
5460,1024,1024,1.0000,27.031,36.995,1,0.000,0
5461,1024,1024,1.0000,27.361,36.548,1,0.000,0
5462,1024,1024,1.0000,26.979,37.066,1,0.000,0
5463,1024,1024,1.0000,27.613,36.215,1,0.000,0
5464,1024,1024,1.0000,27.337,36.580,1,0.000,0
5465,1024,1024,1.0000,27.843,35.916,1,0.000,0
5466,1024,1024,1.0000,27.912,35.827,1,0.000,0
5467,1024,1024,1.0000,27.080,36.928,1,0.000,0
5468,1024,1024,1.0000,27.914,35.824,1,0.000,0
5469,1024,1024,1.0000,27.087,36.918,1,0.000,0
5470,1024,1024,1.0000,27.910,35.829,1,0.000,0
5471,1024,1024,1.0000,27.149,36.834,1,0.000,0
5472,1024,1024,1.0000,27.725,36.069,1,0.000,0
5473,1024,1024,1.0000,26.841,37.256,1,0.000,0
5474,1024,1024,1.0000,27.638,36.182,1,0.000,0
5475,1024,1024,1.0000,27.076,36.933,1,0.000,0
5476,1024,1024,1.0000,27.536,36.316,1,0.000,0
5477,1024,1024,1.0000,27.993,35.723,1,0.000,0
5478,1024,1024,1.0000,27.091,36.913,1,0.000,0
5479,1024,1024,1.0000,30.348,32.951,1,0.000,0
5480,1024,1024,1.0000,27.363,36.546,1,0.000,0
5481,1024,1024,1.0000,27.812,35.956,1,0.000,0
5482,1024,1024,1.0000,26.895,37.182,1,0.000,0
5483,1024,1024,1.0000,27.928,35.806,1,0.000,0
5484,1024,1024,1.0000,26.971,37.077,1,0.000,0
5485,1024,1024,1.0000,27.524,36.332,1,0.000,0
5486,1024,1024,1.0000,27.121,36.872,1,0.000,0
5487,1024,1024,1.0000,27.618,36.208,1,0.000,0
5488,1024,1024,1.0000,27.593,36.241,1,0.000,0
5489,1024,1024,1.0000,27.350,36.563,1,0.000,0
5490,1024,1024,1.0000,27.448,36.433,1,0.000,0
5491,1024,1024,1.0000,27.080,36.928,1,0.000,0
5492,1024,1024,1.0000,27.913,35.826,1,0.000,0
5493,1024,1024,1.0000,27.499,36.365,1,0.000,0
5494,1024,1024,1.0000,27.584,36.253,1,0.000,0
5495,1024,1024,1.0000,27.418,36.472,1,0.000,0
5496,1024,1024,1.0000,27.333,36.586,1,0.000,0
5497,1024,1024,1.0000,27.383,36.519,1,0.000,0
5498,1024,1024,1.0000,28.109,35.576,1,0.000,0
5499,1024,1024,1.0000,27.991,35.726,1,0.000,0
5500,1024,1024,1.0000,27.129,36.861,1,0.000,0
5501,1024,1024,1.0000,28.083,35.609,1,0.000,0
5502,1024,1024,1.0000,26.922,37.144,1,0.000,0
5503,1024,1024,1.0000,27.248,36.700,1,0.000,0
5504,1024,1024,1.0000,27.076,36.933,1,0.000,0
5505,1024,1024,1.0000,29.069,34.401,1,0.000,0
5506,1024,1024,1.0000,27.278,36.660,1,0.000,0
5507,1024,1024,1.0000,28.136,35.542,1,0.000,0
5508,1024,1024,1.0000,27.170,36.805,1,0.000,0
5509,1024,1024,1.0000,27.294,36.638,1,0.000,0
5510,1024,1024,1.0000,27.766,36.015,1,0.000,0
5511,1024,1024,1.0000,27.976,35.745,1,0.000,0
5512,1024,1024,1.0000,27.543,36.307,1,0.000,0
5513,1024,1024,1.0000,27.740,36.049,1,0.000,0
5514,1024,1024,1.0000,27.912,35.827,1,0.000,0
5515,1024,1024,1.0000,27.276,36.662,1,0.000,0
5516,1024,1024,1.0000,27.876,35.873,1,0.000,0
5517,1024,1024,1.0000,27.360,36.550,1,0.000,0
5518,1024,1024,1.0000,27.912,35.827,1,0.000,0
5519,1024,1024,1.0000,27.212,36.748,1,0.000,0
5520,1024,1024,1.0000,27.667,36.144,1,0.000,0
5521,1024,1024,1.0000,27.714,36.083,1,0.000,0
5522,1024,1024,1.0000,27.771,36.009,1,0.000,0
5523,1024,1024,1.0000,27.208,36.754,1,0.000,0
5524,1024,1024,1.0000,27.483,36.386,1,0.000,0
5525,1024,1024,1.0000,27.835,35.926,1,0.000,0
5526,1024,1024,1.0000,27.158,36.822,1,0.000,0
5527,1024,1024,1.0000,27.898,35.845,1,0.000,0
5528,1024,1024,1.0000,27.476,36.395,1,0.000,0
5529,1024,1024,1.0000,28.102,35.585,1,0.000,0
5530,1024,1024,1.0000,27.502,36.361,1,0.000,0
5531,1024,1024,1.0000,28.031,35.675,1,0.000,0
5532,1024,1024,1.0000,27.489,36.378,1,0.000,0
5533,1024,1024,1.0000,27.964,35.760,1,0.000,0
5534,1024,1024,1.0000,27.353,36.559,1,0.000,0
5535,1024,1024,1.0000,27.465,36.410,1,0.000,0
5536,1024,1024,1.0000,27.701,36.100,1,0.000,0
5537,1024,1024,1.0000,27.702,36.098,1,0.000,0
5538,1024,1024,1.0000,27.925,35.810,1,0.000,0
5539,1024,1024,1.0000,27.588,36.248,1,0.000,0
5540,1024,1024,1.0000,27.852,35.904,1,0.000,0
5541,1024,1024,1.0000,27.310,36.617,1,0.000,0
5542,1024,1024,1.0000,27.965,35.759,1,0.000,0
5543,1024,1024,1.0000,27.559,36.286,1,0.000,0
5544,1024,1024,1.0000,27.711,36.087,1,0.000,0
5545,1024,1024,1.0000,27.647,36.170,1,0.000,0
5546,1024,1024,1.0000,27.528,36.327,1,0.000,0
5547,1024,1024,1.0000,27.967,35.756,1,0.000,0
5548,1024,1024,1.0000,27.056,36.960,1,0.000,0
5549,1024,1024,1.0000,27.933,35.800,1,0.000,0
5550,1024,1024,1.0000,26.973,37.074,1,0.000,0
5551,1024,1024,1.0000,27.824,35.940,1,0.000,0
5552,1024,1024,1.0000,27.304,36.625,1,0.000,0
5553,1024,1024,1.0000,27.510,36.350,1,0.000,0
5554,1024,1024,1.0000,27.727,36.066,1,0.000,0
5555,1024,1024,1.0000,27.888,35.858,1,0.000,0
5556,1024,1024,1.0000,27.790,35.984,1,0.000,0
5557,1024,1024,1.0000,27.196,36.770,1,0.000,0
5558,1024,1024,1.0000,27.855,35.900,1,0.000,0
5559,1024,1024,1.0000,27.283,36.653,1,0.000,0
5560,1024,1024,1.0000,27.423,36.466,1,0.000,0
5561,1024,1024,1.0000,27.498,36.366,1,0.000,0
5562,1024,1024,1.0000,27.183,36.788,1,0.000,0
5563,1024,1024,1.0000,27.757,36.027,1,0.000,0
5564,1024,1024,1.0000,27.394,36.504,1,0.000,0
5565,1024,1024,1.0000,27.921,35.815,1,0.000,0
5566,1024,1024,1.0000,27.781,35.996,1,0.000,0
5567,1024,1024,1.0000,27.473,36.399,1,0.000,0
5568,1024,1024,1.0000,27.312,36.614,1,0.000,0
5569,1024,1024,1.0000,27.761,36.022,1,0.000,0
5570,1024,1024,1.0000,27.267,36.674,1,0.000,0
5571,1024,1024,1.0000,27.532,36.321,1,0.000,0
5572,1024,1024,1.0000,27.623,36.202,1,0.000,0
5573,1024,1024,1.0000,27.067,36.945,1,0.000,0
5574,1024,1024,1.0000,27.395,36.503,1,0.000,0
5575,1024,1024,1.0000,27.543,36.307,1,0.000,0
5576,1024,1024,1.0000,27.841,35.918,1,0.000,0
5577,1024,1024,1.0000,26.912,37.158,1,0.000,0
5578,1024,1024,1.0000,28.221,35.435,1,0.000,0
5579,1024,1024,1.0000,27.605,36.225,1,0.000,0
5580,1024,1024,1.0000,28.034,35.671,1,0.000,0
5581,1024,1024,1.0000,27.328,36.593,1,0.000,0
5582,1024,1024,1.0000,27.896,35.847,1,0.000,0
5583,1024,1024,1.0000,27.426,36.462,1,0.000,0
5584,1024,1024,1.0000,27.973,35.749,1,0.000,0
5585,1024,1024,1.0000,27.310,36.617,1,0.000,0
5586,1024,1024,1.0000,27.051,36.967,1,0.000,0
5587,1024,1024,1.0000,27.729,36.063,1,0.000,0
5588,1024,1024,1.0000,28.017,35.693,1,0.000,0
5589,1024,1024,1.0000,28.069,35.626,1,0.000,0
5590,1024,1024,1.0000,27.444,36.438,1,0.000,0
5591,1024,1024,1.0000,27.726,36.067,1,0.000,0
5592,1024,1024,1.0000,26.972,37.075,1,0.000,0
5593,1024,1024,1.0000,27.442,36.440,1,0.000,0
5594,1024,1024,1.0000,27.679,36.128,1,0.000,0
5595,1024,1024,1.0000,27.509,36.352,1,0.000,0
5596,1024,1024,1.0000,27.473,36.399,1,0.000,0
5597,1024,1024,1.0000,27.501,36.362,1,0.000,0
5598,1024,1024,1.0000,27.507,36.354,1,0.000,0
5599,1024,1024,1.0000,28.389,35.225,1,0.000,0
5600,1024,1024,1.0000,27.332,36.587,1,0.000,0
5601,1024,1024,1.0000,27.777,36.001,1,0.000,0
5602,1024,1024,1.0000,27.628,36.195,1,0.000,0
5603,1024,1024,1.0000,26.872,37.213,1,0.000,0
5604,1024,1024,1.0000,27.834,35.927,1,0.000,0
5605,1024,1024,1.0000,28.055,35.644,1,0.000,0
5606,1024,1024,1.0000,28.596,34.970,1,0.000,0
5607,1024,1024,1.0000,27.642,36.177,1,0.000,0
5608,1024,1024,1.0000,28.304,35.331,1,0.000,0
5609,1024,1024,1.0000,27.450,36.430,1,0.000,0
5610,1024,1024,1.0000,26.841,37.256,1,0.000,0
5611,1024,1024,1.0000,28.723,34.815,1,0.000,0
5612,1024,1024,1.0000,27.581,36.257,1,0.000,0
5613,1024,1024,1.0000,27.880,35.868,1,0.000,0
5614,1024,1024,1.0000,27.377,36.527,1,0.000,0
5615,1024,1024,1.0000,27.452,36.427,1,0.000,0
5616,1024,1024,1.0000,27.477,36.394,1,0.000,0
5617,1024,1024,1.0000,27.564,36.279,1,0.000,0
5618,1024,1024,1.0000,28.095,35.594,1,0.000,0
5619,1024,1024,1.0000,27.489,36.378,1,0.000,0
5620,1024,1024,1.0000,28.068,35.628,1,0.000,0
5621,1024,1024,1.0000,26.853,37.240,1,0.000,0
5622,1024,1024,1.0000,27.958,35.768,1,0.000,0
5623,1024,1024,1.0000,27.312,36.614,1,0.000,0
5624,1024,1024,1.0000,27.774,36.005,1,0.000,0
5625,1024,1024,1.0000,27.577,36.262,1,0.000,0
5626,1024,1024,1.0000,27.390,36.510,1,0.000,0
5627,1024,1024,1.0000,27.611,36.217,1,0.000,0
5628,1024,1024,1.0000,27.412,36.480,1,0.000,0
5629,1024,1024,1.0000,28.058,35.640,1,0.000,0
5630,1024,1024,1.0000,27.259,36.685,1,0.000,0
5631,1024,1024,1.0000,27.754,36.031,1,0.000,0
5632,1024,1024,1.0000,27.333,36.586,1,0.000,0
5633,1024,1024,1.0000,27.833,35.929,1,0.000,0
5634,1024,1024,1.0000,27.764,36.018,1,0.000,0
5635,1024,1024,1.0000,27.350,36.563,1,0.000,0
5636,1024,1024,1.0000,28.170,35.499,1,0.000,0
5637,1024,1024,1.0000,27.070,36.941,1,0.000,0
5638,1024,1024,1.0000,27.947,35.782,1,0.000,0
5639,1024,1024,1.0000,26.842,37.255,1,0.000,0
5640,1024,1024,1.0000,27.869,35.882,1,0.000,0
5641,1024,1024,1.0000,27.301,36.629,1,0.000,0
5642,1024,1024,1.0000,27.706,36.093,1,0.000,0
5643,1024,1024,1.0000,27.605,36.225,1,0.000,0
5644,1024,1024,1.0000,27.502,36.361,1,0.000,0
5645,1024,1024,1.0000,27.765,36.017,1,0.000,0
5646,1024,1024,1.0000,27.399,36.498,1,0.000,0
5647,1024,1024,1.0000,28.014,35.696,1,0.000,0
5648,1024,1024,1.0000,27.162,36.816,1,0.000,0
5649,1024,1024,1.0000,27.953,35.774,1,0.000,0
5650,1024,1024,1.0000,26.925,37.140,1,0.000,0
5651,1024,1024,1.0000,27.531,36.323,1,0.000,0
5652,1024,1024,1.0000,27.292,36.641,1,0.000,0
5653,1024,1024,1.0000,27.808,35.961,1,0.000,0
5654,1024,1024,1.0000,28.052,35.648,1,0.000,0
5655,1024,1024,1.0000,28.183,35.482,1,0.000,0
5656,1024,1024,1.0000,27.953,35.774,1,0.000,0
5657,1024,1024,1.0000,27.618,36.208,1,0.000,0
5658,1024,1024,1.0000,27.949,35.779,1,0.000,0
5659,1024,1024,1.0000,27.779,35.998,1,0.000,0
5660,1024,1024,1.0000,28.295,35.342,1,0.000,0
5661,1024,1024,1.0000,27.338,36.579,1,0.000,0
5662,1024,1024,1.0000,28.053,35.647,1,0.000,0
5663,1024,1024,1.0000,27.274,36.665,1,0.000,0
5664,1024,1024,1.0000,27.745,36.043,1,0.000,0
5665,1024,1024,1.0000,28.116,35.567,1,0.000,0
5666,1024,1024,1.0000,27.751,36.035,1,0.000,0
5667,1024,1024,1.0000,28.795,34.728,1,0.000,0
5668,1024,1024,1.0000,27.318,36.606,1,0.000,0
5669,1024,1024,1.0000,28.090,35.600,1,0.000,0
5670,1024,1024,1.0000,27.231,36.723,1,0.000,0
5671,1024,1024,1.0000,28.179,35.487,1,0.000,0
5672,1024,1024,1.0000,27.417,36.474,1,0.000,0
5673,1024,1024,1.0000,28.229,35.425,1,0.000,0
5674,1024,1024,1.0000,27.681,36.126,1,0.000,0
5675,1024,1024,1.0000,27.930,35.804,1,0.000,0
5676,1024,1024,1.0000,27.179,36.793,1,0.000,0
5677,1024,1024,1.0000,27.882,35.865,1,0.000,0
5678,1024,1024,1.0000,28.023,35.685,1,0.000,0
5679,1024,1024,1.0000,28.078,35.615,1,0.000,0
5680,1024,1024,1.0000,28.165,35.505,1,0.000,0
5681,1024,1024,1.0000,27.047,36.973,1,0.000,0
5682,1024,1024,1.0000,28.059,35.639,1,0.000,0
5683,1024,1024,1.0000,27.823,35.941,1,0.000,0
5684,1024,1024,1.0000,28.269,35.374,1,0.000,0
5685,1024,1024,1.0000,27.743,36.045,1,0.000,0
5686,1024,1024,1.0000,27.974,35.747,1,0.000,0
5687,1024,1024,1.0000,27.377,36.527,1,0.000,0
5688,1024,1024,1.0000,27.621,36.204,1,0.000,0
5689,1024,1024,1.0000,28.121,35.561,1,0.000,0
5690,1024,1024,1.0000,27.865,35.887,1,0.000,0
5691,1024,1024,1.0000,27.532,36.321,1,0.000,0
5692,1024,1024,1.0000,27.446,36.435,1,0.000,0
5693,1024,1024,1.0000,27.674,36.135,1,0.000,0
5694,1024,1024,1.0000,26.791,37.326,1,0.000,0
5695,1024,1024,1.0000,28.032,35.674,1,0.000,0
5696,1024,1024,1.0000,27.295,36.637,1,0.000,0
5697,1024,1024,1.0000,27.985,35.733,1,0.000,0
5698,1024,1024,1.0000,27.602,36.229,1,0.000,0
5699,1024,1024,1.0000,27.317,36.607,1,0.000,0
5700,1024,1024,1.0000,28.306,35.328,1,0.000,0
5701,1024,1024,1.0000,27.454,36.425,1,0.000,0
5702,1024,1024,1.0000,28.006,35.707,1,0.000,0
5703,1024,1024,1.0000,27.399,36.498,1,0.000,0
5704,1024,1024,1.0000,28.156,35.516,1,0.000,0
5705,1024,1024,1.0000,27.014,37.018,1,0.000,0
5706,1024,1024,1.0000,27.841,35.918,1,0.000,0
5707,1024,1024,1.0000,27.347,36.567,1,0.000,0
5708,1024,1024,1.0000,27.728,36.065,1,0.000,0
5709,1024,1024,1.0000,27.593,36.241,1,0.000,0
5710,1024,1024,1.0000,27.750,36.036,1,0.000,0
5711,1024,1024,1.0000,27.484,36.385,1,0.000,0
5712,1024,1024,1.0000,28.119,35.563,1,0.000,0
5713,1024,1024,1.0000,28.083,35.609,1,0.000,0
5714,1024,1024,1.0000,27.187,36.782,1,0.000,0
5715,1024,1024,1.0000,27.936,35.796,1,0.000,0
5716,1024,1024,1.0000,27.678,36.130,1,0.000,0
5717,1024,1024,1.0000,27.707,36.092,1,0.000,0
5718,1024,1024,1.0000,27.489,36.378,1,0.000,0
5719,1024,1024,1.0000,27.684,36.122,1,0.000,0
5720,1024,1024,1.0000,27.933,35.800,1,0.000,0
5721,1024,1024,1.0000,27.486,36.382,1,0.000,0
5722,1024,1024,1.0000,27.981,35.739,1,0.000,0
5723,1024,1024,1.0000,27.715,36.082,1,0.000,0
5724,1024,1024,1.0000,27.809,35.960,1,0.000,0
5725,1024,1024,1.0000,27.207,36.755,1,0.000,0
5726,1024,1024,1.0000,28.029,35.677,1,0.000,0
5727,1024,1024,1.0000,27.980,35.740,1,0.000,0
5728,1024,1024,1.0000,28.538,35.041,1,0.000,0
5729,1024,1024,1.0000,27.787,35.988,1,0.000,0
5730,1024,1024,1.0000,27.938,35.794,1,0.000,0
5731,1024,1024,1.0000,27.634,36.187,1,0.000,0
5732,1024,1024,1.0000,28.341,35.285,1,0.000,0
5733,1024,1024,1.0000,27.333,36.586,1,0.000,0
5734,1024,1024,1.0000,28.590,34.977,1,0.000,0
5735,1024,1024,1.0000,27.469,36.405,1,0.000,0
5736,1024,1024,1.0000,27.882,35.865,1,0.000,0
5737,1024,1024,1.0000,27.230,36.724,1,0.000,0
5738,1024,1024,1.0000,28.207,35.452,1,0.000,0
5739,1024,1024,1.0000,27.598,36.235,1,0.000,0
5740,1024,1024,1.0000,28.151,35.523,1,0.000,0
5741,1024,1024,1.0000,27.627,36.196,1,0.000,0
5742,1024,1024,1.0000,27.674,36.135,1,0.000,0
5743,1024,1024,1.0000,27.480,36.390,1,0.000,0
5744,1024,1024,1.0000,27.978,35.742,1,0.000,0
5745,1024,1024,1.0000,27.747,36.040,1,0.000,0
5746,1024,1024,1.0000,27.993,35.723,1,0.000,0
5747,1024,1024,1.0000,28.342,35.283,1,0.000,0
5748,1024,1024,1.0000,26.961,37.091,1,0.000,0
5749,1024,1024,1.0000,27.424,36.464,1,0.000,0
5750,1024,1024,1.0000,27.850,35.907,1,0.000,0
5751,1024,1024,1.0000,28.211,35.447,1,0.000,0
5752,1024,1024,1.0000,27.438,36.446,1,0.000,0
5753,1024,1024,1.0000,27.983,35.736,1,0.000,0
5754,1024,1024,1.0000,27.387,36.514,1,0.000,0
5755,1024,1024,1.0000,27.759,36.024,1,0.000,0
5756,1024,1024,1.0000,28.218,35.438,1,0.000,0
5757,1024,1024,1.0000,28.132,35.547,1,0.000,0
5758,1024,1024,1.0000,28.190,35.474,1,0.000,0
5759,1024,1024,1.0000,27.905,35.836,1,0.000,0
5760,1024,1024,1.0000,27.993,35.723,1,0.000,0
5761,1024,1024,1.0000,27.413,36.479,1,0.000,0
5762,1024,1024,1.0000,28.386,35.229,1,0.000,0
5763,1024,1024,1.0000,27.348,36.566,1,0.000,0
5764,1024,1024,1.0000,28.599,34.966,1,0.000,0
5765,1024,1024,1.0000,27.402,36.494,1,0.000,0
5766,1024,1024,1.0000,28.094,35.595,1,0.000,0
5767,1024,1024,1.0000,27.488,36.380,1,0.000,0
5768,1024,1024,1.0000,27.765,36.017,1,0.000,0
5769,1024,1024,1.0000,27.627,36.196,1,0.000,0
5770,1024,1024,1.0000,27.805,35.965,1,0.000,0
5771,1024,1024,1.0000,28.032,35.674,1,0.000,0
5772,1024,1024,1.0000,27.663,36.149,1,0.000,0
5773,1024,1024,1.0000,28.005,35.708,1,0.000,0
5774,1024,1024,1.0000,26.654,37.518,1,0.000,0
5775,1024,1024,1.0000,28.042,35.661,1,0.000,0
5776,1024,1024,1.0000,27.155,36.826,1,0.000,0
5777,1024,1024,1.0000,28.018,35.691,1,0.000,0
5778,1024,1024,1.0000,27.627,36.196,1,0.000,0
5779,1024,1024,1.0000,27.909,35.831,1,0.000,0
5780,1024,1024,1.0000,27.866,35.886,1,0.000,0
5781,1024,1024,1.0000,27.652,36.164,1,0.000,0
5782,1024,1024,1.0000,28.123,35.558,1,0.000,0
5783,1024,1024,1.0000,27.556,36.290,1,0.000,0
5784,1024,1024,1.0000,27.889,35.856,1,0.000,0
5785,1024,1024,1.0000,27.592,36.242,1,0.000,0
5786,1024,1024,1.0000,27.631,36.191,1,0.000,0
5787,1024,1024,1.0000,27.482,36.387,1,0.000,0
5788,1024,1024,1.0000,28.168,35.501,1,0.000,0
5789,1024,1024,1.0000,27.584,36.253,1,0.000,0
5790,1024,1024,1.0000,28.020,35.689,1,0.000,0
5791,1024,1024,1.0000,27.432,36.454,1,0.000,0
5792,1024,1024,1.0000,26.764,37.364,1,0.000,0
5793,1024,1024,1.0000,28.165,35.505,1,0.000,0
5794,1024,1024,1.0000,27.327,36.594,1,0.000,0
5795,1024,1024,1.0000,28.236,35.416,1,0.000,0
5796,1024,1024,1.0000,27.766,36.015,1,0.000,0
5797,1024,1024,1.0000,27.855,35.900,1,0.000,0
5798,1024,1024,1.0000,26.918,37.150,1,0.000,0
5799,1024,1024,1.0000,27.914,35.824,1,0.000,0
5800,1024,1024,1.0000,27.238,36.713,1,0.000,0
5801,1024,1024,1.0000,28.909,34.591,1,0.000,0
5802,1024,1024,1.0000,28.696,34.848,1,0.000,0
5803,1024,1024,1.0000,28.142,35.534,1,0.000,0
5804,1024,1024,1.0000,27.442,36.440,1,0.000,0
5805,1024,1024,1.0000,28.348,35.276,1,0.000,0
5806,1024,1024,1.0000,27.427,36.460,1,0.000,0
5807,1024,1024,1.0000,28.025,35.682,1,0.000,0
5808,1024,1024,1.0000,27.537,36.315,1,0.000,0
5809,1024,1024,1.0000,27.715,36.082,1,0.000,0
5810,1024,1024,1.0000,27.213,36.747,1,0.000,0
5811,1024,1024,1.0000,27.688,36.117,1,0.000,0
5812,1024,1024,1.0000,28.471,35.123,1,0.000,0
5813,1024,1024,1.0000,28.405,35.205,1,0.000,0
5814,1024,1024,1.0000,28.392,35.221,1,0.000,0
5815,1024,1024,1.0000,27.697,36.105,1,0.000,0
5816,1024,1024,1.0000,27.942,35.788,1,0.000,0
5817,1024,1024,1.0000,27.409,36.484,1,0.000,0
5818,1024,1024,1.0000,27.952,35.776,1,0.000,0
5819,1024,1024,1.0000,27.601,36.231,1,0.000,0
5820,1024,1024,1.0000,27.799,35.973,1,0.000,0
5821,1024,1024,1.0000,27.843,35.916,1,0.000,0
5822,1024,1024,1.0000,27.508,36.353,1,0.000,0
5823,1024,1024,1.0000,28.233,35.420,1,0.000,0
5824,1024,1024,1.0000,27.742,36.046,1,0.000,0
5825,1024,1024,1.0000,28.238,35.413,1,0.000,0
5826,1024,1024,1.0000,27.703,36.097,1,0.000,0
5827,1024,1024,1.0000,28.294,35.343,1,0.000,0
5828,1024,1024,1.0000,27.122,36.870,1,0.000,0
5829,1024,1024,1.0000,27.420,36.470,1,0.000,0
5830,1024,1024,1.0000,27.555,36.291,1,0.000,0
5831,1024,1024,1.0000,28.130,35.549,1,0.000,0
5832,1024,1024,1.0000,27.604,36.227,1,0.000,0
5833,1024,1024,1.0000,28.101,35.586,1,0.000,0
5834,1024,1024,1.0000,28.041,35.662,1,0.000,0
5835,1024,1024,1.0000,28.076,35.618,1,0.000,0
5836,1024,1024,1.0000,28.028,35.679,1,0.000,0
5837,1024,1024,1.0000,27.985,35.733,1,0.000,0
5838,1024,1024,1.0000,28.566,35.007,1,0.000,0
5839,1024,1024,1.0000,27.406,36.488,1,0.000,0
5840,1024,1024,1.0000,28.197,35.465,1,0.000,0
5841,1024,1024,1.0000,27.126,36.865,1,0.000,0
5842,1024,1024,1.0000,28.121,35.561,1,0.000,0
5843,1024,1024,1.0000,27.532,36.321,1,0.000,0
5844,1024,1024,1.0000,28.066,35.630,1,0.000,0
5845,1024,1024,1.0000,27.574,36.266,1,0.000,0
5846,1024,1024,1.0000,28.339,35.287,1,0.000,0
5847,1024,1024,1.0000,27.323,36.599,1,0.000,0
5848,1024,1024,1.0000,27.589,36.246,1,0.000,0
5849,1024,1024,1.0000,28.238,35.413,1,0.000,0
5850,1024,1024,1.0000,27.322,36.601,1,0.000,0
5851,1024,1024,1.0000,28.194,35.469,1,0.000,0
5852,1024,1024,1.0000,27.409,36.484,1,0.000,0
5853,1024,1024,1.0000,27.946,35.783,1,0.000,0
5854,1024,1024,1.0000,27.164,36.813,1,0.000,0
5855,1024,1024,1.0000,28.229,35.425,1,0.000,0
5856,1024,1024,1.0000,27.923,35.813,1,0.000,0
5857,1024,1024,1.0000,28.207,35.452,1,0.000,0
5858,1024,1024,1.0000,27.684,36.122,1,0.000,0
5859,1024,1024,1.0000,27.555,36.291,1,0.000,0
5860,1024,1024,1.0000,27.552,36.295,1,0.000,0
5861,1024,1024,1.0000,27.811,35.957,1,0.000,0
5862,1024,1024,1.0000,27.929,35.805,1,0.000,0
5863,1024,1024,1.0000,27.858,35.896,1,0.000,0
5864,1024,1024,1.0000,28.245,35.404,1,0.000,0
5865,1024,1024,1.0000,27.312,36.614,1,0.000,0
5866,1024,1024,1.0000,28.240,35.411,1,0.000,0
5867,1024,1024,1.0000,27.679,36.128,1,0.000,0
5868,1024,1024,1.0000,28.640,34.916,1,0.000,0
5869,1024,1024,1.0000,27.436,36.448,1,0.000,0
5870,1024,1024,1.0000,28.007,35.705,1,0.000,0
5871,1024,1024,1.0000,27.302,36.627,1,0.000,0
5872,1024,1024,1.0000,27.741,36.048,1,0.000,0
5873,1024,1024,1.0000,27.606,36.224,1,0.000,0
5874,1024,1024,1.0000,28.258,35.388,1,0.000,0
5875,1024,1024,1.0000,28.615,34.947,1,0.000,0
5876,1024,1024,1.0000,28.291,35.347,1,0.000,0
5877,1024,1024,1.0000,27.812,35.956,1,0.000,0
5878,1024,1024,1.0000,27.898,35.845,1,0.000,0
5879,1024,1024,1.0000,28.044,35.658,1,0.000,0
5880,1024,1024,1.0000,27.986,35.732,1,0.000,0
5881,1024,1024,1.0000,28.248,35.401,1,0.000,0
5882,1024,1024,1.0000,27.889,35.856,1,0.000,0
5883,1024,1024,1.0000,28.514,35.070,1,0.000,0
5884,1024,1024,1.0000,27.500,36.364,1,0.000,0
5885,1024,1024,1.0000,28.061,35.637,1,0.000,0
5886,1024,1024,1.0000,27.684,36.122,1,0.000,0
5887,1024,1024,1.0000,27.819,35.947,1,0.000,0
5888,1024,1024,1.0000,27.761,36.022,1,0.000,0
5889,1024,1024,1.0000,27.848,35.909,1,0.000,0
5890,1024,1024,1.0000,28.706,34.836,1,0.000,0
5891,1024,1024,1.0000,27.391,36.508,1,0.000,0
5892,1024,1024,1.0000,28.079,35.614,1,0.000,0
5893,1024,1024,1.0000,27.824,35.940,1,0.000,0
5894,1024,1024,1.0000,28.124,35.557,1,0.000,0
5895,1024,1024,1.0000,27.672,36.138,1,0.000,0
5896,1024,1024,1.0000,28.315,35.317,1,0.000,0
5897,1024,1024,1.0000,27.279,36.658,1,0.000,0
5898,1024,1024,1.0000,28.130,35.549,1,0.000,0
5899,1024,1024,1.0000,27.577,36.262,1,0.000,0
5900,1024,1024,1.0000,28.502,35.085,1,0.000,0
5901,1024,1024,1.0000,27.634,36.187,1,0.000,0
5902,1024,1024,1.0000,28.005,35.708,1,0.000,0
5903,1024,1024,1.0000,27.275,36.664,1,0.000,0
5904,1024,1024,1.0000,27.180,36.792,1,0.000,0
5905,1024,1024,1.0000,27.817,35.949,1,0.000,0
5906,1024,1024,1.0000,27.930,35.804,1,0.000,0
5907,1024,1024,1.0000,27.985,35.733,1,0.000,0
5908,1024,1024,1.0000,27.702,36.098,1,0.000,0
5909,1024,1024,1.0000,27.560,36.284,1,0.000,0
5910,1024,1024,1.0000,27.278,36.660,1,0.000,0
5911,1024,1024,1.0000,28.804,34.717,1,0.000,0
5912,1024,1024,1.0000,27.981,35.739,1,0.000,0
5913,1024,1024,1.0000,28.671,34.878,1,0.000,0
5914,1024,1024,1.0000,27.582,36.256,1,0.000,0
5915,1024,1024,1.0000,28.154,35.519,1,0.000,0
5916,1024,1024,1.0000,27.457,36.421,1,0.000,0
5917,1024,1024,1.0000,28.440,35.162,1,0.000,0
5918,1024,1024,1.0000,27.684,36.122,1,0.000,0
5919,1024,1024,1.0000,27.975,35.746,1,0.000,0
5920,1024,1024,1.0000,27.480,36.390,1,0.000,0
5921,1024,1024,1.0000,27.931,35.803,1,0.000,0
5922,1024,1024,1.0000,27.480,36.390,1,0.000,0
5923,1024,1024,1.0000,28.396,35.216,1,0.000,0
5924,1024,1024,1.0000,28.179,35.487,1,0.000,0
5925,1024,1024,1.0000,27.734,36.057,1,0.000,0
5926,1024,1024,1.0000,28.220,35.436,1,0.000,0
5927,1024,1024,1.0000,27.369,36.538,1,0.000,0
5928,1024,1024,1.0000,28.139,35.538,1,0.000,0
5929,1024,1024,1.0000,27.070,36.941,1,0.000,0
5930,1024,1024,1.0000,28.236,35.416,1,0.000,0
5931,1024,1024,1.0000,27.563,36.281,1,0.000,0
5932,1024,1024,1.0000,28.287,35.352,1,0.000,0
5933,1024,1024,1.0000,27.628,36.195,1,0.000,0
5934,1024,1024,1.0000,28.358,35.263,1,0.000,0
5935,1024,1024,1.0000,27.306,36.622,1,0.000,0
5936,1024,1024,1.0000,27.937,35.795,1,0.000,0
5937,1024,1024,1.0000,27.611,36.217,1,0.000,0
5938,1024,1024,1.0000,27.937,35.795,1,0.000,0
5939,1024,1024,1.0000,27.673,36.136,1,0.000,0
5940,1024,1024,1.0000,27.558,36.287,1,0.000,0
5941,1024,1024,1.0000,27.821,35.944,1,0.000,0
5942,1024,1024,1.0000,28.025,35.682,1,0.000,0
5943,1024,1024,1.0000,27.773,36.006,1,0.000,0
5944,1024,1024,1.0000,27.757,36.027,1,0.000,0
5945,1024,1024,1.0000,28.375,35.242,1,0.000,0
5946,1024,1024,1.0000,27.951,35.777,1,0.000,0
5947,1024,1024,1.0000,27.819,35.947,1,0.000,0
5948,1024,1024,1.0000,27.980,35.740,1,0.000,0
5949,1024,1024,1.0000,28.960,34.530,1,0.000,0
5950,1024,1024,1.0000,27.510,36.350,1,0.000,0
5951,1024,1024,1.0000,28.347,35.277,1,0.000,0
5952,1024,1024,1.0000,27.529,36.325,1,0.000,0
5953,1024,1024,1.0000,27.701,36.100,1,0.000,0
5954,1024,1024,1.0000,27.273,36.666,1,0.000,0
5955,1024,1024,1.0000,27.990,35.727,1,0.000,0
5956,1024,1024,1.0000,27.869,35.882,1,0.000,0
5957,1024,1024,1.0000,27.847,35.911,1,0.000,0
5958,1024,1024,1.0000,28.168,35.501,1,0.000,0
5959,1024,1024,1.0000,27.675,36.134,1,0.000,0
5960,1024,1024,1.0000,27.826,35.938,1,0.000,0
5961,1024,1024,1.0000,27.745,36.043,1,0.000,0
5962,1024,1024,1.0000,28.091,35.599,1,0.000,0
5963,1024,1024,1.0000,27.324,36.598,1,0.000,0
5964,1024,1024,1.0000,28.369,35.250,1,0.000,0
5965,1024,1024,1.0000,27.184,36.786,1,0.000,0
5966,1024,1024,1.0000,27.253,36.693,1,0.000,0
5967,1024,1024,1.0000,28.606,34.958,1,0.000,0
5968,1024,1024,1.0000,27.878,35.871,1,0.000,0
5969,1024,1024,1.0000,28.212,35.446,1,0.000,0
5970,1024,1024,1.0000,27.807,35.962,1,0.000,0
5971,1024,1024,1.0000,27.966,35.758,1,0.000,0
5972,1024,1024,1.0000,27.228,36.727,1,0.000,0
5973,1024,1024,1.0000,28.279,35.362,1,0.000,0
5974,1024,1024,1.0000,27.436,36.448,1,0.000,0
5975,1024,1024,1.0000,27.910,35.829,1,0.000,0
5976,1024,1024,1.0000,27.667,36.144,1,0.000,0
5977,1024,1024,1.0000,27.590,36.245,1,0.000,0
5978,1024,1024,1.0000,28.018,35.691,1,0.000,0
5979,1024,1024,1.0000,28.292,35.346,1,0.000,0
5980,1024,1024,1.0000,28.213,35.445,1,0.000,0
5981,1024,1024,1.0000,27.864,35.889,1,0.000,0
5982,1024,1024,1.0000,28.256,35.391,1,0.000,0
5983,1024,1024,1.0000,27.659,36.155,1,0.000,0
5984,1024,1024,1.0000,28.350,35.273,1,0.000,0
5985,1024,1024,1.0000,27.307,36.621,1,0.000,0
5986,1024,1024,1.0000,28.160,35.511,1,0.000,0
5987,1024,1024,1.0000,27.662,36.151,1,0.000,0
5988,1024,1024,1.0000,28.306,35.328,1,0.000,0
5989,1024,1024,1.0000,27.795,35.978,1,0.000,0
5990,1024,1024,1.0000,28.616,34.945,1,0.000,0
5991,1024,1024,1.0000,27.629,36.194,1,0.000,0
5992,1024,1024,1.0000,27.916,35.822,1,0.000,0
5993,1024,1024,1.0000,27.855,35.900,1,0.000,0
5994,1024,1024,1.0000,27.712,36.085,1,0.000,0
5995,1024,1024,1.0000,27.934,35.799,1,0.000,0
5996,1024,1024,1.0000,27.495,36.370,1,0.000,0
5997,1024,1024,1.0000,27.972,35.750,1,0.000,0
5998,1024,1024,1.0000,27.809,35.960,1,0.000,0
5999,1024,1024,1.0000,28.321,35.309,1,0.000,0
6000,1024,1024,1.0000,27.742,36.046,1,0.000,0
6001,1024,1024,1.0000,28.636,34.921,1,0.000,0
6002,1024,1024,1.0000,27.407,36.487,1,0.000,0
6003,1024,1024,1.0000,27.701,36.100,1,0.000,0
6004,1024,1024,1.0000,27.650,36.166,1,0.000,0
6005,1024,1024,1.0000,28.143,35.533,1,0.000,0
6006,1024,1024,1.0000,27.604,36.227,1,0.000,0
6007,1024,1024,1.0000,27.882,35.865,1,0.000,0
6008,1024,1024,1.0000,27.822,35.943,1,0.000,0
6009,1024,1024,1.0000,27.489,36.378,1,0.000,0
6010,1024,1024,1.0000,27.600,36.232,1,0.000,0
6011,1024,1024,1.0000,27.586,36.250,1,0.000,0
6012,1024,1024,1.0000,28.336,35.291,1,0.000,0
6013,1024,1024,1.0000,28.022,35.686,1,0.000,0
6014,1024,1024,1.0000,28.229,35.425,1,0.000,0
6015,1024,1024,1.0000,27.121,36.872,1,0.000,0
6016,1024,1024,1.0000,27.412,36.480,1,0.000,0
6017,1024,1024,1.0000,27.628,36.195,1,0.000,0
6018,1024,1024,1.0000,28.248,35.401,1,0.000,0
6019,1024,1024,1.0000,27.680,36.127,1,0.000,0
6020,1024,1024,1.0000,27.970,35.753,1,0.000,0
6021,1024,1024,1.0000,27.031,36.995,1,0.000,0
6022,1024,1024,1.0000,28.316,35.316,1,0.000,0
6023,1024,1024,1.0000,28.104,35.582,1,0.000,0
6024,1024,1024,1.0000,28.219,35.437,1,0.000,0
6025,1024,1024,1.0000,27.513,36.346,1,0.000,0
6026,1024,1024,1.0000,28.289,35.349,1,0.000,0
6027,1024,1024,1.0000,27.366,36.542,1,0.000,0
6028,1024,1024,1.0000,27.787,35.988,1,0.000,0
6029,1024,1024,1.0000,27.790,35.984,1,0.000,0
6030,1024,1024,1.0000,28.036,35.668,1,0.000,0
6031,1024,1024,1.0000,27.846,35.912,1,0.000,0
6032,1024,1024,1.0000,28.184,35.481,1,0.000,0
6033,1024,1024,1.0000,27.884,35.863,1,0.000,0
6034,1024,1024,1.0000,28.284,35.356,1,0.000,0
6035,1024,1024,1.0000,28.206,35.453,1,0.000,0
6036,1024,1024,1.0000,27.767,36.014,1,0.000,0
6037,1024,1024,1.0000,27.921,35.815,1,0.000,0
6038,1024,1024,1.0000,27.804,35.966,1,0.000,0
6039,1024,1024,1.0000,28.399,35.213,1,0.000,0
6040,1024,1024,1.0000,27.302,36.627,1,0.000,0
6041,1024,1024,1.0000,27.706,36.093,1,0.000,0
6042,1024,1024,1.0000,27.492,36.374,1,0.000,0
6043,1024,1024,1.0000,28.326,35.303,1,0.000,0
6044,1024,1024,1.0000,27.495,36.370,1,0.000,0
6045,1024,1024,1.0000,28.264,35.381,1,0.000,0
6046,1024,1024,1.0000,27.761,36.022,1,0.000,0
6047,1024,1024,1.0000,27.765,36.017,1,0.000,0
6048,1024,1024,1.0000,27.769,36.011,1,0.000,0
6049,1024,1024,1.0000,28.384,35.231,1,0.000,0
6050,1024,1024,1.0000,27.729,36.063,1,0.000,0
6051,1024,1024,1.0000,28.106,35.580,1,0.000,0
6052,1024,1024,1.0000,27.342,36.574,1,0.000,0
6053,1024,1024,1.0000,27.854,35.901,1,0.000,0
6054,1024,1024,1.0000,27.782,35.995,1,0.000,0
6055,1024,1024,1.0000,27.975,35.746,1,0.000,0
6056,1024,1024,1.0000,27.720,36.075,1,0.000,0
6057,1024,1024,1.0000,28.513,35.072,1,0.000,0
6058,1024,1024,1.0000,28.347,35.277,1,0.000,0
6059,1024,1024,1.0000,27.525,36.331,1,0.000,0
6060,1024,1024,1.0000,28.015,35.695,1,0.000,0
6061,1024,1024,1.0000,28.008,35.704,1,0.000,0
6062,1024,1024,1.0000,28.050,35.651,1,0.000,0
6063,1024,1024,1.0000,27.910,35.829,1,0.000,0
6064,1024,1024,1.0000,28.488,35.102,1,0.000,0
6065,1024,1024,1.0000,27.529,36.325,1,0.000,0
6066,1024,1024,1.0000,28.386,35.229,1,0.000,0
6067,1024,1024,1.0000,28.236,35.416,1,0.000,0
6068,1024,1024,1.0000,28.207,35.452,1,0.000,0
6069,1024,1024,1.0000,27.451,36.429,1,0.000,0
6070,1024,1024,1.0000,28.093,35.596,1,0.000,0
6071,1024,1024,1.0000,27.597,36.236,1,0.000,0
6072,1024,1024,1.0000,27.792,35.982,1,0.000,0
6073,1024,1024,1.0000,27.693,36.110,1,0.000,0
6074,1024,1024,1.0000,27.859,35.895,1,0.000,0
6075,1024,1024,1.0000,28.037,35.667,1,0.000,0
6076,1024,1024,1.0000,27.889,35.856,1,0.000,0
6077,1024,1024,1.0000,27.974,35.747,1,0.000,0
6078,1024,1024,1.0000,27.483,36.386,1,0.000,0
6079,1024,1024,1.0000,28.681,34.866,1,0.000,0
6080,1024,1024,1.0000,27.434,36.451,1,0.000,0
6081,1024,1024,1.0000,28.125,35.556,1,0.000,0
6082,1024,1024,1.0000,27.547,36.302,1,0.000,0
6083,1024,1024,1.0000,28.204,35.456,1,0.000,0
6084,1024,1024,1.0000,27.415,36.476,1,0.000,0
6085,1024,1024,1.0000,27.263,36.680,1,0.000,0
6086,1024,1024,1.0000,28.203,35.457,1,0.000,0
6087,1024,1024,1.0000,27.916,35.822,1,0.000,0
6088,1024,1024,1.0000,27.911,35.828,1,0.000,0
6089,1024,1024,1.0000,30.438,32.854,1,0.000,0
6090,1024,1024,1.0000,28.319,35.312,1,0.000,0
6091,1024,1024,1.0000,27.734,36.057,1,0.000,0
6092,1024,1024,1.0000,27.913,35.826,1,0.000,0
6093,1024,1024,1.0000,27.813,35.954,1,0.000,0
6094,1024,1024,1.0000,27.571,36.270,1,0.000,0
6095,1024,1024,1.0000,28.362,35.258,1,0.000,0
6096,1024,1024,1.0000,28.624,34.936,1,0.000,0
6097,1024,1024,1.0000,27.701,36.100,1,0.000,0
6098,1024,1024,1.0000,27.966,35.758,1,0.000,0
6099,1024,1024,1.0000,27.985,35.733,1,0.000,0
6100,1024,1024,1.0000,28.413,35.195,1,0.000,0
6101,1024,1024,1.0000,28.086,35.605,1,0.000,0
6102,1024,1024,1.0000,28.126,35.554,1,0.000,0
6103,1024,1024,1.0000,27.304,36.625,1,0.000,0
6104,1024,1024,1.0000,27.859,35.895,1,0.000,0
6105,1024,1024,1.0000,27.556,36.290,1,0.000,0
6106,1024,1024,1.0000,28.387,35.227,1,0.000,0
6107,1024,1024,1.0000,27.813,35.954,1,0.000,0
6108,1024,1024,1.0000,28.192,35.471,1,0.000,0
6109,1024,1024,1.0000,27.597,36.236,1,0.000,0
6110,1024,1024,1.0000,27.829,35.934,1,0.000,0
6111,1024,1024,1.0000,27.710,36.088,1,0.000,0
6112,1024,1024,1.0000,28.232,35.421,1,0.000,0
6113,1024,1024,1.0000,28.110,35.575,1,0.000,0
6114,1024,1024,1.0000,27.857,35.898,1,0.000,0
6115,1024,1024,1.0000,27.978,35.742,1,0.000,0
6116,1024,1024,1.0000,27.459,36.418,1,0.000,0
6117,1024,1024,1.0000,27.617,36.210,1,0.000,0
6118,1024,1024,1.0000,27.566,36.277,1,0.000,0
6119,1024,1024,1.0000,28.268,35.376,1,0.000,0
6120,1024,1024,1.0000,27.591,36.244,1,0.000,0
6121,1024,1024,1.0000,28.055,35.644,1,0.000,0
6122,1024,1024,1.0000,27.512,36.348,1,0.000,0
6123,1024,1024,1.0000,27.672,36.138,1,0.000,0
6124,1024,1024,1.0000,27.947,35.782,1,0.000,0
6125,1024,1024,1.0000,27.902,35.840,1,0.000,0
6126,1024,1024,1.0000,28.428,35.177,1,0.000,0
6127,1024,1024,1.0000,27.527,36.328,1,0.000,0
6128,1024,1024,1.0000,28.356,35.266,1,0.000,0
6129,1024,1024,1.0000,27.335,36.583,1,0.000,0
6130,1024,1024,1.0000,28.300,35.336,1,0.000,0
6131,1024,1024,1.0000,27.392,36.507,1,0.000,0
6132,1024,1024,1.0000,28.429,35.175,1,0.000,0
6133,1024,1024,1.0000,28.064,35.633,1,0.000,0
6134,1024,1024,1.0000,28.308,35.326,1,0.000,0
6135,1024,1024,1.0000,27.774,36.005,1,0.000,0
6136,1024,1024,1.0000,27.852,35.904,1,0.000,0
6137,1024,1024,1.0000,28.523,35.059,1,0.000,0
6138,1024,1024,1.0000,27.329,36.591,1,0.000,0
6139,1024,1024,1.0000,28.289,35.349,1,0.000,0
6140,1024,1024,1.0000,27.482,36.387,1,0.000,0
6141,1024,1024,1.0000,27.937,35.795,1,0.000,0
6142,1024,1024,1.0000,27.310,36.617,1,0.000,0
6143,1024,1024,1.0000,28.282,35.358,1,0.000,0
6144,1024,1024,1.0000,27.521,36.336,1,0.000,0
6145,1024,1024,1.0000,28.217,35.440,1,0.000,0
6146,1024,1024,1.0000,28.079,35.614,1,0.000,0
6147,1024,1024,1.0000,27.596,36.237,1,0.000,0
6148,1024,1024,1.0000,27.934,35.799,1,0.000,0
6149,1024,1024,1.0000,28.026,35.681,1,0.000,0
6150,1024,1024,1.0000,28.061,35.637,1,0.000,0
6151,1024,1024,1.0000,27.809,35.960,1,0.000,0
6152,1024,1024,1.0000,27.880,35.868,1,0.000,0
6153,1024,1024,1.0000,27.493,36.373,1,0.000,0
6154,1024,1024,1.0000,28.068,35.628,1,0.000,0
6155,1024,1024,1.0000,27.787,35.988,1,0.000,0
6156,1024,1024,1.0000,28.341,35.285,1,0.000,0
6157,1024,1024,1.0000,28.175,35.492,1,0.000,0
6158,1024,1024,1.0000,28.365,35.255,1,0.000,0
6159,1024,1024,1.0000,27.539,36.312,1,0.000,0
6160,1024,1024,1.0000,27.820,35.945,1,0.000,0
6161,1024,1024,1.0000,27.266,36.676,1,0.000,0
6162,1024,1024,1.0000,28.035,35.670,1,0.000,0
6163,1024,1024,1.0000,27.767,36.014,1,0.000,0
6164,1024,1024,1.0000,27.923,35.813,1,0.000,0
6165,1024,1024,1.0000,27.911,35.828,1,0.000,0
6166,1024,1024,1.0000,27.618,36.208,1,0.000,0
6167,1024,1024,1.0000,27.273,36.666,1,0.000,0
6168,1024,1024,1.0000,28.246,35.403,1,0.000,0
6169,1024,1024,1.0000,28.650,34.904,1,0.000,0
6170,1024,1024,1.0000,28.583,34.986,1,0.000,0
6171,1024,1024,1.0000,27.699,36.102,1,0.000,0
6172,1024,1024,1.0000,28.011,35.700,1,0.000,0
6173,1024,1024,1.0000,27.284,36.652,1,0.000,0
6174,1024,1024,1.0000,27.998,35.717,1,0.000,0
6175,1024,1024,1.0000,27.880,35.868,1,0.000,0
6176,1024,1024,1.0000,27.852,35.904,1,0.000,0
6177,1024,1024,1.0000,28.152,35.521,1,0.000,0
6178,1024,1024,1.0000,27.714,36.083,1,0.000,0
6179,1024,1024,1.0000,28.027,35.680,1,0.000,0
6180,1024,1024,1.0000,28.328,35.301,1,0.000,0
6181,1024,1024,1.0000,28.246,35.403,1,0.000,0
6182,1024,1024,1.0000,27.443,36.439,1,0.000,0
6183,1024,1024,1.0000,28.354,35.268,1,0.000,0
6184,1024,1024,1.0000,27.405,36.490,1,0.000,0
6185,1024,1024,1.0000,28.072,35.623,1,0.000,0
6186,1024,1024,1.0000,26.973,37.074,1,0.000,0
6187,1024,1024,1.0000,28.300,35.336,1,0.000,0
6188,1024,1024,1.0000,27.643,36.176,1,0.000,0
6189,1024,1024,1.0000,28.507,35.079,1,0.000,0
6190,1024,1024,1.0000,27.661,36.152,1,0.000,0
6191,1024,1024,1.0000,28.307,35.327,1,0.000,0
6192,1024,1024,1.0000,27.632,36.190,1,0.000,0
6193,1024,1024,1.0000,28.566,35.007,1,0.000,0
6194,1024,1024,1.0000,28.163,35.508,1,0.000,0
6195,1024,1024,1.0000,28.147,35.528,1,0.000,0
6196,1024,1024,1.0000,28.053,35.647,1,0.000,0
6197,1024,1024,1.0000,28.241,35.410,1,0.000,0
6198,1024,1024,1.0000,27.692,36.112,1,0.000,0
6199,1024,1024,1.0000,28.193,35.470,1,0.000,0
6200,1024,1024,1.0000,28.121,35.561,1,0.000,0
6201,1024,1024,1.0000,28.147,35.528,1,0.000,0
6202,1024,1024,1.0000,28.276,35.366,1,0.000,0
6203,1024,1024,1.0000,28.542,35.036,1,0.000,0
6204,1024,1024,1.0000,28.115,35.568,1,0.000,0
6205,1024,1024,1.0000,28.047,35.654,1,0.000,0
6206,1024,1024,1.0000,28.447,35.153,1,0.000,0
6207,1024,1024,1.0000,27.443,36.439,1,0.000,0
6208,1024,1024,1.0000,28.556,35.019,1,0.000,0
6209,1024,1024,1.0000,27.685,36.121,1,0.000,0
6210,1024,1024,1.0000,28.487,35.104,1,0.000,0
6211,1024,1024,1.0000,27.390,36.510,1,0.000,0
6212,1024,1024,1.0000,27.958,35.768,1,0.000,0
6213,1024,1024,1.0000,28.202,35.458,1,0.000,0
6214,1024,1024,1.0000,28.301,35.334,1,0.000,0
6215,1024,1024,1.0000,27.862,35.891,1,0.000,0
6216,1024,1024,1.0000,28.226,35.428,1,0.000,0
6217,1024,1024,1.0000,27.895,35.849,1,0.000,0
6218,1024,1024,1.0000,28.057,35.642,1,0.000,0
6219,1024,1024,1.0000,28.600,34.965,1,0.000,0
6220,1024,1024,1.0000,28.116,35.567,1,0.000,0
6221,1024,1024,1.0000,28.664,34.887,1,0.000,0
6222,1024,1024,1.0000,27.962,35.763,1,0.000,0
6223,1024,1024,1.0000,28.594,34.972,1,0.000,0
6224,1024,1024,1.0000,27.889,35.856,1,0.000,0
6225,1024,1024,1.0000,27.740,36.049,1,0.000,0
6226,1024,1024,1.0000,27.700,36.101,1,0.000,0
6227,1024,1024,1.0000,28.365,35.255,1,0.000,0
6228,1024,1024,1.0000,27.888,35.858,1,0.000,0
6229,1024,1024,1.0000,28.472,35.122,1,0.000,0
6230,1024,1024,1.0000,27.729,36.063,1,0.000,0
6231,1024,1024,1.0000,27.987,35.731,1,0.000,0
6232,1024,1024,1.0000,27.850,35.907,1,0.000,0
6233,1024,1024,1.0000,28.089,35.601,1,0.000,0
6234,1024,1024,1.0000,28.039,35.665,1,0.000,0
6235,1024,1024,1.0000,28.459,35.138,1,0.000,0
6236,1024,1024,1.0000,28.447,35.153,1,0.000,0
6237,1024,1024,1.0000,27.716,36.080,1,0.000,0
6238,1024,1024,1.0000,28.080,35.613,1,0.000,0
6239,1024,1024,1.0000,27.668,36.143,1,0.000,0
6240,1024,1024,1.0000,28.643,34.913,1,0.000,0
6241,1024,1024,1.0000,27.671,36.139,1,0.000,0
6242,1024,1024,1.0000,29.215,34.229,1,0.000,0
6243,1024,1024,1.0000,27.890,35.855,1,0.000,0
6244,1024,1024,1.0000,28.387,35.227,1,0.000,0
6245,1024,1024,1.0000,27.929,35.805,1,0.000,0
6246,1024,1024,1.0000,28.719,34.820,1,0.000,0
6247,1024,1024,1.0000,27.953,35.774,1,0.000,0
6248,1024,1024,1.0000,28.594,34.972,1,0.000,0
6249,1024,1024,1.0000,27.700,36.101,1,0.000,0
6250,1024,1024,1.0000,28.141,35.535,1,0.000,0
6251,1024,1024,1.0000,27.458,36.419,1,0.000,0
6252,1024,1024,1.0000,28.469,35.126,1,0.000,0
6253,1024,1024,1.0000,27.760,36.023,1,0.000,0
6254,1024,1024,1.0000,28.555,35.020,1,0.000,0
6255,1024,1024,1.0000,27.780,35.997,1,0.000,0
6256,1024,1024,1.0000,28.556,35.019,1,0.000,0
6257,1024,1024,1.0000,27.976,35.745,1,0.000,0
6258,1024,1024,1.0000,28.273,35.369,1,0.000,0
6259,1024,1024,1.0000,27.883,35.864,1,0.000,0
6260,1024,1024,1.0000,28.108,35.577,1,0.000,0
6261,1024,1024,1.0000,28.147,35.528,1,0.000,0
6262,1024,1024,1.0000,28.081,35.611,1,0.000,0
6263,1024,1024,1.0000,28.038,35.666,1,0.000,0
6264,1024,1024,1.0000,27.869,35.882,1,0.000,0
6265,1024,1024,1.0000,28.232,35.421,1,0.000,0
6266,1024,1024,1.0000,27.970,35.753,1,0.000,0
6267,1024,1024,1.0000,28.753,34.779,1,0.000,0
6268,1024,1024,1.0000,28.061,35.637,1,0.000,0
6269,1024,1024,1.0000,29.003,34.479,1,0.000,0
6270,1024,1024,1.0000,27.391,36.508,1,0.000,0
6271,1024,1024,1.0000,28.415,35.193,1,0.000,0
6272,1024,1024,1.0000,27.696,36.106,1,0.000,0
6273,1024,1024,1.0000,28.573,34.998,1,0.000,0
6274,1024,1024,1.0000,27.681,36.126,1,0.000,0
6275,1024,1024,1.0000,28.785,34.740,1,0.000,0
6276,1024,1024,1.0000,27.466,36.409,1,0.000,0
6277,1024,1024,1.0000,28.329,35.300,1,0.000,0
6278,1024,1024,1.0000,28.158,35.514,1,0.000,0
6279,1024,1024,1.0000,28.969,34.520,1,0.000,0
6280,1024,1024,1.0000,27.693,36.110,1,0.000,0
6281,1024,1024,1.0000,28.153,35.520,1,0.000,0
6282,1024,1024,1.0000,28.040,35.663,1,0.000,0
6283,1024,1024,1.0000,27.782,35.995,1,0.000,0
6284,1024,1024,1.0000,27.835,35.926,1,0.000,0
6285,1024,1024,1.0000,28.134,35.544,1,0.000,0
6286,1024,1024,1.0000,27.930,35.804,1,0.000,0
6287,1024,1024,1.0000,28.029,35.677,1,0.000,0
6288,1024,1024,1.0000,28.632,34.926,1,0.000,0
6289,1024,1024,1.0000,27.755,36.030,1,0.000,0
6290,1024,1024,1.0000,28.963,34.527,1,0.000,0
6291,1024,1024,1.0000,27.993,35.723,1,0.000,0
6292,1024,1024,1.0000,28.680,34.868,1,0.000,0
6293,1024,1024,1.0000,27.691,36.113,1,0.000,0
6294,1024,1024,1.0000,28.396,35.216,1,0.000,0
6295,1024,1024,1.0000,27.829,35.934,1,0.000,0
6296,1024,1024,1.0000,28.153,35.520,1,0.000,0
6297,1024,1024,1.0000,27.623,36.202,1,0.000,0
6298,1024,1024,1.0000,28.211,35.447,1,0.000,0
6299,1024,1024,1.0000,28.098,35.590,1,0.000,0
6300,1024,1024,1.0000,28.302,35.333,1,0.000,0
6301,1024,1024,1.0000,28.118,35.564,1,0.000,0
6302,1024,1024,1.0000,28.583,34.986,1,0.000,0
6303,1024,1024,1.0000,28.494,35.095,1,0.000,0
6304,1024,1024,1.0000,27.548,36.300,1,0.000,0
6305,1024,1024,1.0000,28.315,35.317,1,0.000,0
6306,1024,1024,1.0000,27.659,36.155,1,0.000,0
6307,1024,1024,1.0000,28.486,35.105,1,0.000,0
6308,1024,1024,1.0000,27.858,35.896,1,0.000,0
6309,1024,1024,1.0000,28.218,35.438,1,0.000,0
6310,1024,1024,1.0000,27.751,36.035,1,0.000,0
6311,1024,1024,1.0000,28.423,35.183,1,0.000,0
6312,1024,1024,1.0000,28.429,35.175,1,0.000,0
6313,1024,1024,1.0000,28.121,35.561,1,0.000,0
6314,1024,1024,1.0000,27.710,36.088,1,0.000,0
6315,1024,1024,1.0000,28.701,34.842,1,0.000,0
6316,1024,1024,1.0000,27.688,36.117,1,0.000,0
6317,1024,1024,1.0000,28.328,35.301,1,0.000,0
6318,1024,1024,1.0000,27.974,35.747,1,0.000,0
6319,1024,1024,1.0000,28.454,35.144,1,0.000,0
6320,1024,1024,1.0000,27.839,35.921,1,0.000,0
6321,1024,1024,1.0000,28.381,35.235,1,0.000,0
6322,1024,1024,1.0000,27.718,36.078,1,0.000,0
6323,1024,1024,1.0000,28.614,34.948,1,0.000,0
6324,1024,1024,1.0000,28.224,35.431,1,0.000,0
6325,1024,1024,1.0000,28.346,35.278,1,0.000,0
6326,1024,1024,1.0000,27.985,35.733,1,0.000,0
6327,1024,1024,1.0000,28.221,35.435,1,0.000,0
6328,1024,1024,1.0000,28.287,35.352,1,0.000,0
6329,1024,1024,1.0000,27.787,35.988,1,0.000,0
6330,1024,1024,1.0000,27.891,35.854,1,0.000,0
6331,1024,1024,1.0000,28.118,35.564,1,0.000,0
6332,1024,1024,1.0000,28.331,35.297,1,0.000,0
6333,1024,1024,1.0000,27.948,35.781,1,0.000,0
6334,1024,1024,1.0000,28.721,34.818,1,0.000,0
6335,1024,1024,1.0000,29.133,34.325,1,0.000,0
6336,1024,1024,1.0000,27.671,36.139,1,0.000,0
6337,1024,1024,1.0000,28.290,35.348,1,0.000,0
6338,1024,1024,1.0000,27.831,35.931,1,0.000,0
6339,1024,1024,1.0000,28.547,35.030,1,0.000,0
6340,1024,1024,1.0000,27.975,35.746,1,0.000,0
6341,1024,1024,1.0000,28.491,35.099,1,0.000,0
6342,1024,1024,1.0000,27.687,36.118,1,0.000,0
6343,1024,1024,1.0000,28.308,35.326,1,0.000,0
6344,1024,1024,1.0000,28.064,35.633,1,0.000,0
6345,1024,1024,1.0000,28.364,35.256,1,0.000,0
6346,1024,1024,1.0000,28.521,35.062,1,0.000,0
6347,1024,1024,1.0000,28.116,35.567,1,0.000,0
6348,1024,1024,1.0000,28.115,35.568,1,0.000,0
6349,1024,1024,1.0000,27.905,35.836,1,0.000,0
6350,1024,1024,1.0000,28.071,35.624,1,0.000,0
6351,1024,1024,1.0000,28.411,35.198,1,0.000,0
6352,1024,1024,1.0000,28.438,35.164,1,0.000,0
6353,1024,1024,1.0000,27.922,35.814,1,0.000,0
6354,1024,1024,1.0000,28.500,35.088,1,0.000,0
6355,1024,1024,1.0000,27.742,36.046,1,0.000,0
6356,1024,1024,1.0000,28.702,34.841,1,0.000,0
6357,1024,1024,1.0000,27.634,36.187,1,0.000,0
6358,1024,1024,1.0000,28.344,35.281,1,0.000,0
6359,1024,1024,1.0000,27.905,35.836,1,0.000,0
6360,1024,1024,1.0000,28.557,35.018,1,0.000,0
6361,1024,1024,1.0000,27.914,35.824,1,0.000,0
6362,1024,1024,1.0000,28.286,35.353,1,0.000,0
6363,1024,1024,1.0000,27.720,36.075,1,0.000,0
6364,1024,1024,1.0000,28.542,35.036,1,0.000,0
6365,1024,1024,1.0000,27.830,35.932,1,0.000,0
6366,1024,1024,1.0000,28.264,35.381,1,0.000,0
6367,1024,1024,1.0000,27.869,35.882,1,0.000,0
6368,1024,1024,1.0000,28.985,34.501,1,0.000,0
6369,1024,1024,1.0000,27.353,36.559,1,0.000,0
6370,1024,1024,1.0000,28.281,35.359,1,0.000,0
6371,1024,1024,1.0000,27.931,35.803,1,0.000,0
6372,1024,1024,1.0000,28.331,35.297,1,0.000,0
6373,1024,1024,1.0000,27.827,35.936,1,0.000,0
6374,1024,1024,1.0000,28.473,35.121,1,0.000,0
6375,1024,1024,1.0000,28.120,35.562,1,0.000,0
6376,1024,1024,1.0000,28.272,35.371,1,0.000,0
6377,1024,1024,1.0000,28.053,35.647,1,0.000,0
6378,1024,1024,1.0000,28.755,34.777,1,0.000,0
6379,1024,1024,1.0000,28.034,35.671,1,0.000,0
6380,1024,1024,1.0000,28.123,35.558,1,0.000,0
6381,1024,1024,1.0000,28.206,35.453,1,0.000,0
6382,1024,1024,1.0000,28.016,35.694,1,0.000,0
6383,1024,1024,1.0000,28.070,35.625,1,0.000,0
6384,1024,1024,1.0000,28.066,35.630,1,0.000,0
6385,1024,1024,1.0000,28.329,35.300,1,0.000,0
6386,1024,1024,1.0000,28.006,35.707,1,0.000,0
6387,1024,1024,1.0000,28.183,35.482,1,0.000,0
6388,1024,1024,1.0000,28.008,35.704,1,0.000,0
6389,1024,1024,1.0000,28.828,34.688,1,0.000,0
6390,1024,1024,1.0000,28.306,35.328,1,0.000,0
6391,1024,1024,1.0000,28.693,34.852,1,0.000,0
6392,1024,1024,1.0000,28.288,35.351,1,0.000,0
6393,1024,1024,1.0000,28.631,34.927,1,0.000,0
6394,1024,1024,1.0000,27.849,35.908,1,0.000,0
6395,1024,1024,1.0000,28.301,35.334,1,0.000,0
6396,1024,1024,1.0000,27.537,36.315,1,0.000,0
6397,1024,1024,1.0000,28.701,34.842,1,0.000,0
6398,1024,1024,1.0000,27.831,35.931,1,0.000,0
6399,1024,1024,1.0000,28.458,35.140,1,0.000,0
6400,1024,1024,1.0000,27.871,35.880,1,0.000,0
6401,1024,1024,1.0000,29.100,34.364,1,0.000,0
6402,1024,1024,1.0000,27.625,36.199,1,0.000,0
6403,1024,1024,1.0000,27.752,36.033,1,0.000,0
6404,1024,1024,1.0000,27.885,35.862,1,0.000,0
6405,1024,1024,1.0000,28.492,35.098,1,0.000,0
6406,1024,1024,1.0000,28.007,35.705,1,0.000,0
6407,1024,1024,1.0000,28.369,35.250,1,0.000,0
6408,1024,1024,1.0000,27.860,35.894,1,0.000,0
6409,1024,1024,1.0000,27.942,35.788,1,0.000,0
6410,1024,1024,1.0000,28.163,35.508,1,0.000,0
6411,1024,1024,1.0000,29.109,34.354,1,0.000,0
6412,1024,1024,1.0000,27.867,35.885,1,0.000,0
6413,1024,1024,1.0000,28.334,35.293,1,0.000,0
6414,1024,1024,1.0000,28.109,35.576,1,0.000,0
6415,1024,1024,1.0000,27.915,35.823,1,0.000,0
6416,1024,1024,1.0000,27.850,35.907,1,0.000,0
6417,1024,1024,1.0000,28.296,35.341,1,0.000,0
6418,1024,1024,1.0000,28.344,35.281,1,0.000,0
6419,1024,1024,1.0000,28.099,35.588,1,0.000,0
6420,1024,1024,1.0000,28.523,35.059,1,0.000,0
6421,1024,1024,1.0000,28.028,35.679,1,0.000,0
6422,1024,1024,1.0000,28.555,35.020,1,0.000,0
6423,1024,1024,1.0000,27.423,36.466,1,0.000,0
6424,1024,1024,1.0000,29.186,34.263,1,0.000,0
6425,1024,1024,1.0000,28.080,35.613,1,0.000,0
6426,1024,1024,1.0000,28.842,34.672,1,0.000,0
6427,1024,1024,1.0000,27.848,35.909,1,0.000,0
6428,1024,1024,1.0000,28.614,34.948,1,0.000,0
6429,1024,1024,1.0000,27.444,36.438,1,0.000,0
6430,1024,1024,1.0000,28.472,35.122,1,0.000,0
6431,1024,1024,1.0000,27.896,35.847,1,0.000,0
6432,1024,1024,1.0000,28.456,35.142,1,0.000,0
6433,1024,1024,1.0000,27.881,35.867,1,0.000,0
6434,1024,1024,1.0000,29.038,34.438,1,0.000,0
6435,1024,1024,1.0000,27.588,36.248,1,0.000,0
6436,1024,1024,1.0000,28.364,35.256,1,0.000,0
6437,1024,1024,1.0000,28.044,35.658,1,0.000,0
6438,1024,1024,1.0000,28.315,35.317,1,0.000,0
6439,1024,1024,1.0000,28.015,35.695,1,0.000,0
6440,1024,1024,1.0000,28.090,35.600,1,0.000,0
6441,1024,1024,1.0000,28.223,35.432,1,0.000,0
6442,1024,1024,1.0000,27.881,35.867,1,0.000,0
6443,1024,1024,1.0000,28.205,35.455,1,0.000,0
6444,1024,1024,1.0000,28.851,34.661,1,0.000,0
6445,1024,1024,1.0000,28.669,34.881,1,0.000,0
6446,1024,1024,1.0000,28.405,35.205,1,0.000,0
6447,1024,1024,1.0000,28.614,34.948,1,0.000,0
6448,1024,1024,1.0000,28.349,35.275,1,0.000,0
6449,1024,1024,1.0000,28.644,34.911,1,0.000,0
6450,1024,1024,1.0000,27.706,36.093,1,0.000,0
6451,1024,1024,1.0000,29.032,34.445,1,0.000,0
6452,1024,1024,1.0000,28.325,35.305,1,0.000,0
6453,1024,1024,1.0000,28.820,34.698,1,0.000,0
6454,1024,1024,1.0000,28.339,35.287,1,0.000,0
6455,1024,1024,1.0000,28.909,34.591,1,0.000,0
6456,1024,1024,1.0000,27.642,36.177,1,0.000,0
6457,1024,1024,1.0000,27.491,36.376,1,0.000,0
6458,1024,1024,1.0000,28.664,34.887,1,0.000,0
6459,1024,1024,1.0000,28.214,35.443,1,0.000,0
6460,1024,1024,1.0000,28.812,34.708,1,0.000,0
6461,1024,1024,1.0000,29.404,34.009,1,0.000,0
6462,1024,1024,1.0000,29.028,34.449,1,0.000,0
6463,1024,1024,1.0000,28.166,35.504,1,0.000,0
6464,1024,1024,1.0000,28.481,35.111,1,0.000,0
6465,1024,1024,1.0000,28.688,34.858,1,0.000,0
6466,1024,1024,1.0000,28.987,34.498,1,0.000,0
6467,1024,1024,1.0000,28.805,34.716,1,0.000,0
6468,1024,1024,1.0000,28.870,34.638,1,0.000,0
6469,1024,1024,1.0000,27.941,35.790,1,0.000,0
6470,1024,1024,1.0000,28.538,35.041,1,0.000,0
6471,1024,1024,1.0000,28.227,35.427,1,0.000,0
6472,1024,1024,1.0000,28.746,34.787,1,0.000,0
6473,1024,1024,1.0000,28.346,35.278,1,0.000,0
6474,1024,1024,1.0000,28.600,34.965,1,0.000,0
6475,1024,1024,1.0000,28.135,35.543,1,0.000,0
6476,1024,1024,1.0000,28.636,34.921,1,0.000,0
6477,1024,1024,1.0000,28.688,34.858,1,0.000,0
6478,1024,1024,1.0000,28.610,34.953,1,0.000,0
6479,1024,1024,1.0000,28.537,35.042,1,0.000,0
6480,1024,1024,1.0000,28.502,35.085,1,0.000,0
6481,1024,1024,1.0000,28.694,34.850,1,0.000,0
6482,1024,1024,1.0000,28.330,35.298,1,0.000,0
6483,1024,1024,1.0000,29.029,34.448,1,0.000,0
6484,1024,1024,1.0000,28.130,35.549,1,0.000,0
6485,1024,1024,1.0000,28.498,35.090,1,0.000,0
6486,1024,1024,1.0000,28.372,35.246,1,0.000,0
6487,1024,1024,1.0000,29.502,33.896,1,0.000,0
6488,1024,1024,1.0000,28.117,35.566,1,0.000,0
6489,1024,1024,1.0000,28.948,34.545,1,0.000,0
6490,1024,1024,1.0000,28.008,35.704,1,0.000,0
6491,1024,1024,1.0000,28.825,34.692,1,0.000,0
6492,1024,1024,1.0000,27.850,35.907,1,0.000,0
6493,1024,1024,1.0000,28.695,34.849,1,0.000,0
6494,1024,1024,1.0000,28.244,35.406,1,0.000,0
6495,1024,1024,1.0000,28.685,34.861,1,0.000,0
6496,1024,1024,1.0000,28.466,35.130,1,0.000,0
6497,1024,1024,1.0000,28.501,35.086,1,0.000,0
6498,1024,1024,1.0000,27.645,36.173,1,0.000,0
6499,1024,1024,1.0000,28.626,34.933,1,0.000,0
6500,1024,1024,1.0000,28.774,34.754,1,0.000,0
6501,1024,1024,1.0000,28.285,35.354,1,0.000,0
6502,1024,1024,1.0000,28.573,34.998,1,0.000,0
6503,1024,1024,1.0000,28.098,35.590,1,0.000,0
6504,1024,1024,1.0000,28.874,34.633,1,0.000,0
6505,1024,1024,1.0000,28.370,35.249,1,0.000,0
6506,1024,1024,1.0000,28.416,35.191,1,0.000,0
6507,1024,1024,1.0000,27.961,35.764,1,0.000,0
6508,1024,1024,1.0000,28.564,35.009,1,0.000,0
6509,1024,1024,1.0000,28.394,35.219,1,0.000,0
6510,1024,1024,1.0000,29.211,34.234,1,0.000,0
6511,1024,1024,1.0000,28.002,35.712,1,0.000,0
6512,1024,1024,1.0000,28.993,34.491,1,0.000,0
6513,1024,1024,1.0000,28.064,35.633,1,0.000,0
6514,1024,1024,1.0000,28.793,34.731,1,0.000,0
6515,1024,1024,1.0000,28.105,35.581,1,0.000,0
6516,1024,1024,1.0000,28.651,34.903,1,0.000,0
6517,1024,1024,1.0000,28.237,35.415,1,0.000,0
6518,1024,1024,1.0000,28.653,34.900,1,0.000,0
6519,1024,1024,1.0000,28.355,35.267,1,0.000,0
6520,1024,1024,1.0000,28.936,34.559,1,0.000,0
6521,1024,1024,1.0000,28.230,35.423,1,0.000,0
6522,1024,1024,1.0000,28.373,35.245,1,0.000,0
6523,1024,1024,1.0000,28.687,34.859,1,0.000,0
6524,1024,1024,1.0000,28.195,35.467,1,0.000,0
6525,1024,1024,1.0000,28.616,34.945,1,0.000,0
6526,1024,1024,1.0000,28.291,35.347,1,0.000,0
6527,1024,1024,1.0000,28.637,34.920,1,0.000,0
6528,1024,1024,1.0000,27.447,36.434,1,0.000,0
6529,1024,1024,1.0000,28.844,34.669,1,0.000,0
6530,1024,1024,1.0000,27.996,35.719,1,0.000,0
6531,1024,1024,1.0000,29.110,34.352,1,0.000,0
6532,1024,1024,1.0000,28.350,35.273,1,0.000,0
6533,1024,1024,1.0000,29.365,34.054,1,0.000,0
6534,1024,1024,1.0000,29.121,34.339,1,0.000,0
6535,1024,1024,1.0000,28.472,35.122,1,0.000,0
6536,1024,1024,1.0000,28.442,35.159,1,0.000,0
6537,1024,1024,1.0000,28.811,34.709,1,0.000,0
6538,1024,1024,1.0000,28.081,35.611,1,0.000,0
6539,1024,1024,1.0000,28.896,34.607,1,0.000,0
6540,1024,1024,1.0000,28.034,35.671,1,0.000,0
6541,1024,1024,1.0000,28.513,35.072,1,0.000,0
6542,1024,1024,1.0000,28.097,35.591,1,0.000,0
6543,1024,1024,1.0000,28.662,34.889,1,0.000,0
6544,1024,1024,1.0000,28.485,35.106,1,0.000,0
6545,1024,1024,1.0000,28.458,35.140,1,0.000,0
6546,1024,1024,1.0000,28.441,35.161,1,0.000,0
6547,1024,1024,1.0000,28.436,35.167,1,0.000,0
6548,1024,1024,1.0000,28.218,35.438,1,0.000,0
6549,1024,1024,1.0000,27.747,36.040,1,0.000,0
6550,1024,1024,1.0000,28.999,34.484,1,0.000,0
6551,1024,1024,1.0000,28.275,35.367,1,0.000,0
6552,1024,1024,1.0000,29.008,34.473,1,0.000,0
6553,1024,1024,1.0000,28.691,34.854,1,0.000,0
6554,1024,1024,1.0000,28.806,34.715,1,0.000,0
6555,1024,1024,1.0000,27.586,36.250,1,0.000,0
6556,1024,1024,1.0000,28.385,35.230,1,0.000,0
6557,1024,1024,1.0000,28.031,35.675,1,0.000,0
6558,1024,1024,1.0000,28.883,34.622,1,0.000,0
6559,1024,1024,1.0000,28.060,35.638,1,0.000,0
6560,1024,1024,1.0000,28.890,34.614,1,0.000,0
6561,1024,1024,1.0000,28.151,35.523,1,0.000,0
6562,1024,1024,1.0000,28.724,34.814,1,0.000,0
6563,1024,1024,1.0000,27.507,36.354,1,0.000,0
6564,1024,1024,1.0000,29.308,34.120,1,0.000,0
6565,1024,1024,1.0000,28.047,35.654,1,0.000,0
6566,1024,1024,1.0000,28.837,34.678,1,0.000,0
6567,1024,1024,1.0000,28.279,35.362,1,0.000,0
6568,1024,1024,1.0000,29.231,34.210,1,0.000,0
6569,1024,1024,1.0000,27.931,35.803,1,0.000,0
6570,1024,1024,1.0000,28.019,35.690,1,0.000,0
6571,1024,1024,1.0000,28.349,35.275,1,0.000,0
6572,1024,1024,1.0000,28.802,34.720,1,0.000,0
6573,1024,1024,1.0000,28.189,35.475,1,0.000,0
6574,1024,1024,1.0000,28.622,34.938,1,0.000,0
6575,1024,1024,1.0000,28.660,34.892,1,0.000,0
6576,1024,1024,1.0000,28.282,35.358,1,0.000,0
6577,1024,1024,1.0000,28.400,35.211,1,0.000,0
6578,1024,1024,1.0000,28.558,35.016,1,0.000,0
6579,1024,1024,1.0000,28.603,34.961,1,0.000,0
6580,1024,1024,1.0000,28.404,35.206,1,0.000,0
6581,1024,1024,1.0000,28.485,35.106,1,0.000,0
6582,1024,1024,1.0000,28.589,34.978,1,0.000,0
6583,1024,1024,1.0000,28.262,35.383,1,0.000,0
6584,1024,1024,1.0000,27.752,36.033,1,0.000,0
6585,1024,1024,1.0000,29.133,34.325,1,0.000,0
6586,1024,1024,1.0000,28.610,34.953,1,0.000,0
6587,1024,1024,1.0000,28.960,34.530,1,0.000,0
6588,1024,1024,1.0000,28.374,35.244,1,0.000,0
6589,1024,1024,1.0000,29.060,34.412,1,0.000,0
6590,1024,1024,1.0000,28.051,35.649,1,0.000,0
6591,1024,1024,1.0000,28.567,35.005,1,0.000,0
6592,1024,1024,1.0000,28.455,35.143,1,0.000,0
6593,1024,1024,1.0000,29.033,34.444,1,0.000,0
6594,1024,1024,1.0000,27.973,35.749,1,0.000,0
6595,1024,1024,1.0000,28.919,34.579,1,0.000,0
6596,1024,1024,1.0000,28.007,35.705,1,0.000,0
6597,1024,1024,1.0000,29.179,34.271,1,0.000,0
6598,1024,1024,1.0000,28.246,35.403,1,0.000,0
6599,1024,1024,1.0000,29.216,34.228,1,0.000,0
6600,1024,1024,1.0000,28.479,35.114,1,0.000,0
6601,1024,1024,1.0000,28.813,34.707,1,0.000,0
6602,1024,1024,1.0000,28.155,35.518,1,0.000,0
6603,1024,1024,1.0000,28.975,34.513,1,0.000,0
6604,1024,1024,1.0000,28.048,35.653,1,0.000,0
6605,1024,1024,1.0000,29.335,34.089,1,0.000,0
6606,1024,1024,1.0000,28.963,34.527,1,0.000,0
6607,1024,1024,1.0000,28.881,34.625,1,0.000,0
6608,1024,1024,1.0000,28.481,35.111,1,0.000,0
6609,1024,1024,1.0000,28.576,34.994,1,0.000,0
6610,1024,1024,1.0000,28.422,35.184,1,0.000,0
6611,1024,1024,1.0000,28.923,34.575,1,0.000,0
6612,1024,1024,1.0000,28.133,35.545,1,0.000,0
6613,1024,1024,1.0000,28.415,35.193,1,0.000,0
6614,1024,1024,1.0000,28.656,34.897,1,0.000,0
6615,1024,1024,1.0000,28.654,34.899,1,0.000,0
6616,1024,1024,1.0000,28.333,35.295,1,0.000,0
6617,1024,1024,1.0000,29.340,34.083,1,0.000,0
6618,1024,1024,1.0000,27.956,35.770,1,0.000,0
6619,1024,1024,1.0000,28.573,34.998,1,0.000,0
6620,1024,1024,1.0000,27.829,35.934,1,0.000,0
6621,1024,1024,1.0000,28.907,34.594,1,0.000,0
6622,1024,1024,1.0000,27.881,35.867,1,0.000,0
6623,1024,1024,1.0000,28.601,34.964,1,0.000,0
6624,1024,1024,1.0000,28.236,35.416,1,0.000,0
6625,1024,1024,1.0000,28.871,34.637,1,0.000,0
6626,1024,1024,1.0000,28.257,35.389,1,0.000,0
6627,1024,1024,1.0000,28.832,34.684,1,0.000,0
6628,1024,1024,1.0000,28.179,35.487,1,0.000,0
6629,1024,1024,1.0000,28.899,34.603,1,0.000,0
6630,1024,1024,1.0000,27.996,35.719,1,0.000,0
6631,1024,1024,1.0000,29.036,34.440,1,0.000,0
6632,1024,1024,1.0000,28.474,35.120,1,0.000,0
6633,1024,1024,1.0000,28.479,35.114,1,0.000,0
6634,1024,1024,1.0000,28.804,34.717,1,0.000,0
6635,1024,1024,1.0000,28.511,35.074,1,0.000,0
6636,1024,1024,1.0000,28.895,34.608,1,0.000,0
6637,1024,1024,1.0000,27.769,36.011,1,0.000,0
6638,1024,1024,1.0000,28.126,35.554,1,0.000,0
6639,1024,1024,1.0000,28.278,35.363,1,0.000,0
6640,1024,1024,1.0000,28.841,34.673,1,0.000,0
6641,1024,1024,1.0000,28.608,34.955,1,0.000,0
6642,1024,1024,1.0000,29.070,34.400,1,0.000,0
6643,1024,1024,1.0000,28.340,35.286,1,0.000,0
6644,1024,1024,1.0000,28.152,35.521,1,0.000,0
6645,1024,1024,1.0000,28.343,35.282,1,0.000,0
6646,1024,1024,1.0000,28.564,35.009,1,0.000,0
6647,1024,1024,1.0000,28.707,34.835,1,0.000,0
6648,1024,1024,1.0000,28.456,35.142,1,0.000,0
6649,1024,1024,1.0000,28.721,34.818,1,0.000,0
6650,1024,1024,1.0000,28.499,35.089,1,0.000,0
6651,1024,1024,1.0000,28.086,35.605,1,0.000,0
6652,1024,1024,1.0000,27.777,36.001,1,0.000,0
6653,1024,1024,1.0000,29.464,33.940,1,0.000,0
6654,1024,1024,1.0000,28.579,34.991,1,0.000,0
6655,1024,1024,1.0000,29.100,34.364,1,0.000,0
6656,1024,1024,1.0000,28.545,35.032,1,0.000,0
6657,1024,1024,1.0000,29.000,34.483,1,0.000,0
6658,1024,1024,1.0000,28.292,35.346,1,0.000,0
6659,1024,1024,1.0000,28.981,34.505,1,0.000,0
6660,1024,1024,1.0000,28.328,35.301,1,0.000,0
6661,1024,1024,1.0000,29.190,34.258,1,0.000,0
6662,1024,1024,1.0000,28.470,35.125,1,0.000,0
6663,1024,1024,1.0000,28.966,34.523,1,0.000,0
6664,1024,1024,1.0000,28.629,34.930,1,0.000,0
6665,1024,1024,1.0000,29.016,34.464,1,0.000,0
6666,1024,1024,1.0000,27.859,35.895,1,0.000,0
6667,1024,1024,1.0000,29.049,34.425,1,0.000,0
6668,1024,1024,1.0000,28.351,35.272,1,0.000,0
6669,1024,1024,1.0000,28.957,34.534,1,0.000,0
6670,1024,1024,1.0000,28.228,35.426,1,0.000,0
6671,1024,1024,1.0000,28.886,34.619,1,0.000,0
6672,1024,1024,1.0000,28.322,35.308,1,0.000,0
6673,1024,1024,1.0000,28.563,35.010,1,0.000,0
6674,1024,1024,1.0000,28.680,34.868,1,0.000,0
6675,1024,1024,1.0000,28.949,34.544,1,0.000,0
6676,1024,1024,1.0000,28.025,35.682,1,0.000,0
6677,1024,1024,1.0000,29.688,33.684,1,0.000,0
6678,1024,1024,1.0000,28.311,35.322,1,0.000,0
6679,1024,1024,1.0000,28.886,34.619,1,0.000,0
6680,1024,1024,1.0000,28.128,35.552,1,0.000,0
6681,1024,1024,1.0000,29.047,34.427,1,0.000,0
6682,1024,1024,1.0000,28.370,35.249,1,0.000,0
6683,1024,1024,1.0000,28.972,34.516,1,0.000,0
6684,1024,1024,1.0000,28.587,34.981,1,0.000,0
6685,1024,1024,1.0000,28.868,34.640,1,0.000,0
6686,1024,1024,1.0000,28.632,34.926,1,0.000,0
6687,1024,1024,1.0000,28.868,34.640,1,0.000,0
6688,1024,1024,1.0000,28.113,35.571,1,0.000,0
6689,1024,1024,1.0000,28.405,35.205,1,0.000,0
6690,1024,1024,1.0000,28.719,34.820,1,0.000,0
6691,1024,1024,1.0000,28.428,35.177,1,0.000,0
6692,1024,1024,1.0000,28.901,34.601,1,0.000,0
6693,1024,1024,1.0000,28.354,35.268,1,0.000,0
6694,1024,1024,1.0000,28.970,34.518,1,0.000,0
6695,1024,1024,1.0000,27.716,36.080,1,0.000,0
6696,1024,1024,1.0000,29.139,34.318,1,0.000,0
6697,1024,1024,1.0000,28.263,35.382,1,0.000,0
6698,1024,1024,1.0000,28.794,34.729,1,0.000,0
6699,1024,1024,1.0000,28.316,35.316,1,0.000,0
6700,1024,1024,1.0000,28.931,34.565,1,0.000,0
6701,1024,1024,1.0000,28.493,35.096,1,0.000,0
6702,1024,1024,1.0000,28.591,34.976,1,0.000,0
6703,1024,1024,1.0000,28.154,35.519,1,0.000,0
6704,1024,1024,1.0000,29.003,34.479,1,0.000,0
6705,1024,1024,1.0000,28.193,35.470,1,0.000,0
6706,1024,1024,1.0000,29.096,34.369,1,0.000,0
6707,1024,1024,1.0000,28.430,35.174,1,0.000,0
6708,1024,1024,1.0000,28.510,35.075,1,0.000,0
6709,1024,1024,1.0000,28.374,35.244,1,0.000,0
6710,1024,1024,1.0000,28.117,35.566,1,0.000,0
6711,1024,1024,1.0000,28.702,34.841,1,0.000,0
6712,1024,1024,1.0000,28.450,35.149,1,0.000,0
6713,1024,1024,1.0000,29.570,33.818,1,0.000,0
6714,1024,1024,1.0000,28.536,35.043,1,0.000,0
6715,1024,1024,1.0000,29.002,34.480,1,0.000,0
6716,1024,1024,1.0000,28.234,35.418,1,0.000,0
6717,1024,1024,1.0000,28.583,34.986,1,0.000,0
6718,1024,1024,1.0000,28.722,34.817,1,0.000,0
6719,1024,1024,1.0000,29.045,34.429,1,0.000,0
6720,1024,1024,1.0000,28.474,35.120,1,0.000,0
6721,1024,1024,1.0000,28.976,34.511,1,0.000,0
6722,1024,1024,1.0000,28.367,35.252,1,0.000,0
6723,1024,1024,1.0000,29.052,34.421,1,0.000,0
6724,1024,1024,1.0000,28.108,35.577,1,0.000,0
6725,1024,1024,1.0000,28.271,35.372,1,0.000,0
6726,1024,1024,1.0000,28.176,35.491,1,0.000,0
6727,1024,1024,1.0000,28.777,34.750,1,0.000,0
6728,1024,1024,1.0000,28.183,35.482,1,0.000,0
6729,1024,1024,1.0000,28.938,34.557,1,0.000,0
6730,1024,1024,1.0000,28.566,35.007,1,0.000,0
6731,1024,1024,1.0000,28.607,34.956,1,0.000,0
6732,1024,1024,1.0000,27.979,35.741,1,0.000,0
6733,1024,1024,1.0000,28.866,34.643,1,0.000,0
6734,1024,1024,1.0000,28.220,35.436,1,0.000,0
6735,1024,1024,1.0000,28.660,34.892,1,0.000,0
6736,1024,1024,1.0000,28.555,35.020,1,0.000,0
6737,1024,1024,1.0000,28.564,35.009,1,0.000,0
6738,1024,1024,1.0000,28.343,35.282,1,0.000,0
6739,1024,1024,1.0000,28.270,35.373,1,0.000,0
6740,1024,1024,1.0000,28.927,34.570,1,0.000,0
6741,1024,1024,1.0000,28.043,35.660,1,0.000,0
6742,1024,1024,1.0000,29.036,34.440,1,0.000,0
6743,1024,1024,1.0000,28.180,35.486,1,0.000,0
6744,1024,1024,1.0000,29.114,34.348,1,0.000,0
6745,1024,1024,1.0000,27.857,35.898,1,0.000,0
6746,1024,1024,1.0000,28.644,34.911,1,0.000,0
6747,1024,1024,1.0000,28.101,35.586,1,0.000,0
6748,1024,1024,1.0000,28.797,34.726,1,0.000,0
6749,1024,1024,1.0000,28.646,34.909,1,0.000,0
6750,1024,1024,1.0000,29.860,33.490,1,0.000,0
6751,1024,1024,1.0000,29.064,34.407,1,0.000,0
6752,1024,1024,1.0000,28.987,34.498,1,0.000,0
6753,1024,1024,1.0000,27.951,35.777,1,0.000,0
6754,1024,1024,1.0000,28.856,34.655,1,0.000,0
6755,1024,1024,1.0000,28.285,35.354,1,0.000,0
6756,1024,1024,1.0000,29.178,34.272,1,0.000,0
6757,1024,1024,1.0000,28.503,35.084,1,0.000,0
6758,1024,1024,1.0000,28.951,34.541,1,0.000,0
6759,1024,1024,1.0000,28.227,35.427,1,0.000,0
6760,1024,1024,1.0000,28.837,34.678,1,0.000,0
6761,1024,1024,1.0000,28.308,35.326,1,0.000,0
6762,1024,1024,1.0000,29.072,34.397,1,0.000,0
6763,1024,1024,1.0000,28.326,35.303,1,0.000,0
6764,1024,1024,1.0000,28.969,34.520,1,0.000,0
6765,1024,1024,1.0000,28.301,35.334,1,0.000,0
6766,1024,1024,1.0000,28.741,34.794,1,0.000,0
6767,1024,1024,1.0000,28.049,35.652,1,0.000,0
6768,1024,1024,1.0000,28.451,35.148,1,0.000,0
6769,1024,1024,1.0000,28.502,35.085,1,0.000,0
6770,1024,1024,1.0000,28.792,34.732,1,0.000,0
6771,1024,1024,1.0000,28.563,35.010,1,0.000,0
6772,1024,1024,1.0000,29.092,34.374,1,0.000,0
6773,1024,1024,1.0000,28.683,34.864,1,0.000,0
6774,1024,1024,1.0000,28.183,35.482,1,0.000,0
6775,1024,1024,1.0000,29.355,34.066,1,0.000,0
6776,1024,1024,1.0000,28.692,34.853,1,0.000,0
6777,1024,1024,1.0000,28.945,34.548,1,0.000,0
6778,1024,1024,1.0000,28.653,34.900,1,0.000,0
6779,1024,1024,1.0000,29.080,34.388,1,0.000,0
6780,1024,1024,1.0000,28.569,35.003,1,0.000,0
6781,1024,1024,1.0000,29.167,34.285,1,0.000,0
6782,1024,1024,1.0000,28.324,35.306,1,0.000,0
6783,1024,1024,1.0000,28.999,34.484,1,0.000,0
6784,1024,1024,1.0000,28.206,35.453,1,0.000,0
6785,1024,1024,1.0000,29.431,33.978,1,0.000,0
6786,1024,1024,1.0000,28.345,35.280,1,0.000,0
6787,1024,1024,1.0000,29.006,34.476,1,0.000,0
6788,1024,1024,1.0000,28.362,35.258,1,0.000,0
6789,1024,1024,1.0000,28.710,34.831,1,0.000,0
6790,1024,1024,1.0000,28.087,35.604,1,0.000,0
6791,1024,1024,1.0000,29.011,34.470,1,0.000,0
6792,1024,1024,1.0000,28.649,34.905,1,0.000,0
6793,1024,1024,1.0000,29.071,34.399,1,0.000,0
6794,1024,1024,1.0000,28.666,34.885,1,0.000,0
6795,1024,1024,1.0000,28.814,34.705,1,0.000,0
6796,1024,1024,1.0000,28.365,35.255,1,0.000,0
6797,1024,1024,1.0000,28.337,35.290,1,0.000,0
6798,1024,1024,1.0000,28.308,35.326,1,0.000,0
6799,1024,1024,1.0000,28.661,34.891,1,0.000,0
6800,1024,1024,1.0000,28.830,34.686,1,0.000,0
6801,1024,1024,1.0000,28.469,35.126,1,0.000,0
6802,1024,1024,1.0000,28.924,34.573,1,0.000,0
6803,1024,1024,1.0000,28.327,35.302,1,0.000,0
6804,1024,1024,1.0000,29.212,34.233,1,0.000,0
6805,1024,1024,1.0000,28.291,35.347,1,0.000,0
6806,1024,1024,1.0000,29.194,34.254,1,0.000,0
6807,1024,1024,1.0000,28.452,35.147,1,0.000,0
6808,1024,1024,1.0000,28.830,34.686,1,0.000,0
6809,1024,1024,1.0000,28.502,35.085,1,0.000,0
6810,1024,1024,1.0000,29.211,34.234,1,0.000,0
6811,1024,1024,1.0000,28.307,35.327,1,0.000,0
6812,1024,1024,1.0000,28.620,34.941,1,0.000,0
6813,1024,1024,1.0000,28.608,34.955,1,0.000,0
6814,1024,1024,1.0000,29.129,34.330,1,0.000,0
6815,1024,1024,1.0000,28.769,34.760,1,0.000,0
6816,1024,1024,1.0000,29.181,34.269,1,0.000,0
6817,1024,1024,1.0000,28.194,35.469,1,0.000,0
6818,1024,1024,1.0000,28.947,34.546,1,0.000,0
6819,1024,1024,1.0000,27.909,35.831,1,0.000,0
6820,1024,1024,1.0000,28.347,35.277,1,0.000,0
6821,1024,1024,1.0000,28.669,34.881,1,0.000,0
6822,1024,1024,1.0000,29.403,34.010,1,0.000,0
6823,1024,1024,1.0000,28.797,34.726,1,0.000,0
6824,1024,1024,1.0000,29.186,34.263,1,0.000,0
6825,1024,1024,1.0000,28.597,34.969,1,0.000,0
6826,1024,1024,1.0000,29.136,34.322,1,0.000,0
6827,1024,1024,1.0000,28.246,35.403,1,0.000,0
6828,1024,1024,1.0000,28.994,34.490,1,0.000,0
6829,1024,1024,1.0000,28.408,35.201,1,0.000,0
6830,1024,1024,1.0000,28.965,34.524,1,0.000,0
6831,1024,1024,1.0000,28.403,35.208,1,0.000,0
6832,1024,1024,1.0000,29.106,34.357,1,0.000,0
6833,1024,1024,1.0000,28.384,35.231,1,0.000,0
6834,1024,1024,1.0000,28.780,34.746,1,0.000,0
6835,1024,1024,1.0000,27.857,35.898,1,0.000,0
6836,1024,1024,1.0000,29.214,34.230,1,0.000,0
6837,1024,1024,1.0000,28.485,35.106,1,0.000,0
6838,1024,1024,1.0000,28.994,34.490,1,0.000,0
6839,1024,1024,1.0000,28.328,35.301,1,0.000,0
6840,1024,1024,1.0000,28.797,34.726,1,0.000,0
6841,1024,1024,1.0000,28.446,35.154,1,0.000,0
6842,1024,1024,1.0000,27.709,36.089,1,0.000,0
6843,1024,1024,1.0000,29.144,34.312,1,0.000,0
6844,1024,1024,1.0000,28.729,34.808,1,0.000,0
6845,1024,1024,1.0000,29.090,34.376,1,0.000,0
6846,1024,1024,1.0000,28.702,34.841,1,0.000,0
6847,1024,1024,1.0000,29.113,34.349,1,0.000,0
6848,1024,1024,1.0000,28.732,34.804,1,0.000,0
6849,1024,1024,1.0000,29.181,34.269,1,0.000,0
6850,1024,1024,1.0000,28.554,35.021,1,0.000,0
6851,1024,1024,1.0000,29.081,34.387,1,0.000,0
6852,1024,1024,1.0000,28.591,34.976,1,0.000,0
6853,1024,1024,1.0000,29.210,34.235,1,0.000,0
6854,1024,1024,1.0000,28.449,35.151,1,0.000,0
6855,1024,1024,1.0000,29.073,34.396,1,0.000,0
6856,1024,1024,1.0000,28.653,34.900,1,0.000,0
6857,1024,1024,1.0000,29.634,33.745,1,0.000,0
6858,1024,1024,1.0000,29.053,34.420,1,0.000,0
6859,1024,1024,1.0000,29.416,33.995,1,0.000,0
6860,1024,1024,1.0000,28.641,34.915,1,0.000,0
6861,1024,1024,1.0000,29.406,34.007,1,0.000,0
6862,1024,1024,1.0000,28.869,34.639,1,0.000,0
6863,1024,1024,1.0000,29.399,34.015,1,0.000,0
6864,1024,1024,1.0000,28.440,35.162,1,0.000,0
6865,1024,1024,1.0000,29.314,34.113,1,0.000,0
6866,1024,1024,1.0000,28.759,34.772,1,0.000,0
6867,1024,1024,1.0000,29.241,34.199,1,0.000,0
6868,1024,1024,1.0000,28.614,34.948,1,0.000,0
6869,1024,1024,1.0000,29.792,33.566,1,0.000,0
6870,1024,1024,1.0000,28.709,34.832,1,0.000,0
6871,1024,1024,1.0000,29.248,34.190,1,0.000,0
6872,1024,1024,1.0000,28.508,35.078,1,0.000,0
6873,1024,1024,1.0000,29.167,34.285,1,0.000,0
6874,1024,1024,1.0000,28.911,34.589,1,0.000,0
6875,1024,1024,1.0000,28.928,34.569,1,0.000,0
6876,1024,1024,1.0000,28.653,34.900,1,0.000,0
6877,1024,1024,1.0000,29.110,34.352,1,0.000,0
6878,1024,1024,1.0000,29.276,34.158,1,0.000,0
6879,1024,1024,1.0000,29.066,34.404,1,0.000,0
6880,1024,1024,1.0000,29.268,34.167,1,0.000,0
6881,1024,1024,1.0000,29.071,34.399,1,0.000,0
6882,1024,1024,1.0000,29.162,34.291,1,0.000,0
6883,1024,1024,1.0000,29.032,34.445,1,0.000,0
6884,1024,1024,1.0000,29.484,33.917,1,0.000,0
6885,1024,1024,1.0000,28.914,34.585,1,0.000,0
6886,1024,1024,1.0000,29.396,34.018,1,0.000,0
6887,1024,1024,1.0000,28.595,34.971,1,0.000,0
6888,1024,1024,1.0000,29.197,34.250,1,0.000,0
6889,1024,1024,1.0000,28.314,35.318,1,0.000,0
6890,1024,1024,1.0000,29.819,33.536,1,0.000,0
6891,1024,1024,1.0000,28.455,35.143,1,0.000,0
6892,1024,1024,1.0000,29.457,33.948,1,0.000,0
6893,1024,1024,1.0000,29.418,33.993,1,0.000,0
6894,1024,1024,1.0000,30.008,33.324,1,0.000,0
6895,1024,1024,1.0000,29.154,34.301,1,0.000,0
6896,1024,1024,1.0000,29.848,33.503,1,0.000,0
6897,1024,1024,1.0000,28.898,34.604,1,0.000,0
6898,1024,1024,1.0000,28.828,34.688,1,0.000,0
6899,1024,1024,1.0000,29.173,34.278,1,0.000,0
6900,1024,1024,1.0000,29.969,33.368,1,0.000,0
6901,1024,1024,1.0000,29.191,34.257,1,0.000,0
6902,1024,1024,1.0000,29.458,33.947,1,0.000,0
6903,1024,1024,1.0000,29.053,34.420,1,0.000,0
6904,1024,1024,1.0000,29.712,33.656,1,0.000,0
6905,1024,1024,1.0000,28.625,34.934,1,0.000,0
6906,1024,1024,1.0000,29.137,34.321,1,0.000,0
6907,1024,1024,1.0000,28.729,34.808,1,0.000,0
6908,1024,1024,1.0000,29.472,33.931,1,0.000,0
6909,1024,1024,1.0000,29.071,34.399,1,0.000,0
6910,1024,1024,1.0000,29.476,33.926,1,0.000,0
6911,1024,1024,1.0000,28.957,34.534,1,0.000,0
6912,1024,1024,1.0000,30.143,33.175,1,0.000,0
6913,1024,1024,1.0000,28.896,34.607,1,0.000,0
6914,1024,1024,1.0000,29.320,34.106,1,0.000,0
6915,1024,1024,1.0000,28.786,34.739,1,0.000,0
6916,1024,1024,1.0000,29.290,34.141,1,0.000,0
6917,1024,1024,1.0000,28.603,34.961,1,0.000,0
6918,1024,1024,1.0000,29.380,34.037,1,0.000,0
6919,1024,1024,1.0000,28.629,34.930,1,0.000,0
6920,1024,1024,1.0000,29.313,34.115,1,0.000,0
6921,1024,1024,1.0000,28.500,35.088,1,0.000,0
6922,1024,1024,1.0000,29.660,33.715,1,0.000,0
6923,1024,1024,1.0000,28.183,35.482,1,0.000,0
6924,1024,1024,1.0000,29.581,33.805,1,0.000,0
6925,1024,1024,1.0000,28.681,34.866,1,0.000,0
6926,1024,1024,1.0000,29.474,33.928,1,0.000,0
6927,1024,1024,1.0000,28.639,34.917,1,0.000,0
6928,1024,1024,1.0000,29.874,33.474,1,0.000,0
6929,1024,1024,1.0000,28.876,34.631,1,0.000,0
6930,1024,1024,1.0000,29.003,34.479,1,0.000,0
6931,1024,1024,1.0000,28.260,35.386,1,0.000,0
6932,1024,1024,1.0000,29.900,33.445,1,0.000,0
6933,1024,1024,1.0000,28.707,34.835,1,0.000,0
6934,1024,1024,1.0000,29.423,33.987,1,0.000,0
6935,1024,1024,1.0000,28.809,34.711,1,0.000,0
6936,1024,1024,1.0000,29.435,33.973,1,0.000,0
6937,1024,1024,1.0000,29.151,34.304,1,0.000,0
6938,1024,1024,1.0000,28.668,34.882,1,0.000,0
6939,1024,1024,1.0000,29.288,34.144,1,0.000,0
6940,1024,1024,1.0000,28.904,34.597,1,0.000,0
6941,1024,1024,1.0000,29.418,33.993,1,0.000,0
6942,1024,1024,1.0000,28.794,34.729,1,0.000,0
6943,1024,1024,1.0000,29.319,34.108,1,0.000,0
6944,1024,1024,1.0000,29.009,34.472,1,0.000,0
6945,1024,1024,1.0000,29.322,34.104,1,0.000,0
6946,1024,1024,1.0000,28.639,34.917,1,0.000,0
6947,1024,1024,1.0000,29.310,34.118,1,0.000,0
6948,1024,1024,1.0000,28.775,34.752,1,0.000,0
6949,1024,1024,1.0000,29.269,34.166,1,0.000,0
6950,1024,1024,1.0000,28.708,34.833,1,0.000,0
6951,1024,1024,1.0000,29.541,33.851,1,0.000,0
6952,1024,1024,1.0000,28.623,34.937,1,0.000,0
6953,1024,1024,1.0000,29.425,33.985,1,0.000,0
6954,1024,1024,1.0000,28.715,34.825,1,0.000,0
6955,1024,1024,1.0000,29.336,34.088,1,0.000,0
6956,1024,1024,1.0000,28.877,34.630,1,0.000,0
6957,1024,1024,1.0000,29.201,34.245,1,0.000,0
6958,1024,1024,1.0000,28.918,34.581,1,0.000,0
6959,1024,1024,1.0000,29.159,34.295,1,0.000,0
6960,1024,1024,1.0000,28.872,34.636,1,0.000,0
6961,1024,1024,1.0000,29.189,34.259,1,0.000,0
6962,1024,1024,1.0000,28.509,35.077,1,0.000,0
6963,1024,1024,1.0000,29.244,34.195,1,0.000,0
6964,1024,1024,1.0000,30.332,32.968,1,0.000,0
6965,1024,1024,1.0000,30.286,33.019,1,0.000,0
6966,1024,1024,1.0000,28.863,34.646,1,0.000,0
6967,1024,1024,1.0000,29.470,33.933,1,0.000,0
6968,1024,1024,1.0000,28.898,34.604,1,0.000,0
6969,1024,1024,1.0000,29.573,33.815,1,0.000,0
6970,1024,1024,1.0000,28.891,34.613,1,0.000,0
6971,1024,1024,1.0000,29.108,34.355,1,0.000,0
6972,1024,1024,1.0000,28.306,35.328,1,0.000,0
6973,1024,1024,1.0000,29.597,33.787,1,0.000,0
6974,1024,1024,1.0000,28.740,34.795,1,0.000,0
6975,1024,1024,1.0000,29.620,33.761,1,0.000,0
6976,1024,1024,1.0000,28.913,34.587,1,0.000,0
6977,1024,1024,1.0000,29.479,33.922,1,0.000,0
6978,1024,1024,1.0000,28.751,34.781,1,0.000,0
6979,1024,1024,1.0000,29.085,34.382,1,0.000,0
6980,1024,1024,1.0000,28.390,35.224,1,0.000,0
6981,1024,1024,1.0000,29.459,33.945,1,0.000,0
6982,1024,1024,1.0000,28.693,34.852,1,0.000,0
6983,1024,1024,1.0000,29.364,34.055,1,0.000,0
6984,1024,1024,1.0000,28.698,34.846,1,0.000,0
6985,1024,1024,1.0000,29.493,33.906,1,0.000,0
6986,1024,1024,1.0000,28.957,34.534,1,0.000,0
6987,1024,1024,1.0000,29.047,34.427,1,0.000,0
6988,1024,1024,1.0000,28.441,35.161,1,0.000,0
6989,1024,1024,1.0000,29.549,33.842,1,0.000,0
6990,1024,1024,1.0000,28.753,34.779,1,0.000,0
6991,1024,1024,1.0000,29.414,33.997,1,0.000,0
6992,1024,1024,1.0000,28.834,34.681,1,0.000,0
6993,1024,1024,1.0000,29.284,34.148,1,0.000,0
6994,1024,1024,1.0000,28.891,34.613,1,0.000,0
6995,1024,1024,1.0000,29.087,34.380,1,0.000,0
6996,1024,1024,1.0000,28.865,34.644,1,0.000,0
6997,1024,1024,1.0000,29.318,34.109,1,0.000,0
6998,1024,1024,1.0000,28.923,34.575,1,0.000,0
6999,1024,1024,1.0000,29.494,33.905,1,0.000,0
7000,1024,1024,1.0000,29.168,34.284,1,0.000,0
7001,1024,1024,1.0000,29.111,34.351,1,0.000,0
7002,1024,1024,1.0000,29.195,34.252,1,0.000,0
7003,1024,1024,1.0000,28.941,34.553,1,0.000,0
7004,1024,1024,1.0000,28.856,34.655,1,0.000,0
7005,1024,1024,1.0000,29.235,34.206,1,0.000,0
7006,1024,1024,1.0000,29.202,34.244,1,0.000,0
7007,1024,1024,1.0000,29.264,34.172,1,0.000,0
7008,1024,1024,1.0000,29.381,34.036,1,0.000,0
7009,1024,1024,1.0000,29.253,34.185,1,0.000,0
7010,1024,1024,1.0000,29.106,34.357,1,0.000,0
7011,1024,1024,1.0000,29.335,34.089,1,0.000,0
7012,1024,1024,1.0000,28.701,34.842,1,0.000,0
7013,1024,1024,1.0000,28.298,35.338,1,0.000,0
7014,1024,1024,1.0000,29.113,34.349,1,0.000,0
7015,1024,1024,1.0000,29.396,34.018,1,0.000,0
7016,1024,1024,1.0000,29.234,34.207,1,0.000,0
7017,1024,1024,1.0000,29.218,34.225,1,0.000,0
7018,1024,1024,1.0000,30.184,33.130,1,0.000,0
7019,1024,1024,1.0000,29.164,34.289,1,0.000,0
7020,1024,1024,1.0000,28.970,34.518,1,0.000,0
7021,1024,1024,1.0000,28.630,34.928,1,0.000,0
7022,1024,1024,1.0000,29.314,34.113,1,0.000,0
7023,1024,1024,1.0000,29.194,34.254,1,0.000,0
7024,1024,1024,1.0000,29.053,34.420,1,0.000,0
7025,1024,1024,1.0000,29.077,34.391,1,0.000,0
7026,1024,1024,1.0000,29.159,34.295,1,0.000,0
7027,1024,1024,1.0000,28.991,34.493,1,0.000,0
7028,1024,1024,1.0000,29.632,33.747,1,0.000,0
7029,1024,1024,1.0000,29.020,34.459,1,0.000,0
7030,1024,1024,1.0000,29.448,33.958,1,0.000,0
7031,1024,1024,1.0000,29.044,34.431,1,0.000,0
7032,1024,1024,1.0000,29.192,34.256,1,0.000,0
7033,1024,1024,1.0000,29.236,34.204,1,0.000,0
7034,1024,1024,1.0000,28.858,34.652,1,0.000,0
7035,1024,1024,1.0000,30.234,33.075,1,0.000,0
7036,1024,1024,1.0000,28.646,34.909,1,0.000,0
7037,1024,1024,1.0000,29.313,34.115,1,0.000,0
7038,1024,1024,1.0000,28.523,35.059,1,0.000,0
7039,1024,1024,1.0000,29.889,33.457,1,0.000,0
7040,1024,1024,1.0000,28.724,34.814,1,0.000,0
7041,1024,1024,1.0000,29.607,33.776,1,0.000,0
7042,1024,1024,1.0000,28.802,34.720,1,0.000,0
7043,1024,1024,1.0000,29.459,33.945,1,0.000,0
7044,1024,1024,1.0000,29.046,34.428,1,0.000,0
7045,1024,1024,1.0000,29.078,34.390,1,0.000,0
7046,1024,1024,1.0000,28.442,35.159,1,0.000,0
7047,1024,1024,1.0000,29.387,34.029,1,0.000,0
7048,1024,1024,1.0000,28.925,34.572,1,0.000,0
7049,1024,1024,1.0000,29.599,33.785,1,0.000,0
7050,1024,1024,1.0000,29.023,34.455,1,0.000,0
7051,1024,1024,1.0000,29.244,34.195,1,0.000,0
7052,1024,1024,1.0000,28.994,34.490,1,0.000,0
7053,1024,1024,1.0000,28.887,34.618,1,0.000,0
7054,1024,1024,1.0000,28.722,34.817,1,0.000,0
7055,1024,1024,1.0000,29.162,34.291,1,0.000,0
7056,1024,1024,1.0000,29.059,34.413,1,0.000,0
7057,1024,1024,1.0000,29.101,34.363,1,0.000,0
7058,1024,1024,1.0000,29.216,34.228,1,0.000,0
7059,1024,1024,1.0000,29.242,34.197,1,0.000,0
7060,1024,1024,1.0000,29.329,34.096,1,0.000,0
7061,1024,1024,1.0000,28.836,34.679,1,0.000,0
7062,1024,1024,1.0000,28.776,34.751,1,0.000,0
7063,1024,1024,1.0000,29.029,34.448,1,0.000,0
7064,1024,1024,1.0000,29.215,34.229,1,0.000,0
7065,1024,1024,1.0000,29.174,34.277,1,0.000,0
7066,1024,1024,1.0000,29.127,34.332,1,0.000,0
7067,1024,1024,1.0000,29.139,34.318,1,0.000,0
7068,1024,1024,1.0000,29.168,34.284,1,0.000,0
7069,1024,1024,1.0000,28.916,34.583,1,0.000,0
7070,1024,1024,1.0000,28.951,34.541,1,0.000,0
7071,1024,1024,1.0000,29.470,33.933,1,0.000,0
7072,1024,1024,1.0000,29.164,34.289,1,0.000,0
7073,1024,1024,1.0000,29.072,34.397,1,0.000,0
7074,1024,1024,1.0000,29.430,33.979,1,0.000,0
7075,1024,1024,1.0000,29.159,34.295,1,0.000,0
7076,1024,1024,1.0000,29.496,33.903,1,0.000,0
7077,1024,1024,1.0000,28.803,34.719,1,0.000,0
7078,1024,1024,1.0000,29.313,34.115,1,0.000,0
7079,1024,1024,1.0000,28.540,35.039,1,0.000,0
7080,1024,1024,1.0000,29.550,33.841,1,0.000,0
7081,1024,1024,1.0000,28.912,34.588,1,0.000,0
7082,1024,1024,1.0000,29.560,33.829,1,0.000,0
7083,1024,1024,1.0000,28.950,34.542,1,0.000,0
7084,1024,1024,1.0000,29.479,33.922,1,0.000,0
7085,1024,1024,1.0000,28.676,34.872,1,0.000,0
7086,1024,1024,1.0000,29.270,34.165,1,0.000,0
7087,1024,1024,1.0000,28.341,35.285,1,0.000,0
7088,1024,1024,1.0000,29.520,33.875,1,0.000,0
7089,1024,1024,1.0000,28.798,34.725,1,0.000,0
7090,1024,1024,1.0000,29.465,33.939,1,0.000,0
7091,1024,1024,1.0000,28.952,34.540,1,0.000,0
7092,1024,1024,1.0000,29.560,33.829,1,0.000,0
7093,1024,1024,1.0000,28.718,34.821,1,0.000,0
7094,1024,1024,1.0000,28.885,34.620,1,0.000,0
7095,1024,1024,1.0000,28.558,35.016,1,0.000,0
7096,1024,1024,1.0000,29.700,33.670,1,0.000,0
7097,1024,1024,1.0000,28.878,34.628,1,0.000,0
7098,1024,1024,1.0000,29.433,33.975,1,0.000,0
7099,1024,1024,1.0000,28.842,34.672,1,0.000,0
7100,1024,1024,1.0000,29.525,33.870,1,0.000,0
7101,1024,1024,1.0000,28.896,34.607,1,0.000,0
7102,1024,1024,1.0000,29.037,34.439,1,0.000,0
7103,1024,1024,1.0000,28.837,34.678,1,0.000,0
7104,1024,1024,1.0000,29.562,33.827,1,0.000,0
7105,1024,1024,1.0000,28.472,35.122,1,0.000,0
7106,1024,1024,1.0000,30.128,33.192,1,0.000,0
7107,1024,1024,1.0000,29.437,33.971,1,0.000,0
7108,1024,1024,1.0000,29.680,33.693,1,0.000,0
7109,1024,1024,1.0000,29.096,34.369,1,0.000,0
7110,1024,1024,1.0000,29.158,34.296,1,0.000,0
7111,1024,1024,1.0000,29.063,34.408,1,0.000,0
7112,1024,1024,1.0000,29.510,33.887,1,0.000,0
7113,1024,1024,1.0000,29.421,33.989,1,0.000,0
7114,1024,1024,1.0000,29.735,33.630,1,0.000,0
7115,1024,1024,1.0000,29.163,34.290,1,0.000,0
7116,1024,1024,1.0000,29.612,33.770,1,0.000,0
7117,1024,1024,1.0000,29.077,34.391,1,0.000,0
7118,1024,1024,1.0000,29.593,33.792,1,0.000,0
7119,1024,1024,1.0000,28.798,34.725,1,0.000,0
7120,1024,1024,1.0000,29.476,33.926,1,0.000,0
7121,1024,1024,1.0000,29.125,34.335,1,0.000,0
7122,1024,1024,1.0000,29.696,33.675,1,0.000,0
7123,1024,1024,1.0000,29.272,34.162,1,0.000,0
7124,1024,1024,1.0000,29.614,33.768,1,0.000,0
7125,1024,1024,1.0000,28.875,34.632,1,0.000,0
7126,1024,1024,1.0000,29.636,33.743,1,0.000,0
7127,1024,1024,1.0000,28.191,35.472,1,0.000,0
7128,1024,1024,1.0000,29.272,34.162,1,0.000,0
7129,1024,1024,1.0000,28.409,35.200,1,0.000,0
7130,1024,1024,1.0000,29.465,33.939,1,0.000,0
7131,1024,1024,1.0000,28.836,34.679,1,0.000,0
7132,1024,1024,1.0000,29.704,33.665,1,0.000,0
7133,1024,1024,1.0000,28.894,34.609,1,0.000,0
7134,1024,1024,1.0000,29.575,33.812,1,0.000,0
7135,1024,1024,1.0000,29.523,33.872,1,0.000,0
7136,1024,1024,1.0000,29.277,34.157,1,0.000,0
7137,1024,1024,1.0000,28.554,35.021,1,0.000,0
7138,1024,1024,1.0000,29.450,33.956,1,0.000,0
7139,1024,1024,1.0000,29.124,34.336,1,0.000,0
7140,1024,1024,1.0000,29.319,34.108,1,0.000,0
7141,1024,1024,1.0000,29.356,34.065,1,0.000,0
7142,1024,1024,1.0000,29.568,33.820,1,0.000,0
7143,1024,1024,1.0000,29.012,34.468,1,0.000,0
7144,1024,1024,1.0000,29.298,34.132,1,0.000,0
7145,1024,1024,1.0000,29.528,33.866,1,0.000,0
7146,1024,1024,1.0000,29.391,34.024,1,0.000,0
7147,1024,1024,1.0000,29.080,34.388,1,0.000,0
7148,1024,1024,1.0000,29.327,34.098,1,0.000,0
7149,1024,1024,1.0000,29.406,34.007,1,0.000,0
7150,1024,1024,1.0000,29.172,34.279,1,0.000,0
7151,1024,1024,1.0000,29.703,33.667,1,0.000,0
7152,1024,1024,1.0000,29.419,33.992,1,0.000,0
7153,1024,1024,1.0000,29.430,33.979,1,0.000,0
7154,1024,1024,1.0000,29.386,34.030,1,0.000,0
7155,1024,1024,1.0000,29.839,33.513,1,0.000,0
7156,1024,1024,1.0000,29.303,34.126,1,0.000,0
7157,1024,1024,1.0000,29.761,33.601,1,0.000,0
7158,1024,1024,1.0000,29.042,34.433,1,0.000,0
7159,1024,1024,1.0000,29.804,33.553,1,0.000,0
7160,1024,1024,1.0000,29.342,34.081,1,0.000,0
7161,1024,1024,1.0000,29.749,33.615,1,0.000,0
7162,1024,1024,1.0000,29.076,34.393,1,0.000,0
7163,1024,1024,1.0000,29.746,33.618,1,0.000,0
7164,1024,1024,1.0000,29.361,34.059,1,0.000,0
7165,1024,1024,1.0000,30.019,33.312,1,0.000,0
7166,1024,1024,1.0000,29.201,34.245,1,0.000,0
7167,1024,1024,1.0000,29.997,33.337,1,0.000,0
7168,1024,1024,1.0000,29.421,33.989,1,0.000,0
7169,1024,1024,1.0000,29.545,33.847,1,0.000,0
7170,1024,1024,1.0000,29.493,33.906,1,0.000,0
7171,1024,1024,1.0000,29.283,34.150,1,0.000,0
7172,1024,1024,1.0000,29.681,33.692,1,0.000,0
7173,1024,1024,1.0000,29.032,34.445,1,0.000,0
7174,1024,1024,1.0000,30.063,33.263,1,0.000,0
7175,1024,1024,1.0000,29.229,34.213,1,0.000,0
7176,1024,1024,1.0000,30.323,32.978,1,0.000,0
7177,1024,1024,1.0000,30.013,33.319,1,0.000,0
7178,1024,1024,1.0000,29.924,33.418,1,0.000,0
7179,1024,1024,1.0000,29.290,34.141,1,0.000,0
7180,1024,1024,1.0000,29.482,33.919,1,0.000,0
7181,1024,1024,1.0000,29.624,33.756,1,0.000,0
7182,1024,1024,1.0000,28.640,34.916,1,0.000,0
7183,1024,1024,1.0000,29.832,33.521,1,0.000,0
7184,1024,1024,1.0000,29.768,33.593,1,0.000,0
7185,1024,1024,1.0000,29.240,34.200,1,0.000,0
7186,1024,1024,1.0000,30.127,33.193,1,0.000,0
7187,1024,1024,1.0000,29.782,33.577,1,0.000,0
7188,1024,1024,1.0000,29.332,34.092,1,0.000,0
7189,1024,1024,1.0000,29.863,33.486,1,0.000,0
7190,1024,1024,1.0000,29.113,34.349,1,0.000,0
7191,1024,1024,1.0000,29.349,34.073,1,0.000,0
7192,1024,1024,1.0000,29.845,33.506,1,0.000,0
7193,1024,1024,1.0000,29.202,34.244,1,0.000,0
7194,1024,1024,1.0000,29.608,33.775,1,0.000,0
7195,1024,1024,1.0000,29.857,33.493,1,0.000,0
7196,1024,1024,1.0000,29.284,34.148,1,0.000,0
7197,1024,1024,1.0000,30.150,33.167,1,0.000,0
7198,1024,1024,1.0000,30.047,33.281,1,0.000,0
7199,1024,1024,1.0000,29.066,34.404,1,0.000,0
7200,1024,1024,1.0000,30.023,33.308,1,0.000,0
7201,1024,1024,1.0000,29.517,33.879,1,0.000,0
7202,1024,1024,1.0000,29.725,33.642,1,0.000,0
7203,1024,1024,1.0000,29.943,33.397,1,0.000,0
7204,1024,1024,1.0000,29.241,34.199,1,0.000,0
7205,1024,1024,1.0000,29.947,33.392,1,0.000,0
7206,1024,1024,1.0000,29.785,33.574,1,0.000,0
7207,1024,1024,1.0000,29.534,33.859,1,0.000,0
7208,1024,1024,1.0000,30.560,32.723,1,0.000,0
7209,1024,1024,1.0000,29.305,34.124,1,0.000,0
7210,1024,1024,1.0000,29.574,33.813,1,0.000,0
7211,1024,1024,1.0000,30.048,33.280,1,0.000,0
7212,1024,1024,1.0000,29.331,34.094,1,0.000,0
7213,1024,1024,1.0000,29.599,33.785,1,0.000,0
7214,1024,1024,1.0000,29.884,33.463,1,0.000,0
7215,1024,1024,1.0000,29.263,34.173,1,0.000,0
7216,1024,1024,1.0000,29.656,33.720,1,0.000,0
7217,1024,1024,1.0000,29.880,33.467,1,0.000,0
7218,1024,1024,1.0000,29.385,34.031,1,0.000,0
7219,1024,1024,1.0000,30.117,33.204,1,0.000,0
7220,1024,1024,1.0000,29.559,33.831,1,0.000,0
7221,1024,1024,1.0000,29.436,33.972,1,0.000,0
7222,1024,1024,1.0000,30.089,33.235,1,0.000,0
7223,1024,1024,1.0000,29.843,33.509,1,0.000,0
7224,1024,1024,1.0000,29.486,33.914,1,0.000,0
7225,1024,1024,1.0000,30.145,33.173,1,0.000,0
7226,1024,1024,1.0000,29.570,33.818,1,0.000,0
7227,1024,1024,1.0000,29.913,33.430,1,0.000,0
7228,1024,1024,1.0000,29.401,34.012,1,0.000,0
7229,1024,1024,1.0000,29.189,34.259,1,0.000,0
7230,1024,1024,1.0000,29.755,33.608,1,0.000,0
7231,1024,1024,1.0000,29.846,33.505,1,0.000,0
7232,1024,1024,1.0000,29.304,34.125,1,0.000,0
7233,1024,1024,1.0000,30.197,33.116,1,0.000,0
7234,1024,1024,1.0000,29.788,33.571,1,0.000,0
7235,1024,1024,1.0000,29.271,34.164,1,0.000,0
7236,1024,1024,1.0000,30.398,32.897,1,0.000,0
7237,1024,1024,1.0000,29.410,34.002,1,0.000,0
7238,1024,1024,1.0000,29.121,34.339,1,0.000,0
7239,1024,1024,1.0000,29.887,33.459,1,0.000,0
7240,1024,1024,1.0000,29.549,33.842,1,0.000,0
7241,1024,1024,1.0000,30.223,33.087,1,0.000,0
7242,1024,1024,1.0000,29.933,33.408,1,0.000,0
7243,1024,1024,1.0000,29.617,33.764,1,0.000,0
7244,1024,1024,1.0000,29.946,33.393,1,0.000,0
7245,1024,1024,1.0000,29.271,34.164,1,0.000,0
7246,1024,1024,1.0000,31.100,32.154,1,0.000,0
7247,1024,1024,1.0000,29.698,33.672,1,0.000,0
7248,1024,1024,1.0000,29.377,34.040,1,0.000,0
7249,1024,1024,1.0000,29.911,33.433,1,0.000,0
7250,1024,1024,1.0000,29.713,33.655,1,0.000,0
7251,1024,1024,1.0000,29.932,33.409,1,0.000,0
7252,1024,1024,1.0000,30.116,33.205,1,0.000,0
7253,1024,1024,1.0000,29.432,33.977,1,0.000,0
7254,1024,1024,1.0000,30.103,33.219,1,0.000,0
7255,1024,1024,1.0000,29.605,33.778,1,0.000,0
7256,1024,1024,1.0000,29.757,33.606,1,0.000,0
7257,1024,1024,1.0000,29.808,33.548,1,0.000,0
7258,1024,1024,1.0000,29.392,34.023,1,0.000,0
7259,1024,1024,1.0000,29.771,33.590,1,0.000,0
7260,1024,1024,1.0000,29.795,33.563,1,0.000,0
7261,1024,1024,1.0000,29.303,34.126,1,0.000,0
7262,1024,1024,1.0000,29.924,33.418,1,0.000,0
7263,1024,1024,1.0000,29.096,34.369,1,0.000,0
7264,1024,1024,1.0000,29.796,33.562,1,0.000,0
7265,1024,1024,1.0000,29.847,33.504,1,0.000,0
7266,1024,1024,1.0000,28.942,34.552,1,0.000,0
7267,1024,1024,1.0000,29.697,33.673,1,0.000,0
7268,1024,1024,1.0000,29.368,34.051,1,0.000,0
7269,1024,1024,1.0000,29.367,34.052,1,0.000,0
7270,1024,1024,1.0000,30.175,33.140,1,0.000,0
7271,1024,1024,1.0000,29.728,33.638,1,0.000,0
7272,1024,1024,1.0000,29.496,33.903,1,0.000,0
7273,1024,1024,1.0000,30.199,33.114,1,0.000,0
7274,1024,1024,1.0000,29.528,33.866,1,0.000,0
7275,1024,1024,1.0000,29.715,33.653,1,0.000,0
7276,1024,1024,1.0000,29.611,33.771,1,0.000,0
7277,1024,1024,1.0000,28.837,34.678,1,0.000,0
7278,1024,1024,1.0000,30.265,33.041,1,0.000,0
7279,1024,1024,1.0000,29.848,33.503,1,0.000,0
7280,1024,1024,1.0000,30.022,33.309,1,0.000,0
7281,1024,1024,1.0000,30.253,33.055,1,0.000,0
7282,1024,1024,1.0000,29.838,33.514,1,0.000,0
7283,1024,1024,1.0000,29.272,34.162,1,0.000,0
7284,1024,1024,1.0000,30.013,33.319,1,0.000,0
7285,1024,1024,1.0000,29.467,33.936,1,0.000,0
7286,1024,1024,1.0000,29.013,34.467,1,0.000,0
7287,1024,1024,1.0000,29.403,34.010,1,0.000,0
7288,1024,1024,1.0000,29.633,33.746,1,0.000,0
7289,1024,1024,1.0000,29.798,33.559,1,0.000,0
7290,1024,1024,1.0000,29.893,33.453,1,0.000,0
7291,1024,1024,1.0000,29.389,34.026,1,0.000,0
7292,1024,1024,1.0000,29.707,33.662,1,0.000,0
7293,1024,1024,1.0000,29.524,33.871,1,0.000,0
7294,1024,1024,1.0000,29.632,33.747,1,0.000,0
7295,1024,1024,1.0000,29.514,33.882,1,0.000,0
7296,1024,1024,1.0000,28.917,34.582,1,0.000,0
7297,1024,1024,1.0000,30.059,33.268,1,0.000,0
7298,1024,1024,1.0000,29.403,34.010,1,0.000,0
7299,1024,1024,1.0000,29.634,33.745,1,0.000,0
7300,1024,1024,1.0000,29.806,33.550,1,0.000,0
7301,1024,1024,1.0000,29.223,34.220,1,0.000,0
7302,1024,1024,1.0000,30.394,32.901,1,0.000,0
7303,1024,1024,1.0000,29.778,33.582,1,0.000,0
7304,1024,1024,1.0000,28.949,34.544,1,0.000,0
7305,1024,1024,1.0000,29.481,33.920,1,0.000,0
7306,1024,1024,1.0000,29.210,34.235,1,0.000,0
7307,1024,1024,1.0000,29.926,33.416,1,0.000,0
7308,1024,1024,1.0000,29.723,33.644,1,0.000,0
7309,1024,1024,1.0000,29.083,34.384,1,0.000,0
7310,1024,1024,1.0000,29.974,33.362,1,0.000,0
7311,1024,1024,1.0000,29.549,33.842,1,0.000,0
7312,1024,1024,1.0000,29.890,33.456,1,0.000,0
7313,1024,1024,1.0000,29.590,33.795,1,0.000,0
7314,1024,1024,1.0000,29.023,34.455,1,0.000,0
7315,1024,1024,1.0000,29.738,33.627,1,0.000,0
7316,1024,1024,1.0000,33.413,29.928,1,0.000,0
7317,1024,1024,1.0000,30.151,33.166,1,0.000,0
7318,1024,1024,1.0000,30.024,33.307,1,0.000,0
7319,1024,1024,1.0000,29.905,33.439,1,0.000,0
7320,1024,1024,1.0000,30.058,33.269,1,0.000,0
7321,1024,1024,1.0000,29.504,33.894,1,0.000,0
7322,1024,1024,1.0000,30.083,33.241,1,0.000,0
7323,1024,1024,1.0000,30.325,32.976,1,0.000,0
7324,1024,1024,1.0000,30.301,33.002,1,0.000,0
7325,1024,1024,1.0000,29.189,34.259,1,0.000,0
7326,1024,1024,1.0000,29.684,33.688,1,0.000,0
7327,1024,1024,1.0000,30.085,33.239,1,0.000,0
7328,1024,1024,1.0000,29.278,34.155,1,0.000,0
7329,1024,1024,1.0000,29.614,33.768,1,0.000,0
7330,1024,1024,1.0000,30.109,33.213,1,0.000,0
7331,1024,1024,1.0000,29.620,33.761,1,0.000,0
7332,1024,1024,1.0000,30.263,33.044,1,0.000,0
7333,1024,1024,1.0000,30.298,33.005,1,0.000,0
7334,1024,1024,1.0000,29.260,34.176,1,0.000,0
7335,1024,1024,1.0000,31.550,31.696,1,0.000,0
7336,1024,1024,1.0000,29.097,34.368,1,0.000,0
7337,1024,1024,1.0000,29.679,33.694,1,0.000,0
7338,1024,1024,1.0000,29.949,33.390,1,0.000,0
7339,1024,1024,1.0000,29.527,33.867,1,0.000,0
7340,1024,1024,1.0000,30.301,33.002,1,0.000,0
7341,1024,1024,1.0000,29.698,33.672,1,0.000,0
7342,1024,1024,1.0000,29.900,33.445,1,0.000,0
7343,1024,1024,1.0000,30.171,33.144,1,0.000,0
7344,1024,1024,1.0000,29.277,34.157,1,0.000,0
7345,1024,1024,1.0000,29.920,33.422,1,0.000,0
7346,1024,1024,1.0000,28.989,34.496,1,0.000,0
7347,1024,1024,1.0000,29.795,33.563,1,0.000,0
7348,1024,1024,1.0000,29.748,33.616,1,0.000,0
7349,1024,1024,1.0000,29.797,33.560,1,0.000,0
7350,1024,1024,1.0000,30.048,33.280,1,0.000,0
7351,1024,1024,1.0000,29.472,33.931,1,0.000,0
7352,1024,1024,1.0000,30.083,33.241,1,0.000,0
7353,1024,1024,1.0000,29.662,33.713,1,0.000,0
7354,1024,1024,1.0000,29.846,33.505,1,0.000,0
7355,1024,1024,1.0000,30.169,33.147,1,0.000,0
7356,1024,1024,1.0000,29.441,33.966,1,0.000,0
7357,1024,1024,1.0000,30.065,33.261,1,0.000,0
7358,1024,1024,1.0000,29.653,33.723,1,0.000,0
7359,1024,1024,1.0000,29.739,33.626,1,0.000,0
7360,1024,1024,1.0000,29.922,33.420,1,0.000,0
7361,1024,1024,1.0000,29.333,34.091,1,0.000,0
7362,1024,1024,1.0000,29.898,33.447,1,0.000,0
7363,1024,1024,1.0000,29.787,33.572,1,0.000,0
7364,1024,1024,1.0000,29.364,34.055,1,0.000,0
7365,1024,1024,1.0000,30.277,33.028,1,0.000,0
7366,1024,1024,1.0000,29.123,34.337,1,0.000,0
7367,1024,1024,1.0000,29.977,33.359,1,0.000,0
7368,1024,1024,1.0000,29.741,33.624,1,0.000,0
7369,1024,1024,1.0000,29.574,33.813,1,0.000,0
7370,1024,1024,1.0000,30.114,33.207,1,0.000,0
7371,1024,1024,1.0000,29.512,33.885,1,0.000,0
7372,1024,1024,1.0000,30.624,32.654,1,0.000,0
7373,1024,1024,1.0000,29.617,33.764,1,0.000,0
7374,1024,1024,1.0000,29.300,34.130,1,0.000,0
7375,1024,1024,1.0000,29.440,33.967,1,0.000,0
7376,1024,1024,1.0000,29.557,33.833,1,0.000,0
7377,1024,1024,1.0000,29.766,33.595,1,0.000,0
7378,1024,1024,1.0000,29.599,33.785,1,0.000,0
7379,1024,1024,1.0000,29.710,33.659,1,0.000,0
7380,1024,1024,1.0000,29.847,33.504,1,0.000,0
7381,1024,1024,1.0000,29.629,33.751,1,0.000,0
7382,1024,1024,1.0000,29.813,33.542,1,0.000,0
7383,1024,1024,1.0000,30.048,33.280,1,0.000,0
7384,1024,1024,1.0000,36.386,27.483,1,0.000,0
7385,1024,1024,1.0000,30.428,32.864,1,0.000,0
7386,1024,1024,1.0000,30.159,33.158,1,0.000,0
7387,1024,1024,1.0000,29.323,34.103,1,0.000,0
7388,1024,1024,1.0000,29.872,33.476,1,0.000,0
7389,1024,1024,1.0000,31.068,32.187,1,0.000,0
7390,1024,1024,1.0000,29.479,33.922,1,0.000,0
7391,1024,1024,1.0000,30.396,32.899,1,0.000,0
7392,1024,1024,1.0000,29.308,34.120,1,0.000,0
7393,1024,1024,1.0000,30.794,32.474,1,0.000,0
7394,1024,1024,1.0000,29.191,34.257,1,0.000,0
7395,1024,1024,1.0000,30.078,33.247,1,0.000,0
7396,1024,1024,1.0000,29.145,34.311,1,0.000,0
7397,1024,1024,1.0000,29.470,33.933,1,0.000,0
7398,1024,1024,1.0000,30.036,33.293,1,0.000,0
7399,1024,1024,1.0000,29.160,34.294,1,0.000,0
7400,1024,1024,1.0000,30.276,33.029,1,0.000,0
7401,1024,1024,1.0000,29.766,33.595,1,0.000,0
7402,1024,1024,1.0000,29.323,34.103,1,0.000,0
7403,1024,1024,1.0000,29.761,33.601,1,0.000,0
7404,1024,1024,1.0000,29.919,33.424,1,0.000,0
7405,1024,1024,1.0000,30.279,33.026,1,0.000,0
7406,1024,1024,1.0000,29.599,33.785,1,0.000,0
7407,1024,1024,1.0000,29.567,33.821,1,0.000,0
7408,1024,1024,1.0000,30.157,33.160,1,0.000,0
7409,1024,1024,1.0000,29.798,33.559,1,0.000,0
7410,1024,1024,1.0000,29.299,34.131,1,0.000,0
7411,1024,1024,1.0000,29.885,33.462,1,0.000,0
7412,1024,1024,1.0000,29.202,34.244,1,0.000,0
7413,1024,1024,1.0000,29.929,33.412,1,0.000,0
7414,1024,1024,1.0000,29.539,33.854,1,0.000,0
7415,1024,1024,1.0000,28.869,34.639,1,0.000,0
7416,1024,1024,1.0000,30.022,33.309,1,0.000,0
7417,1024,1024,1.0000,29.598,33.786,1,0.000,0
7418,1024,1024,1.0000,29.524,33.871,1,0.000,0
7419,1024,1024,1.0000,30.347,32.952,1,0.000,0
7420,1024,1024,1.0000,30.027,33.303,1,0.000,0
7421,1024,1024,1.0000,30.146,33.172,1,0.000,0
7422,1024,1024,1.0000,29.439,33.969,1,0.000,0
7423,1024,1024,1.0000,30.412,32.882,1,0.000,0
7424,1024,1024,1.0000,29.473,33.929,1,0.000,0
7425,1024,1024,1.0000,29.302,34.127,1,0.000,0
7426,1024,1024,1.0000,30.136,33.183,1,0.000,0
7427,1024,1024,1.0000,29.475,33.927,1,0.000,0
7428,1024,1024,1.0000,30.074,33.251,1,0.000,0
7429,1024,1024,1.0000,29.490,33.910,1,0.000,0
7430,1024,1024,1.0000,30.316,32.986,1,0.000,0
7431,1024,1024,1.0000,29.790,33.568,1,0.000,0
7432,1024,1024,1.0000,29.475,33.927,1,0.000,0
7433,1024,1024,1.0000,30.050,33.278,1,0.000,0
7434,1024,1024,1.0000,29.577,33.810,1,0.000,0
7435,1024,1024,1.0000,29.633,33.746,1,0.000,0
7436,1024,1024,1.0000,30.552,32.731,1,0.000,0
7437,1024,1024,1.0000,29.437,33.971,1,0.000,0
7438,1024,1024,1.0000,30.311,32.991,1,0.000,0
7439,1024,1024,1.0000,29.889,33.457,1,0.000,0
7440,1024,1024,1.0000,29.773,33.587,1,0.000,0
7441,1024,1024,1.0000,30.606,32.673,1,0.000,0
7442,1024,1024,1.0000,29.447,33.959,1,0.000,0
7443,1024,1024,1.0000,29.683,33.689,1,0.000,0
7444,1024,1024,1.0000,30.053,33.275,1,0.000,0
7445,1024,1024,1.0000,29.679,33.694,1,0.000,0
7446,1024,1024,1.0000,30.302,33.001,1,0.000,0
7447,1024,1024,1.0000,30.413,32.881,1,0.000,0
7448,1024,1024,1.0000,29.593,33.792,1,0.000,0
7449,1024,1024,1.0000,30.200,33.113,1,0.000,0
7450,1024,1024,1.0000,29.641,33.737,1,0.000,0
7451,1024,1024,1.0000,29.778,33.582,1,0.000,0
7452,1024,1024,1.0000,32.351,30.911,1,0.000,0
7453,1024,1024,1.0000,37.385,26.749,1,0.000,0
7454,1024,1024,1.0000,32.954,30.345,1,0.000,0
7455,1024,1024,1.0000,29.811,33.545,1,0.000,0
7456,1024,1024,1.0000,29.933,33.408,1,0.000,0
7457,1024,1024,1.0000,30.849,32.416,1,0.000,0
7458,1024,1024,1.0000,30.018,33.313,1,0.000,0
7459,1024,1024,1.0000,30.183,33.131,1,0.000,0
7460,1024,1024,1.0000,29.531,33.863,1,0.000,0
7461,1024,1024,1.0000,30.249,33.059,1,0.000,0
7462,1024,1024,1.0000,29.860,33.490,1,0.000,0
7463,1024,1024,1.0000,29.690,33.681,1,0.000,0
7464,1024,1024,1.0000,30.011,33.321,1,0.000,0
7465,1024,1024,1.0000,29.921,33.421,1,0.000,0
7466,1024,1024,1.0000,29.327,34.098,1,0.000,0
7467,1024,1024,1.0000,30.182,33.132,1,0.000,0
7468,1024,1024,1.0000,29.883,33.464,1,0.000,0
7469,1024,1024,1.0000,28.908,34.593,1,0.000,0
7470,1024,1024,1.0000,29.355,34.066,1,0.000,0
7471,1024,1024,1.0000,29.684,33.688,1,0.000,0
7472,1024,1024,1.0000,29.354,34.067,1,0.000,0
7473,1024,1024,1.0000,30.077,33.248,1,0.000,0
7474,1024,1024,1.0000,29.558,33.832,1,0.000,0
7475,1024,1024,1.0000,29.673,33.701,1,0.000,0
7476,1024,1024,1.0000,30.078,33.247,1,0.000,0
7477,1024,1024,1.0000,29.143,34.314,1,0.000,0
7478,1024,1024,1.0000,29.808,33.548,1,0.000,0
7479,1024,1024,1.0000,29.190,34.258,1,0.000,0
7480,1024,1024,1.0000,29.810,33.546,1,0.000,0
7481,1024,1024,1.0000,30.599,32.681,1,0.000,0
7482,1024,1024,1.0000,29.228,34.214,1,0.000,0
7483,1024,1024,1.0000,29.957,33.381,1,0.000,0
7484,1024,1024,1.0000,29.764,33.598,1,0.000,0
7485,1024,1024,1.0000,29.347,34.075,1,0.000,0
7486,1024,1024,1.0000,30.119,33.202,1,0.000,0
7487,1024,1024,1.0000,29.876,33.472,1,0.000,0
7488,1024,1024,1.0000,29.575,33.812,1,0.000,0
7489,1024,1024,1.0000,29.450,33.956,1,0.000,0
7490,1024,1024,1.0000,30.853,32.412,1,0.000,0
7491,1024,1024,1.0000,29.909,33.435,1,0.000,0
7492,1024,1024,1.0000,29.341,34.082,1,0.000,0
7493,1024,1024,1.0000,30.373,32.924,1,0.000,0
7494,1024,1024,1.0000,29.911,33.433,1,0.000,0
7495,1024,1024,1.0000,29.503,33.895,1,0.000,0
7496,1024,1024,1.0000,30.066,33.260,1,0.000,0
7497,1024,1024,1.0000,29.680,33.693,1,0.000,0
7498,1024,1024,1.0000,30.691,32.583,1,0.000,0
7499,1024,1024,1.0000,29.869,33.480,1,0.000,0
7500,1024,1024,1.0000,29.449,33.957,1,0.000,0
7501,1024,1024,1.0000,29.856,33.494,1,0.000,0
7502,1024,1024,1.0000,29.452,33.954,1,0.000,0
7503,1024,1024,1.0000,29.910,33.434,1,0.000,0
7504,1024,1024,1.0000,29.896,33.449,1,0.000,0
7505,1024,1024,1.0000,29.890,33.456,1,0.000,0
7506,1024,1024,1.0000,30.908,32.354,1,0.000,0
7507,1024,1024,1.0000,29.263,34.173,1,0.000,0
7508,1024,1024,1.0000,30.589,32.691,1,0.000,0
7509,1024,1024,1.0000,30.007,33.326,1,0.000,0
7510,1024,1024,1.0000,29.834,33.519,1,0.000,0
7511,1024,1024,1.0000,29.796,33.562,1,0.000,0
7512,1024,1024,1.0000,29.868,33.481,1,0.000,0
7513,1024,1024,1.0000,29.919,33.424,1,0.000,0
7514,1024,1024,1.0000,29.592,33.793,1,0.000,0
7515,1024,1024,1.0000,30.103,33.219,1,0.000,0
7516,1024,1024,1.0000,29.671,33.703,1,0.000,0
7517,1024,1024,1.0000,30.401,32.894,1,0.000,0
7518,1024,1024,1.0000,29.024,34.454,1,0.000,0
7519,1024,1024,1.0000,31.299,31.950,1,0.000,0
7520,1024,1024,1.0000,29.527,33.867,1,0.000,0
7521,1024,1024,1.0000,35.480,28.185,1,0.000,0
7522,1024,1024,1.0000,30.943,32.317,1,0.000,0
7523,1024,1024,1.0000,32.317,30.943,1,0.000,0
7524,1024,1024,1.0000,30.084,33.240,1,0.000,0
7525,1024,1024,1.0000,30.819,32.448,1,0.000,0
7526,1024,1024,1.0000,29.326,34.099,1,0.000,0
7527,1024,1024,1.0000,29.451,33.955,1,0.000,0
7528,1024,1024,1.0000,30.089,33.235,1,0.000,0
7529,1024,1024,1.0000,31.077,32.178,1,0.000,0
7530,1024,1024,1.0000,29.931,33.410,1,0.000,0
7531,1024,1024,1.0000,29.046,34.428,1,0.000,0
7532,1024,1024,1.0000,29.702,33.668,1,0.000,0
7533,1024,1024,1.0000,29.707,33.662,1,0.000,0
7534,1024,1024,1.0000,29.893,33.453,1,0.000,0
7535,1024,1024,1.0000,29.351,34.070,1,0.000,0
7536,1024,1024,1.0000,29.977,33.359,1,0.000,0
7537,1024,1024,1.0000,29.356,34.065,1,0.000,0
7538,1024,1024,1.0000,30.918,32.344,1,0.000,0
7539,1024,1024,1.0000,30.624,32.654,1,0.000,0
7540,1024,1024,1.0000,31.250,32.000,1,0.000,0
7541,1024,1024,1.0000,29.852,33.499,1,0.000,0
7542,1024,1024,1.0000,29.655,33.721,1,0.000,0
7543,1024,1024,1.0000,29.652,33.725,1,0.000,0
7544,1024,1024,1.0000,30.020,33.311,1,0.000,0
7545,1024,1024,1.0000,30.118,33.203,1,0.000,0
7546,1024,1024,1.0000,30.175,33.140,1,0.000,0
7547,1024,1024,1.0000,29.510,33.887,1,0.000,0
7548,1024,1024,1.0000,30.102,33.220,1,0.000,0
7549,1024,1024,1.0000,30.110,33.212,1,0.000,0
7550,1024,1024,1.0000,29.863,33.486,1,0.000,0
7551,1024,1024,1.0000,30.224,33.086,1,0.000,0
7552,1024,1024,1.0000,29.340,34.083,1,0.000,0
7553,1024,1024,1.0000,30.534,32.750,1,0.000,0
7554,1024,1024,1.0000,30.029,33.301,1,0.000,0
7555,1024,1024,1.0000,29.948,33.391,1,0.000,0
7556,1024,1024,1.0000,30.277,33.028,1,0.000,0
7557,1024,1024,1.0000,29.453,33.952,1,0.000,0
7558,1024,1024,1.0000,30.271,33.035,1,0.000,0
7559,1024,1024,1.0000,29.550,33.841,1,0.000,0
7560,1024,1024,1.0000,30.385,32.911,1,0.000,0
7561,1024,1024,1.0000,30.051,33.277,1,0.000,0
7562,1024,1024,1.0000,29.558,33.832,1,0.000,0
7563,1024,1024,1.0000,29.946,33.393,1,0.000,0
7564,1024,1024,1.0000,29.114,34.348,1,0.000,0
7565,1024,1024,1.0000,30.426,32.867,1,0.000,0
7566,1024,1024,1.0000,30.178,33.137,1,0.000,0
7567,1024,1024,1.0000,30.467,32.822,1,0.000,0
7568,1024,1024,1.0000,30.179,33.136,1,0.000,0
7569,1024,1024,1.0000,29.499,33.899,1,0.000,0
7570,1024,1024,1.0000,29.746,33.618,1,0.000,0
7571,1024,1024,1.0000,30.317,32.985,1,0.000,0
7572,1024,1024,1.0000,29.662,33.713,1,0.000,0
7573,1024,1024,1.0000,30.507,32.779,1,0.000,0
7574,1024,1024,1.0000,29.435,33.973,1,0.000,0
7575,1024,1024,1.0000,29.921,33.421,1,0.000,0
7576,1024,1024,1.0000,29.987,33.348,1,0.000,0
7577,1024,1024,1.0000,30.555,32.728,1,0.000,0
7578,1024,1024,1.0000,30.149,33.169,1,0.000,0
7579,1024,1024,1.0000,29.449,33.957,1,0.000,0
7580,1024,1024,1.0000,30.211,33.101,1,0.000,0
7581,1024,1024,1.0000,30.939,32.322,1,0.000,0
7582,1024,1024,1.0000,30.105,33.217,1,0.000,0
7583,1024,1024,1.0000,29.963,33.374,1,0.000,0
7584,1024,1024,1.0000,29.263,34.173,1,0.000,0
7585,1024,1024,1.0000,29.356,34.065,1,0.000,0
7586,1024,1024,1.0000,29.535,33.858,1,0.000,0
7587,1024,1024,1.0000,30.207,33.105,1,0.000,0
7588,1024,1024,1.0000,29.611,33.771,1,0.000,0
7589,1024,1024,1.0000,30.131,33.188,1,0.000,0
7590,1024,1024,1.0000,31.010,32.248,1,0.000,0
7591,1024,1024,1.0000,34.378,29.088,1,0.000,0
7592,1024,1024,1.0000,33.458,29.888,1,0.000,0
7593,1024,1024,1.0000,30.538,32.746,1,0.000,0
7594,1024,1024,1.0000,31.038,32.219,1,0.000,0
7595,1024,1024,1.0000,29.768,33.593,1,0.000,0
7596,1024,1024,1.0000,30.591,32.689,1,0.000,0
7597,1024,1024,1.0000,30.649,32.627,1,0.000,0
7598,1024,1024,1.0000,29.898,33.447,1,0.000,0
7599,1024,1024,1.0000,30.288,33.016,1,0.000,0
7600,1024,1024,1.0000,29.478,33.924,1,0.000,0
7601,1024,1024,1.0000,30.567,32.715,1,0.000,0
7602,1024,1024,1.0000,29.767,33.594,1,0.000,0
7603,1024,1024,1.0000,30.250,33.058,1,0.000,0
7604,1024,1024,1.0000,29.540,33.852,1,0.000,0
7605,1024,1024,1.0000,30.671,32.604,1,0.000,0
7606,1024,1024,1.0000,30.141,33.177,1,0.000,0
7607,1024,1024,1.0000,30.113,33.208,1,0.000,0
7608,1024,1024,1.0000,29.919,33.424,1,0.000,0
7609,1024,1024,1.0000,29.932,33.409,1,0.000,0
7610,1024,1024,1.0000,30.552,32.731,1,0.000,0
7611,1024,1024,1.0000,29.861,33.488,1,0.000,0
7612,1024,1024,1.0000,30.250,33.058,1,0.000,0
7613,1024,1024,1.0000,29.605,33.778,1,0.000,0
7614,1024,1024,1.0000,30.834,32.432,1,0.000,0
7615,1024,1024,1.0000,30.953,32.307,1,0.000,0
7616,1024,1024,1.0000,29.653,33.723,1,0.000,0
7617,1024,1024,1.0000,30.193,33.120,1,0.000,0
7618,1024,1024,1.0000,29.729,33.637,1,0.000,0
7619,1024,1024,1.0000,30.130,33.190,1,0.000,0
7620,1024,1024,1.0000,29.312,34.116,1,0.000,0
7621,1024,1024,1.0000,30.458,32.832,1,0.000,0
7622,1024,1024,1.0000,29.773,33.587,1,0.000,0
7623,1024,1024,1.0000,29.795,33.563,1,0.000,0
7624,1024,1024,1.0000,30.292,33.012,1,0.000,0
7625,1024,1024,1.0000,29.991,33.343,1,0.000,0
7626,1024,1024,1.0000,30.077,33.248,1,0.000,0
7627,1024,1024,1.0000,30.369,32.928,1,0.000,0
7628,1024,1024,1.0000,29.628,33.752,1,0.000,0
7629,1024,1024,1.0000,30.087,33.237,1,0.000,0
7630,1024,1024,1.0000,30.064,33.262,1,0.000,0
7631,1024,1024,1.0000,29.957,33.381,1,0.000,0
7632,1024,1024,1.0000,30.559,32.724,1,0.000,0
7633,1024,1024,1.0000,32.107,31.146,1,0.000,0
7634,1024,1024,1.0000,30.302,33.001,1,0.000,0
7635,1024,1024,1.0000,30.129,33.191,1,0.000,0
7636,1024,1024,1.0000,29.826,33.528,1,0.000,0
7637,1024,1024,1.0000,30.445,32.846,1,0.000,0
7638,1024,1024,1.0000,30.756,32.514,1,0.000,0
7639,1024,1024,1.0000,29.998,33.336,1,0.000,0
7640,1024,1024,1.0000,30.241,33.068,1,0.000,0
7641,1024,1024,1.0000,30.218,33.093,1,0.000,0
7642,1024,1024,1.0000,30.766,32.503,1,0.000,0
7643,1024,1024,1.0000,29.536,33.857,1,0.000,0
7644,1024,1024,1.0000,29.792,33.566,1,0.000,0
7645,1024,1024,1.0000,30.160,33.156,1,0.000,0
7646,1024,1024,1.0000,29.712,33.656,1,0.000,0
7647,1024,1024,1.0000,30.239,33.070,1,0.000,0
7648,1024,1024,1.0000,29.677,33.696,1,0.000,0
7649,1024,1024,1.0000,29.695,33.676,1,0.000,0
7650,1024,1024,1.0000,30.341,32.959,1,0.000,0
7651,1024,1024,1.0000,30.277,33.028,1,0.000,0
7652,1024,1024,1.0000,30.452,32.839,1,0.000,0
7653,1024,1024,1.0000,30.520,32.765,1,0.000,0
7654,1024,1024,1.0000,29.776,33.584,1,0.000,0
7655,1024,1024,1.0000,30.346,32.953,1,0.000,0
7656,1024,1024,1.0000,29.701,33.669,1,0.000,0
7657,1024,1024,1.0000,30.782,32.487,1,0.000,0
7658,1024,1024,1.0000,37.744,26.494,1,0.000,0
7659,1024,1024,1.0000,37.735,26.501,1,0.000,0
7660,1024,1024,1.0000,30.586,32.695,1,0.000,0
7661,1024,1024,1.0000,29.868,33.481,1,0.000,0
7662,1024,1024,1.0000,31.382,31.865,1,0.000,0
7663,1024,1024,1.0000,29.791,33.567,1,0.000,0
7664,1024,1024,1.0000,30.487,32.801,1,0.000,0
7665,1024,1024,1.0000,29.503,33.895,1,0.000,0
7666,1024,1024,1.0000,30.336,32.964,1,0.000,0
7667,1024,1024,1.0000,30.654,32.622,1,0.000,0
7668,1024,1024,1.0000,29.978,33.358,1,0.000,0
7669,1024,1024,1.0000,30.180,33.135,1,0.000,0
7670,1024,1024,1.0000,29.858,33.492,1,0.000,0
7671,1024,1024,1.0000,29.537,33.856,1,0.000,0
7672,1024,1024,1.0000,30.412,32.882,1,0.000,0
7673,1024,1024,1.0000,30.306,32.997,1,0.000,0
7674,1024,1024,1.0000,29.928,33.414,1,0.000,0
7675,1024,1024,1.0000,30.371,32.926,1,0.000,0
7676,1024,1024,1.0000,29.750,33.613,1,0.000,0
7677,1024,1024,1.0000,30.463,32.827,1,0.000,0
7678,1024,1024,1.0000,29.983,33.352,1,0.000,0
7679,1024,1024,1.0000,29.620,33.761,1,0.000,0
7680,1024,1024,1.0000,29.866,33.483,1,0.000,0
7681,1024,1024,1.0000,29.643,33.735,1,0.000,0
7682,1024,1024,1.0000,30.457,32.833,1,0.000,0
7683,1024,1024,1.0000,29.856,33.494,1,0.000,0
7684,1024,1024,1.0000,29.816,33.539,1,0.000,0
7685,1024,1024,1.0000,30.899,32.364,1,0.000,0
7686,1024,1024,1.0000,29.753,33.610,1,0.000,0
7687,1024,1024,1.0000,30.878,32.386,1,0.000,0
7688,1024,1024,1.0000,30.533,32.751,1,0.000,0
7689,1024,1024,1.0000,30.273,33.033,1,0.000,0
7690,1024,1024,1.0000,29.344,34.079,1,0.000,0
7691,1024,1024,1.0000,29.403,34.010,1,0.000,0
7692,1024,1024,1.0000,31.412,31.835,1,0.000,0
7693,1024,1024,1.0000,29.975,33.361,1,0.000,0
7694,1024,1024,1.0000,31.098,32.156,1,0.000,0
7695,1024,1024,1.0000,29.633,33.746,1,0.000,0
7696,1024,1024,1.0000,30.117,33.204,1,0.000,0
7697,1024,1024,1.0000,30.108,33.214,1,0.000,0
7698,1024,1024,1.0000,30.206,33.106,1,0.000,0
7699,1024,1024,1.0000,30.142,33.176,1,0.000,0
7700,1024,1024,1.0000,29.908,33.436,1,0.000,0
7701,1024,1024,1.0000,29.410,34.002,1,0.000,0
7702,1024,1024,1.0000,29.333,34.091,1,0.000,0
7703,1024,1024,1.0000,30.004,33.329,1,0.000,0
7704,1024,1024,1.0000,30.088,33.236,1,0.000,0
7705,1024,1024,1.0000,29.585,33.801,1,0.000,0
7706,1024,1024,1.0000,30.283,33.022,1,0.000,0
7707,1024,1024,1.0000,29.524,33.871,1,0.000,0
7708,1024,1024,1.0000,30.437,32.855,1,0.000,0
7709,1024,1024,1.0000,29.856,33.494,1,0.000,0
7710,1024,1024,1.0000,29.900,33.445,1,0.000,0
7711,1024,1024,1.0000,29.468,33.935,1,0.000,0
7712,1024,1024,1.0000,29.888,33.458,1,0.000,0
7713,1024,1024,1.0000,30.424,32.869,1,0.000,0
7714,1024,1024,1.0000,30.510,32.776,1,0.000,0
7715,1024,1024,1.0000,30.030,33.300,1,0.000,0
7716,1024,1024,1.0000,30.272,33.034,1,0.000,0
7717,1024,1024,1.0000,30.291,33.013,1,0.000,0
7718,1024,1024,1.0000,29.664,33.711,1,0.000,0
7719,1024,1024,1.0000,29.657,33.719,1,0.000,0
7720,1024,1024,1.0000,30.920,32.342,1,0.000,0
7721,1024,1024,1.0000,29.528,33.866,1,0.000,0
7722,1024,1024,1.0000,29.868,33.481,1,0.000,0
7723,1024,1024,1.0000,31.086,32.169,1,0.000,0
7724,1024,1024,1.0000,30.077,33.248,1,0.000,0
7725,1024,1024,1.0000,30.889,32.374,1,0.000,0
7726,1024,1024,1.0000,31.931,31.318,1,0.000,0
7727,1024,1024,1.0000,30.278,33.027,1,0.000,0
7728,1024,1024,1.0000,31.818,31.429,1,0.000,0
7729,1024,1024,1.0000,31.387,31.860,1,0.000,0
7730,1024,1024,1.0000,30.281,33.024,1,0.000,0
7731,1024,1024,1.0000,30.249,33.059,1,0.000,0
7732,1024,1024,1.0000,31.220,32.031,1,0.000,0
7733,1024,1024,1.0000,30.485,32.803,1,0.000,0
7734,1024,1024,1.0000,31.311,31.938,1,0.000,0
7735,1024,1024,1.0000,30.041,33.288,1,0.000,0
7736,1024,1024,1.0000,29.984,33.351,1,0.000,0
7737,1024,1024,1.0000,30.621,32.657,1,0.000,0
7738,1024,1024,1.0000,31.217,32.034,1,0.000,0
7739,1024,1024,1.0000,30.411,32.883,1,0.000,0
7740,1024,1024,1.0000,30.621,32.657,1,0.000,0
7741,1024,1024,1.0000,29.680,33.693,1,0.000,0
7742,1024,1024,1.0000,30.216,33.095,1,0.000,0
7743,1024,1024,1.0000,29.759,33.603,1,0.000,0
7744,1024,1024,1.0000,30.473,32.816,1,0.000,0
7745,1024,1024,1.0000,30.307,32.996,1,0.000,0
7746,1024,1024,1.0000,29.924,33.418,1,0.000,0
7747,1024,1024,1.0000,29.212,34.233,1,0.000,0
7748,1024,1024,1.0000,29.418,33.993,1,0.000,0
7749,1024,1024,1.0000,29.970,33.367,1,0.000,0
7750,1024,1024,1.0000,30.096,33.227,1,0.000,0
7751,1024,1024,1.0000,30.960,32.300,1,0.000,0
7752,1024,1024,1.0000,29.869,33.480,1,0.000,0
7753,1024,1024,1.0000,30.267,33.039,1,0.000,0
7754,1024,1024,1.0000,29.841,33.511,1,0.000,0
7755,1024,1024,1.0000,30.768,32.501,1,0.000,0
7756,1024,1024,1.0000,29.811,33.545,1,0.000,0
7757,1024,1024,1.0000,30.236,33.073,1,0.000,0
7758,1024,1024,1.0000,31.661,31.585,1,0.000,0
7759,1024,1024,1.0000,29.532,33.862,1,0.000,0
7760,1024,1024,1.0000,30.700,32.573,1,0.000,0
7761,1024,1024,1.0000,30.042,33.287,1,0.000,0
7762,1024,1024,1.0000,31.112,32.142,1,0.000,0
7763,1024,1024,1.0000,30.236,33.073,1,0.000,0
7764,1024,1024,1.0000,30.101,33.221,1,0.000,0
7765,1024,1024,1.0000,31.134,32.119,1,0.000,0
7766,1024,1024,1.0000,29.723,33.644,1,0.000,0
7767,1024,1024,1.0000,30.447,32.844,1,0.000,0
7768,1024,1024,1.0000,29.695,33.676,1,0.000,0
7769,1024,1024,1.0000,30.190,33.124,1,0.000,0
7770,1024,1024,1.0000,30.076,33.249,1,0.000,0
7771,1024,1024,1.0000,30.218,33.093,1,0.000,0
7772,1024,1024,1.0000,30.365,32.933,1,0.000,0
7773,1024,1024,1.0000,29.947,33.392,1,0.000,0
7774,1024,1024,1.0000,30.533,32.751,1,0.000,0
7775,1024,1024,1.0000,30.131,33.188,1,0.000,0
7776,1024,1024,1.0000,30.505,32.782,1,0.000,0
7777,1024,1024,1.0000,29.618,33.763,1,0.000,0
7778,1024,1024,1.0000,30.092,33.231,1,0.000,0
7779,1024,1024,1.0000,30.344,32.955,1,0.000,0
7780,1024,1024,1.0000,30.566,32.716,1,0.000,0
7781,1024,1024,1.0000,30.369,32.928,1,0.000,0
7782,1024,1024,1.0000,29.562,33.827,1,0.000,0
7783,1024,1024,1.0000,30.466,32.823,1,0.000,0
7784,1024,1024,1.0000,30.117,33.204,1,0.000,0
7785,1024,1024,1.0000,30.405,32.889,1,0.000,0
7786,1024,1024,1.0000,29.837,33.515,1,0.000,0
7787,1024,1024,1.0000,30.370,32.927,1,0.000,0
7788,1024,1024,1.0000,30.407,32.887,1,0.000,0
7789,1024,1024,1.0000,29.859,33.491,1,0.000,0
7790,1024,1024,1.0000,31.206,32.045,1,0.000,0
7791,1024,1024,1.0000,30.460,32.830,1,0.000,0
7792,1024,1024,1.0000,29.962,33.376,1,0.000,0
7793,1024,1024,1.0000,29.914,33.429,1,0.000,0
7794,1024,1024,1.0000,29.703,33.667,1,0.000,0
7795,1024,1024,1.0000,34.164,29.271,1,0.000,0
7796,1024,1024,1.0000,38.562,25.932,1,0.000,0
7797,1024,1024,1.0000,34.821,28.718,1,0.000,0
7798,1024,1024,1.0000,29.536,33.857,1,0.000,0
7799,1024,1024,1.0000,38.421,26.027,1,0.000,0
7800,1024,1024,1.0000,37.273,26.829,1,0.000,0
7801,1024,1024,1.0000,38.669,25.861,1,0.000,0
7802,1024,1024,1.0000,31.192,32.060,1,0.000,0
7803,1024,1024,1.0000,30.219,33.092,1,0.000,0
7804,1024,1024,1.0000,31.242,32.008,1,0.000,0
7805,1024,1024,1.0000,30.308,32.995,1,0.000,0
7806,1024,1024,1.0000,29.356,34.065,1,0.000,0
7807,1024,1024,1.0000,30.428,32.864,1,0.000,0
7808,1024,1024,1.0000,31.286,31.963,1,0.000,0
7809,1024,1024,1.0000,29.961,33.377,1,0.000,0
7810,1024,1024,1.0000,30.714,32.558,1,0.000,0
7811,1024,1024,1.0000,30.178,33.137,1,0.000,0
7812,1024,1024,1.0000,30.284,33.021,1,0.000,0
7813,1024,1024,1.0000,30.331,32.970,1,0.000,0
7814,1024,1024,1.0000,30.812,32.455,1,0.000,0
7815,1024,1024,1.0000,30.943,32.317,1,0.000,0
7816,1024,1024,1.0000,29.681,33.692,1,0.000,0
7817,1024,1024,1.0000,30.521,32.764,1,0.000,0
7818,1024,1024,1.0000,29.517,33.879,1,0.000,0
7819,1024,1024,1.0000,29.652,33.725,1,0.000,0
7820,1024,1024,1.0000,30.324,32.977,1,0.000,0
7821,1024,1024,1.0000,29.835,33.518,1,0.000,0
7822,1024,1024,1.0000,30.201,33.111,1,0.000,0
7823,1024,1024,1.0000,30.562,32.720,1,0.000,0
7824,1024,1024,1.0000,31.204,32.047,1,0.000,0
7825,1024,1024,1.0000,30.838,32.428,1,0.000,0
7826,1024,1024,1.0000,30.385,32.911,1,0.000,0
7827,1024,1024,1.0000,29.785,33.574,1,0.000,0
7828,1024,1024,1.0000,30.006,33.327,1,0.000,0
7829,1024,1024,1.0000,30.356,32.942,1,0.000,0
7830,1024,1024,1.0000,31.107,32.147,1,0.000,0
7831,1024,1024,1.0000,30.264,33.043,1,0.000,0
7832,1024,1024,1.0000,29.942,33.398,1,0.000,0
7833,1024,1024,1.0000,30.348,32.951,1,0.000,0
7834,1024,1024,1.0000,30.332,32.968,1,0.000,0
7835,1024,1024,1.0000,30.172,33.143,1,0.000,0
7836,1024,1024,1.0000,29.713,33.655,1,0.000,0
7837,1024,1024,1.0000,30.974,32.285,1,0.000,0
7838,1024,1024,1.0000,29.826,33.528,1,0.000,0
7839,1024,1024,1.0000,29.961,33.377,1,0.000,0
7840,1024,1024,1.0000,29.659,33.717,1,0.000,0
7841,1024,1024,1.0000,30.459,32.831,1,0.000,0
7842,1024,1024,1.0000,33.055,30.253,1,0.000,0
7843,1024,1024,1.0000,38.394,26.046,1,0.000,0
7844,1024,1024,1.0000,29.722,33.645,1,0.000,0
7845,1024,1024,1.0000,30.568,32.714,1,0.000,0
7846,1024,1024,1.0000,30.562,32.720,1,0.000,0
7847,1024,1024,1.0000,30.858,32.407,1,0.000,0
7848,1024,1024,1.0000,29.465,33.939,1,0.000,0
7849,1024,1024,1.0000,30.178,33.137,1,0.000,0
7850,1024,1024,1.0000,30.547,32.736,1,0.000,0
7851,1024,1024,1.0000,30.073,33.252,1,0.000,0
7852,1024,1024,1.0000,29.821,33.533,1,0.000,0
7853,1024,1024,1.0000,29.752,33.611,1,0.000,0
7854,1024,1024,1.0000,30.114,33.207,1,0.000,0
7855,1024,1024,1.0000,29.416,33.995,1,0.000,0
7856,1024,1024,1.0000,29.899,33.446,1,0.000,0
7857,1024,1024,1.0000,30.002,33.331,1,0.000,0
7858,1024,1024,1.0000,29.570,33.818,1,0.000,0
7859,1024,1024,1.0000,30.201,33.111,1,0.000,0
7860,1024,1024,1.0000,29.621,33.760,1,0.000,0
7861,1024,1024,1.0000,30.853,32.412,1,0.000,0
7862,1024,1024,1.0000,30.540,32.744,1,0.000,0
7863,1024,1024,1.0000,32.897,30.398,1,0.000,0
7864,1024,1024,1.0000,30.882,32.381,1,0.000,0
7865,1024,1024,1.0000,30.985,32.274,1,0.000,0
7866,1024,1024,1.0000,29.312,34.116,1,0.000,0
7867,1024,1024,1.0000,30.405,32.889,1,0.000,0
7868,1024,1024,1.0000,30.176,33.139,1,0.000,0
7869,1024,1024,1.0000,30.395,32.900,1,0.000,0
7870,1024,1024,1.0000,29.660,33.715,1,0.000,0
7871,1024,1024,1.0000,30.348,32.951,1,0.000,0
7872,1024,1024,1.0000,29.477,33.925,1,0.000,0
7873,1024,1024,1.0000,30.296,33.008,1,0.000,0
7874,1024,1024,1.0000,30.219,33.092,1,0.000,0
7875,1024,1024,1.0000,30.037,33.292,1,0.000,0
7876,1024,1024,1.0000,31.448,31.799,1,0.000,0
7877,1024,1024,1.0000,30.270,33.036,1,0.000,0
7878,1024,1024,1.0000,30.159,33.158,1,0.000,0
7879,1024,1024,1.0000,29.405,34.008,1,0.000,0
7880,1024,1024,1.0000,31.792,31.454,1,0.000,0
7881,1024,1024,1.0000,30.062,33.265,1,0.000,0
7882,1024,1024,1.0000,31.150,32.103,1,0.000,0
7883,1024,1024,1.0000,29.683,33.689,1,0.000,0
7884,1024,1024,1.0000,30.614,32.665,1,0.000,0
7885,1024,1024,1.0000,30.220,33.091,1,0.000,0
7886,1024,1024,1.0000,30.435,32.857,1,0.000,0
7887,1024,1024,1.0000,30.294,33.010,1,0.000,0
7888,1024,1024,1.0000,29.942,33.398,1,0.000,0
7889,1024,1024,1.0000,30.008,33.324,1,0.000,0
7890,1024,1024,1.0000,29.937,33.403,1,0.000,0
7891,1024,1024,1.0000,30.184,33.130,1,0.000,0
7892,1024,1024,1.0000,29.876,33.472,1,0.000,0
7893,1024,1024,1.0000,30.521,32.764,1,0.000,0
7894,1024,1024,1.0000,29.985,33.350,1,0.000,0
7895,1024,1024,1.0000,30.265,33.041,1,0.000,0
7896,1024,1024,1.0000,30.848,32.417,1,0.000,0
7897,1024,1024,1.0000,31.660,31.586,1,0.000,0
7898,1024,1024,1.0000,30.364,32.934,1,0.000,0
7899,1024,1024,1.0000,30.573,32.709,1,0.000,0
7900,1024,1024,1.0000,30.328,32.973,1,0.000,0
7901,1024,1024,1.0000,29.489,33.911,1,0.000,0
7902,1024,1024,1.0000,29.854,33.496,1,0.000,0
7903,1024,1024,1.0000,30.880,32.383,1,0.000,0
7904,1024,1024,1.0000,29.941,33.399,1,0.000,0
7905,1024,1024,1.0000,30.208,33.104,1,0.000,0
7906,1024,1024,1.0000,30.423,32.870,1,0.000,0
7907,1024,1024,1.0000,30.508,32.778,1,0.000,0
7908,1024,1024,1.0000,30.620,32.658,1,0.000,0
7909,1024,1024,1.0000,30.746,32.525,1,0.000,0
7910,1024,1024,1.0000,30.756,32.514,1,0.000,0
7911,1024,1024,1.0000,30.302,33.001,1,0.000,0
7912,1024,1024,1.0000,31.178,32.074,1,0.000,0
7913,1024,1024,1.0000,30.037,33.292,1,0.000,0
7914,1024,1024,1.0000,30.059,33.268,1,0.000,0
7915,1024,1024,1.0000,30.776,32.493,1,0.000,0
7916,1024,1024,1.0000,30.275,33.031,1,0.000,0
7917,1024,1024,1.0000,30.496,32.791,1,0.000,0
7918,1024,1024,1.0000,30.834,32.432,1,0.000,0
7919,1024,1024,1.0000,30.654,32.622,1,0.000,0
7920,1024,1024,1.0000,30.521,32.764,1,0.000,0
7921,1024,1024,1.0000,30.418,32.875,1,0.000,0
7922,1024,1024,1.0000,30.224,33.086,1,0.000,0
7923,1024,1024,1.0000,30.580,32.701,1,0.000,0
7924,1024,1024,1.0000,30.610,32.669,1,0.000,0
7925,1024,1024,1.0000,29.777,33.583,1,0.000,0
7926,1024,1024,1.0000,31.891,31.357,1,0.000,0
7927,1024,1024,1.0000,29.787,33.572,1,0.000,0
7928,1024,1024,1.0000,31.514,31.732,1,0.000,0
7929,1024,1024,1.0000,30.627,32.651,1,0.000,0
7930,1024,1024,1.0000,31.077,32.178,1,0.000,0
7931,1024,1024,1.0000,33.200,30.120,1,0.000,0
7932,1024,1024,1.0000,32.533,30.738,1,0.000,0
7933,1024,1024,1.0000,38.047,26.283,1,0.000,0
7934,1024,1024,1.0000,38.516,25.963,1,0.000,0
7935,1024,1024,1.0000,38.516,25.963,1,0.000,0
7936,1024,1024,1.0000,38.657,25.869,1,0.000,0
7937,1024,1024,1.0000,29.639,33.739,1,0.000,0
7938,1024,1024,1.0000,30.895,32.368,1,0.000,0
7939,1024,1024,1.0000,30.111,33.210,1,0.000,0
7940,1024,1024,1.0000,30.925,32.336,1,0.000,0
7941,1024,1024,1.0000,29.645,33.733,1,0.000,0
7942,1024,1024,1.0000,29.793,33.565,1,0.000,0
7943,1024,1024,1.0000,30.377,32.920,1,0.000,0
7944,1024,1024,1.0000,30.095,33.228,1,0.000,0
7945,1024,1024,1.0000,30.239,33.070,1,0.000,0
7946,1024,1024,1.0000,30.866,32.398,1,0.000,0
7947,1024,1024,1.0000,29.970,33.367,1,0.000,0
7948,1024,1024,1.0000,30.325,32.976,1,0.000,0
7949,1024,1024,1.0000,29.944,33.396,1,0.000,0
7950,1024,1024,1.0000,30.187,33.127,1,0.000,0
7951,1024,1024,1.0000,29.880,33.467,1,0.000,0
7952,1024,1024,1.0000,30.437,32.855,1,0.000,0
7953,1024,1024,1.0000,31.369,31.879,1,0.000,0
7954,1024,1024,1.0000,29.691,33.680,1,0.000,0
7955,1024,1024,1.0000,30.689,32.585,1,0.000,0
7956,1024,1024,1.0000,30.842,32.423,1,0.000,0
7957,1024,1024,1.0000,30.439,32.853,1,0.000,0
7958,1024,1024,1.0000,29.991,33.343,1,0.000,0
7959,1024,1024,1.0000,30.311,32.991,1,0.000,0
7960,1024,1024,1.0000,30.132,33.187,1,0.000,0
7961,1024,1024,1.0000,30.373,32.924,1,0.000,0
7962,1024,1024,1.0000,30.595,32.685,1,0.000,0
7963,1024,1024,1.0000,29.911,33.433,1,0.000,0
7964,1024,1024,1.0000,30.458,32.832,1,0.000,0
7965,1024,1024,1.0000,31.283,31.966,1,0.000,0
7966,1024,1024,1.0000,30.287,33.017,1,0.000,0
7967,1024,1024,1.0000,30.012,33.320,1,0.000,0
7968,1024,1024,1.0000,31.170,32.082,1,0.000,0
7969,1024,1024,1.0000,30.222,33.088,1,0.000,0
7970,1024,1024,1.0000,29.891,33.455,1,0.000,0
7971,1024,1024,1.0000,30.316,32.986,1,0.000,0
7972,1024,1024,1.0000,29.640,33.738,1,0.000,0
7973,1024,1024,1.0000,30.798,32.470,1,0.000,0
7974,1024,1024,1.0000,29.685,33.687,1,0.000,0
7975,1024,1024,1.0000,29.919,33.424,1,0.000,0
7976,1024,1024,1.0000,30.277,33.028,1,0.000,0
7977,1024,1024,1.0000,30.765,32.504,1,0.000,0
7978,1024,1024,1.0000,30.350,32.949,1,0.000,0
7979,1024,1024,1.0000,29.721,33.646,1,0.000,0
7980,1024,1024,1.0000,30.374,32.923,1,0.000,0
7981,1024,1024,1.0000,30.384,32.912,1,0.000,0
7982,1024,1024,1.0000,30.536,32.748,1,0.000,0
7983,1024,1024,1.0000,29.929,33.412,1,0.000,0
7984,1024,1024,1.0000,30.328,32.973,1,0.000,0
7985,1024,1024,1.0000,29.741,33.624,1,0.000,0
7986,1024,1024,1.0000,30.508,32.778,1,0.000,0
7987,1024,1024,1.0000,29.807,33.549,1,0.000,0
7988,1024,1024,1.0000,29.987,33.348,1,0.000,0
7989,1024,1024,1.0000,30.222,33.088,1,0.000,0
7990,1024,1024,1.0000,30.159,33.158,1,0.000,0
7991,1024,1024,1.0000,30.309,32.994,1,0.000,0
7992,1024,1024,1.0000,30.180,33.135,1,0.000,0
7993,1024,1024,1.0000,30.690,32.584,1,0.000,0
7994,1024,1024,1.0000,30.180,33.135,1,0.000,0
7995,1024,1024,1.0000,30.361,32.937,1,0.000,0
7996,1024,1024,1.0000,29.650,33.727,1,0.000,0
7997,1024,1024,1.0000,35.738,27.981,1,0.000,0
7998,1024,1024,1.0000,33.227,30.096,1,0.000,0
7999,1024,1024,1.0000,33.823,29.566,1,0.000,0
8000,1024,1024,1.0000,29.929,33.412,1,0.000,0
8001,1024,1024,1.0000,31.373,31.875,1,0.000,0
8002,1024,1024,1.0000,29.526,33.868,1,0.000,0
8003,1024,1024,1.0000,31.557,31.689,1,0.000,0
8004,1024,1024,1.0000,30.380,32.916,1,0.000,0
8005,1024,1024,1.0000,29.927,33.415,1,0.000,0
8006,1024,1024,1.0000,30.680,32.595,1,0.000,0
8007,1024,1024,1.0000,29.831,33.522,1,0.000,0
8008,1024,1024,1.0000,32.019,31.231,1,0.000,0
8009,1024,1024,1.0000,30.024,33.307,1,0.000,0
8010,1024,1024,1.0000,30.719,32.553,1,0.000,0
8011,1024,1024,1.0000,30.061,33.266,1,0.000,0
8012,1024,1024,1.0000,30.285,33.020,1,0.000,0
8013,1024,1024,1.0000,29.883,33.464,1,0.000,0
8014,1024,1024,1.0000,30.254,33.053,1,0.000,0
8015,1024,1024,1.0000,31.112,32.142,1,0.000,0
8016,1024,1024,1.0000,31.327,31.921,1,0.000,0
8017,1024,1024,1.0000,30.211,33.101,1,0.000,0
8018,1024,1024,1.0000,30.325,32.976,1,0.000,0
8019,1024,1024,1.0000,31.067,32.188,1,0.000,0
8020,1024,1024,1.0000,29.961,33.377,1,0.000,0
8021,1024,1024,1.0000,30.401,32.894,1,0.000,0
8022,1024,1024,1.0000,30.977,32.282,1,0.000,0
8023,1024,1024,1.0000,30.457,32.833,1,0.000,0
8024,1024,1024,1.0000,29.942,33.398,1,0.000,0
8025,1024,1024,1.0000,30.076,33.249,1,0.000,0
8026,1024,1024,1.0000,29.629,33.751,1,0.000,0
8027,1024,1024,1.0000,31.423,31.824,1,0.000,0
8028,1024,1024,1.0000,32.197,31.059,1,0.000,0
8029,1024,1024,1.0000,30.376,32.921,1,0.000,0
8030,1024,1024,1.0000,29.937,33.403,1,0.000,0
8031,1024,1024,1.0000,30.399,32.896,1,0.000,0
8032,1024,1024,1.0000,29.920,33.422,1,0.000,0
8033,1024,1024,1.0000,30.390,32.906,1,0.000,0
8034,1024,1024,1.0000,30.220,33.091,1,0.000,0
8035,1024,1024,1.0000,30.413,32.881,1,0.000,0
8036,1024,1024,1.0000,30.528,32.757,1,0.000,0
8037,1024,1024,1.0000,30.006,33.327,1,0.000,0
8038,1024,1024,1.0000,30.529,32.756,1,0.000,0
8039,1024,1024,1.0000,30.394,32.901,1,0.000,0
8040,1024,1024,1.0000,30.609,32.670,1,0.000,0
8041,1024,1024,1.0000,30.251,33.057,1,0.000,0
8042,1024,1024,1.0000,30.646,32.631,1,0.000,0
8043,1024,1024,1.0000,31.036,32.221,1,0.000,0
8044,1024,1024,1.0000,30.250,33.058,1,0.000,0
8045,1024,1024,1.0000,30.283,33.022,1,0.000,0
8046,1024,1024,1.0000,30.374,32.923,1,0.000,0
8047,1024,1024,1.0000,31.606,31.640,1,0.000,0
8048,1024,1024,1.0000,30.997,32.261,1,0.000,0
8049,1024,1024,1.0000,30.965,32.295,1,0.000,0
8050,1024,1024,1.0000,30.813,32.454,1,0.000,0
8051,1024,1024,1.0000,30.583,32.698,1,0.000,0
8052,1024,1024,1.0000,29.724,33.643,1,0.000,0
8053,1024,1024,1.0000,31.902,31.346,1,0.000,0
8054,1024,1024,1.0000,30.626,32.652,1,0.000,0
8055,1024,1024,1.0000,30.090,33.234,1,0.000,0
8056,1024,1024,1.0000,30.578,32.703,1,0.000,0
8057,1024,1024,1.0000,30.081,33.244,1,0.000,0
8058,1024,1024,1.0000,30.512,32.774,1,0.000,0
8059,1024,1024,1.0000,30.495,32.792,1,0.000,0
8060,1024,1024,1.0000,30.113,33.208,1,0.000,0
8061,1024,1024,1.0000,30.717,32.555,1,0.000,0
8062,1024,1024,1.0000,29.654,33.722,1,0.000,0
8063,1024,1024,1.0000,30.584,32.697,1,0.000,0
8064,1024,1024,1.0000,32.481,30.787,1,0.000,0
8065,1024,1024,1.0000,30.422,32.871,1,0.000,0
8066,1024,1024,1.0000,32.335,30.926,1,0.000,0
8067,1024,1024,1.0000,35.811,27.924,1,0.000,0
8068,1024,1024,1.0000,30.761,32.509,1,0.000,0
8069,1024,1024,1.0000,32.266,30.992,1,0.000,0
8070,1024,1024,1.0000,30.241,33.068,1,0.000,0
8071,1024,1024,1.0000,30.676,32.599,1,0.000,0
8072,1024,1024,1.0000,31.279,31.970,1,0.000,0
8073,1024,1024,1.0000,31.579,31.667,1,0.000,0
8074,1024,1024,1.0000,31.372,31.876,1,0.000,0
8075,1024,1024,1.0000,30.057,33.270,1,0.000,0
8076,1024,1024,1.0000,30.526,32.759,1,0.000,0
8077,1024,1024,1.0000,34.778,28.754,1,0.000,0
8078,1024,1024,1.0000,30.774,32.495,1,0.000,0
8079,1024,1024,1.0000,29.935,33.406,1,0.000,0
8080,1024,1024,1.0000,30.781,32.488,1,0.000,0
8081,1024,1024,1.0000,30.748,32.522,1,0.000,0
8082,1024,1024,1.0000,30.293,33.011,1,0.000,0
8083,1024,1024,1.0000,30.407,32.887,1,0.000,0
8084,1024,1024,1.0000,31.532,31.714,1,0.000,0
8085,1024,1024,1.0000,30.404,32.890,1,0.000,0
8086,1024,1024,1.0000,29.971,33.366,1,0.000,0
8087,1024,1024,1.0000,31.281,31.968,1,0.000,0
8088,1024,1024,1.0000,31.294,31.955,1,0.000,0
8089,1024,1024,1.0000,30.522,32.763,1,0.000,0
8090,1024,1024,1.0000,30.362,32.936,1,0.000,0
8091,1024,1024,1.0000,30.008,33.324,1,0.000,0
8092,1024,1024,1.0000,31.130,32.123,1,0.000,0
8093,1024,1024,1.0000,29.869,33.480,1,0.000,0
8094,1024,1024,1.0000,31.018,32.239,1,0.000,0
8095,1024,1024,1.0000,31.510,31.736,1,0.000,0
8096,1024,1024,1.0000,30.250,33.058,1,0.000,0
8097,1024,1024,1.0000,30.878,32.386,1,0.000,0
8098,1024,1024,1.0000,30.393,32.902,1,0.000,0
8099,1024,1024,1.0000,31.179,32.073,1,0.000,0
8100,1024,1024,1.0000,30.267,33.039,1,0.000,0
8101,1024,1024,1.0000,30.883,32.380,1,0.000,0
8102,1024,1024,1.0000,30.115,33.206,1,0.000,0
8103,1024,1024,1.0000,31.251,31.999,1,0.000,0
8104,1024,1024,1.0000,30.290,33.014,1,0.000,0
8105,1024,1024,1.0000,30.279,33.026,1,0.000,0
8106,1024,1024,1.0000,31.404,31.843,1,0.000,0
8107,1024,1024,1.0000,29.788,33.571,1,0.000,0
8108,1024,1024,1.0000,30.282,33.023,1,0.000,0
8109,1024,1024,1.0000,29.575,33.812,1,0.000,0
8110,1024,1024,1.0000,31.924,31.324,1,0.000,0
8111,1024,1024,1.0000,30.987,32.272,1,0.000,0
8112,1024,1024,1.0000,30.577,32.704,1,0.000,0
8113,1024,1024,1.0000,30.555,32.728,1,0.000,0
8114,1024,1024,1.0000,31.114,32.140,1,0.000,0
8115,1024,1024,1.0000,30.544,32.740,1,0.000,0
8116,1024,1024,1.0000,30.001,33.332,1,0.000,0
8117,1024,1024,1.0000,31.374,31.874,1,0.000,0
8118,1024,1024,1.0000,31.066,32.190,1,0.000,0
8119,1024,1024,1.0000,30.519,32.766,1,0.000,0
8120,1024,1024,1.0000,31.508,31.738,1,0.000,0
8121,1024,1024,1.0000,29.753,33.610,1,0.000,0
8122,1024,1024,1.0000,30.312,32.990,1,0.000,0
8123,1024,1024,1.0000,30.499,32.788,1,0.000,0
8124,1024,1024,1.0000,30.747,32.523,1,0.000,0
8125,1024,1024,1.0000,30.363,32.935,1,0.000,0
8126,1024,1024,1.0000,31.373,31.875,1,0.000,0
8127,1024,1024,1.0000,30.612,32.667,1,0.000,0
8128,1024,1024,1.0000,30.051,33.277,1,0.000,0
8129,1024,1024,1.0000,31.270,31.980,1,0.000,0
8130,1024,1024,1.0000,30.534,32.750,1,0.000,0
8131,1024,1024,1.0000,30.365,32.933,1,0.000,0
8132,1024,1024,1.0000,29.968,33.369,1,0.000,0
8133,1024,1024,1.0000,33.185,30.134,1,0.000,0
8134,1024,1024,1.0000,30.696,32.578,1,0.000,0
8135,1024,1024,1.0000,30.546,32.738,1,0.000,0
8136,1024,1024,1.0000,29.914,33.429,1,0.000,0
8137,1024,1024,1.0000,31.946,31.303,1,0.000,0
8138,1024,1024,1.0000,30.073,33.252,1,0.000,0
8139,1024,1024,1.0000,30.748,32.522,1,0.000,0
8140,1024,1024,1.0000,31.143,32.110,1,0.000,0
8141,1024,1024,1.0000,31.564,31.682,1,0.000,0
8142,1024,1024,1.0000,30.683,32.591,1,0.000,0
8143,1024,1024,1.0000,30.246,33.062,1,0.000,0
8144,1024,1024,1.0000,31.456,31.790,1,0.000,0
8145,1024,1024,1.0000,29.966,33.371,1,0.000,0
8146,1024,1024,1.0000,31.281,31.968,1,0.000,0
8147,1024,1024,1.0000,30.157,33.160,1,0.000,0
8148,1024,1024,1.0000,30.698,32.575,1,0.000,0
8149,1024,1024,1.0000,30.431,32.861,1,0.000,0
8150,1024,1024,1.0000,30.738,32.533,1,0.000,0
8151,1024,1024,1.0000,31.329,31.919,1,0.000,0
8152,1024,1024,1.0000,30.652,32.624,1,0.000,0
8153,1024,1024,1.0000,30.545,32.739,1,0.000,0
8154,1024,1024,1.0000,30.568,32.714,1,0.000,0
8155,1024,1024,1.0000,30.472,32.817,1,0.000,0
8156,1024,1024,1.0000,30.440,32.852,1,0.000,0
8157,1024,1024,1.0000,30.564,32.718,1,0.000,0
8158,1024,1024,1.0000,30.599,32.681,1,0.000,0
8159,1024,1024,1.0000,30.636,32.641,1,0.000,0
8160,1024,1024,1.0000,30.166,33.150,1,0.000,0
8161,1024,1024,1.0000,30.309,32.994,1,0.000,0
8162,1024,1024,1.0000,29.760,33.602,1,0.000,0
8163,1024,1024,1.0000,31.199,32.052,1,0.000,0
8164,1024,1024,1.0000,30.281,33.024,1,0.000,0
8165,1024,1024,1.0000,30.410,32.884,1,0.000,0
8166,1024,1024,1.0000,31.194,32.057,1,0.000,0
8167,1024,1024,1.0000,31.940,31.309,1,0.000,0
8168,1024,1024,1.0000,30.700,32.573,1,0.000,0
8169,1024,1024,1.0000,30.442,32.849,1,0.000,0
8170,1024,1024,1.0000,30.853,32.412,1,0.000,0
8171,1024,1024,1.0000,31.545,31.701,1,0.000,0
8172,1024,1024,1.0000,30.727,32.545,1,0.000,0
8173,1024,1024,1.0000,30.306,32.997,1,0.000,0
8174,1024,1024,1.0000,30.678,32.597,1,0.000,0
8175,1024,1024,1.0000,29.894,33.452,1,0.000,0
8176,1024,1024,1.0000,31.278,31.971,1,0.000,0
8177,1024,1024,1.0000,30.798,32.470,1,0.000,0
8178,1024,1024,1.0000,30.695,32.579,1,0.000,0
8179,1024,1024,1.0000,30.810,32.457,1,0.000,0
8180,1024,1024,1.0000,30.261,33.046,1,0.000,0
8181,1024,1024,1.0000,31.314,31.935,1,0.000,0
8182,1024,1024,1.0000,30.979,32.280,1,0.000,0
8183,1024,1024,1.0000,30.721,32.551,1,0.000,0
8184,1024,1024,1.0000,30.144,33.174,1,0.000,0
8185,1024,1024,1.0000,30.829,32.437,1,0.000,0
8186,1024,1024,1.0000,31.127,32.126,1,0.000,0
8187,1024,1024,1.0000,30.618,32.661,1,0.000,0
8188,1024,1024,1.0000,32.965,30.335,1,0.000,0
8189,1024,1024,1.0000,30.546,32.738,1,0.000,0
8190,1024,1024,1.0000,32.080,31.172,1,0.000,0
8191,1024,1024,1.0000,30.607,32.672,1,0.000,0
8192,1024,1024,1.0000,30.922,32.339,1,0.000,0
8193,1024,1024,1.0000,30.590,32.690,1,0.000,0
8194,1024,1024,1.0000,31.162,32.090,1,0.000,0
8195,1024,1024,1.0000,30.871,32.393,1,0.000,0
8196,1024,1024,1.0000,31.207,32.044,1,0.000,0
8197,1024,1024,1.0000,30.983,32.276,1,0.000,0
8198,1024,1024,1.0000,30.519,32.766,1,0.000,0
8199,1024,1024,1.0000,34.974,28.593,1,0.000,0
8200,1024,1024,1.0000,31.448,31.799,1,0.000,0
8201,1024,1024,1.0000,31.592,31.654,1,0.000,0
8202,1024,1024,1.0000,30.836,32.430,1,0.000,0
8203,1024,1024,1.0000,30.249,33.059,1,0.000,0
8204,1024,1024,1.0000,30.699,32.574,1,0.000,0
8205,1024,1024,1.0000,29.734,33.632,1,0.000,0
8206,1024,1024,1.0000,30.816,32.451,1,0.000,0
8207,1024,1024,1.0000,30.405,32.889,1,0.000,0
8208,1024,1024,1.0000,31.595,31.651,1,0.000,0
8209,1024,1024,1.0000,30.086,33.238,1,0.000,0
8210,1024,1024,1.0000,30.698,32.575,1,0.000,0
8211,1024,1024,1.0000,30.077,33.248,1,0.000,0
8212,1024,1024,1.0000,31.326,31.922,1,0.000,0
8213,1024,1024,1.0000,31.355,31.893,1,0.000,0
8214,1024,1024,1.0000,29.835,33.518,1,0.000,0
8215,1024,1024,1.0000,31.019,32.238,1,0.000,0
8216,1024,1024,1.0000,30.261,33.046,1,0.000,0
8217,1024,1024,1.0000,30.428,32.864,1,0.000,0
8218,1024,1024,1.0000,30.912,32.350,1,0.000,0
8219,1024,1024,1.0000,30.215,33.096,1,0.000,0
8220,1024,1024,1.0000,30.495,32.792,1,0.000,0
8221,1024,1024,1.0000,30.934,32.327,1,0.000,0
8222,1024,1024,1.0000,30.818,32.449,1,0.000,0
8223,1024,1024,1.0000,35.808,27.927,1,0.000,0
8224,1024,1024,1.0000,31.174,32.078,1,0.000,0
8225,1024,1024,1.0000,30.752,32.518,1,0.000,0
8226,1024,1024,1.0000,30.897,32.366,1,0.000,0
8227,1024,1024,1.0000,31.098,32.156,1,0.000,0
8228,1024,1024,1.0000,30.253,33.055,1,0.000,0
8229,1024,1024,1.0000,30.551,32.732,1,0.000,0
8230,1024,1024,1.0000,31.254,31.996,1,0.000,0
8231,1024,1024,1.0000,30.565,32.717,1,0.000,0
8232,1024,1024,1.0000,30.978,32.281,1,0.000,0
8233,1024,1024,1.0000,31.028,32.229,1,0.000,0
8234,1024,1024,1.0000,30.154,33.163,1,0.000,0
8235,1024,1024,1.0000,30.259,33.048,1,0.000,0
8236,1024,1024,1.0000,30.900,32.362,1,0.000,0
8237,1024,1024,1.0000,33.514,29.838,1,0.000,0
8238,1024,1024,1.0000,31.415,31.832,1,0.000,0
8239,1024,1024,1.0000,32.347,30.915,1,0.000,0
8240,1024,1024,1.0000,31.474,31.772,1,0.000,0
8241,1024,1024,1.0000,30.297,33.007,1,0.000,0
8242,1024,1024,1.0000,30.493,32.794,1,0.000,0
8243,1024,1024,1.0000,30.568,32.714,1,0.000,0
8244,1024,1024,1.0000,30.044,33.285,1,0.000,0
8245,1024,1024,1.0000,30.702,32.571,1,0.000,0
8246,1024,1024,1.0000,30.901,32.361,1,0.000,0
8247,1024,1024,1.0000,30.687,32.587,1,0.000,0
8248,1024,1024,1.0000,31.324,31.924,1,0.000,0
8249,1024,1024,1.0000,30.166,33.150,1,0.000,0
8250,1024,1024,1.0000,30.181,33.133,1,0.000,0
8251,1024,1024,1.0000,29.755,33.608,1,0.000,0
8252,1024,1024,1.0000,31.820,31.427,1,0.000,0
8253,1024,1024,1.0000,30.047,33.281,1,0.000,0
8254,1024,1024,1.0000,30.711,32.562,1,0.000,0
8255,1024,1024,1.0000,30.345,32.954,1,0.000,0
8256,1024,1024,1.0000,30.126,33.194,1,0.000,0
8257,1024,1024,1.0000,31.065,32.191,1,0.000,0
8258,1024,1024,1.0000,30.417,32.876,1,0.000,0
8259,1024,1024,1.0000,30.547,32.736,1,0.000,0
8260,1024,1024,1.0000,30.054,33.273,1,0.000,0
8261,1024,1024,1.0000,30.397,32.898,1,0.000,0
8262,1024,1024,1.0000,29.992,33.342,1,0.000,0
8263,1024,1024,1.0000,30.755,32.515,1,0.000,0
8264,1024,1024,1.0000,30.348,32.951,1,0.000,0
8265,1024,1024,1.0000,30.165,33.151,1,0.000,0
8266,1024,1024,1.0000,36.297,27.550,1,0.000,0
8267,1024,1024,1.0000,31.113,32.141,1,0.000,0
8268,1024,1024,1.0000,30.913,32.349,1,0.000,0
8269,1024,1024,1.0000,31.212,32.039,1,0.000,0
8270,1024,1024,1.0000,31.359,31.889,1,0.000,0
8271,1024,1024,1.0000,30.344,32.955,1,0.000,0
8272,1024,1024,1.0000,30.680,32.595,1,0.000,0
8273,1024,1024,1.0000,30.081,33.244,1,0.000,0
8274,1024,1024,1.0000,30.853,32.412,1,0.000,0
8275,1024,1024,1.0000,30.074,33.251,1,0.000,0
8276,1024,1024,1.0000,30.606,32.673,1,0.000,0
8277,1024,1024,1.0000,30.824,32.442,1,0.000,0
8278,1024,1024,1.0000,31.165,32.087,1,0.000,0
8279,1024,1024,1.0000,30.431,32.861,1,0.000,0
8280,1024,1024,1.0000,32.362,30.900,1,0.000,0
8281,1024,1024,1.0000,30.603,32.677,1,0.000,0
8282,1024,1024,1.0000,31.412,31.835,1,0.000,0
8283,1024,1024,1.0000,34.929,28.630,1,0.000,0
8284,1024,1024,1.0000,31.178,32.074,1,0.000,0
8285,1024,1024,1.0000,31.572,31.674,1,0.000,0
8286,1024,1024,1.0000,31.554,31.692,1,0.000,0
8287,1024,1024,1.0000,31.106,32.148,1,0.000,0
8288,1024,1024,1.0000,30.391,32.904,1,0.000,0
8289,1024,1024,1.0000,30.862,32.402,1,0.000,0
8290,1024,1024,1.0000,30.486,32.802,1,0.000,0
8291,1024,1024,1.0000,31.152,32.101,1,0.000,0
8292,1024,1024,1.0000,30.603,32.677,1,0.000,0
8293,1024,1024,1.0000,29.703,33.667,1,0.000,0
8294,1024,1024,1.0000,30.936,32.325,1,0.000,0
8295,1024,1024,1.0000,29.619,33.762,1,0.000,0
8296,1024,1024,1.0000,30.655,32.621,1,0.000,0
8297,1024,1024,1.0000,31.099,32.155,1,0.000,0
8298,1024,1024,1.0000,30.532,32.753,1,0.000,0
8299,1024,1024,1.0000,30.327,32.974,1,0.000,0
8300,1024,1024,1.0000,31.482,31.764,1,0.000,0
8301,1024,1024,1.0000,31.505,31.741,1,0.000,0
8302,1024,1024,1.0000,30.702,32.571,1,0.000,0
8303,1024,1024,1.0000,30.370,32.927,1,0.000,0
8304,1024,1024,1.0000,31.299,31.950,1,0.000,0
8305,1024,1024,1.0000,30.702,32.571,1,0.000,0
8306,1024,1024,1.0000,30.368,32.929,1,0.000,0
8307,1024,1024,1.0000,30.636,32.641,1,0.000,0
8308,1024,1024,1.0000,30.987,32.272,1,0.000,0
8309,1024,1024,1.0000,30.027,33.303,1,0.000,0
8310,1024,1024,1.0000,31.236,32.014,1,0.000,0
8311,1024,1024,1.0000,30.442,32.849,1,0.000,0
8312,1024,1024,1.0000,30.520,32.765,1,0.000,0
8313,1024,1024,1.0000,31.269,31.981,1,0.000,0
8314,1024,1024,1.0000,30.683,32.591,1,0.000,0
8315,1024,1024,1.0000,30.154,33.163,1,0.000,0
8316,1024,1024,1.0000,30.713,32.560,1,0.000,0
8317,1024,1024,1.0000,30.052,33.276,1,0.000,0
8318,1024,1024,1.0000,32.042,31.209,1,0.000,0
8319,1024,1024,1.0000,30.464,32.826,1,0.000,0
8320,1024,1024,1.0000,30.521,32.764,1,0.000,0
8321,1024,1024,1.0000,30.250,33.058,1,0.000,0
8322,1024,1024,1.0000,30.963,32.297,1,0.000,0
8323,1024,1024,1.0000,31.001,32.257,1,0.000,0
8324,1024,1024,1.0000,30.762,32.508,1,0.000,0
8325,1024,1024,1.0000,30.779,32.490,1,0.000,0
8326,1024,1024,1.0000,30.319,32.983,1,0.000,0
8327,1024,1024,1.0000,30.966,32.293,1,0.000,0
8328,1024,1024,1.0000,30.305,32.998,1,0.000,0
8329,1024,1024,1.0000,30.793,32.475,1,0.000,0
8330,1024,1024,1.0000,31.211,32.040,1,0.000,0
8331,1024,1024,1.0000,30.827,32.439,1,0.000,0
8332,1024,1024,1.0000,31.194,32.057,1,0.000,0
8333,1024,1024,1.0000,32.399,30.865,1,0.000,0
8334,1024,1024,1.0000,38.395,26.045,1,0.000,0
8335,1024,1024,1.0000,31.967,31.282,1,0.000,0
8336,1024,1024,1.0000,30.985,32.274,1,0.000,0
8337,1024,1024,1.0000,31.025,32.232,1,0.000,0
8338,1024,1024,1.0000,31.298,31.951,1,0.000,0
8339,1024,1024,1.0000,30.072,33.254,1,0.000,0
8340,1024,1024,1.0000,30.601,32.679,1,0.000,0
8341,1024,1024,1.0000,31.077,32.178,1,0.000,0
8342,1024,1024,1.0000,32.041,31.210,1,0.000,0
8343,1024,1024,1.0000,30.780,32.489,1,0.000,0
8344,1024,1024,1.0000,30.911,32.351,1,0.000,0
8345,1024,1024,1.0000,31.758,31.488,1,0.000,0
8346,1024,1024,1.0000,30.347,32.952,1,0.000,0
8347,1024,1024,1.0000,30.886,32.377,1,0.000,0
8348,1024,1024,1.0000,30.977,32.282,1,0.000,0
8349,1024,1024,1.0000,30.713,32.560,1,0.000,0
8350,1024,1024,1.0000,30.095,33.228,1,0.000,0
8351,1024,1024,1.0000,30.505,32.782,1,0.000,0
8352,1024,1024,1.0000,30.328,32.973,1,0.000,0
8353,1024,1024,1.0000,31.275,31.974,1,0.000,0
8354,1024,1024,1.0000,31.535,31.711,1,0.000,0
8355,1024,1024,1.0000,29.841,33.511,1,0.000,0
8356,1024,1024,1.0000,31.812,31.435,1,0.000,0
8357,1024,1024,1.0000,30.477,32.812,1,0.000,0
8358,1024,1024,1.0000,31.242,32.008,1,0.000,0
8359,1024,1024,1.0000,30.236,33.073,1,0.000,0
8360,1024,1024,1.0000,30.751,32.519,1,0.000,0
8361,1024,1024,1.0000,30.814,32.453,1,0.000,0
8362,1024,1024,1.0000,30.338,32.962,1,0.000,0
8363,1024,1024,1.0000,31.603,31.643,1,0.000,0
8364,1024,1024,1.0000,30.172,33.143,1,0.000,0
8365,1024,1024,1.0000,30.553,32.730,1,0.000,0
8366,1024,1024,1.0000,31.216,32.035,1,0.000,0
8367,1024,1024,1.0000,30.639,32.638,1,0.000,0
8368,1024,1024,1.0000,30.796,32.472,1,0.000,0
8369,1024,1024,1.0000,32.038,31.213,1,0.000,0
8370,1024,1024,1.0000,31.009,32.249,1,0.000,0
8371,1024,1024,1.0000,31.997,31.253,1,0.000,0
8372,1024,1024,1.0000,30.846,32.419,1,0.000,0
8373,1024,1024,1.0000,30.271,33.035,1,0.000,0
8374,1024,1024,1.0000,31.380,31.867,1,0.000,0
8375,1024,1024,1.0000,30.778,32.491,1,0.000,0
8376,1024,1024,1.0000,31.586,31.660,1,0.000,0
8377,1024,1024,1.0000,31.416,31.831,1,0.000,0
8378,1024,1024,1.0000,30.858,32.407,1,0.000,0
8379,1024,1024,1.0000,30.707,32.566,1,0.000,0
8380,1024,1024,1.0000,35.975,27.797,1,0.000,0
8381,1024,1024,1.0000,30.811,32.456,1,0.000,0
8382,1024,1024,1.0000,30.928,32.333,1,0.000,0
8383,1024,1024,1.0000,30.722,32.550,1,0.000,0
8384,1024,1024,1.0000,30.103,33.219,1,0.000,0
8385,1024,1024,1.0000,30.120,33.201,1,0.000,0
8386,1024,1024,1.0000,30.136,33.183,1,0.000,0
8387,1024,1024,1.0000,31.194,32.057,1,0.000,0
8388,1024,1024,1.0000,30.782,32.487,1,0.000,0
8389,1024,1024,1.0000,30.552,32.731,1,0.000,0
8390,1024,1024,1.0000,30.784,32.484,1,0.000,0
8391,1024,1024,1.0000,31.373,31.875,1,0.000,0
8392,1024,1024,1.0000,30.472,32.817,1,0.000,0
8393,1024,1024,1.0000,31.342,31.906,1,0.000,0
8394,1024,1024,1.0000,30.255,33.052,1,0.000,0
8395,1024,1024,1.0000,30.635,32.642,1,0.000,0
8396,1024,1024,1.0000,30.008,33.324,1,0.000,0
8397,1024,1024,1.0000,30.483,32.805,1,0.000,0
8398,1024,1024,1.0000,30.137,33.182,1,0.000,0
8399,1024,1024,1.0000,32.627,30.649,1,0.000,0
8400,1024,1024,1.0000,30.159,33.158,1,0.000,0
8401,1024,1024,1.0000,32.122,31.131,1,0.000,0
8402,1024,1024,1.0000,34.574,28.923,1,0.000,0
8403,1024,1024,1.0000,32.521,30.749,1,0.000,0
8404,1024,1024,1.0000,32.067,31.185,1,0.000,0
8405,1024,1024,1.0000,30.088,33.236,1,0.000,0
8406,1024,1024,1.0000,30.736,32.535,1,0.000,0
8407,1024,1024,1.0000,31.530,31.716,1,0.000,0
8408,1024,1024,1.0000,31.567,31.679,1,0.000,0
8409,1024,1024,1.0000,30.828,32.438,1,0.000,0
8410,1024,1024,1.0000,29.886,33.460,1,0.000,0
8411,1024,1024,1.0000,31.298,31.951,1,0.000,0
8412,1024,1024,1.0000,30.627,32.651,1,0.000,0
8413,1024,1024,1.0000,30.856,32.409,1,0.000,0
8414,1024,1024,1.0000,29.954,33.385,1,0.000,0
8415,1024,1024,1.0000,30.700,32.573,1,0.000,0
8416,1024,1024,1.0000,30.061,33.266,1,0.000,0
8417,1024,1024,1.0000,31.355,31.893,1,0.000,0
8418,1024,1024,1.0000,31.112,32.142,1,0.000,0
8419,1024,1024,1.0000,30.340,32.960,1,0.000,0
8420,1024,1024,1.0000,31.517,31.729,1,0.000,0
8421,1024,1024,1.0000,31.398,31.849,1,0.000,0
8422,1024,1024,1.0000,31.328,31.920,1,0.000,0
8423,1024,1024,1.0000,30.442,32.849,1,0.000,0
8424,1024,1024,1.0000,30.985,32.274,1,0.000,0
8425,1024,1024,1.0000,30.135,33.184,1,0.000,0
8426,1024,1024,1.0000,30.438,32.854,1,0.000,0
8427,1024,1024,1.0000,29.964,33.373,1,0.000,0
8428,1024,1024,1.0000,31.621,31.625,1,0.000,0
8429,1024,1024,1.0000,30.035,33.294,1,0.000,0
8430,1024,1024,1.0000,30.728,32.544,1,0.000,0
8431,1024,1024,1.0000,30.220,33.091,1,0.000,0
8432,1024,1024,1.0000,31.045,32.211,1,0.000,0
8433,1024,1024,1.0000,30.773,32.496,1,0.000,0
8434,1024,1024,1.0000,30.962,32.298,1,0.000,0
8435,1024,1024,1.0000,31.359,31.889,1,0.000,0
8436,1024,1024,1.0000,30.388,32.908,1,0.000,0
8437,1024,1024,1.0000,31.712,31.534,1,0.000,0
8438,1024,1024,1.0000,31.424,31.823,1,0.000,0
8439,1024,1024,1.0000,30.702,32.571,1,0.000,0
8440,1024,1024,1.0000,30.566,32.716,1,0.000,0
8441,1024,1024,1.0000,30.195,33.118,1,0.000,0
8442,1024,1024,1.0000,31.169,32.083,1,0.000,0
8443,1024,1024,1.0000,31.379,31.868,1,0.000,0
8444,1024,1024,1.0000,31.083,32.172,1,0.000,0
8445,1024,1024,1.0000,30.424,32.869,1,0.000,0
8446,1024,1024,1.0000,30.966,32.293,1,0.000,0
8447,1024,1024,1.0000,30.537,32.747,1,0.000,0
8448,1024,1024,1.0000,31.352,31.896,1,0.000,0
8449,1024,1024,1.0000,31.579,31.667,1,0.000,0
8450,1024,1024,1.0000,30.907,32.355,1,0.000,0
8451,1024,1024,1.0000,30.903,32.359,1,0.000,0
8452,1024,1024,1.0000,30.461,32.829,1,0.000,0
8453,1024,1024,1.0000,30.291,33.013,1,0.000,0
8454,1024,1024,1.0000,30.349,32.950,1,0.000,0
8455,1024,1024,1.0000,30.473,32.816,1,0.000,0
8456,1024,1024,1.0000,30.961,32.299,1,0.000,0
8457,1024,1024,1.0000,30.507,32.779,1,0.000,0
8458,1024,1024,1.0000,31.568,31.678,1,0.000,0
8459,1024,1024,1.0000,31.139,32.114,1,0.000,0
8460,1024,1024,1.0000,30.999,32.259,1,0.000,0
8461,1024,1024,1.0000,30.310,32.992,1,0.000,0
8462,1024,1024,1.0000,31.799,31.448,1,0.000,0
8463,1024,1024,1.0000,31.450,31.797,1,0.000,0
8464,1024,1024,1.0000,30.681,32.593,1,0.000,0
8465,1024,1024,1.0000,31.030,32.227,1,0.000,0
8466,1024,1024,1.0000,31.062,32.194,1,0.000,0
8467,1024,1024,1.0000,32.085,31.167,1,0.000,0
8468,1024,1024,1.0000,32.972,30.329,1,0.000,0
8469,1024,1024,1.0000,33.102,30.210,1,0.000,0
8470,1024,1024,1.0000,30.298,33.005,1,0.000,0
8471,1024,1024,1.0000,30.580,32.701,1,0.000,0
8472,1024,1024,1.0000,29.988,33.347,1,0.000,0
8473,1024,1024,1.0000,31.335,31.913,1,0.000,0
8474,1024,1024,1.0000,30.655,32.621,1,0.000,0
8475,1024,1024,1.0000,30.652,32.624,1,0.000,0
8476,1024,1024,1.0000,30.531,32.754,1,0.000,0
8477,1024,1024,1.0000,31.516,31.730,1,0.000,0
8478,1024,1024,1.0000,30.696,32.578,1,0.000,0
8479,1024,1024,1.0000,31.023,32.234,1,0.000,0
8480,1024,1024,1.0000,30.908,32.354,1,0.000,0
8481,1024,1024,1.0000,30.456,32.834,1,0.000,0
8482,1024,1024,1.0000,30.299,33.004,1,0.000,0
8483,1024,1024,1.0000,30.934,32.327,1,0.000,0
8484,1024,1024,1.0000,32.360,30.902,1,0.000,0
8485,1024,1024,1.0000,30.610,32.669,1,0.000,0
8486,1024,1024,1.0000,30.040,33.289,1,0.000,0
8487,1024,1024,1.0000,31.434,31.813,1,0.000,0
8488,1024,1024,1.0000,31.608,31.638,1,0.000,0
8489,1024,1024,1.0000,30.779,32.490,1,0.000,0
8490,1024,1024,1.0000,30.397,32.898,1,0.000,0
8491,1024,1024,1.0000,30.853,32.412,1,0.000,0
8492,1024,1024,1.0000,30.554,32.729,1,0.000,0
8493,1024,1024,1.0000,31.696,31.550,1,0.000,0
8494,1024,1024,1.0000,30.613,32.666,1,0.000,0
8495,1024,1024,1.0000,30.730,32.541,1,0.000,0
8496,1024,1024,1.0000,30.570,32.712,1,0.000,0
8497,1024,1024,1.0000,31.652,31.594,1,0.000,0
8498,1024,1024,1.0000,31.455,31.791,1,0.000,0
8499,1024,1024,1.0000,30.532,32.753,1,0.000,0
8500,1024,1024,1.0000,30.441,32.850,1,0.000,0
8501,1024,1024,1.0000,29.820,33.535,1,0.000,0
8502,1024,1024,1.0000,32.196,31.060,1,0.000,0
8503,1024,1024,1.0000,30.658,32.618,1,0.000,0
8504,1024,1024,1.0000,31.258,31.992,1,0.000,0
8505,1024,1024,1.0000,30.565,32.717,1,0.000,0
8506,1024,1024,1.0000,31.232,32.018,1,0.000,0
8507,1024,1024,1.0000,30.740,32.531,1,0.000,0
8508,1024,1024,1.0000,30.482,32.806,1,0.000,0
8509,1024,1024,1.0000,31.581,31.665,1,0.000,0
8510,1024,1024,1.0000,30.957,32.303,1,0.000,0
8511,1024,1024,1.0000,30.985,32.274,1,0.000,0
8512,1024,1024,1.0000,30.581,32.700,1,0.000,0
8513,1024,1024,1.0000,34.969,28.597,1,0.000,0
8514,1024,1024,1.0000,32.251,31.007,1,0.000,0
8515,1024,1024,1.0000,31.347,31.901,1,0.000,0
8516,1024,1024,1.0000,30.493,32.794,1,0.000,0
8517,1024,1024,1.0000,30.594,32.686,1,0.000,0
8518,1024,1024,1.0000,30.133,33.186,1,0.000,0
8519,1024,1024,1.0000,31.380,31.867,1,0.000,0
8520,1024,1024,1.0000,30.898,32.365,1,0.000,0
8521,1024,1024,1.0000,30.903,32.359,1,0.000,0
8522,1024,1024,1.0000,31.010,32.248,1,0.000,0
8523,1024,1024,1.0000,31.872,31.376,1,0.000,0
8524,1024,1024,1.0000,30.822,32.444,1,0.000,0
8525,1024,1024,1.0000,30.476,32.813,1,0.000,0
8526,1024,1024,1.0000,31.357,31.891,1,0.000,0
8527,1024,1024,1.0000,31.565,31.681,1,0.000,0
8528,1024,1024,1.0000,31.845,31.402,1,0.000,0
8529,1024,1024,1.0000,30.274,33.032,1,0.000,0
8530,1024,1024,1.0000,30.791,32.477,1,0.000,0
8531,1024,1024,1.0000,29.938,33.402,1,0.000,0
8532,1024,1024,1.0000,30.974,32.285,1,0.000,0
8533,1024,1024,1.0000,38.028,26.296,1,0.000,0
8534,1024,1024,1.0000,38.888,25.715,1,0.000,0
8535,1024,1024,1.0000,32.129,31.125,1,0.000,0
8536,1024,1024,1.0000,30.778,32.491,1,0.000,0
8537,1024,1024,1.0000,30.767,32.502,1,0.000,0
8538,1024,1024,1.0000,30.146,33.172,1,0.000,0
8539,1024,1024,1.0000,30.549,32.734,1,0.000,0
8540,1024,1024,1.0000,30.244,33.064,1,0.000,0
8541,1024,1024,1.0000,32.397,30.867,1,0.000,0
8542,1024,1024,1.0000,34.348,29.114,1,0.000,0
8543,1024,1024,1.0000,31.409,31.838,1,0.000,0
8544,1024,1024,1.0000,30.517,32.769,1,0.000,0
8545,1024,1024,1.0000,30.409,32.885,1,0.000,0
8546,1024,1024,1.0000,31.238,32.012,1,0.000,0
8547,1024,1024,1.0000,30.804,32.463,1,0.000,0
8548,1024,1024,1.0000,30.653,32.623,1,0.000,0
8549,1024,1024,1.0000,30.243,33.066,1,0.000,0
8550,1024,1024,1.0000,30.158,33.159,1,0.000,0
8551,1024,1024,1.0000,30.756,32.514,1,0.000,0
8552,1024,1024,1.0000,31.191,32.061,1,0.000,0
8553,1024,1024,1.0000,32.206,31.050,1,0.000,0
8554,1024,1024,1.0000,29.882,33.465,1,0.000,0
8555,1024,1024,1.0000,30.268,33.038,1,0.000,0
8556,1024,1024,1.0000,31.457,31.789,1,0.000,0
8557,1024,1024,1.0000,31.363,31.885,1,0.000,0
8558,1024,1024,1.0000,30.503,32.784,1,0.000,0
8559,1024,1024,1.0000,31.467,31.779,1,0.000,0
8560,1024,1024,1.0000,30.614,32.665,1,0.000,0
8561,1024,1024,1.0000,30.682,32.592,1,0.000,0
8562,1024,1024,1.0000,30.551,32.732,1,0.000,0
8563,1024,1024,1.0000,30.279,33.026,1,0.000,0
8564,1024,1024,1.0000,31.005,32.253,1,0.000,0
8565,1024,1024,1.0000,30.190,33.124,1,0.000,0
8566,1024,1024,1.0000,31.045,32.211,1,0.000,0
8567,1024,1024,1.0000,30.117,33.204,1,0.000,0
8568,1024,1024,1.0000,35.131,28.465,1,0.000,0
8569,1024,1024,1.0000,30.246,33.062,1,0.000,0
8570,1024,1024,1.0000,29.712,33.656,1,0.000,0
8571,1024,1024,1.0000,30.785,32.483,1,0.000,0
8572,1024,1024,1.0000,30.194,33.119,1,0.000,0
8573,1024,1024,1.0000,31.046,32.210,1,0.000,0
8574,1024,1024,1.0000,30.331,32.970,1,0.000,0
8575,1024,1024,1.0000,30.872,32.392,1,0.000,0
8576,1024,1024,1.0000,33.561,29.796,1,0.000,0
8577,1024,1024,1.0000,30.716,32.556,1,0.000,0
8578,1024,1024,1.0000,30.596,32.684,1,0.000,0
8579,1024,1024,1.0000,31.068,32.187,1,0.000,0
8580,1024,1024,1.0000,31.507,31.739,1,0.000,0
8581,1024,1024,1.0000,30.674,32.601,1,0.000,0
8582,1024,1024,1.0000,30.558,32.725,1,0.000,0
8583,1024,1024,1.0000,30.330,32.971,1,0.000,0
8584,1024,1024,1.0000,30.495,32.792,1,0.000,0
8585,1024,1024,1.0000,30.525,32.760,1,0.000,0
8586,1024,1024,1.0000,31.653,31.593,1,0.000,0
8587,1024,1024,1.0000,30.626,32.652,1,0.000,0
8588,1024,1024,1.0000,30.684,32.590,1,0.000,0
8589,1024,1024,1.0000,30.582,32.699,1,0.000,0
8590,1024,1024,1.0000,31.366,31.882,1,0.000,0
8591,1024,1024,1.0000,30.892,32.371,1,0.000,0
8592,1024,1024,1.0000,30.225,33.085,1,0.000,0
8593,1024,1024,1.0000,30.881,32.382,1,0.000,0
8594,1024,1024,1.0000,30.313,32.989,1,0.000,0
8595,1024,1024,1.0000,30.616,32.663,1,0.000,0
8596,1024,1024,1.0000,29.734,33.632,1,0.000,0
8597,1024,1024,1.0000,30.484,32.804,1,0.000,0
8598,1024,1024,1.0000,30.781,32.488,1,0.000,0
8599,1024,1024,1.0000,30.872,32.392,1,0.000,0
8600,1024,1024,1.0000,31.138,32.115,1,0.000,0
8601,1024,1024,1.0000,34.097,29.328,1,0.000,0
8602,1024,1024,1.0000,37.058,26.985,1,0.000,0
8603,1024,1024,1.0000,31.097,32.157,1,0.000,0
8604,1024,1024,1.0000,30.888,32.375,1,0.000,0
8605,1024,1024,1.0000,30.216,33.095,1,0.000,0
8606,1024,1024,1.0000,30.842,32.423,1,0.000,0
8607,1024,1024,1.0000,31.330,31.918,1,0.000,0
8608,1024,1024,1.0000,31.115,32.139,1,0.000,0
8609,1024,1024,1.0000,30.793,32.475,1,0.000,0
8610,1024,1024,1.0000,29.987,33.348,1,0.000,0
8611,1024,1024,1.0000,30.912,32.350,1,0.000,0
8612,1024,1024,1.0000,29.946,33.393,1,0.000,0
8613,1024,1024,1.0000,32.270,30.989,1,0.000,0
8614,1024,1024,1.0000,30.521,32.764,1,0.000,0
8615,1024,1024,1.0000,30.478,32.811,1,0.000,0
8616,1024,1024,1.0000,30.715,32.557,1,0.000,0
8617,1024,1024,1.0000,31.396,31.851,1,0.000,0
8618,1024,1024,1.0000,30.777,32.492,1,0.000,0
8619,1024,1024,1.0000,30.225,33.085,1,0.000,0
8620,1024,1024,1.0000,30.886,32.377,1,0.000,0
8621,1024,1024,1.0000,30.244,33.064,1,0.000,0
8622,1024,1024,1.0000,30.973,32.286,1,0.000,0
8623,1024,1024,1.0000,30.239,33.070,1,0.000,0
8624,1024,1024,1.0000,31.483,31.763,1,0.000,0
8625,1024,1024,1.0000,30.753,32.517,1,0.000,0
8626,1024,1024,1.0000,30.953,32.307,1,0.000,0
8627,1024,1024,1.0000,31.397,31.850,1,0.000,0
8628,1024,1024,1.0000,31.373,31.875,1,0.000,0
8629,1024,1024,1.0000,31.305,31.944,1,0.000,0
8630,1024,1024,1.0000,31.200,32.051,1,0.000,0
8631,1024,1024,1.0000,30.331,32.970,1,0.000,0
8632,1024,1024,1.0000,31.854,31.393,1,0.000,0
8633,1024,1024,1.0000,30.792,32.476,1,0.000,0
8634,1024,1024,1.0000,30.454,32.836,1,0.000,0
8635,1024,1024,1.0000,31.881,31.367,1,0.000,0
8636,1024,1024,1.0000,31.247,32.003,1,0.000,0
8637,1024,1024,1.0000,30.661,32.615,1,0.000,0
8638,1024,1024,1.0000,30.672,32.603,1,0.000,0
8639,1024,1024,1.0000,30.463,32.827,1,0.000,0
8640,1024,1024,1.0000,30.951,32.309,1,0.000,0
8641,1024,1024,1.0000,31.257,31.993,1,0.000,0
8642,1024,1024,1.0000,30.995,32.263,1,0.000,0
8643,1024,1024,1.0000,30.373,32.924,1,0.000,0
8644,1024,1024,1.0000,30.096,33.227,1,0.000,0
8645,1024,1024,1.0000,29.783,33.576,1,0.000,0
8646,1024,1024,1.0000,31.525,31.721,1,0.000,0
8647,1024,1024,1.0000,30.780,32.489,1,0.000,0
8648,1024,1024,1.0000,31.391,31.856,1,0.000,0
8649,1024,1024,1.0000,30.719,32.553,1,0.000,0
8650,1024,1024,1.0000,31.180,32.072,1,0.000,0
8651,1024,1024,1.0000,30.843,32.422,1,0.000,0
8652,1024,1024,1.0000,32.012,31.238,1,0.000,0
8653,1024,1024,1.0000,30.386,32.910,1,0.000,0
8654,1024,1024,1.0000,31.949,31.300,1,0.000,0
8655,1024,1024,1.0000,30.275,33.031,1,0.000,0
8656,1024,1024,1.0000,30.957,32.303,1,0.000,0
8657,1024,1024,1.0000,29.785,33.574,1,0.000,0
8658,1024,1024,1.0000,31.449,31.798,1,0.000,0
8659,1024,1024,1.0000,29.864,33.485,1,0.000,0
8660,1024,1024,1.0000,30.737,32.534,1,0.000,0
8661,1024,1024,1.0000,32.302,30.958,1,0.000,0
8662,1024,1024,1.0000,30.717,32.555,1,0.000,0
8663,1024,1024,1.0000,31.128,32.125,1,0.000,0
8664,1024,1024,1.0000,30.719,32.553,1,0.000,0
8665,1024,1024,1.0000,30.154,33.163,1,0.000,0
8666,1024,1024,1.0000,30.692,32.582,1,0.000,0
8667,1024,1024,1.0000,31.807,31.440,1,0.000,0
8668,1024,1024,1.0000,35.979,27.794,1,0.000,0
8669,1024,1024,1.0000,31.900,31.348,1,0.000,0
8670,1024,1024,1.0000,30.938,32.323,1,0.000,0
8671,1024,1024,1.0000,30.807,32.460,1,0.000,0
8672,1024,1024,1.0000,30.623,32.655,1,0.000,0
8673,1024,1024,1.0000,30.789,32.479,1,0.000,0
8674,1024,1024,1.0000,30.050,33.278,1,0.000,0
8675,1024,1024,1.0000,30.657,32.619,1,0.000,0
8676,1024,1024,1.0000,29.781,33.578,1,0.000,0
8677,1024,1024,1.0000,31.643,31.603,1,0.000,0
8678,1024,1024,1.0000,31.310,31.939,1,0.000,0
8679,1024,1024,1.0000,31.697,31.549,1,0.000,0
8680,1024,1024,1.0000,30.673,32.602,1,0.000,0
8681,1024,1024,1.0000,30.609,32.670,1,0.000,0
8682,1024,1024,1.0000,30.650,32.626,1,0.000,0
8683,1024,1024,1.0000,30.724,32.548,1,0.000,0
8684,1024,1024,1.0000,30.660,32.616,1,0.000,0
8685,1024,1024,1.0000,30.552,32.731,1,0.000,0
8686,1024,1024,1.0000,31.559,31.687,1,0.000,0
8687,1024,1024,1.0000,30.553,32.730,1,0.000,0
8688,1024,1024,1.0000,30.702,32.571,1,0.000,0
8689,1024,1024,1.0000,30.675,32.600,1,0.000,0
8690,1024,1024,1.0000,30.109,33.213,1,0.000,0
8691,1024,1024,1.0000,31.127,32.126,1,0.000,0
8692,1024,1024,1.0000,30.796,32.472,1,0.000,0
8693,1024,1024,1.0000,31.484,31.762,1,0.000,0
8694,1024,1024,1.0000,31.680,31.566,1,0.000,0
8695,1024,1024,1.0000,30.450,32.841,1,0.000,0
8696,1024,1024,1.0000,31.213,32.038,1,0.000,0
8697,1024,1024,1.0000,30.749,32.521,1,0.000,0
8698,1024,1024,1.0000,30.845,32.420,1,0.000,0
8699,1024,1024,1.0000,30.829,32.437,1,0.000,0
8700,1024,1024,1.0000,31.455,31.791,1,0.000,0
8701,1024,1024,1.0000,32.069,31.183,1,0.000,0
8702,1024,1024,1.0000,31.409,31.838,1,0.000,0
8703,1024,1024,1.0000,31.796,31.450,1,0.000,0
8704,1024,1024,1.0000,31.064,32.192,1,0.000,0
8705,1024,1024,1.0000,34.125,29.304,1,0.000,0
8706,1024,1024,1.0000,30.314,32.988,1,0.000,0
8707,1024,1024,1.0000,31.451,31.795,1,0.000,0
8708,1024,1024,1.0000,29.991,33.343,1,0.000,0
8709,1024,1024,1.0000,31.514,31.732,1,0.000,0
8710,1024,1024,1.0000,30.787,32.481,1,0.000,0
8711,1024,1024,1.0000,30.317,32.985,1,0.000,0
8712,1024,1024,1.0000,30.747,32.523,1,0.000,0
8713,1024,1024,1.0000,30.264,33.043,1,0.000,0
8714,1024,1024,1.0000,31.243,32.007,1,0.000,0
8715,1024,1024,1.0000,30.277,33.028,1,0.000,0
8716,1024,1024,1.0000,31.703,31.543,1,0.000,0
8717,1024,1024,1.0000,30.915,32.347,1,0.000,0
8718,1024,1024,1.0000,30.525,32.760,1,0.000,0
8719,1024,1024,1.0000,30.528,32.757,1,0.000,0
8720,1024,1024,1.0000,30.248,33.060,1,0.000,0
8721,1024,1024,1.0000,30.250,33.058,1,0.000,0
8722,1024,1024,1.0000,30.354,32.945,1,0.000,0
8723,1024,1024,1.0000,30.910,32.352,1,0.000,0
8724,1024,1024,1.0000,30.148,33.170,1,0.000,0
8725,1024,1024,1.0000,31.698,31.548,1,0.000,0
8726,1024,1024,1.0000,31.263,31.987,1,0.000,0
8727,1024,1024,1.0000,31.587,31.659,1,0.000,0
8728,1024,1024,1.0000,30.427,32.866,1,0.000,0
8729,1024,1024,1.0000,30.685,32.589,1,0.000,0
8730,1024,1024,1.0000,31.004,32.254,1,0.000,0
8731,1024,1024,1.0000,30.547,32.736,1,0.000,0
8732,1024,1024,1.0000,30.878,32.386,1,0.000,0
8733,1024,1024,1.0000,33.381,29.957,1,0.000,0
8734,1024,1024,1.0000,30.887,32.376,1,0.000,0
8735,1024,1024,1.0000,34.300,29.155,1,0.000,0
8736,1024,1024,1.0000,33.890,29.507,1,0.000,0
8737,1024,1024,1.0000,30.201,33.111,1,0.000,0
8738,1024,1024,1.0000,30.887,32.376,1,0.000,0
8739,1024,1024,1.0000,30.494,32.793,1,0.000,0
8740,1024,1024,1.0000,31.427,31.820,1,0.000,0
8741,1024,1024,1.0000,30.416,32.877,1,0.000,0
8742,1024,1024,1.0000,30.736,32.535,1,0.000,0
8743,1024,1024,1.0000,30.078,33.247,1,0.000,0
8744,1024,1024,1.0000,31.405,31.842,1,0.000,0
8745,1024,1024,1.0000,30.635,32.642,1,0.000,0
8746,1024,1024,1.0000,30.374,32.923,1,0.000,0
8747,1024,1024,1.0000,30.640,32.637,1,0.000,0
8748,1024,1024,1.0000,30.199,33.114,1,0.000,0
8749,1024,1024,1.0000,30.725,32.547,1,0.000,0
8750,1024,1024,1.0000,30.909,32.353,1,0.000,0
8751,1024,1024,1.0000,31.104,32.150,1,0.000,0
8752,1024,1024,1.0000,30.359,32.939,1,0.000,0
8753,1024,1024,1.0000,30.937,32.324,1,0.000,0
8754,1024,1024,1.0000,30.791,32.477,1,0.000,0
8755,1024,1024,1.0000,30.293,33.011,1,0.000,0
8756,1024,1024,1.0000,30.599,32.681,1,0.000,0
8757,1024,1024,1.0000,30.789,32.479,1,0.000,0
8758,1024,1024,1.0000,30.698,32.575,1,0.000,0
8759,1024,1024,1.0000,31.106,32.148,1,0.000,0
8760,1024,1024,1.0000,30.768,32.501,1,0.000,0
8761,1024,1024,1.0000,32.782,30.505,1,0.000,0
8762,1024,1024,1.0000,38.560,25.934,1,0.000,0
8763,1024,1024,1.0000,30.603,32.677,1,0.000,0
8764,1024,1024,1.0000,30.369,32.928,1,0.000,0
8765,1024,1024,1.0000,30.667,32.608,1,0.000,0
8766,1024,1024,1.0000,30.123,33.197,1,0.000,0
8767,1024,1024,1.0000,30.279,33.026,1,0.000,0
8768,1024,1024,1.0000,30.024,33.307,1,0.000,0
8769,1024,1024,1.0000,31.254,31.996,1,0.000,0
8770,1024,1024,1.0000,30.785,32.483,1,0.000,0
8771,1024,1024,1.0000,30.977,32.282,1,0.000,0
8772,1024,1024,1.0000,30.624,32.654,1,0.000,0
8773,1024,1024,1.0000,30.393,32.902,1,0.000,0
8774,1024,1024,1.0000,31.632,31.614,1,0.000,0
8775,1024,1024,1.0000,30.255,33.052,1,0.000,0
8776,1024,1024,1.0000,31.121,32.133,1,0.000,0
8777,1024,1024,1.0000,31.521,31.725,1,0.000,0
8778,1024,1024,1.0000,30.204,33.108,1,0.000,0
8779,1024,1024,1.0000,30.881,32.382,1,0.000,0
8780,1024,1024,1.0000,30.934,32.327,1,0.000,0
8781,1024,1024,1.0000,30.817,32.450,1,0.000,0
8782,1024,1024,1.0000,30.299,33.004,1,0.000,0
8783,1024,1024,1.0000,30.371,32.926,1,0.000,0
8784,1024,1024,1.0000,31.218,32.033,1,0.000,0
8785,1024,1024,1.0000,30.697,32.576,1,0.000,0
8786,1024,1024,1.0000,30.511,32.775,1,0.000,0
8787,1024,1024,1.0000,31.052,32.204,1,0.000,0
8788,1024,1024,1.0000,30.350,32.949,1,0.000,0
8789,1024,1024,1.0000,31.468,31.778,1,0.000,0
8790,1024,1024,1.0000,31.197,32.054,1,0.000,0
8791,1024,1024,1.0000,30.101,33.221,1,0.000,0
8792,1024,1024,1.0000,30.687,32.587,1,0.000,0
8793,1024,1024,1.0000,31.140,32.113,1,0.000,0
8794,1024,1024,1.0000,30.619,32.659,1,0.000,0
8795,1024,1024,1.0000,29.764,33.598,1,0.000,0
8796,1024,1024,1.0000,29.995,33.339,1,0.000,0
8797,1024,1024,1.0000,30.989,32.270,1,0.000,0
8798,1024,1024,1.0000,31.514,31.732,1,0.000,0
8799,1024,1024,1.0000,30.742,32.529,1,0.000,0
8800,1024,1024,1.0000,30.923,32.338,1,0.000,0
8801,1024,1024,1.0000,32.421,30.844,1,0.000,0
8802,1024,1024,1.0000,34.308,29.148,1,0.000,0
8803,1024,1024,1.0000,34.494,28.991,1,0.000,0
8804,1024,1024,1.0000,30.565,32.717,1,0.000,0
8805,1024,1024,1.0000,30.827,32.439,1,0.000,0
8806,1024,1024,1.0000,30.420,32.873,1,0.000,0
8807,1024,1024,1.0000,31.079,32.176,1,0.000,0
8808,1024,1024,1.0000,30.811,32.456,1,0.000,0
8809,1024,1024,1.0000,30.891,32.372,1,0.000,0
8810,1024,1024,1.0000,30.826,32.440,1,0.000,0
8811,1024,1024,1.0000,31.187,32.065,1,0.000,0
8812,1024,1024,1.0000,31.453,31.793,1,0.000,0
8813,1024,1024,1.0000,30.386,32.910,1,0.000,0
8814,1024,1024,1.0000,30.365,32.933,1,0.000,0
8815,1024,1024,1.0000,30.988,32.271,1,0.000,0
8816,1024,1024,1.0000,30.523,32.762,1,0.000,0
8817,1024,1024,1.0000,31.416,31.831,1,0.000,0
8818,1024,1024,1.0000,31.090,32.165,1,0.000,0
8819,1024,1024,1.0000,30.880,32.383,1,0.000,0
8820,1024,1024,1.0000,31.333,31.915,1,0.000,0
8821,1024,1024,1.0000,31.025,32.232,1,0.000,0
8822,1024,1024,1.0000,31.376,31.871,1,0.000,0
8823,1024,1024,1.0000,31.807,31.440,1,0.000,0
8824,1024,1024,1.0000,31.062,32.194,1,0.000,0
8825,1024,1024,1.0000,31.468,31.778,1,0.000,0
8826,1024,1024,1.0000,30.703,32.570,1,0.000,0
8827,1024,1024,1.0000,29.853,33.497,1,0.000,0
8828,1024,1024,1.0000,30.296,33.008,1,0.000,0
8829,1024,1024,1.0000,29.740,33.625,1,0.000,0
8830,1024,1024,1.0000,31.719,31.527,1,0.000,0
8831,1024,1024,1.0000,30.633,32.645,1,0.000,0
8832,1024,1024,1.0000,31.626,31.620,1,0.000,0
8833,1024,1024,1.0000,30.609,32.670,1,0.000,0
8834,1024,1024,1.0000,31.147,32.106,1,0.000,0
8835,1024,1024,1.0000,31.540,31.706,1,0.000,0
8836,1024,1024,1.0000,30.176,33.139,1,0.000,0
8837,1024,1024,1.0000,30.631,32.647,1,0.000,0
8838,1024,1024,1.0000,30.952,32.308,1,0.000,0
8839,1024,1024,1.0000,30.790,32.478,1,0.000,0
8840,1024,1024,1.0000,30.084,33.240,1,0.000,0
8841,1024,1024,1.0000,30.721,32.551,1,0.000,0
8842,1024,1024,1.0000,30.815,32.452,1,0.000,0
8843,1024,1024,1.0000,31.228,32.023,1,0.000,0
8844,1024,1024,1.0000,30.761,32.509,1,0.000,0
8845,1024,1024,1.0000,30.705,32.568,1,0.000,0
8846,1024,1024,1.0000,30.020,33.311,1,0.000,0
8847,1024,1024,1.0000,30.762,32.508,1,0.000,0
8848,1024,1024,1.0000,30.534,32.750,1,0.000,0
8849,1024,1024,1.0000,31.597,31.649,1,0.000,0
8850,1024,1024,1.0000,31.401,31.846,1,0.000,0
8851,1024,1024,1.0000,31.485,31.761,1,0.000,0
8852,1024,1024,1.0000,30.822,32.444,1,0.000,0
8853,1024,1024,1.0000,31.115,32.139,1,0.000,0
8854,1024,1024,1.0000,31.460,31.786,1,0.000,0
8855,1024,1024,1.0000,30.304,32.999,1,0.000,0
8856,1024,1024,1.0000,30.043,33.286,1,0.000,0
8857,1024,1024,1.0000,30.318,32.984,1,0.000,0
8858,1024,1024,1.0000,30.531,32.754,1,0.000,0
8859,1024,1024,1.0000,31.028,32.229,1,0.000,0
8860,1024,1024,1.0000,30.833,32.433,1,0.000,0
8861,1024,1024,1.0000,31.649,31.597,1,0.000,0
8862,1024,1024,1.0000,30.745,32.526,1,0.000,0
8863,1024,1024,1.0000,30.660,32.616,1,0.000,0
8864,1024,1024,1.0000,31.246,32.004,1,0.000,0
8865,1024,1024,1.0000,31.320,31.928,1,0.000,0
8866,1024,1024,1.0000,30.887,32.376,1,0.000,0
8867,1024,1024,1.0000,29.960,33.378,1,0.000,0
8868,1024,1024,1.0000,30.961,32.299,1,0.000,0
8869,1024,1024,1.0000,32.697,30.584,1,0.000,0
8870,1024,1024,1.0000,33.554,29.803,1,0.000,0
8871,1024,1024,1.0000,30.239,33.070,1,0.000,0
8872,1024,1024,1.0000,31.074,32.181,1,0.000,0
8873,1024,1024,1.0000,30.579,32.702,1,0.000,0
8874,1024,1024,1.0000,30.610,32.669,1,0.000,0
8875,1024,1024,1.0000,30.614,32.665,1,0.000,0
8876,1024,1024,1.0000,30.737,32.534,1,0.000,0
8877,1024,1024,1.0000,30.588,32.693,1,0.000,0
8878,1024,1024,1.0000,30.804,32.463,1,0.000,0
8879,1024,1024,1.0000,30.311,32.991,1,0.000,0
8880,1024,1024,1.0000,30.765,32.504,1,0.000,0
8881,1024,1024,1.0000,30.246,33.062,1,0.000,0
8882,1024,1024,1.0000,31.148,32.105,1,0.000,0
8883,1024,1024,1.0000,30.771,32.498,1,0.000,0
8884,1024,1024,1.0000,31.584,31.662,1,0.000,0
8885,1024,1024,1.0000,31.012,32.246,1,0.000,0
8886,1024,1024,1.0000,31.546,31.700,1,0.000,0
8887,1024,1024,1.0000,30.357,32.941,1,0.000,0
8888,1024,1024,1.0000,30.749,32.521,1,0.000,0
8889,1024,1024,1.0000,30.584,32.697,1,0.000,0
8890,1024,1024,1.0000,30.057,33.270,1,0.000,0
8891,1024,1024,1.0000,30.827,32.439,1,0.000,0
8892,1024,1024,1.0000,30.290,33.014,1,0.000,0
8893,1024,1024,1.0000,30.501,32.786,1,0.000,0
8894,1024,1024,1.0000,30.979,32.280,1,0.000,0
8895,1024,1024,1.0000,31.755,31.491,1,0.000,0
8896,1024,1024,1.0000,30.637,32.640,1,0.000,0
8897,1024,1024,1.0000,30.308,32.995,1,0.000,0
8898,1024,1024,1.0000,31.120,32.134,1,0.000,0
8899,1024,1024,1.0000,38.543,25.945,1,0.000,0
8900,1024,1024,1.0000,37.725,26.508,1,0.000,0
8901,1024,1024,1.0000,38.223,26.162,1,0.000,0
8902,1024,1024,1.0000,31.125,32.129,1,0.000,0
8903,1024,1024,1.0000,30.895,32.368,1,0.000,0
8904,1024,1024,1.0000,30.616,32.663,1,0.000,0
8905,1024,1024,1.0000,29.940,33.400,1,0.000,0
8906,1024,1024,1.0000,30.581,32.700,1,0.000,0
8907,1024,1024,1.0000,29.673,33.701,1,0.000,0
8908,1024,1024,1.0000,30.522,32.763,1,0.000,0
8909,1024,1024,1.0000,29.692,33.679,1,0.000,0
8910,1024,1024,1.0000,31.419,31.828,1,0.000,0
8911,1024,1024,1.0000,30.140,33.179,1,0.000,0
8912,1024,1024,1.0000,31.280,31.969,1,0.000,0
8913,1024,1024,1.0000,30.982,32.277,1,0.000,0
8914,1024,1024,1.0000,30.449,32.842,1,0.000,0
8915,1024,1024,1.0000,30.969,32.290,1,0.000,0
8916,1024,1024,1.0000,30.133,33.186,1,0.000,0
8917,1024,1024,1.0000,30.643,32.634,1,0.000,0
8918,1024,1024,1.0000,29.929,33.412,1,0.000,0
8919,1024,1024,1.0000,30.726,32.546,1,0.000,0
8920,1024,1024,1.0000,29.996,33.338,1,0.000,0
8921,1024,1024,1.0000,30.656,32.620,1,0.000,0
8922,1024,1024,1.0000,29.902,33.443,1,0.000,0
8923,1024,1024,1.0000,30.201,33.111,1,0.000,0
8924,1024,1024,1.0000,30.652,32.624,1,0.000,0
8925,1024,1024,1.0000,29.944,33.396,1,0.000,0
8926,1024,1024,1.0000,30.899,32.364,1,0.000,0
8927,1024,1024,1.0000,30.242,33.067,1,0.000,0
8928,1024,1024,1.0000,31.170,32.082,1,0.000,0
8929,1024,1024,1.0000,30.252,33.056,1,0.000,0
8930,1024,1024,1.0000,30.715,32.557,1,0.000,0
8931,1024,1024,1.0000,30.318,32.984,1,0.000,0
8932,1024,1024,1.0000,30.233,33.076,1,0.000,0
8933,1024,1024,1.0000,30.766,32.503,1,0.000,0
8934,1024,1024,1.0000,32.215,31.041,1,0.000,0
8935,1024,1024,1.0000,30.104,33.218,1,0.000,0
8936,1024,1024,1.0000,32.482,30.786,1,0.000,0
8937,1024,1024,1.0000,30.858,32.407,1,0.000,0
8938,1024,1024,1.0000,31.285,31.964,1,0.000,0
8939,1024,1024,1.0000,31.080,32.175,1,0.000,0
8940,1024,1024,1.0000,31.053,32.203,1,0.000,0
8941,1024,1024,1.0000,30.553,32.730,1,0.000,0
8942,1024,1024,1.0000,30.148,33.170,1,0.000,0
8943,1024,1024,1.0000,31.081,32.174,1,0.000,0
8944,1024,1024,1.0000,30.065,33.261,1,0.000,0
8945,1024,1024,1.0000,30.658,32.618,1,0.000,0
8946,1024,1024,1.0000,29.799,33.558,1,0.000,0
8947,1024,1024,1.0000,30.179,33.136,1,0.000,0
8948,1024,1024,1.0000,31.218,32.033,1,0.000,0
8949,1024,1024,1.0000,30.869,32.395,1,0.000,0
8950,1024,1024,1.0000,30.831,32.435,1,0.000,0
8951,1024,1024,1.0000,30.158,33.159,1,0.000,0
8952,1024,1024,1.0000,31.322,31.926,1,0.000,0
8953,1024,1024,1.0000,31.237,32.013,1,0.000,0
8954,1024,1024,1.0000,30.737,32.534,1,0.000,0
8955,1024,1024,1.0000,30.676,32.599,1,0.000,0
8956,1024,1024,1.0000,30.782,32.487,1,0.000,0
8957,1024,1024,1.0000,30.230,33.080,1,0.000,0
8958,1024,1024,1.0000,30.482,32.806,1,0.000,0
8959,1024,1024,1.0000,30.246,33.062,1,0.000,0
8960,1024,1024,1.0000,29.986,33.349,1,0.000,0
8961,1024,1024,1.0000,30.008,33.324,1,0.000,0
8962,1024,1024,1.0000,31.444,31.803,1,0.000,0
8963,1024,1024,1.0000,31.196,32.055,1,0.000,0
8964,1024,1024,1.0000,30.900,32.362,1,0.000,0
8965,1024,1024,1.0000,31.852,31.395,1,0.000,0
8966,1024,1024,1.0000,29.728,33.638,1,0.000,0
8967,1024,1024,1.0000,31.037,32.220,1,0.000,0
8968,1024,1024,1.0000,31.374,31.874,1,0.000,0
8969,1024,1024,1.0000,31.133,32.120,1,0.000,0
8970,1024,1024,1.0000,30.502,32.785,1,0.000,0
8971,1024,1024,1.0000,30.660,32.616,1,0.000,0
8972,1024,1024,1.0000,30.667,32.608,1,0.000,0
8973,1024,1024,1.0000,30.353,32.946,1,0.000,0
8974,1024,1024,1.0000,30.412,32.882,1,0.000,0
8975,1024,1024,1.0000,30.149,33.169,1,0.000,0
8976,1024,1024,1.0000,31.527,31.719,1,0.000,0
8977,1024,1024,1.0000,31.545,31.701,1,0.000,0
8978,1024,1024,1.0000,31.492,31.754,1,0.000,0
8979,1024,1024,1.0000,30.422,32.871,1,0.000,0
8980,1024,1024,1.0000,30.840,32.425,1,0.000,0
8981,1024,1024,1.0000,30.490,32.798,1,0.000,0
8982,1024,1024,1.0000,31.196,32.055,1,0.000,0
8983,1024,1024,1.0000,30.712,32.561,1,0.000,0
8984,1024,1024,1.0000,31.690,31.556,1,0.000,0
8985,1024,1024,1.0000,30.923,32.338,1,0.000,0
8986,1024,1024,1.0000,30.091,33.233,1,0.000,0
8987,1024,1024,1.0000,31.842,31.405,1,0.000,0
8988,1024,1024,1.0000,30.679,32.596,1,0.000,0
8989,1024,1024,1.0000,31.473,31.773,1,0.000,0
8990,1024,1024,1.0000,30.512,32.774,1,0.000,0
8991,1024,1024,1.0000,30.995,32.263,1,0.000,0
8992,1024,1024,1.0000,32.455,30.812,1,0.000,0
8993,1024,1024,1.0000,30.311,32.991,1,0.000,0
8994,1024,1024,1.0000,30.773,32.496,1,0.000,0
8995,1024,1024,1.0000,30.363,32.935,1,0.000,0
8996,1024,1024,1.0000,30.725,32.547,1,0.000,0
8997,1024,1024,1.0000,30.851,32.414,1,0.000,0
8998,1024,1024,1.0000,31.425,31.822,1,0.000,0
8999,1024,1024,1.0000,30.789,32.479,1,0.000,0
9000,1024,1024,1.0000,31.358,31.890,1,0.000,0
9001,1024,1024,1.0000,31.200,32.051,1,0.000,0
9002,1024,1024,1.0000,31.680,31.566,1,0.000,0
9003,1024,1024,1.0000,37.164,26.908,1,0.000,0
9004,1024,1024,1.0000,32.878,30.415,1,0.000,0
9005,1024,1024,1.0000,31.006,32.252,1,0.000,0
9006,1024,1024,1.0000,30.622,32.656,1,0.000,0
9007,1024,1024,1.0000,30.864,32.400,1,0.000,0
9008,1024,1024,1.0000,30.763,32.507,1,0.000,0
9009,1024,1024,1.0000,29.926,33.416,1,0.000,0
9010,1024,1024,1.0000,31.643,31.603,1,0.000,0
9011,1024,1024,1.0000,30.161,33.155,1,0.000,0
9012,1024,1024,1.0000,30.547,32.736,1,0.000,0
9013,1024,1024,1.0000,30.792,32.476,1,0.000,0
9014,1024,1024,1.0000,30.546,32.738,1,0.000,0
9015,1024,1024,1.0000,30.798,32.470,1,0.000,0
9016,1024,1024,1.0000,30.909,32.353,1,0.000,0
9017,1024,1024,1.0000,30.793,32.475,1,0.000,0
9018,1024,1024,1.0000,30.108,33.214,1,0.000,0
9019,1024,1024,1.0000,30.703,32.570,1,0.000,0
9020,1024,1024,1.0000,30.873,32.391,1,0.000,0
9021,1024,1024,1.0000,30.257,33.050,1,0.000,0
9022,1024,1024,1.0000,29.994,33.340,1,0.000,0
9023,1024,1024,1.0000,31.621,31.625,1,0.000,0
9024,1024,1024,1.0000,31.367,31.881,1,0.000,0
9025,1024,1024,1.0000,30.388,32.908,1,0.000,0
9026,1024,1024,1.0000,30.703,32.570,1,0.000,0
9027,1024,1024,1.0000,31.091,32.164,1,0.000,0
9028,1024,1024,1.0000,31.563,31.683,1,0.000,0
9029,1024,1024,1.0000,30.908,32.354,1,0.000,0
9030,1024,1024,1.0000,30.433,32.859,1,0.000,0
9031,1024,1024,1.0000,30.591,32.689,1,0.000,0
9032,1024,1024,1.0000,30.821,32.445,1,0.000,0
9033,1024,1024,1.0000,30.677,32.598,1,0.000,0
9034,1024,1024,1.0000,30.032,33.298,1,0.000,0
9035,1024,1024,1.0000,30.996,32.262,1,0.000,0
9036,1024,1024,1.0000,31.199,32.052,1,0.000,0
9037,1024,1024,1.0000,34.186,29.252,1,0.000,0
9038,1024,1024,1.0000,30.760,32.510,1,0.000,0
9039,1024,1024,1.0000,31.429,31.818,1,0.000,0
9040,1024,1024,1.0000,31.143,32.110,1,0.000,0
9041,1024,1024,1.0000,30.684,32.590,1,0.000,0
9042,1024,1024,1.0000,30.945,32.315,1,0.000,0
9043,1024,1024,1.0000,30.821,32.445,1,0.000,0
9044,1024,1024,1.0000,35.450,28.209,1,0.000,0
9045,1024,1024,1.0000,30.623,32.655,1,0.000,0
9046,1024,1024,1.0000,30.205,33.107,1,0.000,0
9047,1024,1024,1.0000,30.391,32.904,1,0.000,0
9048,1024,1024,1.0000,30.466,32.823,1,0.000,0
9049,1024,1024,1.0000,30.172,33.143,1,0.000,0
9050,1024,1024,1.0000,30.702,32.571,1,0.000,0
9051,1024,1024,1.0000,30.468,32.821,1,0.000,0
9052,1024,1024,1.0000,30.198,33.115,1,0.000,0
9053,1024,1024,1.0000,29.979,33.357,1,0.000,0
9054,1024,1024,1.0000,30.322,32.979,1,0.000,0
9055,1024,1024,1.0000,30.077,33.248,1,0.000,0
9056,1024,1024,1.0000,30.211,33.101,1,0.000,0
9057,1024,1024,1.0000,30.395,32.900,1,0.000,0
9058,1024,1024,1.0000,30.136,33.183,1,0.000,0
9059,1024,1024,1.0000,30.424,32.869,1,0.000,0
9060,1024,1024,1.0000,30.718,32.554,1,0.000,0
9061,1024,1024,1.0000,30.571,32.711,1,0.000,0
9062,1024,1024,1.0000,29.745,33.619,1,0.000,0
9063,1024,1024,1.0000,31.204,32.047,1,0.000,0
9064,1024,1024,1.0000,29.745,33.619,1,0.000,0
9065,1024,1024,1.0000,30.511,32.775,1,0.000,0
9066,1024,1024,1.0000,30.794,32.474,1,0.000,0
9067,1024,1024,1.0000,30.280,33.025,1,0.000,0
9068,1024,1024,1.0000,30.687,32.587,1,0.000,0
9069,1024,1024,1.0000,30.681,32.593,1,0.000,0
9070,1024,1024,1.0000,38.771,25.792,1,0.000,0
9071,1024,1024,1.0000,31.812,31.435,1,0.000,0
9072,1024,1024,1.0000,30.852,32.413,1,0.000,0
9073,1024,1024,1.0000,30.646,32.631,1,0.000,0
9074,1024,1024,1.0000,30.521,32.764,1,0.000,0
9075,1024,1024,1.0000,31.130,32.123,1,0.000,0
9076,1024,1024,1.0000,31.378,31.869,1,0.000,0
9077,1024,1024,1.0000,30.637,32.640,1,0.000,0
9078,1024,1024,1.0000,30.253,33.055,1,0.000,0
9079,1024,1024,1.0000,30.612,32.667,1,0.000,0
9080,1024,1024,1.0000,30.584,32.697,1,0.000,0
9081,1024,1024,1.0000,30.171,33.144,1,0.000,0
9082,1024,1024,1.0000,31.456,31.790,1,0.000,0
9083,1024,1024,1.0000,30.100,33.223,1,0.000,0
9084,1024,1024,1.0000,31.313,31.936,1,0.000,0
9085,1024,1024,1.0000,30.897,32.366,1,0.000,0
9086,1024,1024,1.0000,30.953,32.307,1,0.000,0
9087,1024,1024,1.0000,30.320,32.982,1,0.000,0
9088,1024,1024,1.0000,30.567,32.715,1,0.000,0
9089,1024,1024,1.0000,30.366,32.932,1,0.000,0
9090,1024,1024,1.0000,30.513,32.773,1,0.000,0
9091,1024,1024,1.0000,30.537,32.747,1,0.000,0
9092,1024,1024,1.0000,30.079,33.246,1,0.000,0
9093,1024,1024,1.0000,31.372,31.876,1,0.000,0
9094,1024,1024,1.0000,30.419,32.874,1,0.000,0
9095,1024,1024,1.0000,31.099,32.155,1,0.000,0
9096,1024,1024,1.0000,30.468,32.821,1,0.000,0
9097,1024,1024,1.0000,30.345,32.954,1,0.000,0
9098,1024,1024,1.0000,30.711,32.562,1,0.000,0
9099,1024,1024,1.0000,30.062,33.265,1,0.000,0
9100,1024,1024,1.0000,31.275,31.974,1,0.000,0
9101,1024,1024,1.0000,30.000,33.333,1,0.000,0
9102,1024,1024,1.0000,30.910,32.352,1,0.000,0
9103,1024,1024,1.0000,30.733,32.538,1,0.000,0
9104,1024,1024,1.0000,30.450,32.841,1,0.000,0
9105,1024,1024,1.0000,30.553,32.730,1,0.000,0
9106,1024,1024,1.0000,29.943,33.397,1,0.000,0
9107,1024,1024,1.0000,30.740,32.531,1,0.000,0
9108,1024,1024,1.0000,31.232,32.018,1,0.000,0
9109,1024,1024,1.0000,30.539,32.745,1,0.000,0
9110,1024,1024,1.0000,31.138,32.115,1,0.000,0
9111,1024,1024,1.0000,31.017,32.240,1,0.000,0
9112,1024,1024,1.0000,30.464,32.826,1,0.000,0
9113,1024,1024,1.0000,32.309,30.951,1,0.000,0
9114,1024,1024,1.0000,30.504,32.783,1,0.000,0
9115,1024,1024,1.0000,30.408,32.886,1,0.000,0
9116,1024,1024,1.0000,30.717,32.555,1,0.000,0
9117,1024,1024,1.0000,30.079,33.246,1,0.000,0
9118,1024,1024,1.0000,30.857,32.408,1,0.000,0
9119,1024,1024,1.0000,30.058,33.269,1,0.000,0
9120,1024,1024,1.0000,30.727,32.545,1,0.000,0
9121,1024,1024,1.0000,29.914,33.429,1,0.000,0
9122,1024,1024,1.0000,31.242,32.008,1,0.000,0
9123,1024,1024,1.0000,30.621,32.657,1,0.000,0
9124,1024,1024,1.0000,30.446,32.845,1,0.000,0
9125,1024,1024,1.0000,30.714,32.558,1,0.000,0
9126,1024,1024,1.0000,31.158,32.094,1,0.000,0
9127,1024,1024,1.0000,30.623,32.655,1,0.000,0
9128,1024,1024,1.0000,30.127,33.193,1,0.000,0
9129,1024,1024,1.0000,30.920,32.342,1,0.000,0
9130,1024,1024,1.0000,31.793,31.453,1,0.000,0
9131,1024,1024,1.0000,31.407,31.840,1,0.000,0
9132,1024,1024,1.0000,30.509,32.777,1,0.000,0
9133,1024,1024,1.0000,30.027,33.303,1,0.000,0
9134,1024,1024,1.0000,30.263,33.044,1,0.000,0
9135,1024,1024,1.0000,30.403,32.891,1,0.000,0
9136,1024,1024,1.0000,34.436,29.039,1,0.000,0
9137,1024,1024,1.0000,32.435,30.831,1,0.000,0
9138,1024,1024,1.0000,32.105,31.148,1,0.000,0
9139,1024,1024,1.0000,30.706,32.567,1,0.000,0
9140,1024,1024,1.0000,30.217,33.094,1,0.000,0
9141,1024,1024,1.0000,30.719,32.553,1,0.000,0
9142,1024,1024,1.0000,29.956,33.382,1,0.000,0
9143,1024,1024,1.0000,31.409,31.838,1,0.000,0
9144,1024,1024,1.0000,30.797,32.471,1,0.000,0
9145,1024,1024,1.0000,31.733,31.513,1,0.000,0
9146,1024,1024,1.0000,31.836,31.411,1,0.000,0
9147,1024,1024,1.0000,31.576,31.670,1,0.000,0
9148,1024,1024,1.0000,30.576,32.705,1,0.000,0
9149,1024,1024,1.0000,30.634,32.643,1,0.000,0
9150,1024,1024,1.0000,30.586,32.695,1,0.000,0
9151,1024,1024,1.0000,30.333,32.967,1,0.000,0
9152,1024,1024,1.0000,31.843,31.404,1,0.000,0
9153,1024,1024,1.0000,30.308,32.995,1,0.000,0
9154,1024,1024,1.0000,30.319,32.983,1,0.000,0
9155,1024,1024,1.0000,30.381,32.915,1,0.000,0
9156,1024,1024,1.0000,30.288,33.016,1,0.000,0
9157,1024,1024,1.0000,30.469,32.820,1,0.000,0
9158,1024,1024,1.0000,30.016,33.316,1,0.000,0
9159,1024,1024,1.0000,30.688,32.586,1,0.000,0
9160,1024,1024,1.0000,29.863,33.486,1,0.000,0
9161,1024,1024,1.0000,30.219,33.092,1,0.000,0
9162,1024,1024,1.0000,30.073,33.252,1,0.000,0
9163,1024,1024,1.0000,30.880,32.383,1,0.000,0
9164,1024,1024,1.0000,31.122,32.132,1,0.000,0
9165,1024,1024,1.0000,30.710,32.563,1,0.000,0
9166,1024,1024,1.0000,30.465,32.825,1,0.000,0
9167,1024,1024,1.0000,30.140,33.179,1,0.000,0
9168,1024,1024,1.0000,31.236,32.014,1,0.000,0
9169,1024,1024,1.0000,30.184,33.130,1,0.000,0
9170,1024,1024,1.0000,31.026,32.231,1,0.000,0
9171,1024,1024,1.0000,31.128,32.125,1,0.000,0
9172,1024,1024,1.0000,30.470,32.819,1,0.000,0
9173,1024,1024,1.0000,30.300,33.003,1,0.000,0
9174,1024,1024,1.0000,30.513,32.773,1,0.000,0
9175,1024,1024,1.0000,30.364,32.934,1,0.000,0
9176,1024,1024,1.0000,30.181,33.133,1,0.000,0
9177,1024,1024,1.0000,31.286,31.963,1,0.000,0
9178,1024,1024,1.0000,31.324,31.924,1,0.000,0
9179,1024,1024,1.0000,30.617,32.662,1,0.000,0
9180,1024,1024,1.0000,31.245,32.005,1,0.000,0
9181,1024,1024,1.0000,31.284,31.965,1,0.000,0
9182,1024,1024,1.0000,31.571,31.675,1,0.000,0
9183,1024,1024,1.0000,30.829,32.437,1,0.000,0
9184,1024,1024,1.0000,30.116,33.205,1,0.000,0
9185,1024,1024,1.0000,30.767,32.502,1,0.000,0
9186,1024,1024,1.0000,31.985,31.265,1,0.000,0
9187,1024,1024,1.0000,30.665,32.610,1,0.000,0
9188,1024,1024,1.0000,29.788,33.571,1,0.000,0
9189,1024,1024,1.0000,29.977,33.359,1,0.000,0
9190,1024,1024,1.0000,30.747,32.523,1,0.000,0
9191,1024,1024,1.0000,30.606,32.673,1,0.000,0
9192,1024,1024,1.0000,30.379,32.917,1,0.000,0
9193,1024,1024,1.0000,30.099,33.224,1,0.000,0
9194,1024,1024,1.0000,30.517,32.769,1,0.000,0
9195,1024,1024,1.0000,30.041,33.288,1,0.000,0
9196,1024,1024,1.0000,31.498,31.748,1,0.000,0
9197,1024,1024,1.0000,30.306,32.997,1,0.000,0
9198,1024,1024,1.0000,30.300,33.003,1,0.000,0
9199,1024,1024,1.0000,30.555,32.728,1,0.000,0
9200,1024,1024,1.0000,29.922,33.420,1,0.000,0
9201,1024,1024,1.0000,30.558,32.725,1,0.000,0
9202,1024,1024,1.0000,29.677,33.696,1,0.000,0
9203,1024,1024,1.0000,31.135,32.118,1,0.000,0
9204,1024,1024,1.0000,32.457,30.810,1,0.000,0
9205,1024,1024,1.0000,31.637,31.609,1,0.000,0
9206,1024,1024,1.0000,30.726,32.546,1,0.000,0
9207,1024,1024,1.0000,31.337,31.911,1,0.000,0
9208,1024,1024,1.0000,30.634,32.643,1,0.000,0
9209,1024,1024,1.0000,31.475,31.771,1,0.000,0
9210,1024,1024,1.0000,30.981,32.278,1,0.000,0
9211,1024,1024,1.0000,31.226,32.025,1,0.000,0
9212,1024,1024,1.0000,30.579,32.702,1,0.000,0
9213,1024,1024,1.0000,30.436,32.856,1,0.000,0
9214,1024,1024,1.0000,30.738,32.533,1,0.000,0
9215,1024,1024,1.0000,29.780,33.580,1,0.000,0
9216,1024,1024,1.0000,30.749,32.521,1,0.000,0
9217,1024,1024,1.0000,29.712,33.656,1,0.000,0
9218,1024,1024,1.0000,31.940,31.309,1,0.000,0
9219,1024,1024,1.0000,31.176,32.076,1,0.000,0
9220,1024,1024,1.0000,31.524,31.722,1,0.000,0
9221,1024,1024,1.0000,31.330,31.918,1,0.000,0
9222,1024,1024,1.0000,30.520,32.765,1,0.000,0
9223,1024,1024,1.0000,30.600,32.680,1,0.000,0
9224,1024,1024,1.0000,30.052,33.276,1,0.000,0
9225,1024,1024,1.0000,30.760,32.510,1,0.000,0
9226,1024,1024,1.0000,31.070,32.185,1,0.000,0
9227,1024,1024,1.0000,30.661,32.615,1,0.000,0
9228,1024,1024,1.0000,30.807,32.460,1,0.000,0
9229,1024,1024,1.0000,31.033,32.224,1,0.000,0
9230,1024,1024,1.0000,30.004,33.329,1,0.000,0
9231,1024,1024,1.0000,30.614,32.665,1,0.000,0
9232,1024,1024,1.0000,31.112,32.142,1,0.000,0
9233,1024,1024,1.0000,30.470,32.819,1,0.000,0
9234,1024,1024,1.0000,30.299,33.004,1,0.000,0
9235,1024,1024,1.0000,30.699,32.574,1,0.000,0
9236,1024,1024,1.0000,30.594,32.686,1,0.000,0
9237,1024,1024,1.0000,29.976,33.360,1,0.000,0
9238,1024,1024,1.0000,31.321,31.927,1,0.000,0
9239,1024,1024,1.0000,30.348,32.951,1,0.000,0
9240,1024,1024,1.0000,30.515,32.771,1,0.000,0
9241,1024,1024,1.0000,29.621,33.760,1,0.000,0
9242,1024,1024,1.0000,30.270,33.036,1,0.000,0
9243,1024,1024,1.0000,30.349,32.950,1,0.000,0
9244,1024,1024,1.0000,30.633,32.645,1,0.000,0
9245,1024,1024,1.0000,31.313,31.936,1,0.000,0
9246,1024,1024,1.0000,30.161,33.155,1,0.000,0
9247,1024,1024,1.0000,30.751,32.519,1,0.000,0
9248,1024,1024,1.0000,30.055,33.272,1,0.000,0
9249,1024,1024,1.0000,30.576,32.705,1,0.000,0
9250,1024,1024,1.0000,30.113,33.208,1,0.000,0
9251,1024,1024,1.0000,31.346,31.902,1,0.000,0
9252,1024,1024,1.0000,30.718,32.554,1,0.000,0
9253,1024,1024,1.0000,30.756,32.514,1,0.000,0
9254,1024,1024,1.0000,30.542,32.742,1,0.000,0
9255,1024,1024,1.0000,30.076,33.249,1,0.000,0
9256,1024,1024,1.0000,30.359,32.939,1,0.000,0
9257,1024,1024,1.0000,31.586,31.660,1,0.000,0
9258,1024,1024,1.0000,30.125,33.195,1,0.000,0
9259,1024,1024,1.0000,30.780,32.489,1,0.000,0
9260,1024,1024,1.0000,30.599,32.681,1,0.000,0
9261,1024,1024,1.0000,30.318,32.984,1,0.000,0
9262,1024,1024,1.0000,30.706,32.567,1,0.000,0
9263,1024,1024,1.0000,30.743,32.528,1,0.000,0
9264,1024,1024,1.0000,30.779,32.490,1,0.000,0
9265,1024,1024,1.0000,30.468,32.821,1,0.000,0
9266,1024,1024,1.0000,32.295,30.965,1,0.000,0
9267,1024,1024,1.0000,30.848,32.417,1,0.000,0
9268,1024,1024,1.0000,30.668,32.607,1,0.000,0
9269,1024,1024,1.0000,30.764,32.506,1,0.000,0
9270,1024,1024,1.0000,29.630,33.750,1,0.000,0
9271,1024,1024,1.0000,31.902,31.346,1,0.000,0
9272,1024,1024,1.0000,35.117,28.476,1,0.000,0
9273,1024,1024,1.0000,35.099,28.491,1,0.000,0
9274,1024,1024,1.0000,30.899,32.364,1,0.000,0
9275,1024,1024,1.0000,31.869,31.378,1,0.000,0
9276,1024,1024,1.0000,34.744,28.782,1,0.000,0
9277,1024,1024,1.0000,31.413,31.834,1,0.000,0
9278,1024,1024,1.0000,30.490,32.798,1,0.000,0
9279,1024,1024,1.0000,29.777,33.583,1,0.000,0
9280,1024,1024,1.0000,30.549,32.734,1,0.000,0
9281,1024,1024,1.0000,30.143,33.175,1,0.000,0
9282,1024,1024,1.0000,30.196,33.117,1,0.000,0
9283,1024,1024,1.0000,31.400,31.847,1,0.000,0
9284,1024,1024,1.0000,30.947,32.313,1,0.000,0
9285,1024,1024,1.0000,31.521,31.725,1,0.000,0
9286,1024,1024,1.0000,31.041,32.215,1,0.000,0
9287,1024,1024,1.0000,30.126,33.194,1,0.000,0
9288,1024,1024,1.0000,29.881,33.466,1,0.000,0
9289,1024,1024,1.0000,30.218,33.093,1,0.000,0
9290,1024,1024,1.0000,30.010,33.322,1,0.000,0
9291,1024,1024,1.0000,30.605,32.674,1,0.000,0
9292,1024,1024,1.0000,30.808,32.459,1,0.000,0
9293,1024,1024,1.0000,29.921,33.421,1,0.000,0
9294,1024,1024,1.0000,30.363,32.935,1,0.000,0
9295,1024,1024,1.0000,30.041,33.288,1,0.000,0
9296,1024,1024,1.0000,30.994,32.264,1,0.000,0
9297,1024,1024,1.0000,30.135,33.184,1,0.000,0
9298,1024,1024,1.0000,29.736,33.629,1,0.000,0
9299,1024,1024,1.0000,30.597,32.683,1,0.000,0
9300,1024,1024,1.0000,29.768,33.593,1,0.000,0
9301,1024,1024,1.0000,30.353,32.946,1,0.000,0
9302,1024,1024,1.0000,30.983,32.276,1,0.000,0
9303,1024,1024,1.0000,30.405,32.889,1,0.000,0
9304,1024,1024,1.0000,29.777,33.583,1,0.000,0
9305,1024,1024,1.0000,30.776,32.493,1,0.000,0
9306,1024,1024,1.0000,30.673,32.602,1,0.000,0
9307,1024,1024,1.0000,30.640,32.637,1,0.000,0
9308,1024,1024,1.0000,30.270,33.036,1,0.000,0
9309,1024,1024,1.0000,30.283,33.022,1,0.000,0
9310,1024,1024,1.0000,29.554,33.836,1,0.000,0
9311,1024,1024,1.0000,30.458,32.832,1,0.000,0
9312,1024,1024,1.0000,29.767,33.594,1,0.000,0
9313,1024,1024,1.0000,31.565,31.681,1,0.000,0
9314,1024,1024,1.0000,30.453,32.837,1,0.000,0
9315,1024,1024,1.0000,30.057,33.270,1,0.000,0
9316,1024,1024,1.0000,30.475,32.814,1,0.000,0
9317,1024,1024,1.0000,30.122,33.198,1,0.000,0
9318,1024,1024,1.0000,31.225,32.026,1,0.000,0
9319,1024,1024,1.0000,29.800,33.557,1,0.000,0
9320,1024,1024,1.0000,30.204,33.108,1,0.000,0
9321,1024,1024,1.0000,30.726,32.546,1,0.000,0
9322,1024,1024,1.0000,29.818,33.537,1,0.000,0
9323,1024,1024,1.0000,30.711,32.562,1,0.000,0
9324,1024,1024,1.0000,29.847,33.504,1,0.000,0
9325,1024,1024,1.0000,31.858,31.389,1,0.000,0
9326,1024,1024,1.0000,30.407,32.887,1,0.000,0
9327,1024,1024,1.0000,30.861,32.403,1,0.000,0
9328,1024,1024,1.0000,30.605,32.674,1,0.000,0
9329,1024,1024,1.0000,31.390,31.857,1,0.000,0
9330,1024,1024,1.0000,30.813,32.454,1,0.000,0
9331,1024,1024,1.0000,30.320,32.982,1,0.000,0
9332,1024,1024,1.0000,30.839,32.426,1,0.000,0
9333,1024,1024,1.0000,30.155,33.162,1,0.000,0
9334,1024,1024,1.0000,30.380,32.916,1,0.000,0
9335,1024,1024,1.0000,30.242,33.067,1,0.000,0
9336,1024,1024,1.0000,30.045,33.283,1,0.000,0
9337,1024,1024,1.0000,30.895,32.368,1,0.000,0
9338,1024,1024,1.0000,31.374,31.874,1,0.000,0
9339,1024,1024,1.0000,32.362,30.900,1,0.000,0
9340,1024,1024,1.0000,30.331,32.970,1,0.000,0
9341,1024,1024,1.0000,31.456,31.790,1,0.000,0
9342,1024,1024,1.0000,30.551,32.732,1,0.000,0
9343,1024,1024,1.0000,30.859,32.405,1,0.000,0
9344,1024,1024,1.0000,30.397,32.898,1,0.000,0
9345,1024,1024,1.0000,30.675,32.600,1,0.000,0
9346,1024,1024,1.0000,31.190,32.062,1,0.000,0
9347,1024,1024,1.0000,30.940,32.321,1,0.000,0
9348,1024,1024,1.0000,30.540,32.744,1,0.000,0
9349,1024,1024,1.0000,30.418,32.875,1,0.000,0
9350,1024,1024,1.0000,30.252,33.056,1,0.000,0
9351,1024,1024,1.0000,29.593,33.792,1,0.000,0
9352,1024,1024,1.0000,31.688,31.558,1,0.000,0
9353,1024,1024,1.0000,30.344,32.955,1,0.000,0
9354,1024,1024,1.0000,30.243,33.066,1,0.000,0
9355,1024,1024,1.0000,30.478,32.811,1,0.000,0
9356,1024,1024,1.0000,30.959,32.301,1,0.000,0
9357,1024,1024,1.0000,31.275,31.974,1,0.000,0
9358,1024,1024,1.0000,30.383,32.913,1,0.000,0
9359,1024,1024,1.0000,31.188,32.064,1,0.000,0
9360,1024,1024,1.0000,30.682,32.592,1,0.000,0
9361,1024,1024,1.0000,30.613,32.666,1,0.000,0
9362,1024,1024,1.0000,30.372,32.925,1,0.000,0
9363,1024,1024,1.0000,29.836,33.517,1,0.000,0
9364,1024,1024,1.0000,30.059,33.268,1,0.000,0
9365,1024,1024,1.0000,31.025,32.232,1,0.000,0
9366,1024,1024,1.0000,31.450,31.797,1,0.000,0
9367,1024,1024,1.0000,30.407,32.887,1,0.000,0
9368,1024,1024,1.0000,30.158,33.159,1,0.000,0
9369,1024,1024,1.0000,30.734,32.537,1,0.000,0
9370,1024,1024,1.0000,30.888,32.375,1,0.000,0
9371,1024,1024,1.0000,30.524,32.761,1,0.000,0
9372,1024,1024,1.0000,30.258,33.049,1,0.000,0
9373,1024,1024,1.0000,30.558,32.725,1,0.000,0
9374,1024,1024,1.0000,30.341,32.959,1,0.000,0
9375,1024,1024,1.0000,29.572,33.816,1,0.000,0
9376,1024,1024,1.0000,30.067,33.259,1,0.000,0
9377,1024,1024,1.0000,29.873,33.475,1,0.000,0
9378,1024,1024,1.0000,31.819,31.428,1,0.000,0
9379,1024,1024,1.0000,29.444,33.963,1,0.000,0
9380,1024,1024,1.0000,31.082,32.173,1,0.000,0
9381,1024,1024,1.0000,31.304,31.945,1,0.000,0
9382,1024,1024,1.0000,29.900,33.445,1,0.000,0
9383,1024,1024,1.0000,30.581,32.700,1,0.000,0
9384,1024,1024,1.0000,30.509,32.777,1,0.000,0
9385,1024,1024,1.0000,31.377,31.870,1,0.000,0
9386,1024,1024,1.0000,29.962,33.376,1,0.000,0
9387,1024,1024,1.0000,30.593,32.687,1,0.000,0
9388,1024,1024,1.0000,29.885,33.462,1,0.000,0
9389,1024,1024,1.0000,30.492,32.795,1,0.000,0
9390,1024,1024,1.0000,31.385,31.862,1,0.000,0
9391,1024,1024,1.0000,30.172,33.143,1,0.000,0
9392,1024,1024,1.0000,30.480,32.808,1,0.000,0
9393,1024,1024,1.0000,31.280,31.969,1,0.000,0
9394,1024,1024,1.0000,30.667,32.608,1,0.000,0
9395,1024,1024,1.0000,30.137,33.182,1,0.000,0
9396,1024,1024,1.0000,30.220,33.091,1,0.000,0
9397,1024,1024,1.0000,30.176,33.139,1,0.000,0
9398,1024,1024,1.0000,30.545,32.739,1,0.000,0
9399,1024,1024,1.0000,29.949,33.390,1,0.000,0
9400,1024,1024,1.0000,29.780,33.580,1,0.000,0
9401,1024,1024,1.0000,30.528,32.757,1,0.000,0
9402,1024,1024,1.0000,30.022,33.309,1,0.000,0
9403,1024,1024,1.0000,35.333,28.302,1,0.000,0
9404,1024,1024,1.0000,30.377,32.920,1,0.000,0
9405,1024,1024,1.0000,29.900,33.445,1,0.000,0
9406,1024,1024,1.0000,31.710,31.536,1,0.000,0
9407,1024,1024,1.0000,33.279,30.049,1,0.000,0
9408,1024,1024,1.0000,30.690,32.584,1,0.000,0
9409,1024,1024,1.0000,30.624,32.654,1,0.000,0
9410,1024,1024,1.0000,31.091,32.164,1,0.000,0
9411,1024,1024,1.0000,29.785,33.574,1,0.000,0
9412,1024,1024,1.0000,30.486,32.802,1,0.000,0
9413,1024,1024,1.0000,29.796,33.562,1,0.000,0
9414,1024,1024,1.0000,30.174,33.141,1,0.000,0
9415,1024,1024,1.0000,30.074,33.251,1,0.000,0
9416,1024,1024,1.0000,30.367,32.930,1,0.000,0
9417,1024,1024,1.0000,31.801,31.446,1,0.000,0
9418,1024,1024,1.0000,30.991,32.267,1,0.000,0
9419,1024,1024,1.0000,30.806,32.461,1,0.000,0
9420,1024,1024,1.0000,30.449,32.842,1,0.000,0
9421,1024,1024,1.0000,29.972,33.364,1,0.000,0
9422,1024,1024,1.0000,30.119,33.202,1,0.000,0
9423,1024,1024,1.0000,30.097,33.226,1,0.000,0
9424,1024,1024,1.0000,30.111,33.210,1,0.000,0
9425,1024,1024,1.0000,30.321,32.980,1,0.000,0
9426,1024,1024,1.0000,29.506,33.891,1,0.000,0
9427,1024,1024,1.0000,30.352,32.947,1,0.000,0
9428,1024,1024,1.0000,30.308,32.995,1,0.000,0
9429,1024,1024,1.0000,30.099,33.224,1,0.000,0
9430,1024,1024,1.0000,29.861,33.488,1,0.000,0
9431,1024,1024,1.0000,30.158,33.159,1,0.000,0
9432,1024,1024,1.0000,29.974,33.362,1,0.000,0
9433,1024,1024,1.0000,30.222,33.088,1,0.000,0
9434,1024,1024,1.0000,30.233,33.076,1,0.000,0
9435,1024,1024,1.0000,29.793,33.565,1,0.000,0
9436,1024,1024,1.0000,30.387,32.909,1,0.000,0
9437,1024,1024,1.0000,29.408,34.004,1,0.000,0
9438,1024,1024,1.0000,29.871,33.477,1,0.000,0
9439,1024,1024,1.0000,30.524,32.761,1,0.000,0
9440,1024,1024,1.0000,30.334,32.966,1,0.000,0
9441,1024,1024,1.0000,30.253,33.055,1,0.000,0
9442,1024,1024,1.0000,30.880,32.383,1,0.000,0
9443,1024,1024,1.0000,30.083,33.241,1,0.000,0
9444,1024,1024,1.0000,30.244,33.064,1,0.000,0
9445,1024,1024,1.0000,30.494,32.793,1,0.000,0
9446,1024,1024,1.0000,29.904,33.440,1,0.000,0
9447,1024,1024,1.0000,30.670,32.605,1,0.000,0
9448,1024,1024,1.0000,30.103,33.219,1,0.000,0
9449,1024,1024,1.0000,35.848,27.896,1,0.000,0
9450,1024,1024,1.0000,30.773,32.496,1,0.000,0
9451,1024,1024,1.0000,29.913,33.430,1,0.000,0
9452,1024,1024,1.0000,30.713,32.560,1,0.000,0
9453,1024,1024,1.0000,31.044,32.212,1,0.000,0
9454,1024,1024,1.0000,30.445,32.846,1,0.000,0
9455,1024,1024,1.0000,30.163,33.153,1,0.000,0
9456,1024,1024,1.0000,31.214,32.037,1,0.000,0
9457,1024,1024,1.0000,30.405,32.889,1,0.000,0
9458,1024,1024,1.0000,29.855,33.495,1,0.000,0
9459,1024,1024,1.0000,31.285,31.964,1,0.000,0
9460,1024,1024,1.0000,29.867,33.482,1,0.000,0
9461,1024,1024,1.0000,30.682,32.592,1,0.000,0
9462,1024,1024,1.0000,29.670,33.704,1,0.000,0
9463,1024,1024,1.0000,29.738,33.627,1,0.000,0
9464,1024,1024,1.0000,30.615,32.664,1,0.000,0
9465,1024,1024,1.0000,29.764,33.598,1,0.000,0
9466,1024,1024,1.0000,30.573,32.709,1,0.000,0
9467,1024,1024,1.0000,29.844,33.508,1,0.000,0
9468,1024,1024,1.0000,31.449,31.798,1,0.000,0
9469,1024,1024,1.0000,30.777,32.492,1,0.000,0
9470,1024,1024,1.0000,30.375,32.922,1,0.000,0
9471,1024,1024,1.0000,29.809,33.547,1,0.000,0
9472,1024,1024,1.0000,30.105,33.217,1,0.000,0
9473,1024,1024,1.0000,29.783,33.576,1,0.000,0
9474,1024,1024,1.0000,31.281,31.968,1,0.000,0
9475,1024,1024,1.0000,32.168,31.087,1,0.000,0
9476,1024,1024,1.0000,33.773,29.609,1,0.000,0
9477,1024,1024,1.0000,30.850,32.415,1,0.000,0
9478,1024,1024,1.0000,30.212,33.099,1,0.000,0
9479,1024,1024,1.0000,31.518,31.728,1,0.000,0
9480,1024,1024,1.0000,30.289,33.015,1,0.000,0
9481,1024,1024,1.0000,30.324,32.977,1,0.000,0
9482,1024,1024,1.0000,29.807,33.549,1,0.000,0
9483,1024,1024,1.0000,30.352,32.947,1,0.000,0
9484,1024,1024,1.0000,29.959,33.379,1,0.000,0
9485,1024,1024,1.0000,30.138,33.181,1,0.000,0
9486,1024,1024,1.0000,29.741,33.624,1,0.000,0
9487,1024,1024,1.0000,29.988,33.347,1,0.000,0
9488,1024,1024,1.0000,29.512,33.885,1,0.000,0
9489,1024,1024,1.0000,30.655,32.621,1,0.000,0
9490,1024,1024,1.0000,30.873,32.391,1,0.000,0
9491,1024,1024,1.0000,30.165,33.151,1,0.000,0
9492,1024,1024,1.0000,30.143,33.175,1,0.000,0
9493,1024,1024,1.0000,30.848,32.417,1,0.000,0
9494,1024,1024,1.0000,30.377,32.920,1,0.000,0
9495,1024,1024,1.0000,29.780,33.580,1,0.000,0
9496,1024,1024,1.0000,30.313,32.989,1,0.000,0
9497,1024,1024,1.0000,29.819,33.536,1,0.000,0
9498,1024,1024,1.0000,30.244,33.064,1,0.000,0
9499,1024,1024,1.0000,31.006,32.252,1,0.000,0
9500,1024,1024,1.0000,29.874,33.474,1,0.000,0
9501,1024,1024,1.0000,30.405,32.889,1,0.000,0
9502,1024,1024,1.0000,30.188,33.126,1,0.000,0
9503,1024,1024,1.0000,30.773,32.496,1,0.000,0
9504,1024,1024,1.0000,30.140,33.179,1,0.000,0
9505,1024,1024,1.0000,30.008,33.324,1,0.000,0
9506,1024,1024,1.0000,30.293,33.011,1,0.000,0
9507,1024,1024,1.0000,29.742,33.622,1,0.000,0
9508,1024,1024,1.0000,30.658,32.618,1,0.000,0
9509,1024,1024,1.0000,32.718,30.564,1,0.000,0
9510,1024,1024,1.0000,30.506,32.780,1,0.000,0
9511,1024,1024,1.0000,29.701,33.669,1,0.000,0
9512,1024,1024,1.0000,30.183,33.131,1,0.000,0
9513,1024,1024,1.0000,29.769,33.592,1,0.000,0
9514,1024,1024,1.0000,31.835,31.412,1,0.000,0
9515,1024,1024,1.0000,30.366,32.932,1,0.000,0
9516,1024,1024,1.0000,29.725,33.642,1,0.000,0
9517,1024,1024,1.0000,30.678,32.597,1,0.000,0
9518,1024,1024,1.0000,29.464,33.940,1,0.000,0
9519,1024,1024,1.0000,30.011,33.321,1,0.000,0
9520,1024,1024,1.0000,31.278,31.971,1,0.000,0
9521,1024,1024,1.0000,29.913,33.430,1,0.000,0
9522,1024,1024,1.0000,30.410,32.884,1,0.000,0
9523,1024,1024,1.0000,29.641,33.737,1,0.000,0
9524,1024,1024,1.0000,29.958,33.380,1,0.000,0
9525,1024,1024,1.0000,30.422,32.871,1,0.000,0
9526,1024,1024,1.0000,30.269,33.037,1,0.000,0
9527,1024,1024,1.0000,30.468,32.821,1,0.000,0
9528,1024,1024,1.0000,31.182,32.070,1,0.000,0
9529,1024,1024,1.0000,30.191,33.122,1,0.000,0
9530,1024,1024,1.0000,30.451,32.840,1,0.000,0
9531,1024,1024,1.0000,30.311,32.991,1,0.000,0
9532,1024,1024,1.0000,29.883,33.464,1,0.000,0
9533,1024,1024,1.0000,30.489,32.799,1,0.000,0
9534,1024,1024,1.0000,29.439,33.969,1,0.000,0
9535,1024,1024,1.0000,31.108,32.146,1,0.000,0
9536,1024,1024,1.0000,29.480,33.921,1,0.000,0
9537,1024,1024,1.0000,29.924,33.418,1,0.000,0
9538,1024,1024,1.0000,31.166,32.086,1,0.000,0
9539,1024,1024,1.0000,30.093,33.230,1,0.000,0
9540,1024,1024,1.0000,30.560,32.723,1,0.000,0
9541,1024,1024,1.0000,29.445,33.962,1,0.000,0
9542,1024,1024,1.0000,31.781,31.465,1,0.000,0
9543,1024,1024,1.0000,32.752,30.532,1,0.000,0
9544,1024,1024,1.0000,31.915,31.333,1,0.000,0
9545,1024,1024,1.0000,30.914,32.348,1,0.000,0
9546,1024,1024,1.0000,30.168,33.148,1,0.000,0
9547,1024,1024,1.0000,30.104,33.218,1,0.000,0
9548,1024,1024,1.0000,30.114,33.207,1,0.000,0
9549,1024,1024,1.0000,29.591,33.794,1,0.000,0
9550,1024,1024,1.0000,31.242,32.008,1,0.000,0
9551,1024,1024,1.0000,30.416,32.877,1,0.000,0
9552,1024,1024,1.0000,30.907,32.355,1,0.000,0
9553,1024,1024,1.0000,31.174,32.078,1,0.000,0
9554,1024,1024,1.0000,29.801,33.556,1,0.000,0
9555,1024,1024,1.0000,30.285,33.020,1,0.000,0
9556,1024,1024,1.0000,30.318,32.984,1,0.000,0
9557,1024,1024,1.0000,30.205,33.107,1,0.000,0
9558,1024,1024,1.0000,30.599,32.681,1,0.000,0
9559,1024,1024,1.0000,29.601,33.783,1,0.000,0
9560,1024,1024,1.0000,30.161,33.155,1,0.000,0
9561,1024,1024,1.0000,29.813,33.542,1,0.000,0
9562,1024,1024,1.0000,31.943,31.306,1,0.000,0
9563,1024,1024,1.0000,30.279,33.026,1,0.000,0
9564,1024,1024,1.0000,30.316,32.986,1,0.000,0
9565,1024,1024,1.0000,30.318,32.984,1,0.000,0
9566,1024,1024,1.0000,29.755,33.608,1,0.000,0
9567,1024,1024,1.0000,31.038,32.219,1,0.000,0
9568,1024,1024,1.0000,29.640,33.738,1,0.000,0
9569,1024,1024,1.0000,30.641,32.636,1,0.000,0
9570,1024,1024,1.0000,31.072,32.183,1,0.000,0
9571,1024,1024,1.0000,29.778,33.582,1,0.000,0
9572,1024,1024,1.0000,30.126,33.194,1,0.000,0
9573,1024,1024,1.0000,30.202,33.110,1,0.000,0
9574,1024,1024,1.0000,30.919,32.343,1,0.000,0
9575,1024,1024,1.0000,30.085,33.239,1,0.000,0
9576,1024,1024,1.0000,30.594,32.686,1,0.000,0
9577,1024,1024,1.0000,30.625,32.653,1,0.000,0
9578,1024,1024,1.0000,29.976,33.360,1,0.000,0
9579,1024,1024,1.0000,30.379,32.917,1,0.000,0
9580,1024,1024,1.0000,29.761,33.601,1,0.000,0
9581,1024,1024,1.0000,30.988,32.271,1,0.000,0
9582,1024,1024,1.0000,29.565,33.824,1,0.000,0
9583,1024,1024,1.0000,30.196,33.117,1,0.000,0
9584,1024,1024,1.0000,29.952,33.387,1,0.000,0
9585,1024,1024,1.0000,30.330,32.971,1,0.000,0
9586,1024,1024,1.0000,30.454,32.836,1,0.000,0
9587,1024,1024,1.0000,29.744,33.620,1,0.000,0
9588,1024,1024,1.0000,36.292,27.554,1,0.000,0
9589,1024,1024,1.0000,30.126,33.194,1,0.000,0
9590,1024,1024,1.0000,29.983,33.352,1,0.000,0
9591,1024,1024,1.0000,30.053,33.275,1,0.000,0
9592,1024,1024,1.0000,30.327,32.974,1,0.000,0
9593,1024,1024,1.0000,30.211,33.101,1,0.000,0
9594,1024,1024,1.0000,29.703,33.667,1,0.000,0
9595,1024,1024,1.0000,29.968,33.369,1,0.000,0
9596,1024,1024,1.0000,29.264,34.172,1,0.000,0
9597,1024,1024,1.0000,29.961,33.377,1,0.000,0
9598,1024,1024,1.0000,29.823,33.531,1,0.000,0
9599,1024,1024,1.0000,29.973,33.363,1,0.000,0
9600,1024,1024,1.0000,29.940,33.400,1,0.000,0
9601,1024,1024,1.0000,30.291,33.013,1,0.000,0
9602,1024,1024,1.0000,30.994,32.264,1,0.000,0
9603,1024,1024,1.0000,29.684,33.688,1,0.000,0
9604,1024,1024,1.0000,30.232,33.078,1,0.000,0
9605,1024,1024,1.0000,29.847,33.504,1,0.000,0
9606,1024,1024,1.0000,29.893,33.453,1,0.000,0
9607,1024,1024,1.0000,29.542,33.850,1,0.000,0
9608,1024,1024,1.0000,30.590,32.690,1,0.000,0
9609,1024,1024,1.0000,29.628,33.752,1,0.000,0
9610,1024,1024,1.0000,34.520,28.969,1,0.000,0
9611,1024,1024,1.0000,33.014,30.290,1,0.000,0
9612,1024,1024,1.0000,37.358,26.768,1,0.000,0
9613,1024,1024,1.0000,29.693,33.678,1,0.000,0
9614,1024,1024,1.0000,30.220,33.091,1,0.000,0
9615,1024,1024,1.0000,29.500,33.898,1,0.000,0
9616,1024,1024,1.0000,30.969,32.290,1,0.000,0
9617,1024,1024,1.0000,30.532,32.753,1,0.000,0
9618,1024,1024,1.0000,31.040,32.216,1,0.000,0
9619,1024,1024,1.0000,30.528,32.757,1,0.000,0
9620,1024,1024,1.0000,29.819,33.536,1,0.000,0
9621,1024,1024,1.0000,30.941,32.320,1,0.000,0
9622,1024,1024,1.0000,29.516,33.880,1,0.000,0
9623,1024,1024,1.0000,29.483,33.918,1,0.000,0
9624,1024,1024,1.0000,30.368,32.929,1,0.000,0
9625,1024,1024,1.0000,30.314,32.988,1,0.000,0
9626,1024,1024,1.0000,29.815,33.540,1,0.000,0
9627,1024,1024,1.0000,29.593,33.792,1,0.000,0
9628,1024,1024,1.0000,29.597,33.787,1,0.000,0
9629,1024,1024,1.0000,29.912,33.431,1,0.000,0
9630,1024,1024,1.0000,30.223,33.087,1,0.000,0
9631,1024,1024,1.0000,29.936,33.405,1,0.000,0
9632,1024,1024,1.0000,29.865,33.484,1,0.000,0
9633,1024,1024,1.0000,29.598,33.786,1,0.000,0
9634,1024,1024,1.0000,30.413,32.881,1,0.000,0
9635,1024,1024,1.0000,29.610,33.772,1,0.000,0
9636,1024,1024,1.0000,29.854,33.496,1,0.000,0
9637,1024,1024,1.0000,30.886,32.377,1,0.000,0
9638,1024,1024,1.0000,29.691,33.680,1,0.000,0
9639,1024,1024,1.0000,30.269,33.037,1,0.000,0
9640,1024,1024,1.0000,30.498,32.789,1,0.000,0
9641,1024,1024,1.0000,30.444,32.847,1,0.000,0
9642,1024,1024,1.0000,30.130,33.190,1,0.000,0
9643,1024,1024,1.0000,30.416,32.877,1,0.000,0
9644,1024,1024,1.0000,30.143,33.175,1,0.000,0
9645,1024,1024,1.0000,29.536,33.857,1,0.000,0
9646,1024,1024,1.0000,30.587,32.694,1,0.000,0
9647,1024,1024,1.0000,29.750,33.613,1,0.000,0
9648,1024,1024,1.0000,29.984,33.351,1,0.000,0
9649,1024,1024,1.0000,30.250,33.058,1,0.000,0
9650,1024,1024,1.0000,30.625,32.653,1,0.000,0
9651,1024,1024,1.0000,30.323,32.978,1,0.000,0
9652,1024,1024,1.0000,30.820,32.446,1,0.000,0
9653,1024,1024,1.0000,30.280,33.025,1,0.000,0
9654,1024,1024,1.0000,29.279,34.154,1,0.000,0
9655,1024,1024,1.0000,30.071,33.255,1,0.000,0
9656,1024,1024,1.0000,30.044,33.285,1,0.000,0
9657,1024,1024,1.0000,29.536,33.857,1,0.000,0
9658,1024,1024,1.0000,30.474,32.815,1,0.000,0
9659,1024,1024,1.0000,30.470,32.819,1,0.000,0
9660,1024,1024,1.0000,30.306,32.997,1,0.000,0
9661,1024,1024,1.0000,29.951,33.388,1,0.000,0
9662,1024,1024,1.0000,31.145,32.108,1,0.000,0
9663,1024,1024,1.0000,30.130,33.190,1,0.000,0
9664,1024,1024,1.0000,30.060,33.267,1,0.000,0
9665,1024,1024,1.0000,29.980,33.356,1,0.000,0
9666,1024,1024,1.0000,29.822,33.532,1,0.000,0
9667,1024,1024,1.0000,30.466,32.823,1,0.000,0
9668,1024,1024,1.0000,29.967,33.370,1,0.000,0
9669,1024,1024,1.0000,30.077,33.248,1,0.000,0
9670,1024,1024,1.0000,30.253,33.055,1,0.000,0
9671,1024,1024,1.0000,29.740,33.625,1,0.000,0
9672,1024,1024,1.0000,31.293,31.956,1,0.000,0
9673,1024,1024,1.0000,29.814,33.541,1,0.000,0
9674,1024,1024,1.0000,30.578,32.703,1,0.000,0
9675,1024,1024,1.0000,29.794,33.564,1,0.000,0
9676,1024,1024,1.0000,29.832,33.521,1,0.000,0
9677,1024,1024,1.0000,30.379,32.917,1,0.000,0
9678,1024,1024,1.0000,33.172,30.146,1,0.000,0
9679,1024,1024,1.0000,36.781,27.188,1,0.000,0
9680,1024,1024,1.0000,31.739,31.507,1,0.000,0
9681,1024,1024,1.0000,29.931,33.410,1,0.000,0
9682,1024,1024,1.0000,30.775,32.494,1,0.000,0
9683,1024,1024,1.0000,30.255,33.052,1,0.000,0
9684,1024,1024,1.0000,30.130,33.190,1,0.000,0
9685,1024,1024,1.0000,30.185,33.129,1,0.000,0
9686,1024,1024,1.0000,30.427,32.866,1,0.000,0
9687,1024,1024,1.0000,30.270,33.036,1,0.000,0
9688,1024,1024,1.0000,29.590,33.795,1,0.000,0
9689,1024,1024,1.0000,29.880,33.467,1,0.000,0
9690,1024,1024,1.0000,30.440,32.852,1,0.000,0
9691,1024,1024,1.0000,29.983,33.352,1,0.000,0
9692,1024,1024,1.0000,31.218,32.033,1,0.000,0
9693,1024,1024,1.0000,31.016,32.241,1,0.000,0
9694,1024,1024,1.0000,30.292,33.012,1,0.000,0
9695,1024,1024,1.0000,30.029,33.301,1,0.000,0
9696,1024,1024,1.0000,30.076,33.249,1,0.000,0
9697,1024,1024,1.0000,30.371,32.926,1,0.000,0
9698,1024,1024,1.0000,29.544,33.848,1,0.000,0
9699,1024,1024,1.0000,30.708,32.565,1,0.000,0
9700,1024,1024,1.0000,30.155,33.162,1,0.000,0
9701,1024,1024,1.0000,29.772,33.589,1,0.000,0
9702,1024,1024,1.0000,29.937,33.403,1,0.000,0
9703,1024,1024,1.0000,30.940,32.321,1,0.000,0
9704,1024,1024,1.0000,29.896,33.449,1,0.000,0
9705,1024,1024,1.0000,30.160,33.156,1,0.000,0
9706,1024,1024,1.0000,31.293,31.956,1,0.000,0
9707,1024,1024,1.0000,30.380,32.916,1,0.000,0
9708,1024,1024,1.0000,29.618,33.763,1,0.000,0
9709,1024,1024,1.0000,30.247,33.061,1,0.000,0
9710,1024,1024,1.0000,29.770,33.591,1,0.000,0
9711,1024,1024,1.0000,29.848,33.503,1,0.000,0
9712,1024,1024,1.0000,30.798,32.470,1,0.000,0
9713,1024,1024,1.0000,30.268,33.038,1,0.000,0
9714,1024,1024,1.0000,29.920,33.422,1,0.000,0
9715,1024,1024,1.0000,29.244,34.195,1,0.000,0
9716,1024,1024,1.0000,30.267,33.039,1,0.000,0
9717,1024,1024,1.0000,29.861,33.488,1,0.000,0
9718,1024,1024,1.0000,30.735,32.536,1,0.000,0
9719,1024,1024,1.0000,30.011,33.321,1,0.000,0
9720,1024,1024,1.0000,29.532,33.862,1,0.000,0
9721,1024,1024,1.0000,30.847,32.418,1,0.000,0
9722,1024,1024,1.0000,30.035,33.294,1,0.000,0
9723,1024,1024,1.0000,30.366,32.932,1,0.000,0
9724,1024,1024,1.0000,30.872,32.392,1,0.000,0
9725,1024,1024,1.0000,29.231,34.210,1,0.000,0
9726,1024,1024,1.0000,29.965,33.372,1,0.000,0
9727,1024,1024,1.0000,30.041,33.288,1,0.000,0
9728,1024,1024,1.0000,30.292,33.012,1,0.000,0
9729,1024,1024,1.0000,30.251,33.057,1,0.000,0
9730,1024,1024,1.0000,30.450,32.841,1,0.000,0
9731,1024,1024,1.0000,30.494,32.793,1,0.000,0
9732,1024,1024,1.0000,29.547,33.844,1,0.000,0
9733,1024,1024,1.0000,29.986,33.349,1,0.000,0
9734,1024,1024,1.0000,29.666,33.709,1,0.000,0
9735,1024,1024,1.0000,30.472,32.817,1,0.000,0
9736,1024,1024,1.0000,29.799,33.558,1,0.000,0
9737,1024,1024,1.0000,31.265,31.985,1,0.000,0
9738,1024,1024,1.0000,30.126,33.194,1,0.000,0
9739,1024,1024,1.0000,29.847,33.504,1,0.000,0
9740,1024,1024,1.0000,30.380,32.916,1,0.000,0
9741,1024,1024,1.0000,30.202,33.110,1,0.000,0
9742,1024,1024,1.0000,30.313,32.989,1,0.000,0
9743,1024,1024,1.0000,30.541,32.743,1,0.000,0
9744,1024,1024,1.0000,33.301,30.029,1,0.000,0
9745,1024,1024,1.0000,30.565,32.717,1,0.000,0
9746,1024,1024,1.0000,30.324,32.977,1,0.000,0
9747,1024,1024,1.0000,31.803,31.444,1,0.000,0
9748,1024,1024,1.0000,35.565,28.118,1,0.000,0
9749,1024,1024,1.0000,30.606,32.673,1,0.000,0
9750,1024,1024,1.0000,29.813,33.542,1,0.000,0
9751,1024,1024,1.0000,30.183,33.131,1,0.000,0
9752,1024,1024,1.0000,29.875,33.473,1,0.000,0
9753,1024,1024,1.0000,30.430,32.862,1,0.000,0
9754,1024,1024,1.0000,29.753,33.610,1,0.000,0
9755,1024,1024,1.0000,30.193,33.120,1,0.000,0
9756,1024,1024,1.0000,30.476,32.813,1,0.000,0
9757,1024,1024,1.0000,29.822,33.532,1,0.000,0
9758,1024,1024,1.0000,29.821,33.533,1,0.000,0
9759,1024,1024,1.0000,29.237,34.203,1,0.000,0
9760,1024,1024,1.0000,29.530,33.864,1,0.000,0
9761,1024,1024,1.0000,29.907,33.437,1,0.000,0
9762,1024,1024,1.0000,29.975,33.361,1,0.000,0
9763,1024,1024,1.0000,29.945,33.395,1,0.000,0
9764,1024,1024,1.0000,30.332,32.968,1,0.000,0
9765,1024,1024,1.0000,30.079,33.246,1,0.000,0
9766,1024,1024,1.0000,29.885,33.462,1,0.000,0
9767,1024,1024,1.0000,30.394,32.901,1,0.000,0
9768,1024,1024,1.0000,29.638,33.740,1,0.000,0
9769,1024,1024,1.0000,29.373,34.045,1,0.000,0
9770,1024,1024,1.0000,29.467,33.936,1,0.000,0
9771,1024,1024,1.0000,29.604,33.779,1,0.000,0
9772,1024,1024,1.0000,30.895,32.368,1,0.000,0
9773,1024,1024,1.0000,30.752,32.518,1,0.000,0
9774,1024,1024,1.0000,29.999,33.334,1,0.000,0
9775,1024,1024,1.0000,30.146,33.172,1,0.000,0
9776,1024,1024,1.0000,30.322,32.979,1,0.000,0
9777,1024,1024,1.0000,30.434,32.858,1,0.000,0
9778,1024,1024,1.0000,30.640,32.637,1,0.000,0
9779,1024,1024,1.0000,30.999,32.259,1,0.000,0
9780,1024,1024,1.0000,29.763,33.599,1,0.000,0
9781,1024,1024,1.0000,29.872,33.476,1,0.000,0
9782,1024,1024,1.0000,30.356,32.942,1,0.000,0
9783,1024,1024,1.0000,29.526,33.868,1,0.000,0
9784,1024,1024,1.0000,30.558,32.725,1,0.000,0
9785,1024,1024,1.0000,31.165,32.087,1,0.000,0
9786,1024,1024,1.0000,29.978,33.358,1,0.000,0
9787,1024,1024,1.0000,30.361,32.937,1,0.000,0
9788,1024,1024,1.0000,29.772,33.589,1,0.000,0
9789,1024,1024,1.0000,30.259,33.048,1,0.000,0
9790,1024,1024,1.0000,30.106,33.216,1,0.000,0
9791,1024,1024,1.0000,30.773,32.496,1,0.000,0
9792,1024,1024,1.0000,30.349,32.950,1,0.000,0
9793,1024,1024,1.0000,30.077,33.248,1,0.000,0
9794,1024,1024,1.0000,30.415,32.879,1,0.000,0
9795,1024,1024,1.0000,30.144,33.174,1,0.000,0
9796,1024,1024,1.0000,30.078,33.247,1,0.000,0
9797,1024,1024,1.0000,29.758,33.604,1,0.000,0
9798,1024,1024,1.0000,29.685,33.687,1,0.000,0
9799,1024,1024,1.0000,30.973,32.286,1,0.000,0
9800,1024,1024,1.0000,29.521,33.874,1,0.000,0
9801,1024,1024,1.0000,30.368,32.929,1,0.000,0
9802,1024,1024,1.0000,29.663,33.712,1,0.000,0
9803,1024,1024,1.0000,29.352,34.069,1,0.000,0
9804,1024,1024,1.0000,30.074,33.251,1,0.000,0
9805,1024,1024,1.0000,30.774,32.495,1,0.000,0
9806,1024,1024,1.0000,31.116,32.138,1,0.000,0
9807,1024,1024,1.0000,29.630,33.750,1,0.000,0
9808,1024,1024,1.0000,30.178,33.137,1,0.000,0
9809,1024,1024,1.0000,30.016,33.316,1,0.000,0
9810,1024,1024,1.0000,29.691,33.680,1,0.000,0
9811,1024,1024,1.0000,30.125,33.195,1,0.000,0
9812,1024,1024,1.0000,29.401,34.012,1,0.000,0
9813,1024,1024,1.0000,29.844,33.508,1,0.000,0
9814,1024,1024,1.0000,29.754,33.609,1,0.000,0
9815,1024,1024,1.0000,30.632,32.646,1,0.000,0
9816,1024,1024,1.0000,30.429,32.863,1,0.000,0
9817,1024,1024,1.0000,31.074,32.181,1,0.000,0
9818,1024,1024,1.0000,29.540,33.852,1,0.000,0
9819,1024,1024,1.0000,30.183,33.131,1,0.000,0
9820,1024,1024,1.0000,29.955,33.383,1,0.000,0
9821,1024,1024,1.0000,30.892,32.371,1,0.000,0
9822,1024,1024,1.0000,29.721,33.646,1,0.000,0
9823,1024,1024,1.0000,29.756,33.607,1,0.000,0
9824,1024,1024,1.0000,29.292,34.139,1,0.000,0
9825,1024,1024,1.0000,29.552,33.839,1,0.000,0
9826,1024,1024,1.0000,29.918,33.425,1,0.000,0
9827,1024,1024,1.0000,29.572,33.816,1,0.000,0
9828,1024,1024,1.0000,30.384,32.912,1,0.000,0
9829,1024,1024,1.0000,29.561,33.828,1,0.000,0
9830,1024,1024,1.0000,30.573,32.709,1,0.000,0
9831,1024,1024,1.0000,30.135,33.184,1,0.000,0
9832,1024,1024,1.0000,29.949,33.390,1,0.000,0
9833,1024,1024,1.0000,29.263,34.173,1,0.000,0
9834,1024,1024,1.0000,29.914,33.429,1,0.000,0
9835,1024,1024,1.0000,29.045,34.429,1,0.000,0
9836,1024,1024,1.0000,30.078,33.247,1,0.000,0
9837,1024,1024,1.0000,29.871,33.477,1,0.000,0
9838,1024,1024,1.0000,29.912,33.431,1,0.000,0
9839,1024,1024,1.0000,30.959,32.301,1,0.000,0
9840,1024,1024,1.0000,29.601,33.783,1,0.000,0
9841,1024,1024,1.0000,29.881,33.466,1,0.000,0
9842,1024,1024,1.0000,30.218,33.093,1,0.000,0
9843,1024,1024,1.0000,29.266,34.169,1,0.000,0
9844,1024,1024,1.0000,29.894,33.452,1,0.000,0
9845,1024,1024,1.0000,29.084,34.383,1,0.000,0
9846,1024,1024,1.0000,31.951,31.298,1,0.000,0
9847,1024,1024,1.0000,29.726,33.641,1,0.000,0
9848,1024,1024,1.0000,30.013,33.319,1,0.000,0
9849,1024,1024,1.0000,30.044,33.285,1,0.000,0
9850,1024,1024,1.0000,29.721,33.646,1,0.000,0
9851,1024,1024,1.0000,30.442,32.849,1,0.000,0
9852,1024,1024,1.0000,29.954,33.385,1,0.000,0
9853,1024,1024,1.0000,29.868,33.481,1,0.000,0
9854,1024,1024,1.0000,29.598,33.786,1,0.000,0
9855,1024,1024,1.0000,30.227,33.083,1,0.000,0
9856,1024,1024,1.0000,29.414,33.997,1,0.000,0
9857,1024,1024,1.0000,29.538,33.855,1,0.000,0
9858,1024,1024,1.0000,31.023,32.234,1,0.000,0
9859,1024,1024,1.0000,29.472,33.931,1,0.000,0
9860,1024,1024,1.0000,35.161,28.441,1,0.000,0
9861,1024,1024,1.0000,29.931,33.410,1,0.000,0
9862,1024,1024,1.0000,29.695,33.676,1,0.000,0
9863,1024,1024,1.0000,30.138,33.181,1,0.000,0
9864,1024,1024,1.0000,29.357,34.063,1,0.000,0
9865,1024,1024,1.0000,30.143,33.175,1,0.000,0
9866,1024,1024,1.0000,30.044,33.285,1,0.000,0
9867,1024,1024,1.0000,30.281,33.024,1,0.000,0
9868,1024,1024,1.0000,31.049,32.207,1,0.000,0
9869,1024,1024,1.0000,31.281,31.968,1,0.000,0
9870,1024,1024,1.0000,33.026,30.279,1,0.000,0
9871,1024,1024,1.0000,31.637,31.609,1,0.000,0
9872,1024,1024,1.0000,29.932,33.409,1,0.000,0
9873,1024,1024,1.0000,29.841,33.511,1,0.000,0
9874,1024,1024,1.0000,33.391,29.948,1,0.000,0
9875,1024,1024,1.0000,37.322,26.794,1,0.000,0
9876,1024,1024,1.0000,34.798,28.737,1,0.000,0
9877,1024,1024,1.0000,32.846,30.445,1,0.000,0
9878,1024,1024,1.0000,37.794,26.459,1,0.000,0
9879,1024,1024,1.0000,37.475,26.684,1,0.000,0
9880,1024,1024,1.0000,37.859,26.414,1,0.000,0
9881,1024,1024,1.0000,34.038,29.379,1,0.000,0
9882,1024,1024,1.0000,37.307,26.805,1,0.000,0
9883,1024,1024,1.0000,37.443,26.707,1,0.000,0
9884,1024,1024,1.0000,32.269,30.989,1,0.000,0
9885,1024,1024,1.0000,31.783,31.463,1,0.000,0
9886,1024,1024,1.0000,36.531,27.374,1,0.000,0
9887,1024,1024,1.0000,45.099,22.173,1,0.000,0
9888,1024,1024,1.0000,36.368,27.497,1,0.000,0
9889,1024,1024,1.0000,36.500,27.397,1,0.000,0
9890,1024,1024,1.0000,34.874,28.675,1,0.000,0
9891,1024,1024,1.0000,33.486,29.863,1,0.000,0
9892,1024,1024,1.0000,35.804,27.930,1,0.000,0
9893,1024,1024,1.0000,36.469,27.421,1,0.000,0
9894,1024,1024,1.0000,36.422,27.456,1,0.000,0
9895,1024,1024,1.0000,36.632,27.299,1,0.000,0
9896,1024,1024,1.0000,34.837,28.705,1,0.000,0
9897,1024,1024,1.0000,30.594,32.686,1,0.000,0
9898,1024,1024,1.0000,29.262,34.174,1,0.000,0
9899,1024,1024,1.0000,28.608,34.955,1,0.000,0
9900,1024,1024,1.0000,29.077,34.391,1,0.000,0
9901,1024,1024,1.0000,29.598,33.786,1,0.000,0
9902,1024,1024,1.0000,29.287,34.145,1,0.000,0
9903,1024,1024,1.0000,34.635,28.873,1,0.000,0
9904,1024,1024,1.0000,30.273,33.033,1,0.000,0
9905,1024,1024,1.0000,29.285,34.147,1,0.000,0
9906,1024,1024,1.0000,28.890,34.614,1,0.000,0
9907,1024,1024,1.0000,29.512,33.885,1,0.000,0
9908,1024,1024,1.0000,29.348,34.074,1,0.000,0
9909,1024,1024,1.0000,29.336,34.088,1,0.000,0
9910,1024,1024,1.0000,28.205,35.455,1,0.000,0
9911,1024,1024,1.0000,29.287,34.145,1,0.000,0
9912,1024,1024,1.0000,28.824,34.693,1,0.000,0
9913,1024,1024,1.0000,29.499,33.899,1,0.000,0
9914,1024,1024,1.0000,28.511,35.074,1,0.000,0
9915,1024,1024,1.0000,29.496,33.903,1,0.000,0
9916,1024,1024,1.0000,28.724,34.814,1,0.000,0
9917,1024,1024,1.0000,30.156,33.161,1,0.000,0
9918,1024,1024,1.0000,28.245,35.404,1,0.000,0
9919,1024,1024,1.0000,29.667,33.707,1,0.000,0
9920,1024,1024,1.0000,33.290,30.039,1,0.000,0
9921,1024,1024,1.0000,29.226,34.216,1,0.000,0
9922,1024,1024,1.0000,28.756,34.775,1,0.000,0
9923,1024,1024,1.0000,29.597,33.787,1,0.000,0
9924,1024,1024,1.0000,28.901,34.601,1,0.000,0
9925,1024,1024,1.0000,30.077,33.248,1,0.000,0
9926,1024,1024,1.0000,29.383,34.033,1,0.000,0
9927,1024,1024,1.0000,30.137,33.182,1,0.000,0
9928,1024,1024,1.0000,29.075,34.394,1,0.000,0
9929,1024,1024,1.0000,29.487,33.913,1,0.000,0
9930,1024,1024,1.0000,29.268,34.167,1,0.000,0
9931,1024,1024,1.0000,29.684,33.688,1,0.000,0
9932,1024,1024,1.0000,29.483,33.918,1,0.000,0
9933,1024,1024,1.0000,30.162,33.154,1,0.000,0
9934,1024,1024,1.0000,30.092,33.231,1,0.000,0
9935,1024,1024,1.0000,30.287,33.017,1,0.000,0
9936,1024,1024,1.0000,29.602,33.782,1,0.000,0
9937,1024,1024,1.0000,31.809,31.438,1,0.000,0
9938,1024,1024,1.0000,35.640,28.058,1,0.000,0
9939,1024,1024,1.0000,28.289,35.349,1,0.000,0
9940,1024,1024,1.0000,28.698,34.846,1,0.000,0
9941,1024,1024,1.0000,28.464,35.132,1,0.000,0
9942,1024,1024,1.0000,29.874,33.474,1,0.000,0
9943,1024,1024,1.0000,29.375,34.043,1,0.000,0
9944,1024,1024,1.0000,30.004,33.329,1,0.000,0
9945,1024,1024,1.0000,29.545,33.847,1,0.000,0
9946,1024,1024,1.0000,28.787,34.738,1,0.000,0
9947,1024,1024,1.0000,29.568,33.820,1,0.000,0
9948,1024,1024,1.0000,31.877,31.371,1,0.000,0
9949,1024,1024,1.0000,30.168,33.148,1,0.000,0
9950,1024,1024,1.0000,34.874,28.675,1,0.000,0
9951,1024,1024,1.0000,29.648,33.729,1,0.000,0
9952,1024,1024,1.0000,28.516,35.068,1,0.000,0
9953,1024,1024,1.0000,29.765,33.597,1,0.000,0
9954,1024,1024,1.0000,29.168,34.284,1,0.000,0
9955,1024,1024,1.0000,29.778,33.582,1,0.000,0
9956,1024,1024,1.0000,29.154,34.301,1,0.000,0
9957,1024,1024,1.0000,29.738,33.627,1,0.000,0
9958,1024,1024,1.0000,28.969,34.520,1,0.000,0
9959,1024,1024,1.0000,29.668,33.706,1,0.000,0
9960,1024,1024,1.0000,29.877,33.471,1,0.000,0
9961,1024,1024,1.0000,29.396,34.018,1,0.000,0
9962,1024,1024,1.0000,29.278,34.155,1,0.000,0
9963,1024,1024,1.0000,29.422,33.988,1,0.000,0
9964,1024,1024,1.0000,29.275,34.159,1,0.000,0
9965,1024,1024,1.0000,29.288,34.144,1,0.000,0
9966,1024,1024,1.0000,29.475,33.927,1,0.000,0
9967,1024,1024,1.0000,29.488,33.912,1,0.000,0
9968,1024,1024,1.0000,29.266,34.169,1,0.000,0
9969,1024,1024,1.0000,31.418,31.829,1,0.000,0
9970,1024,1024,1.0000,29.527,33.867,1,0.000,0
9971,1024,1024,1.0000,30.113,33.208,1,0.000,0
9972,1024,1024,1.0000,29.810,33.546,1,0.000,0
9973,1024,1024,1.0000,29.262,34.174,1,0.000,0
9974,1024,1024,1.0000,29.801,33.556,1,0.000,0
9975,1024,1024,1.0000,29.234,34.207,1,0.000,0
9976,1024,1024,1.0000,30.551,32.732,1,0.000,0
9977,1024,1024,1.0000,29.152,34.303,1,0.000,0
9978,1024,1024,1.0000,30.182,33.132,1,0.000,0
9979,1024,1024,1.0000,29.411,34.001,1,0.000,0
9980,1024,1024,1.0000,29.274,34.160,1,0.000,0
9981,1024,1024,1.0000,29.677,33.696,1,0.000,0
9982,1024,1024,1.0000,29.891,33.455,1,0.000,0
9983,1024,1024,1.0000,30.175,33.140,1,0.000,0
9984,1024,1024,1.0000,30.662,32.614,1,0.000,0
9985,1024,1024,1.0000,29.707,33.662,1,0.000,0
9986,1024,1024,1.0000,29.812,33.544,1,0.000,0
9987,1024,1024,1.0000,30.075,33.250,1,0.000,0
9988,1024,1024,1.0000,28.919,34.579,1,0.000,0
9989,1024,1024,1.0000,30.011,33.321,1,0.000,0
9990,1024,1024,1.0000,29.536,33.857,1,0.000,0
9991,1024,1024,1.0000,29.598,33.786,1,0.000,0
9992,1024,1024,1.0000,30.009,33.323,1,0.000,0
9993,1024,1024,1.0000,30.611,32.668,1,0.000,0
9994,1024,1024,1.0000,30.754,32.516,1,0.000,0
9995,1024,1024,1.0000,29.518,33.878,1,0.000,0
9996,1024,1024,1.0000,30.059,33.268,1,0.000,0
9997,1024,1024,1.0000,29.749,33.615,1,0.000,0
9998,1024,1024,1.0000,29.297,34.133,1,0.000,0
9999,1024,1024,1.0000,29.760,33.602,1,0.000,0
10000,1024,1024,1.0000,29.645,33.733,1,0.000,0
10001,1024,1024,1.0000,30.294,33.010,1,0.000,0
10002,1024,1024,1.0000,30.410,32.884,1,0.000,0
10003,1024,1024,1.0000,29.984,33.351,1,0.000,0
10004,1024,1024,1.0000,29.446,33.960,1,0.000,0
10005,1024,1024,1.0000,32.090,31.162,1,0.000,0
10006,1024,1024,1.0000,31.730,31.516,1,0.000,0
10007,1024,1024,1.0000,31.104,32.150,1,0.000,0
10008,1024,1024,1.0000,30.682,32.592,1,0.000,0
10009,1024,1024,1.0000,30.015,33.317,1,0.000,0
10010,1024,1024,1.0000,29.835,33.518,1,0.000,0
10011,1024,1024,1.0000,29.444,33.963,1,0.000,0
10012,1024,1024,1.0000,29.053,34.420,1,0.000,0
10013,1024,1024,1.0000,36.656,27.281,1,0.000,0
10014,1024,1024,1.0000,31.991,31.259,1,0.000,0
10015,1024,1024,1.0000,33.326,30.007,1,0.000,0
10016,1024,1024,1.0000,36.750,27.211,1,0.000,0
10017,1024,1024,1.0000,33.302,30.028,1,0.000,0
10018,1024,1024,1.0000,37.279,26.825,1,0.000,0
10019,1024,1024,1.0000,34.210,29.231,1,0.000,0
10020,1024,1024,1.0000,37.887,26.394,1,0.000,0
10021,1024,1024,1.0000,36.932,27.077,1,0.000,0
10022,1024,1024,1.0000,32.650,30.628,1,0.000,0
10023,1024,1024,1.0000,32.544,30.728,1,0.000,0
10024,1024,1024,1.0000,36.195,27.628,1,0.000,0
10025,1024,1024,1.0000,29.263,34.173,1,0.000,0
10026,1024,1024,1.0000,30.112,33.209,1,0.000,0
10027,1024,1024,1.0000,29.139,34.318,1,0.000,0
10028,1024,1024,1.0000,29.172,34.279,1,0.000,0
10029,1024,1024,1.0000,29.793,33.565,1,0.000,0
10030,1024,1024,1.0000,29.853,33.497,1,0.000,0
10031,1024,1024,1.0000,29.498,33.901,1,0.000,0
10032,1024,1024,1.0000,29.710,33.659,1,0.000,0
10033,1024,1024,1.0000,29.517,33.879,1,0.000,0
10034,1024,1024,1.0000,28.884,34.621,1,0.000,0
10035,1024,1024,1.0000,29.626,33.754,1,0.000,0
10036,1024,1024,1.0000,29.091,34.375,1,0.000,0
10037,1024,1024,1.0000,29.243,34.196,1,0.000,0
10038,1024,1024,1.0000,29.123,34.337,1,0.000,0
10039,1024,1024,1.0000,30.530,32.755,1,0.000,0
10040,1024,1024,1.0000,28.900,34.602,1,0.000,0
10041,1024,1024,1.0000,29.717,33.651,1,0.000,0
10042,1024,1024,1.0000,28.887,34.618,1,0.000,0
10043,1024,1024,1.0000,29.682,33.690,1,0.000,0
10044,1024,1024,1.0000,29.940,33.400,1,0.000,0
10045,1024,1024,1.0000,29.312,34.116,1,0.000,0
10046,1024,1024,1.0000,29.390,34.025,1,0.000,0
10047,1024,1024,1.0000,29.130,34.329,1,0.000,0
10048,1024,1024,1.0000,30.176,33.139,1,0.000,0
10049,1024,1024,1.0000,28.930,34.566,1,0.000,0
10050,1024,1024,1.0000,30.125,33.195,1,0.000,0
10051,1024,1024,1.0000,29.058,34.414,1,0.000,0
10052,1024,1024,1.0000,29.950,33.389,1,0.000,0
10053,1024,1024,1.0000,29.556,33.834,1,0.000,0
10054,1024,1024,1.0000,29.360,34.060,1,0.000,0
10055,1024,1024,1.0000,29.508,33.889,1,0.000,0
10056,1024,1024,1.0000,29.561,33.828,1,0.000,0
10057,1024,1024,1.0000,29.472,33.931,1,0.000,0
10058,1024,1024,1.0000,29.836,33.517,1,0.000,0
10059,1024,1024,1.0000,29.224,34.218,1,0.000,0
10060,1024,1024,1.0000,29.463,33.941,1,0.000,0
10061,1024,1024,1.0000,29.982,33.353,1,0.000,0
10062,1024,1024,1.0000,29.130,34.329,1,0.000,0
10063,1024,1024,1.0000,29.770,33.591,1,0.000,0
10064,1024,1024,1.0000,29.098,34.367,1,0.000,0
10065,1024,1024,1.0000,29.365,34.054,1,0.000,0
10066,1024,1024,1.0000,29.991,33.343,1,0.000,0
10067,1024,1024,1.0000,29.315,34.112,1,0.000,0
10068,1024,1024,1.0000,29.651,33.726,1,0.000,0
10069,1024,1024,1.0000,30.600,32.680,1,0.000,0
10070,1024,1024,1.0000,30.207,33.105,1,0.000,0
10071,1024,1024,1.0000,34.026,29.389,1,0.000,0
10072,1024,1024,1.0000,29.854,33.496,1,0.000,0
10073,1024,1024,1.0000,29.552,33.839,1,0.000,0
10074,1024,1024,1.0000,29.865,33.484,1,0.000,0
10075,1024,1024,1.0000,29.162,34.291,1,0.000,0
10076,1024,1024,1.0000,30.023,33.308,1,0.000,0
10077,1024,1024,1.0000,29.647,33.730,1,0.000,0
10078,1024,1024,1.0000,29.355,34.066,1,0.000,0
10079,1024,1024,1.0000,30.054,33.273,1,0.000,0
10080,1024,1024,1.0000,30.056,33.271,1,0.000,0
10081,1024,1024,1.0000,30.660,32.616,1,0.000,0
10082,1024,1024,1.0000,29.653,33.723,1,0.000,0
10083,1024,1024,1.0000,30.115,33.206,1,0.000,0
10084,1024,1024,1.0000,29.951,33.388,1,0.000,0
10085,1024,1024,1.0000,28.813,34.707,1,0.000,0
10086,1024,1024,1.0000,30.444,32.847,1,0.000,0
10087,1024,1024,1.0000,32.513,30.757,1,0.000,0
10088,1024,1024,1.0000,30.991,32.267,1,0.000,0
10089,1024,1024,1.0000,30.948,32.312,1,0.000,0
10090,1024,1024,1.0000,30.125,33.195,1,0.000,0
10091,1024,1024,1.0000,29.681,33.692,1,0.000,0
10092,1024,1024,1.0000,29.876,33.472,1,0.000,0
10093,1024,1024,1.0000,29.385,34.031,1,0.000,0
10094,1024,1024,1.0000,30.827,32.439,1,0.000,0
10095,1024,1024,1.0000,30.670,32.605,1,0.000,0
10096,1024,1024,1.0000,29.816,33.539,1,0.000,0
10097,1024,1024,1.0000,30.207,33.105,1,0.000,0
10098,1024,1024,1.0000,30.475,32.814,1,0.000,0
10099,1024,1024,1.0000,29.096,34.369,1,0.000,0
10100,1024,1024,1.0000,29.403,34.010,1,0.000,0
10101,1024,1024,1.0000,30.264,33.043,1,0.000,0
10102,1024,1024,1.0000,29.813,33.542,1,0.000,0
10103,1024,1024,1.0000,29.802,33.555,1,0.000,0
10104,1024,1024,1.0000,29.877,33.471,1,0.000,0
10105,1024,1024,1.0000,29.529,33.865,1,0.000,0
10106,1024,1024,1.0000,30.047,33.281,1,0.000,0
10107,1024,1024,1.0000,29.696,33.675,1,0.000,0
10108,1024,1024,1.0000,29.636,33.743,1,0.000,0
10109,1024,1024,1.0000,30.272,33.034,1,0.000,0
10110,1024,1024,1.0000,29.574,33.813,1,0.000,0
10111,1024,1024,1.0000,30.324,32.977,1,0.000,0
10112,1024,1024,1.0000,30.594,32.686,1,0.000,0
10113,1024,1024,1.0000,29.949,33.390,1,0.000,0
10114,1024,1024,1.0000,30.045,33.283,1,0.000,0
10115,1024,1024,1.0000,30.086,33.238,1,0.000,0
10116,1024,1024,1.0000,30.378,32.919,1,0.000,0
10117,1024,1024,1.0000,29.584,33.802,1,0.000,0
10118,1024,1024,1.0000,29.601,33.783,1,0.000,0
10119,1024,1024,1.0000,30.076,33.249,1,0.000,0
10120,1024,1024,1.0000,29.973,33.363,1,0.000,0
10121,1024,1024,1.0000,30.448,32.843,1,0.000,0
10122,1024,1024,1.0000,29.589,33.796,1,0.000,0
10123,1024,1024,1.0000,30.255,33.052,1,0.000,0
10124,1024,1024,1.0000,29.795,33.563,1,0.000,0
10125,1024,1024,1.0000,30.486,32.802,1,0.000,0
10126,1024,1024,1.0000,30.061,33.266,1,0.000,0
10127,1024,1024,1.0000,29.408,34.004,1,0.000,0
10128,1024,1024,1.0000,29.645,33.733,1,0.000,0
10129,1024,1024,1.0000,29.414,33.997,1,0.000,0
10130,1024,1024,1.0000,29.696,33.675,1,0.000,0
10131,1024,1024,1.0000,30.010,33.322,1,0.000,0
10132,1024,1024,1.0000,29.542,33.850,1,0.000,0
10133,1024,1024,1.0000,30.462,32.828,1,0.000,0
10134,1024,1024,1.0000,29.776,33.584,1,0.000,0
10135,1024,1024,1.0000,29.807,33.549,1,0.000,0
10136,1024,1024,1.0000,30.057,33.270,1,0.000,0
10137,1024,1024,1.0000,29.503,33.895,1,0.000,0
10138,1024,1024,1.0000,29.728,33.638,1,0.000,0
10139,1024,1024,1.0000,29.327,34.098,1,0.000,0
10140,1024,1024,1.0000,29.864,33.485,1,0.000,0
10141,1024,1024,1.0000,29.881,33.466,1,0.000,0
10142,1024,1024,1.0000,29.418,33.993,1,0.000,0
10143,1024,1024,1.0000,31.222,32.029,1,0.000,0
10144,1024,1024,1.0000,29.593,33.792,1,0.000,0
10145,1024,1024,1.0000,36.066,27.727,1,0.000,0
10146,1024,1024,1.0000,30.294,33.010,1,0.000,0
10147,1024,1024,1.0000,29.281,34.152,1,0.000,0
10148,1024,1024,1.0000,30.152,33.165,1,0.000,0
10149,1024,1024,1.0000,30.501,32.786,1,0.000,0
10150,1024,1024,1.0000,30.424,32.869,1,0.000,0
10151,1024,1024,1.0000,29.666,33.709,1,0.000,0
10152,1024,1024,1.0000,29.574,33.813,1,0.000,0
10153,1024,1024,1.0000,30.769,32.500,1,0.000,0
10154,1024,1024,1.0000,29.565,33.824,1,0.000,0
10155,1024,1024,1.0000,29.379,34.038,1,0.000,0
10156,1024,1024,1.0000,29.976,33.360,1,0.000,0
10157,1024,1024,1.0000,30.524,32.761,1,0.000,0
10158,1024,1024,1.0000,29.602,33.782,1,0.000,0
10159,1024,1024,1.0000,30.158,33.159,1,0.000,0
10160,1024,1024,1.0000,28.911,34.589,1,0.000,0
10161,1024,1024,1.0000,30.362,32.936,1,0.000,0
10162,1024,1024,1.0000,30.965,32.295,1,0.000,0
10163,1024,1024,1.0000,30.650,32.626,1,0.000,0
10164,1024,1024,1.0000,28.922,34.576,1,0.000,0
10165,1024,1024,1.0000,30.185,33.129,1,0.000,0
10166,1024,1024,1.0000,29.818,33.537,1,0.000,0
10167,1024,1024,1.0000,29.772,33.589,1,0.000,0
10168,1024,1024,1.0000,30.218,33.093,1,0.000,0
10169,1024,1024,1.0000,29.236,34.204,1,0.000,0
10170,1024,1024,1.0000,29.903,33.441,1,0.000,0
10171,1024,1024,1.0000,29.932,33.409,1,0.000,0
10172,1024,1024,1.0000,30.174,33.141,1,0.000,0
10173,1024,1024,1.0000,29.634,33.745,1,0.000,0
10174,1024,1024,1.0000,29.890,33.456,1,0.000,0
10175,1024,1024,1.0000,30.029,33.301,1,0.000,0
10176,1024,1024,1.0000,30.021,33.310,1,0.000,0
10177,1024,1024,1.0000,30.308,32.995,1,0.000,0
10178,1024,1024,1.0000,29.018,34.461,1,0.000,0
10179,1024,1024,1.0000,30.215,33.096,1,0.000,0
10180,1024,1024,1.0000,29.764,33.598,1,0.000,0
10181,1024,1024,1.0000,29.581,33.805,1,0.000,0
10182,1024,1024,1.0000,30.207,33.105,1,0.000,0
10183,1024,1024,1.0000,29.782,33.577,1,0.000,0
10184,1024,1024,1.0000,29.897,33.448,1,0.000,0
10185,1024,1024,1.0000,29.853,33.497,1,0.000,0
10186,1024,1024,1.0000,30.017,33.314,1,0.000,0
10187,1024,1024,1.0000,30.835,32.431,1,0.000,0
10188,1024,1024,1.0000,29.115,34.347,1,0.000,0
10189,1024,1024,1.0000,29.949,33.390,1,0.000,0
10190,1024,1024,1.0000,30.715,32.557,1,0.000,0
10191,1024,1024,1.0000,29.695,33.676,1,0.000,0
10192,1024,1024,1.0000,30.131,33.188,1,0.000,0
10193,1024,1024,1.0000,29.946,33.393,1,0.000,0
10194,1024,1024,1.0000,30.084,33.240,1,0.000,0
10195,1024,1024,1.0000,30.034,33.296,1,0.000,0
10196,1024,1024,1.0000,29.470,33.933,1,0.000,0
10197,1024,1024,1.0000,31.000,32.258,1,0.000,0
10198,1024,1024,1.0000,29.487,33.913,1,0.000,0
10199,1024,1024,1.0000,29.442,33.965,1,0.000,0
10200,1024,1024,1.0000,29.668,33.706,1,0.000,0
10201,1024,1024,1.0000,29.709,33.660,1,0.000,0
10202,1024,1024,1.0000,30.117,33.204,1,0.000,0
10203,1024,1024,1.0000,33.540,29.815,1,0.000,0
10204,1024,1024,1.0000,29.665,33.710,1,0.000,0
10205,1024,1024,1.0000,30.399,32.896,1,0.000,0
10206,1024,1024,1.0000,30.018,33.313,1,0.000,0
10207,1024,1024,1.0000,30.047,33.281,1,0.000,0
10208,1024,1024,1.0000,30.202,33.110,1,0.000,0
10209,1024,1024,1.0000,29.445,33.962,1,0.000,0
10210,1024,1024,1.0000,29.887,33.459,1,0.000,0
10211,1024,1024,1.0000,29.713,33.655,1,0.000,0
10212,1024,1024,1.0000,30.004,33.329,1,0.000,0
10213,1024,1024,1.0000,29.940,33.400,1,0.000,0
10214,1024,1024,1.0000,29.462,33.942,1,0.000,0
10215,1024,1024,1.0000,29.766,33.595,1,0.000,0
10216,1024,1024,1.0000,29.762,33.600,1,0.000,0
10217,1024,1024,1.0000,30.756,32.514,1,0.000,0
10218,1024,1024,1.0000,29.996,33.338,1,0.000,0
10219,1024,1024,1.0000,29.778,33.582,1,0.000,0
10220,1024,1024,1.0000,29.587,33.799,1,0.000,0
10221,1024,1024,1.0000,30.452,32.839,1,0.000,0
10222,1024,1024,1.0000,29.435,33.973,1,0.000,0
10223,1024,1024,1.0000,29.519,33.876,1,0.000,0
10224,1024,1024,1.0000,31.192,32.060,1,0.000,0
10225,1024,1024,1.0000,33.282,30.046,1,0.000,0
10226,1024,1024,1.0000,31.561,31.685,1,0.000,0
10227,1024,1024,1.0000,30.213,33.098,1,0.000,0
10228,1024,1024,1.0000,30.802,32.465,1,0.000,0
10229,1024,1024,1.0000,30.047,33.281,1,0.000,0
10230,1024,1024,1.0000,30.089,33.235,1,0.000,0
10231,1024,1024,1.0000,30.149,33.169,1,0.000,0
10232,1024,1024,1.0000,29.281,34.152,1,0.000,0
10233,1024,1024,1.0000,29.793,33.565,1,0.000,0
10234,1024,1024,1.0000,29.653,33.723,1,0.000,0
10235,1024,1024,1.0000,29.902,33.443,1,0.000,0
10236,1024,1024,1.0000,29.434,33.974,1,0.000,0
10237,1024,1024,1.0000,30.426,32.867,1,0.000,0
10238,1024,1024,1.0000,29.504,33.894,1,0.000,0
10239,1024,1024,1.0000,29.829,33.524,1,0.000,0
10240,1024,1024,1.0000,30.191,33.122,1,0.000,0
10241,1024,1024,1.0000,29.233,34.208,1,0.000,0
10242,1024,1024,1.0000,29.179,34.271,1,0.000,0
10243,1024,1024,1.0000,29.964,33.373,1,0.000,0
10244,1024,1024,1.0000,29.376,34.041,1,0.000,0
10245,1024,1024,1.0000,29.637,33.742,1,0.000,0
10246,1024,1024,1.0000,29.981,33.354,1,0.000,0
10247,1024,1024,1.0000,29.356,34.065,1,0.000,0
10248,1024,1024,1.0000,31.224,32.027,1,0.000,0
10249,1024,1024,1.0000,29.274,34.160,1,0.000,0
10250,1024,1024,1.0000,29.628,33.752,1,0.000,0
10251,1024,1024,1.0000,30.680,32.595,1,0.000,0
10252,1024,1024,1.0000,29.274,34.160,1,0.000,0
10253,1024,1024,1.0000,30.139,33.180,1,0.000,0
10254,1024,1024,1.0000,29.803,33.554,1,0.000,0
10255,1024,1024,1.0000,29.822,33.532,1,0.000,0
10256,1024,1024,1.0000,29.897,33.448,1,0.000,0
10257,1024,1024,1.0000,29.562,33.827,1,0.000,0
10258,1024,1024,1.0000,30.007,33.326,1,0.000,0
10259,1024,1024,1.0000,29.956,33.382,1,0.000,0
10260,1024,1024,1.0000,30.389,32.907,1,0.000,0
10261,1024,1024,1.0000,29.912,33.431,1,0.000,0
10262,1024,1024,1.0000,29.090,34.376,1,0.000,0
10263,1024,1024,1.0000,29.971,33.366,1,0.000,0
10264,1024,1024,1.0000,31.416,31.831,1,0.000,0
10265,1024,1024,1.0000,29.572,33.816,1,0.000,0
10266,1024,1024,1.0000,29.995,33.339,1,0.000,0
10267,1024,1024,1.0000,32.309,30.951,1,0.000,0
10268,1024,1024,1.0000,30.397,32.898,1,0.000,0
10269,1024,1024,1.0000,29.461,33.943,1,0.000,0
10270,1024,1024,1.0000,29.965,33.372,1,0.000,0
10271,1024,1024,1.0000,29.741,33.624,1,0.000,0
10272,1024,1024,1.0000,29.743,33.621,1,0.000,0
10273,1024,1024,1.0000,29.613,33.769,1,0.000,0
10274,1024,1024,1.0000,29.395,34.019,1,0.000,0
10275,1024,1024,1.0000,29.759,33.603,1,0.000,0
10276,1024,1024,1.0000,30.751,32.519,1,0.000,0
10277,1024,1024,1.0000,29.520,33.875,1,0.000,0
10278,1024,1024,1.0000,30.499,32.788,1,0.000,0
10279,1024,1024,1.0000,29.599,33.785,1,0.000,0
10280,1024,1024,1.0000,30.128,33.192,1,0.000,0
10281,1024,1024,1.0000,29.740,33.625,1,0.000,0
10282,1024,1024,1.0000,29.661,33.714,1,0.000,0
10283,1024,1024,1.0000,29.570,33.818,1,0.000,0
10284,1024,1024,1.0000,29.491,33.909,1,0.000,0
10285,1024,1024,1.0000,30.283,33.022,1,0.000,0
10286,1024,1024,1.0000,34.733,28.791,1,0.000,0
10287,1024,1024,1.0000,29.829,33.524,1,0.000,0
10288,1024,1024,1.0000,29.729,33.637,1,0.000,0
10289,1024,1024,1.0000,30.592,32.688,1,0.000,0
10290,1024,1024,1.0000,29.713,33.655,1,0.000,0
10291,1024,1024,1.0000,29.901,33.444,1,0.000,0
10292,1024,1024,1.0000,29.796,33.562,1,0.000,0
10293,1024,1024,1.0000,32.317,30.943,1,0.000,0
10294,1024,1024,1.0000,33.834,29.556,1,0.000,0
10295,1024,1024,1.0000,30.704,32.569,1,0.000,0
10296,1024,1024,1.0000,30.198,33.115,1,0.000,0
10297,1024,1024,1.0000,30.329,32.972,1,0.000,0
10298,1024,1024,1.0000,30.118,33.203,1,0.000,0
10299,1024,1024,1.0000,29.217,34.227,1,0.000,0
10300,1024,1024,1.0000,30.635,32.642,1,0.000,0
10301,1024,1024,1.0000,29.071,34.399,1,0.000,0
10302,1024,1024,1.0000,30.568,32.714,1,0.000,0
10303,1024,1024,1.0000,29.465,33.939,1,0.000,0
10304,1024,1024,1.0000,29.603,33.780,1,0.000,0
10305,1024,1024,1.0000,29.744,33.620,1,0.000,0
10306,1024,1024,1.0000,29.325,34.101,1,0.000,0
10307,1024,1024,1.0000,29.798,33.559,1,0.000,0
10308,1024,1024,1.0000,29.068,34.402,1,0.000,0
10309,1024,1024,1.0000,29.925,33.417,1,0.000,0
10310,1024,1024,1.0000,29.743,33.621,1,0.000,0
10311,1024,1024,1.0000,29.400,34.014,1,0.000,0
10312,1024,1024,1.0000,29.951,33.388,1,0.000,0
10313,1024,1024,1.0000,29.552,33.839,1,0.000,0
10314,1024,1024,1.0000,29.430,33.979,1,0.000,0
10315,1024,1024,1.0000,30.072,33.254,1,0.000,0
10316,1024,1024,1.0000,29.670,33.704,1,0.000,0
10317,1024,1024,1.0000,30.365,32.933,1,0.000,0
10318,1024,1024,1.0000,28.893,34.610,1,0.000,0
10319,1024,1024,1.0000,29.403,34.010,1,0.000,0
10320,1024,1024,1.0000,30.045,33.283,1,0.000,0
10321,1024,1024,1.0000,30.239,33.070,1,0.000,0
10322,1024,1024,1.0000,29.901,33.444,1,0.000,0
10323,1024,1024,1.0000,29.493,33.906,1,0.000,0
10324,1024,1024,1.0000,29.407,34.006,1,0.000,0
10325,1024,1024,1.0000,29.861,33.488,1,0.000,0
10326,1024,1024,1.0000,28.942,34.552,1,0.000,0
10327,1024,1024,1.0000,29.372,34.046,1,0.000,0
10328,1024,1024,1.0000,30.612,32.667,1,0.000,0
10329,1024,1024,1.0000,30.479,32.809,1,0.000,0
10330,1024,1024,1.0000,29.908,33.436,1,0.000,0
10331,1024,1024,1.0000,29.942,33.398,1,0.000,0
10332,1024,1024,1.0000,29.456,33.949,1,0.000,0
10333,1024,1024,1.0000,29.473,33.929,1,0.000,0
10334,1024,1024,1.0000,30.595,32.685,1,0.000,0
10335,1024,1024,1.0000,30.135,33.184,1,0.000,0
10336,1024,1024,1.0000,29.352,34.069,1,0.000,0
10337,1024,1024,1.0000,29.859,33.491,1,0.000,0
10338,1024,1024,1.0000,30.212,33.099,1,0.000,0
10339,1024,1024,1.0000,29.935,33.406,1,0.000,0
10340,1024,1024,1.0000,29.406,34.007,1,0.000,0
10341,1024,1024,1.0000,29.663,33.712,1,0.000,0
10342,1024,1024,1.0000,29.944,33.396,1,0.000,0
10343,1024,1024,1.0000,29.400,34.014,1,0.000,0
10344,1024,1024,1.0000,29.972,33.364,1,0.000,0
10345,1024,1024,1.0000,29.655,33.721,1,0.000,0
10346,1024,1024,1.0000,29.728,33.638,1,0.000,0
10347,1024,1024,1.0000,30.345,32.954,1,0.000,0
10348,1024,1024,1.0000,29.360,34.060,1,0.000,0
10349,1024,1024,1.0000,30.028,33.302,1,0.000,0
10350,1024,1024,1.0000,29.656,33.720,1,0.000,0
10351,1024,1024,1.0000,30.125,33.195,1,0.000,0
10352,1024,1024,1.0000,29.954,33.385,1,0.000,0
10353,1024,1024,1.0000,29.644,33.734,1,0.000,0
10354,1024,1024,1.0000,29.942,33.398,1,0.000,0
10355,1024,1024,1.0000,29.249,34.189,1,0.000,0
10356,1024,1024,1.0000,29.380,34.037,1,0.000,0
10357,1024,1024,1.0000,29.006,34.476,1,0.000,0
10358,1024,1024,1.0000,30.117,33.204,1,0.000,0
10359,1024,1024,1.0000,29.506,33.891,1,0.000,0
10360,1024,1024,1.0000,29.885,33.462,1,0.000,0
10361,1024,1024,1.0000,29.722,33.645,1,0.000,0
10362,1024,1024,1.0000,32.347,30.915,1,0.000,0
10363,1024,1024,1.0000,35.925,27.836,1,0.000,0
10364,1024,1024,1.0000,32.028,31.223,1,0.000,0
10365,1024,1024,1.0000,29.550,33.841,1,0.000,0
10366,1024,1024,1.0000,30.032,33.298,1,0.000,0
10367,1024,1024,1.0000,29.348,34.074,1,0.000,0
10368,1024,1024,1.0000,30.338,32.962,1,0.000,0
10369,1024,1024,1.0000,29.719,33.649,1,0.000,0
10370,1024,1024,1.0000,29.469,33.934,1,0.000,0
10371,1024,1024,1.0000,30.802,32.465,1,0.000,0
10372,1024,1024,1.0000,29.372,34.046,1,0.000,0
10373,1024,1024,1.0000,29.881,33.466,1,0.000,0
10374,1024,1024,1.0000,29.337,34.087,1,0.000,0
10375,1024,1024,1.0000,30.202,33.110,1,0.000,0
10376,1024,1024,1.0000,29.269,34.166,1,0.000,0
10377,1024,1024,1.0000,30.025,33.306,1,0.000,0
10378,1024,1024,1.0000,29.504,33.894,1,0.000,0
10379,1024,1024,1.0000,29.696,33.675,1,0.000,0
10380,1024,1024,1.0000,30.093,33.230,1,0.000,0
10381,1024,1024,1.0000,29.703,33.667,1,0.000,0
10382,1024,1024,1.0000,29.942,33.398,1,0.000,0
10383,1024,1024,1.0000,29.814,33.541,1,0.000,0
10384,1024,1024,1.0000,29.808,33.548,1,0.000,0
10385,1024,1024,1.0000,29.907,33.437,1,0.000,0
10386,1024,1024,1.0000,30.445,32.846,1,0.000,0
10387,1024,1024,1.0000,30.131,33.188,1,0.000,0
10388,1024,1024,1.0000,28.840,34.674,1,0.000,0
10389,1024,1024,1.0000,30.038,33.291,1,0.000,0
10390,1024,1024,1.0000,29.952,33.387,1,0.000,0
10391,1024,1024,1.0000,29.192,34.256,1,0.000,0
10392,1024,1024,1.0000,30.433,32.859,1,0.000,0
10393,1024,1024,1.0000,29.918,33.425,1,0.000,0
10394,1024,1024,1.0000,30.056,33.271,1,0.000,0
10395,1024,1024,1.0000,29.621,33.760,1,0.000,0
10396,1024,1024,1.0000,30.458,32.832,1,0.000,0
10397,1024,1024,1.0000,30.316,32.986,1,0.000,0
10398,1024,1024,1.0000,29.176,34.275,1,0.000,0
10399,1024,1024,1.0000,30.051,33.277,1,0.000,0
10400,1024,1024,1.0000,28.983,34.503,1,0.000,0
10401,1024,1024,1.0000,30.052,33.276,1,0.000,0
10402,1024,1024,1.0000,30.124,33.196,1,0.000,0
10403,1024,1024,1.0000,30.120,33.201,1,0.000,0
10404,1024,1024,1.0000,29.799,33.558,1,0.000,0
10405,1024,1024,1.0000,29.364,34.055,1,0.000,0
10406,1024,1024,1.0000,30.209,33.103,1,0.000,0
10407,1024,1024,1.0000,29.419,33.992,1,0.000,0
10408,1024,1024,1.0000,29.700,33.670,1,0.000,0
10409,1024,1024,1.0000,29.666,33.709,1,0.000,0
10410,1024,1024,1.0000,29.394,34.021,1,0.000,0
10411,1024,1024,1.0000,30.045,33.283,1,0.000,0
10412,1024,1024,1.0000,29.664,33.711,1,0.000,0
10413,1024,1024,1.0000,30.693,32.581,1,0.000,0
10414,1024,1024,1.0000,30.029,33.301,1,0.000,0
10415,1024,1024,1.0000,29.406,34.007,1,0.000,0
10416,1024,1024,1.0000,30.041,33.288,1,0.000,0
10417,1024,1024,1.0000,29.426,33.984,1,0.000,0
10418,1024,1024,1.0000,29.698,33.672,1,0.000,0
10419,1024,1024,1.0000,30.686,32.588,1,0.000,0
10420,1024,1024,1.0000,29.711,33.658,1,0.000,0
10421,1024,1024,1.0000,29.908,33.436,1,0.000,0
10422,1024,1024,1.0000,29.283,34.150,1,0.000,0
10423,1024,1024,1.0000,29.961,33.377,1,0.000,0
10424,1024,1024,1.0000,29.558,33.832,1,0.000,0
10425,1024,1024,1.0000,30.194,33.119,1,0.000,0
10426,1024,1024,1.0000,30.167,33.149,1,0.000,0
10427,1024,1024,1.0000,29.451,33.955,1,0.000,0
10428,1024,1024,1.0000,29.437,33.971,1,0.000,0
10429,1024,1024,1.0000,29.276,34.158,1,0.000,0
10430,1024,1024,1.0000,30.638,32.639,1,0.000,0
10431,1024,1024,1.0000,34.259,29.189,1,0.000,0
10432,1024,1024,1.0000,32.399,30.865,1,0.000,0
10433,1024,1024,1.0000,31.776,31.470,1,0.000,0
10434,1024,1024,1.0000,29.743,33.621,1,0.000,0
10435,1024,1024,1.0000,30.355,32.944,1,0.000,0
10436,1024,1024,1.0000,30.544,32.740,1,0.000,0
10437,1024,1024,1.0000,29.358,34.062,1,0.000,0
10438,1024,1024,1.0000,29.810,33.546,1,0.000,0
10439,1024,1024,1.0000,29.059,34.413,1,0.000,0
10440,1024,1024,1.0000,29.456,33.949,1,0.000,0
10441,1024,1024,1.0000,29.473,33.929,1,0.000,0
10442,1024,1024,1.0000,29.920,33.422,1,0.000,0
10443,1024,1024,1.0000,29.768,33.593,1,0.000,0
10444,1024,1024,1.0000,29.651,33.726,1,0.000,0
10445,1024,1024,1.0000,29.989,33.346,1,0.000,0
10446,1024,1024,1.0000,29.516,33.880,1,0.000,0
10447,1024,1024,1.0000,29.539,33.854,1,0.000,0
10448,1024,1024,1.0000,29.901,33.444,1,0.000,0
10449,1024,1024,1.0000,29.359,34.061,1,0.000,0
10450,1024,1024,1.0000,29.800,33.557,1,0.000,0
10451,1024,1024,1.0000,29.195,34.252,1,0.000,0
10452,1024,1024,1.0000,30.573,32.709,1,0.000,0
10453,1024,1024,1.0000,29.913,33.430,1,0.000,0
10454,1024,1024,1.0000,29.424,33.986,1,0.000,0
10455,1024,1024,1.0000,30.695,32.579,1,0.000,0
10456,1024,1024,1.0000,29.433,33.975,1,0.000,0
10457,1024,1024,1.0000,29.736,33.629,1,0.000,0
10458,1024,1024,1.0000,29.792,33.566,1,0.000,0
10459,1024,1024,1.0000,29.139,34.318,1,0.000,0
10460,1024,1024,1.0000,29.606,33.777,1,0.000,0
10461,1024,1024,1.0000,28.812,34.708,1,0.000,0
10462,1024,1024,1.0000,30.550,32.733,1,0.000,0
10463,1024,1024,1.0000,29.544,33.848,1,0.000,0
10464,1024,1024,1.0000,29.595,33.789,1,0.000,0
10465,1024,1024,1.0000,30.568,32.714,1,0.000,0
10466,1024,1024,1.0000,29.468,33.935,1,0.000,0
10467,1024,1024,1.0000,30.529,32.756,1,0.000,0
10468,1024,1024,1.0000,29.149,34.306,1,0.000,0
10469,1024,1024,1.0000,29.039,34.436,1,0.000,0
10470,1024,1024,1.0000,29.891,33.455,1,0.000,0
10471,1024,1024,1.0000,29.867,33.482,1,0.000,0
10472,1024,1024,1.0000,29.859,33.491,1,0.000,0
10473,1024,1024,1.0000,29.100,34.364,1,0.000,0
10474,1024,1024,1.0000,29.548,33.843,1,0.000,0
10475,1024,1024,1.0000,29.767,33.594,1,0.000,0
10476,1024,1024,1.0000,31.023,32.234,1,0.000,0
10477,1024,1024,1.0000,29.965,33.372,1,0.000,0
10478,1024,1024,1.0000,29.576,33.811,1,0.000,0
10479,1024,1024,1.0000,29.827,33.527,1,0.000,0
10480,1024,1024,1.0000,29.465,33.939,1,0.000,0
10481,1024,1024,1.0000,29.726,33.641,1,0.000,0
10482,1024,1024,1.0000,29.844,33.508,1,0.000,0
10483,1024,1024,1.0000,29.372,34.046,1,0.000,0
10484,1024,1024,1.0000,29.852,33.499,1,0.000,0
10485,1024,1024,1.0000,29.938,33.402,1,0.000,0
10486,1024,1024,1.0000,30.308,32.995,1,0.000,0
10487,1024,1024,1.0000,29.910,33.434,1,0.000,0
10488,1024,1024,1.0000,29.214,34.230,1,0.000,0
10489,1024,1024,1.0000,29.637,33.742,1,0.000,0
10490,1024,1024,1.0000,28.869,34.639,1,0.000,0
10491,1024,1024,1.0000,29.664,33.711,1,0.000,0
10492,1024,1024,1.0000,30.465,32.825,1,0.000,0
10493,1024,1024,1.0000,29.634,33.745,1,0.000,0
10494,1024,1024,1.0000,29.958,33.380,1,0.000,0
10495,1024,1024,1.0000,29.906,33.438,1,0.000,0
10496,1024,1024,1.0000,30.705,32.568,1,0.000,0
10497,1024,1024,1.0000,29.519,33.876,1,0.000,0
10498,1024,1024,1.0000,29.234,34.207,1,0.000,0
10499,1024,1024,1.0000,29.674,33.700,1,0.000,0
10500,1024,1024,1.0000,35.602,28.088,1,0.000,0
10501,1024,1024,1.0000,36.837,27.147,1,0.000,0
10502,1024,1024,1.0000,30.757,32.513,1,0.000,0
10503,1024,1024,1.0000,30.332,32.968,1,0.000,0
10504,1024,1024,1.0000,28.913,34.587,1,0.000,0
10505,1024,1024,1.0000,30.019,33.312,1,0.000,0
10506,1024,1024,1.0000,29.446,33.960,1,0.000,0
10507,1024,1024,1.0000,30.683,32.591,1,0.000,0
10508,1024,1024,1.0000,30.131,33.188,1,0.000,0
10509,1024,1024,1.0000,29.830,33.523,1,0.000,0
10510,1024,1024,1.0000,29.568,33.820,1,0.000,0
10511,1024,1024,1.0000,29.314,34.113,1,0.000,0
10512,1024,1024,1.0000,29.380,34.037,1,0.000,0
10513,1024,1024,1.0000,29.208,34.237,1,0.000,0
10514,1024,1024,1.0000,30.062,33.265,1,0.000,0
10515,1024,1024,1.0000,29.464,33.940,1,0.000,0
10516,1024,1024,1.0000,30.194,33.119,1,0.000,0
10517,1024,1024,1.0000,29.513,33.883,1,0.000,0
10518,1024,1024,1.0000,29.671,33.703,1,0.000,0
10519,1024,1024,1.0000,29.886,33.460,1,0.000,0
10520,1024,1024,1.0000,29.256,34.181,1,0.000,0
10521,1024,1024,1.0000,29.972,33.364,1,0.000,0
10522,1024,1024,1.0000,29.332,34.092,1,0.000,0
10523,1024,1024,1.0000,29.799,33.558,1,0.000,0
10524,1024,1024,1.0000,29.665,33.710,1,0.000,0
10525,1024,1024,1.0000,29.271,34.164,1,0.000,0
10526,1024,1024,1.0000,29.986,33.349,1,0.000,0
10527,1024,1024,1.0000,29.799,33.558,1,0.000,0
10528,1024,1024,1.0000,29.965,33.372,1,0.000,0
10529,1024,1024,1.0000,29.584,33.802,1,0.000,0
10530,1024,1024,1.0000,29.804,33.553,1,0.000,0
10531,1024,1024,1.0000,29.498,33.901,1,0.000,0
10532,1024,1024,1.0000,29.520,33.875,1,0.000,0
10533,1024,1024,1.0000,30.316,32.986,1,0.000,0
10534,1024,1024,1.0000,29.335,34.089,1,0.000,0
10535,1024,1024,1.0000,29.649,33.728,1,0.000,0
10536,1024,1024,1.0000,30.397,32.898,1,0.000,0
10537,1024,1024,1.0000,29.386,34.030,1,0.000,0
10538,1024,1024,1.0000,30.628,32.650,1,0.000,0
10539,1024,1024,1.0000,29.731,33.635,1,0.000,0
10540,1024,1024,1.0000,29.935,33.406,1,0.000,0
10541,1024,1024,1.0000,29.305,34.124,1,0.000,0
10542,1024,1024,1.0000,29.709,33.660,1,0.000,0
10543,1024,1024,1.0000,30.326,32.975,1,0.000,0
10544,1024,1024,1.0000,29.433,33.975,1,0.000,0
10545,1024,1024,1.0000,30.270,33.036,1,0.000,0
10546,1024,1024,1.0000,30.666,32.609,1,0.000,0
10547,1024,1024,1.0000,29.789,33.569,1,0.000,0
10548,1024,1024,1.0000,30.168,33.148,1,0.000,0
10549,1024,1024,1.0000,29.647,33.730,1,0.000,0
10550,1024,1024,1.0000,30.248,33.060,1,0.000,0
10551,1024,1024,1.0000,29.500,33.898,1,0.000,0
10552,1024,1024,1.0000,29.892,33.454,1,0.000,0
10553,1024,1024,1.0000,29.571,33.817,1,0.000,0
10554,1024,1024,1.0000,29.803,33.554,1,0.000,0
10555,1024,1024,1.0000,30.137,33.182,1,0.000,0
10556,1024,1024,1.0000,29.795,33.563,1,0.000,0
10557,1024,1024,1.0000,30.164,33.152,1,0.000,0
10558,1024,1024,1.0000,30.090,33.234,1,0.000,0
10559,1024,1024,1.0000,29.606,33.777,1,0.000,0
10560,1024,1024,1.0000,30.604,32.675,1,0.000,0
10561,1024,1024,1.0000,29.221,34.222,1,0.000,0
10562,1024,1024,1.0000,29.808,33.548,1,0.000,0
10563,1024,1024,1.0000,29.218,34.225,1,0.000,0
10564,1024,1024,1.0000,29.561,33.828,1,0.000,0
10565,1024,1024,1.0000,29.990,33.344,1,0.000,0
10566,1024,1024,1.0000,29.549,33.842,1,0.000,0
10567,1024,1024,1.0000,30.371,32.926,1,0.000,0
10568,1024,1024,1.0000,30.135,33.184,1,0.000,0
10569,1024,1024,1.0000,33.161,30.156,1,0.000,0
10570,1024,1024,1.0000,35.988,27.787,1,0.000,0
10571,1024,1024,1.0000,31.530,31.716,1,0.000,0
10572,1024,1024,1.0000,30.013,33.319,1,0.000,0
10573,1024,1024,1.0000,29.382,34.034,1,0.000,0
10574,1024,1024,1.0000,29.921,33.421,1,0.000,0
10575,1024,1024,1.0000,28.960,34.530,1,0.000,0
10576,1024,1024,1.0000,30.359,32.939,1,0.000,0
10577,1024,1024,1.0000,30.796,32.472,1,0.000,0
10578,1024,1024,1.0000,35.194,28.414,1,0.000,0
10579,1024,1024,1.0000,31.189,32.063,1,0.000,0
10580,1024,1024,1.0000,29.512,33.885,1,0.000,0
10581,1024,1024,1.0000,29.937,33.403,1,0.000,0
10582,1024,1024,1.0000,29.292,34.139,1,0.000,0
10583,1024,1024,1.0000,29.995,33.339,1,0.000,0
10584,1024,1024,1.0000,29.765,33.597,1,0.000,0
10585,1024,1024,1.0000,29.383,34.033,1,0.000,0
10586,1024,1024,1.0000,29.654,33.722,1,0.000,0
10587,1024,1024,1.0000,29.556,33.834,1,0.000,0
10588,1024,1024,1.0000,29.730,33.636,1,0.000,0
10589,1024,1024,1.0000,29.883,33.464,1,0.000,0
10590,1024,1024,1.0000,29.159,34.295,1,0.000,0
10591,1024,1024,1.0000,29.555,33.835,1,0.000,0
10592,1024,1024,1.0000,29.735,33.630,1,0.000,0
10593,1024,1024,1.0000,29.029,34.448,1,0.000,0
10594,1024,1024,1.0000,29.792,33.566,1,0.000,0
10595,1024,1024,1.0000,28.952,34.540,1,0.000,0
10596,1024,1024,1.0000,29.889,33.457,1,0.000,0
10597,1024,1024,1.0000,29.287,34.145,1,0.000,0
10598,1024,1024,1.0000,30.107,33.215,1,0.000,0
10599,1024,1024,1.0000,29.987,33.348,1,0.000,0
10600,1024,1024,1.0000,29.573,33.815,1,0.000,0
10601,1024,1024,1.0000,29.860,33.490,1,0.000,0
10602,1024,1024,1.0000,29.865,33.484,1,0.000,0
10603,1024,1024,1.0000,29.413,33.999,1,0.000,0
10604,1024,1024,1.0000,30.320,32.982,1,0.000,0
10605,1024,1024,1.0000,29.187,34.262,1,0.000,0
10606,1024,1024,1.0000,29.669,33.705,1,0.000,0
10607,1024,1024,1.0000,29.988,33.347,1,0.000,0
10608,1024,1024,1.0000,29.181,34.269,1,0.000,0
10609,1024,1024,1.0000,29.733,33.633,1,0.000,0
10610,1024,1024,1.0000,30.013,33.319,1,0.000,0
10611,1024,1024,1.0000,30.055,33.272,1,0.000,0
10612,1024,1024,1.0000,30.335,32.965,1,0.000,0
10613,1024,1024,1.0000,29.676,33.697,1,0.000,0
10614,1024,1024,1.0000,29.801,33.556,1,0.000,0
10615,1024,1024,1.0000,30.341,32.959,1,0.000,0
10616,1024,1024,1.0000,29.401,34.012,1,0.000,0
10617,1024,1024,1.0000,30.007,33.326,1,0.000,0
10618,1024,1024,1.0000,29.533,33.860,1,0.000,0
10619,1024,1024,1.0000,29.996,33.338,1,0.000,0
10620,1024,1024,1.0000,29.959,33.379,1,0.000,0
10621,1024,1024,1.0000,29.235,34.206,1,0.000,0
10622,1024,1024,1.0000,30.022,33.309,1,0.000,0
10623,1024,1024,1.0000,29.626,33.754,1,0.000,0
10624,1024,1024,1.0000,29.743,33.621,1,0.000,0
10625,1024,1024,1.0000,29.585,33.801,1,0.000,0
10626,1024,1024,1.0000,28.896,34.607,1,0.000,0
10627,1024,1024,1.0000,30.012,33.320,1,0.000,0
10628,1024,1024,1.0000,29.785,33.574,1,0.000,0
10629,1024,1024,1.0000,30.484,32.804,1,0.000,0
10630,1024,1024,1.0000,30.167,33.149,1,0.000,0
10631,1024,1024,1.0000,29.334,34.090,1,0.000,0
10632,1024,1024,1.0000,30.166,33.150,1,0.000,0
10633,1024,1024,1.0000,29.416,33.995,1,0.000,0
10634,1024,1024,1.0000,29.270,34.165,1,0.000,0
10635,1024,1024,1.0000,29.209,34.236,1,0.000,0
10636,1024,1024,1.0000,29.627,33.753,1,0.000,0
10637,1024,1024,1.0000,29.798,33.559,1,0.000,0
10638,1024,1024,1.0000,30.369,32.928,1,0.000,0
10639,1024,1024,1.0000,37.136,26.928,1,0.000,0
10640,1024,1024,1.0000,32.737,30.546,1,0.000,0
10641,1024,1024,1.0000,30.447,32.844,1,0.000,0
10642,1024,1024,1.0000,29.088,34.378,1,0.000,0
10643,1024,1024,1.0000,30.013,33.319,1,0.000,0
10644,1024,1024,1.0000,29.579,33.808,1,0.000,0
10645,1024,1024,1.0000,29.913,33.430,1,0.000,0
10646,1024,1024,1.0000,29.524,33.871,1,0.000,0
10647,1024,1024,1.0000,29.823,33.531,1,0.000,0
10648,1024,1024,1.0000,29.667,33.707,1,0.000,0
10649,1024,1024,1.0000,29.813,33.542,1,0.000,0
10650,1024,1024,1.0000,29.785,33.574,1,0.000,0
10651,1024,1024,1.0000,29.746,33.618,1,0.000,0
10652,1024,1024,1.0000,29.677,33.696,1,0.000,0
10653,1024,1024,1.0000,29.664,33.711,1,0.000,0
10654,1024,1024,1.0000,29.427,33.982,1,0.000,0
10655,1024,1024,1.0000,29.309,34.119,1,0.000,0
10656,1024,1024,1.0000,29.196,34.251,1,0.000,0
10657,1024,1024,1.0000,29.318,34.109,1,0.000,0
10658,1024,1024,1.0000,29.564,33.825,1,0.000,0
10659,1024,1024,1.0000,29.786,33.573,1,0.000,0
10660,1024,1024,1.0000,29.377,34.040,1,0.000,0
10661,1024,1024,1.0000,29.661,33.714,1,0.000,0
10662,1024,1024,1.0000,29.570,33.818,1,0.000,0
10663,1024,1024,1.0000,29.390,34.025,1,0.000,0
10664,1024,1024,1.0000,29.742,33.622,1,0.000,0
10665,1024,1024,1.0000,29.265,34.171,1,0.000,0
10666,1024,1024,1.0000,29.401,34.012,1,0.000,0
10667,1024,1024,1.0000,29.128,34.331,1,0.000,0
10668,1024,1024,1.0000,30.046,33.282,1,0.000,0
10669,1024,1024,1.0000,29.909,33.435,1,0.000,0
10670,1024,1024,1.0000,29.506,33.891,1,0.000,0
10671,1024,1024,1.0000,30.146,33.172,1,0.000,0
10672,1024,1024,1.0000,30.426,32.867,1,0.000,0
10673,1024,1024,1.0000,32.069,31.183,1,0.000,0
10674,1024,1024,1.0000,29.617,33.764,1,0.000,0
10675,1024,1024,1.0000,29.506,33.891,1,0.000,0
10676,1024,1024,1.0000,29.904,33.440,1,0.000,0
10677,1024,1024,1.0000,29.089,34.377,1,0.000,0
10678,1024,1024,1.0000,29.467,33.936,1,0.000,0
10679,1024,1024,1.0000,29.246,34.193,1,0.000,0
10680,1024,1024,1.0000,29.686,33.686,1,0.000,0
10681,1024,1024,1.0000,29.441,33.966,1,0.000,0
10682,1024,1024,1.0000,29.679,33.694,1,0.000,0
10683,1024,1024,1.0000,30.112,33.209,1,0.000,0
10684,1024,1024,1.0000,29.532,33.862,1,0.000,0
10685,1024,1024,1.0000,29.212,34.233,1,0.000,0
10686,1024,1024,1.0000,28.983,34.503,1,0.000,0
10687,1024,1024,1.0000,30.499,32.788,1,0.000,0
10688,1024,1024,1.0000,29.165,34.288,1,0.000,0
10689,1024,1024,1.0000,29.993,33.341,1,0.000,0
10690,1024,1024,1.0000,29.409,34.003,1,0.000,0
10691,1024,1024,1.0000,29.525,33.870,1,0.000,0
10692,1024,1024,1.0000,29.389,34.026,1,0.000,0
10693,1024,1024,1.0000,29.805,33.551,1,0.000,0
10694,1024,1024,1.0000,29.154,34.301,1,0.000,0
10695,1024,1024,1.0000,29.120,34.341,1,0.000,0
10696,1024,1024,1.0000,29.735,33.630,1,0.000,0
10697,1024,1024,1.0000,30.314,32.988,1,0.000,0
10698,1024,1024,1.0000,29.928,33.414,1,0.000,0
10699,1024,1024,1.0000,29.111,34.351,1,0.000,0
10700,1024,1024,1.0000,29.935,33.406,1,0.000,0
10701,1024,1024,1.0000,29.662,33.713,1,0.000,0
10702,1024,1024,1.0000,30.132,33.187,1,0.000,0
10703,1024,1024,1.0000,30.338,32.962,1,0.000,0
10704,1024,1024,1.0000,29.058,34.414,1,0.000,0
10705,1024,1024,1.0000,29.511,33.886,1,0.000,0
10706,1024,1024,1.0000,29.740,33.625,1,0.000,0
10707,1024,1024,1.0000,29.889,33.457,1,0.000,0
10708,1024,1024,1.0000,30.487,32.801,1,0.000,0
10709,1024,1024,1.0000,31.485,31.761,1,0.000,0
10710,1024,1024,1.0000,30.654,32.622,1,0.000,0
10711,1024,1024,1.0000,29.675,33.698,1,0.000,0
10712,1024,1024,1.0000,30.696,32.578,1,0.000,0
10713,1024,1024,1.0000,30.568,32.714,1,0.000,0
10714,1024,1024,1.0000,29.921,33.421,1,0.000,0
10715,1024,1024,1.0000,30.092,33.231,1,0.000,0
10716,1024,1024,1.0000,30.355,32.944,1,0.000,0
10717,1024,1024,1.0000,30.096,33.227,1,0.000,0
10718,1024,1024,1.0000,29.208,34.237,1,0.000,0
10719,1024,1024,1.0000,29.595,33.789,1,0.000,0
10720,1024,1024,1.0000,29.560,33.829,1,0.000,0
10721,1024,1024,1.0000,29.605,33.778,1,0.000,0
10722,1024,1024,1.0000,29.858,33.492,1,0.000,0
10723,1024,1024,1.0000,29.450,33.956,1,0.000,0
10724,1024,1024,1.0000,29.971,33.366,1,0.000,0
10725,1024,1024,1.0000,29.434,33.974,1,0.000,0
10726,1024,1024,1.0000,29.054,34.419,1,0.000,0
10727,1024,1024,1.0000,29.450,33.956,1,0.000,0
10728,1024,1024,1.0000,29.972,33.364,1,0.000,0
10729,1024,1024,1.0000,29.564,33.825,1,0.000,0
10730,1024,1024,1.0000,30.018,33.313,1,0.000,0
10731,1024,1024,1.0000,29.486,33.914,1,0.000,0
10732,1024,1024,1.0000,29.640,33.738,1,0.000,0
10733,1024,1024,1.0000,30.151,33.166,1,0.000,0
10734,1024,1024,1.0000,29.428,33.981,1,0.000,0
10735,1024,1024,1.0000,30.066,33.260,1,0.000,0
10736,1024,1024,1.0000,29.779,33.581,1,0.000,0
10737,1024,1024,1.0000,30.116,33.205,1,0.000,0
10738,1024,1024,1.0000,30.068,33.258,1,0.000,0
10739,1024,1024,1.0000,29.549,33.842,1,0.000,0
10740,1024,1024,1.0000,30.220,33.091,1,0.000,0
10741,1024,1024,1.0000,29.878,33.469,1,0.000,0
10742,1024,1024,1.0000,29.647,33.730,1,0.000,0
10743,1024,1024,1.0000,30.482,32.806,1,0.000,0
10744,1024,1024,1.0000,31.375,31.873,1,0.000,0
10745,1024,1024,1.0000,29.501,33.897,1,0.000,0
10746,1024,1024,1.0000,29.330,34.095,1,0.000,0
10747,1024,1024,1.0000,29.432,33.977,1,0.000,0
10748,1024,1024,1.0000,30.071,33.255,1,0.000,0
10749,1024,1024,1.0000,29.492,33.908,1,0.000,0
10750,1024,1024,1.0000,30.214,33.097,1,0.000,0
10751,1024,1024,1.0000,29.996,33.338,1,0.000,0
10752,1024,1024,1.0000,29.632,33.747,1,0.000,0
